representation,bin_x_center_km,bin_y_center_km,eligible_states_total,states_with_spatial_support,evaluated_state_cells,q95_exceedance_cells,q95_state_normalized_mass,q95_probability_mass
centered,-1075.0,-1075.0,23050,0,0,0,0.0,0.0
centered,-1025.0,-1075.0,23050,0,0,0,0.0,0.0
centered,-975.0,-1075.0,23050,0,0,0,0.0,0.0
centered,-925.0,-1075.0,23050,0,0,0,0.0,0.0
centered,-875.0,-1075.0,23050,0,0,0,0.0,0.0
centered,-825.0,-1075.0,23050,0,0,0,0.0,0.0
centered,-775.0,-1075.0,23050,0,0,0,0.0,0.0
centered,-725.0,-1075.0,23050,0,0,0,0.0,0.0
centered,-675.0,-1075.0,23050,0,0,0,0.0,0.0
centered,-625.0,-1075.0,23050,0,0,0,0.0,0.0
centered,-575.0,-1075.0,23050,0,0,0,0.0,0.0
centered,-525.0,-1075.0,23050,0,0,0,0.0,0.0
centered,-475.0,-1075.0,23050,0,0,0,0.0,0.0
centered,-425.0,-1075.0,23050,0,0,0,0.0,0.0
centered,-375.0,-1075.0,23050,0,0,0,0.0,0.0
centered,-325.0,-1075.0,23050,4367,4773,132,0.8968534469604492,5.3002389904577285e-05
centered,-275.0,-1075.0,23050,14298,30324,666,5.109827995300293,0.0003019814321305603
centered,-225.0,-1075.0,23050,19008,53565,1123,7.812446594238281,0.00046170124551281333
centered,-175.0,-1075.0,23050,18885,71671,1464,10.993185997009277,0.000649677065666765
centered,-125.0,-1075.0,23050,18749,84884,1684,10.738842010498047,0.0006346458103507757
centered,-75.0,-1075.0,23050,18611,93216,1799,10.125337600708008,0.000598388840444386
centered,-25.0,-1075.0,23050,18493,97083,1870,7.659416198730469,0.00045265743392519653
centered,25.0,-1075.0,23050,18359,96103,1814,6.49761438369751,0.0003839970740955323
centered,75.0,-1075.0,23050,18230,91153,1651,5.97257137298584,0.0003529679961502552
centered,125.0,-1075.0,23050,18121,81759,1504,6.763515949249268,0.00039971136720851064
centered,175.0,-1075.0,23050,18004,67823,1249,7.612910270690918,0.0004499090136960149
centered,225.0,-1075.0,23050,17866,50180,1034,8.247933387756348,0.00048743770457804203
centered,275.0,-1075.0,23050,13210,27839,537,4.7455735206604,0.00028045466751791537
centered,325.0,-1075.0,23050,3974,4309,87,0.7436369061470032,4.394757343106903e-05
centered,375.0,-1075.0,23050,0,0,0,0.0,0.0
centered,425.0,-1075.0,23050,0,0,0,0.0,0.0
centered,475.0,-1075.0,23050,0,0,0,0.0,0.0
centered,525.0,-1075.0,23050,0,0,0,0.0,0.0
centered,575.0,-1075.0,23050,0,0,0,0.0,0.0
centered,625.0,-1075.0,23050,0,0,0,0.0,0.0
centered,675.0,-1075.0,23050,0,0,0,0.0,0.0
centered,725.0,-1075.0,23050,0,0,0,0.0,0.0
centered,775.0,-1075.0,23050,0,0,0,0.0,0.0
centered,825.0,-1075.0,23050,0,0,0,0.0,0.0
centered,875.0,-1075.0,23050,0,0,0,0.0,0.0
centered,925.0,-1075.0,23050,0,0,0,0.0,0.0
centered,975.0,-1075.0,23050,0,0,0,0.0,0.0
centered,1025.0,-1075.0,23050,0,0,0,0.0,0.0
centered,1075.0,-1075.0,23050,0,0,0,0.0,0.0
centered,-1075.0,-1025.0,23050,0,0,0,0.0,0.0
centered,-1025.0,-1025.0,23050,0,0,0,0.0,0.0
centered,-975.0,-1025.0,23050,0,0,0,0.0,0.0
centered,-925.0,-1025.0,23050,0,0,0,0.0,0.0
centered,-875.0,-1025.0,23050,0,0,0,0.0,0.0
centered,-825.0,-1025.0,23050,0,0,0,0.0,0.0
centered,-775.0,-1025.0,23050,0,0,0,0.0,0.0
centered,-725.0,-1025.0,23050,0,0,0,0.0,0.0
centered,-675.0,-1025.0,23050,0,0,0,0.0,0.0
centered,-625.0,-1025.0,23050,0,0,0,0.0,0.0
centered,-575.0,-1025.0,23050,0,0,0,0.0,0.0
centered,-525.0,-1025.0,23050,0,0,0,0.0,0.0
centered,-475.0,-1025.0,23050,637,637,18,0.4588507115840912,2.711723391257692e-05
centered,-425.0,-1025.0,23050,16615,29836,680,4.438725471496582,0.00026232050731778145
centered,-375.0,-1025.0,23050,19506,69741,1487,7.602481365203857,0.00044929268187843263
centered,-325.0,-1025.0,23050,19405,99015,1983,10.928297996520996,0.0006458423449657857
centered,-275.0,-1025.0,23050,19286,101708,2040,9.39282512664795,0.0005550986970774829
centered,-225.0,-1025.0,23050,19159,100531,1949,8.826026916503906,0.0005216019926592708
centered,-175.0,-1025.0,23050,19036,100123,1842,6.853639125823975,0.00040503748459741473
centered,-125.0,-1025.0,23050,18902,99324,1783,6.552987098693848,0.000387269479688257
centered,-75.0,-1025.0,23050,18766,98431,1744,5.267801761627197,0.0003113173879683018
centered,-25.0,-1025.0,23050,18647,97748,1700,4.639336585998535,0.00027417627279646695
centered,25.0,-1025.0,23050,18511,96759,1619,4.027012825012207,0.0002379890502197668
centered,75.0,-1025.0,23050,18385,96289,1645,4.801784992218018,0.0002837766660377383
centered,125.0,-1025.0,23050,18270,95634,1647,5.395461559295654,0.000318861857522279
centered,175.0,-1025.0,23050,18148,94756,1700,5.303165435791016,0.0003134073340333998
centered,225.0,-1025.0,23050,18004,94065,1818,5.903054237365723,0.0003488596703391522
centered,275.0,-1025.0,23050,17857,93035,1839,7.240467548370361,0.0004278983105905354
centered,325.0,-1025.0,23050,17718,89463,1786,7.7041497230529785,0.00045530108036473393
centered,375.0,-1025.0,23050,17584,62099,1299,6.586393356323242,0.0003892437380272895
centered,425.0,-1025.0,23050,14766,26238,550,3.87233829498291,0.0002288480754941702
centered,475.0,-1025.0,23050,516,516,8,0.04517091065645218,2.6695176984503632e-06
centered,525.0,-1025.0,23050,0,0,0,0.0,0.0
centered,575.0,-1025.0,23050,0,0,0,0.0,0.0
centered,625.0,-1025.0,23050,0,0,0,0.0,0.0
centered,675.0,-1025.0,23050,0,0,0,0.0,0.0
centered,725.0,-1025.0,23050,0,0,0,0.0,0.0
centered,775.0,-1025.0,23050,0,0,0,0.0,0.0
centered,825.0,-1025.0,23050,0,0,0,0.0,0.0
centered,875.0,-1025.0,23050,0,0,0,0.0,0.0
centered,925.0,-1025.0,23050,0,0,0,0.0,0.0
centered,975.0,-1025.0,23050,0,0,0,0.0,0.0
centered,1025.0,-1025.0,23050,0,0,0,0.0,0.0
centered,1075.0,-1025.0,23050,0,0,0,0.0,0.0
centered,-1075.0,-975.0,23050,0,0,0,0.0,0.0
centered,-1025.0,-975.0,23050,0,0,0,0.0,0.0
centered,-975.0,-975.0,23050,0,0,0,0.0,0.0
centered,-925.0,-975.0,23050,0,0,0,0.0,0.0
centered,-875.0,-975.0,23050,0,0,0,0.0,0.0
centered,-825.0,-975.0,23050,0,0,0,0.0,0.0
centered,-775.0,-975.0,23050,0,0,0,0.0,0.0
centered,-725.0,-975.0,23050,0,0,0,0.0,0.0
centered,-675.0,-975.0,23050,0,0,0,0.0,0.0
centered,-625.0,-975.0,23050,0,0,0,0.0,0.0
centered,-575.0,-975.0,23050,230,230,3,0.0038162001874297857,2.2553041389983264e-07
centered,-525.0,-975.0,23050,18934,34291,759,4.870544910430908,0.0002878402592614293
centered,-475.0,-975.0,23050,19906,86769,1920,12.408294677734375,0.0007333073881454766
centered,-425.0,-975.0,23050,19775,103265,2139,11.550591468811035,0.0006826187018305063
centered,-375.0,-975.0,23050,19639,102962,1901,8.020942687988281,0.00047402296331711113
centered,-325.0,-975.0,23050,19535,101973,1863,6.430429458618164,0.00038002655492164195
centered,-275.0,-975.0,23050,19417,101596,1914,6.515302658081055,0.00038504242547787726
centered,-225.0,-975.0,23050,19289,100183,1752,7.45197868347168,0.0004403982311487198
centered,-175.0,-975.0,23050,19156,100018,1642,4.650901794433594,0.0002748597471509129
centered,-125.0,-975.0,23050,19032,99132,1604,4.275369167327881,0.00025266644661314785
centered,-75.0,-975.0,23050,18896,98509,1644,3.659100294113159,0.00021624610235448927
centered,-25.0,-975.0,23050,18771,97766,1582,3.179173231124878,0.0001878832990769297
centered,25.0,-975.0,23050,18632,96813,1517,3.0620181560516357,0.00018095964333042502
centered,75.0,-975.0,23050,18501,96103,1530,3.5583395957946777,0.0002102913276758045
centered,125.0,-975.0,23050,18389,95448,1557,3.2643630504608154,0.00019291785429231822
centered,175.0,-975.0,23050,18260,94638,1578,3.721200942993164,0.00021991613903082907
centered,225.0,-975.0,23050,18116,93748,1735,4.656503200531006,0.00027519077411852777
centered,275.0,-975.0,23050,17966,92909,1760,4.91963529586792,0.0002907414163928479
centered,325.0,-975.0,23050,17820,92196,1765,5.465637683868408,0.0003230091533623636
centered,375.0,-975.0,23050,17682,91123,1800,6.8988447189331055,0.00040770904161036015
centered,425.0,-975.0,23050,17567,90790,1798,6.902187347412109,0.00040790659841150045
centered,475.0,-975.0,23050,17429,74831,1535,6.877298355102539,0.00040643569082021713
centered,525.0,-975.0,23050,16378,29146,573,3.422724962234497,0.00020227675850037485
centered,575.0,-975.0,23050,218,218,4,0.0029556923545897007,1.7467598922848993e-07
centered,625.0,-975.0,23050,0,0,0,0.0,0.0
centered,675.0,-975.0,23050,0,0,0,0.0,0.0
centered,725.0,-975.0,23050,0,0,0,0.0,0.0
centered,775.0,-975.0,23050,0,0,0,0.0,0.0
centered,825.0,-975.0,23050,0,0,0,0.0,0.0
centered,875.0,-975.0,23050,0,0,0,0.0,0.0
centered,925.0,-975.0,23050,0,0,0,0.0,0.0
centered,975.0,-975.0,23050,0,0,0,0.0,0.0
centered,1025.0,-975.0,23050,0,0,0,0.0,0.0
centered,1075.0,-975.0,23050,0,0,0,0.0,0.0
centered,-1075.0,-925.0,23050,0,0,0,0.0,0.0
centered,-1025.0,-925.0,23050,0,0,0,0.0,0.0
centered,-975.0,-925.0,23050,0,0,0,0.0,0.0
centered,-925.0,-925.0,23050,0,0,0,0.0,0.0
centered,-875.0,-925.0,23050,0,0,0,0.0,0.0
centered,-825.0,-925.0,23050,0,0,0,0.0,0.0
centered,-775.0,-925.0,23050,0,0,0,0.0,0.0
centered,-725.0,-925.0,23050,0,0,0,0.0,0.0
centered,-675.0,-925.0,23050,0,0,0,0.0,0.0
centered,-625.0,-925.0,23050,12768,15123,324,1.9256398677825928,0.00011380177602404729
centered,-575.0,-925.0,23050,20323,79016,1730,10.524011611938477,0.000621949729975313
centered,-525.0,-925.0,23050,20205,105092,2209,13.201704978942871,0.0007801965111866593
centered,-475.0,-925.0,23050,20082,104370,2036,8.636895179748535,0.0005104246083647013
centered,-425.0,-925.0,23050,19943,103393,1883,7.209590911865234,0.0004260735586285591
centered,-375.0,-925.0,23050,19803,102533,1866,7.580118656158447,0.00044797107693739235
centered,-325.0,-925.0,23050,19686,101852,1748,5.841106414794922,0.00034519864129833877
centered,-275.0,-925.0,23050,19560,101559,1724,5.1340107917785645,0.00030341060482896864
centered,-225.0,-925.0,23050,19422,100550,1648,4.984033107757568,0.00029454720788635314
centered,-175.0,-925.0,23050,19273,100078,1567,4.089487075805664,0.00024168117670342326
centered,-125.0,-925.0,23050,19150,99451,1436,3.097452402114868,0.00018305375124327838
centered,-75.0,-925.0,23050,19006,98976,1439,2.8456618785858154,0.00016817338473629206
centered,-25.0,-925.0,23050,18887,98030,1373,2.1866092681884766,0.00012922458699904382
centered,25.0,-925.0,23050,18748,97095,1362,2.0880167484283447,0.00012339795648586005
centered,75.0,-925.0,23050,18615,96562,1436,2.3694283962249756,0.000140028860187158
centered,125.0,-925.0,23050,18499,95687,1477,2.355238914489746,0.00013919029152020812
centered,175.0,-925.0,23050,18372,94922,1533,2.594027042388916,0.0001533022295916453
centered,225.0,-925.0,23050,18234,93563,1505,2.8919484615325928,0.00017090883920900524
centered,275.0,-925.0,23050,18093,92942,1529,3.2952463626861572,0.00019474299915600568
centered,325.0,-925.0,23050,17951,92093,1570,3.7651236057281494,0.0002225118805654347
centered,375.0,-925.0,23050,17812,90954,1600,4.3929619789123535,0.00025961597566492856
centered,425.0,-925.0,23050,17691,90497,1602,4.943535327911377,0.00029215385438874364
centered,475.0,-925.0,23050,17564,89709,1614,5.088903427124023,0.0003007448394782841
centered,525.0,-925.0,23050,17420,89093,1744,6.7865376472473145,0.000401071913074702
centered,575.0,-925.0,23050,17282,65756,1315,5.78887414932251,0.0003421118308324367
centered,625.0,-925.0,23050,10620,12472,265,1.9867022037506104,0.00011741044727386907
centered,675.0,-925.0,23050,0,0,0,0.0,0.0
centered,725.0,-925.0,23050,0,0,0,0.0,0.0
centered,775.0,-925.0,23050,0,0,0,0.0,0.0
centered,825.0,-925.0,23050,0,0,0,0.0,0.0
centered,875.0,-925.0,23050,0,0,0,0.0,0.0
centered,925.0,-925.0,23050,0,0,0,0.0,0.0
centered,975.0,-925.0,23050,0,0,0,0.0,0.0
centered,1025.0,-925.0,23050,0,0,0,0.0,0.0
centered,1075.0,-925.0,23050,0,0,0,0.0,0.0
centered,-1075.0,-875.0,23050,0,0,0,0.0,0.0
centered,-1025.0,-875.0,23050,0,0,0,0.0,0.0
centered,-975.0,-875.0,23050,0,0,0,0.0,0.0
centered,-925.0,-875.0,23050,0,0,0,0.0,0.0
centered,-875.0,-875.0,23050,0,0,0,0.0,0.0
centered,-825.0,-875.0,23050,0,0,0,0.0,0.0
centered,-775.0,-875.0,23050,0,0,0,0.0,0.0
centered,-725.0,-875.0,23050,0,0,0,0.0,0.0
centered,-675.0,-875.0,23050,20469,39278,868,7.561445713043213,0.0004468675469979644
centered,-625.0,-875.0,23050,20600,101647,2223,13.386192321777344,0.0007910993881523609
centered,-575.0,-875.0,23050,20475,105810,2156,8.552227973937988,0.0005054209614172578
centered,-525.0,-875.0,23050,20352,105167,1947,6.102250576019287,0.00036063179140910506
centered,-475.0,-875.0,23050,20216,104080,1801,5.319775104522705,0.0003143889189232141
centered,-425.0,-875.0,23050,20078,103394,1725,4.628734588623047,0.0002735496964305639
centered,-375.0,-875.0,23050,19941,102846,1632,4.072500228881836,0.00024067728372756392
centered,-325.0,-875.0,23050,19829,102610,1585,4.28493595123291,0.0002532318467274308
centered,-275.0,-875.0,23050,19705,101783,1525,3.953535795211792,0.00023364670050796121
centered,-225.0,-875.0,23050,19561,100896,1429,3.32967209815979,0.00019677750242408365
centered,-175.0,-875.0,23050,19423,100013,1329,2.6850385665893555,0.00015868085029069334
centered,-125.0,-875.0,23050,19297,99141,1274,2.3652031421661377,0.00013977916387375444
centered,-75.0,-875.0,23050,19151,98497,1313,2.1691510677337646,0.00012819284165743738
centered,-25.0,-875.0,23050,19030,97649,1316,2.22591233253479,0.00013154733460396528
centered,25.0,-875.0,23050,18889,96634,1337,2.266057014465332,0.00013391980610322207
centered,75.0,-875.0,23050,18757,96219,1356,2.147346019744873,0.00012690419680438936
centered,125.0,-875.0,23050,18638,95425,1462,2.4306397438049316,0.00014364633534569293
centered,175.0,-875.0,23050,18505,94805,1445,2.574084520339966,0.00015212366997729987
centered,225.0,-875.0,23050,18359,94037,1445,2.223755121231079,0.00013141984527464956
centered,275.0,-875.0,23050,18211,93003,1487,2.9084839820861816,0.00017188605852425098
centered,325.0,-875.0,23050,18076,92375,1506,3.953474760055542,0.00023364309163298458
centered,375.0,-875.0,23050,17940,91639,1471,4.13057279586792,0.00024410926562268287
centered,425.0,-875.0,23050,17811,90294,1466,3.377671480178833,0.00019961418001912534
centered,475.0,-875.0,23050,17674,89461,1523,3.7998008728027344,0.00022456124133896083
centered,525.0,-875.0,23050,17529,88862,1649,4.699080944061279,0.00027770703309215605
centered,575.0,-875.0,23050,17377,88129,1811,5.596192359924316,0.0003307246952317655
centered,625.0,-875.0,23050,17204,82939,1716,7.313809394836426,0.00043223268585279584
centered,675.0,-875.0,23050,16840,31505,704,2.8924801349639893,0.00017094025679398328
centered,725.0,-875.0,23050,0,0,0,0.0,0.0
centered,775.0,-875.0,23050,0,0,0,0.0,0.0
centered,825.0,-875.0,23050,0,0,0,0.0,0.0
centered,875.0,-875.0,23050,0,0,0,0.0,0.0
centered,925.0,-875.0,23050,0,0,0,0.0,0.0
centered,975.0,-875.0,23050,0,0,0,0.0,0.0
centered,1025.0,-875.0,23050,0,0,0,0.0,0.0
centered,1075.0,-875.0,23050,0,0,0,0.0,0.0
centered,-1075.0,-825.0,23050,0,0,0,0.0,0.0
centered,-1025.0,-825.0,23050,0,0,0,0.0,0.0
centered,-975.0,-825.0,23050,0,0,0,0.0,0.0
centered,-925.0,-825.0,23050,0,0,0,0.0,0.0
centered,-875.0,-825.0,23050,0,0,0,0.0,0.0
centered,-825.0,-825.0,23050,0,0,0,0.0,0.0
centered,-775.0,-825.0,23050,502,502,15,0.07235247641801834,4.275898390915245e-06
centered,-725.0,-825.0,23050,20916,57826,1239,8.079392433166504,0.00047747723874635994
centered,-675.0,-825.0,23050,20827,106721,2328,11.176421165466309,0.0006605059606954455
centered,-625.0,-825.0,23050,20709,106248,2128,8.040907859802246,0.0004752028617076576
centered,-575.0,-825.0,23050,20576,105634,2031,6.60020637512207,0.00039006007136777043
centered,-525.0,-825.0,23050,20459,104859,1803,4.90549898147583,0.0002899059618357569
centered,-475.0,-825.0,23050,20339,104296,1674,3.8404483795166016,0.00022696344240102917
centered,-425.0,-825.0,23050,20190,103569,1690,3.779416084289551,0.00022335654648486525
centered,-375.0,-825.0,23050,20074,103136,1676,4.581541538238525,0.00027076067635789514
centered,-325.0,-825.0,23050,19961,102296,1487,3.724947690963745,0.0002201375609729439
centered,-275.0,-825.0,23050,19833,101533,1381,3.0006091594696045,0.0001773304829839617
centered,-225.0,-825.0,23050,19690,100781,1300,2.586658000946045,0.00015286673442460597
centered,-175.0,-825.0,23050,19556,100037,1303,2.0170304775238037,0.00011920279212063178
centered,-125.0,-825.0,23050,19431,99669,1293,1.7423187494277954,0.0001029678387567401
centered,-75.0,-825.0,23050,19280,98754,1328,1.8857693672180176,0.00011144550080643967
centered,-25.0,-825.0,23050,19160,98067,1345,1.7687482833862305,0.00010452977585373446
centered,25.0,-825.0,23050,19015,97066,1331,2.725072145462036,0.00016104675887618214
centered,75.0,-825.0,23050,18877,96419,1333,1.5509816408157349,9.166016388917342e-05
centered,125.0,-825.0,23050,18759,95813,1409,2.513305902481079,0.00014853176253382117
centered,175.0,-825.0,23050,18624,94820,1412,2.520157814025879,0.00014893669867888093
centered,225.0,-825.0,23050,18469,93802,1388,2.2830705642700195,0.00013492527068592608
centered,275.0,-825.0,23050,18317,92826,1379,2.2234835624694824,0.00013140379451215267
centered,325.0,-825.0,23050,18183,92020,1378,2.044426679611206,0.00012082186003681272
centered,375.0,-825.0,23050,18039,91585,1388,2.248755931854248,0.00013289734488353133
centered,425.0,-825.0,23050,17900,90401,1401,2.436812162399292,0.00014401112275663763
centered,475.0,-825.0,23050,17766,89841,1516,2.7915592193603516,0.00016497602337040007
centered,525.0,-825.0,23050,17607,88288,1620,3.307823657989502,0.00019548629643395543
centered,575.0,-825.0,23050,17452,87765,1724,3.7340846061706543,0.0002206775388913229
centered,625.0,-825.0,23050,17287,86531,1790,4.299842834472656,0.00025411281967535615
centered,675.0,-825.0,23050,17098,85437,1847,5.955714702606201,0.00035197180113755167
centered,725.0,-825.0,23050,16950,45778,988,4.565959930419922,0.0002698398311622441
centered,775.0,-825.0,23050,404,404,5,0.003366698045283556,1.989656652767735e-07
centered,825.0,-825.0,23050,0,0,0,0.0,0.0
centered,875.0,-825.0,23050,0,0,0,0.0,0.0
centered,925.0,-825.0,23050,0,0,0,0.0,0.0
centered,975.0,-825.0,23050,0,0,0,0.0,0.0
centered,1025.0,-825.0,23050,0,0,0,0.0,0.0
centered,1075.0,-825.0,23050,0,0,0,0.0,0.0
centered,-1075.0,-775.0,23050,0,0,0,0.0,0.0
centered,-1025.0,-775.0,23050,0,0,0,0.0,0.0
centered,-975.0,-775.0,23050,0,0,0,0.0,0.0
centered,-925.0,-775.0,23050,0,0,0,0.0,0.0
centered,-875.0,-775.0,23050,0,0,0,0.0,0.0
centered,-825.0,-775.0,23050,469,469,10,0.1612251102924347,9.528107511869166e-06
centered,-775.0,-775.0,23050,21135,64514,1497,9.076223373413086,0.0005363881355151534
centered,-725.0,-775.0,23050,21017,107177,2343,11.466573715209961,0.0006776534137316048
centered,-675.0,-775.0,23050,20909,106257,2169,7.761082172393799,0.00045866568689234555
centered,-625.0,-775.0,23050,20791,105962,2013,6.061459064483643,0.00035822109202854335
centered,-575.0,-775.0,23050,20663,105325,1868,4.491464138031006,0.0002654372656252235
centered,-525.0,-775.0,23050,20555,104719,1692,3.96624755859375,0.00023439794313162565
centered,-475.0,-775.0,23050,20432,103822,1678,3.8511369228363037,0.00022759511193726212
centered,-425.0,-775.0,23050,20290,103601,1668,3.513512372970581,0.00020764212240464985
centered,-375.0,-775.0,23050,20179,102695,1524,3.156076669692993,0.00018651832942850888
centered,-325.0,-775.0,23050,20059,102399,1392,2.414673328399658,0.00014270276005845517
centered,-275.0,-775.0,23050,19932,101556,1331,1.9393688440322876,0.00011461313260952011
centered,-225.0,-775.0,23050,19788,100583,1234,1.7872464656829834,0.00010562298120930791
centered,-175.0,-775.0,23050,19654,99846,1257,2.1092922687530518,0.00012465530016925186
centered,-125.0,-775.0,23050,19530,99339,1270,1.6461437940597534,9.728407167131081e-05
centered,-75.0,-775.0,23050,19381,98373,1333,1.9919458627700806,0.00011772033758461475
centered,-25.0,-775.0,23050,19255,97559,1369,1.5201854705810547,8.98401704034768e-05
centered,25.0,-775.0,23050,19107,96636,1372,1.5623184442520142,9.233014861820266e-05
centered,75.0,-775.0,23050,18969,95934,1390,1.5596905946731567,9.217485057888553e-05
centered,125.0,-775.0,23050,18847,95488,1413,1.5216221809387207,8.992507355287671e-05
centered,175.0,-775.0,23050,18714,94611,1405,1.5113039016723633,8.931528282118961e-05
centered,225.0,-775.0,23050,18561,93747,1419,2.9308009147644043,0.00017320494225714356
centered,275.0,-775.0,23050,18411,92804,1387,1.8470839262008667,0.00010915926395682618
centered,325.0,-775.0,23050,18265,91956,1349,1.6594374179840088,9.806970047065988e-05
centered,375.0,-775.0,23050,18122,90968,1349,1.7299818992614746,0.00010223875142401084
centered,425.0,-775.0,23050,17974,90163,1376,1.9472897052764893,0.00011508124589454383
centered,475.0,-775.0,23050,17840,89314,1505,2.131549835205078,0.0001259706768905744
centered,525.0,-775.0,23050,17676,88267,1663,3.0360941886901855,0.0001794275885913521
centered,575.0,-775.0,23050,17511,87351,1678,3.7687034606933594,0.00022272345086093992
centered,625.0,-775.0,23050,17353,86298,1708,3.229471445083618,0.00019085583335254341
centered,675.0,-775.0,23050,17157,85030,1704,4.060153007507324,0.00023994757793843746
centered,725.0,-775.0,23050,17003,84155,1696,4.317550182342529,0.00025515927700325847
centered,775.0,-775.0,23050,16856,50040,1047,4.604191303253174,0.0002720992488320917
centered,825.0,-775.0,23050,382,382,9,0.018293799832463264,1.0811299944180064e-06
centered,875.0,-775.0,23050,0,0,0,0.0,0.0
centered,925.0,-775.0,23050,0,0,0,0.0,0.0
centered,975.0,-775.0,23050,0,0,0,0.0,0.0
centered,1025.0,-775.0,23050,0,0,0,0.0,0.0
centered,1075.0,-775.0,23050,0,0,0,0.0,0.0
centered,-1075.0,-725.0,23050,0,0,0,0.0,0.0
centered,-1025.0,-725.0,23050,0,0,0,0.0,0.0
centered,-975.0,-725.0,23050,0,0,0,0.0,0.0
centered,-925.0,-725.0,23050,0,0,0,0.0,0.0
centered,-875.0,-725.0,23050,0,0,0,0.0,0.0
centered,-825.0,-725.0,23050,21324,58104,1419,9.199686050415039,0.0005436845240183175
centered,-775.0,-725.0,23050,21231,107202,2491,12.244248390197754,0.0007236125529743731
centered,-725.0,-725.0,23050,21111,106622,2275,8.737054824829102,0.0005163438618183136
centered,-675.0,-725.0,23050,20999,106263,2113,7.382080078125,0.0004362673789728433
centered,-625.0,-725.0,23050,20898,105529,1898,5.109755039215088,0.0003019771247636527
centered,-575.0,-725.0,23050,20772,104800,1749,3.441318988800049,0.00020337563182692975
centered,-525.0,-725.0,23050,20644,104201,1692,3.5881412029266357,0.00021205254597589374
centered,-475.0,-725.0,23050,20499,103865,1638,3.5521674156188965,0.00020992656936869025
centered,-425.0,-725.0,23050,20370,102928,1557,2.890686273574829,0.00017083424609154463
centered,-375.0,-725.0,23050,20251,102515,1509,2.218276023864746,0.00013109603605698794
centered,-325.0,-725.0,23050,20131,101945,1379,3.380946397781372,0.00019980772049166262
centered,-275.0,-725.0,23050,20005,100706,1254,2.5110278129577637,0.00014839712821412832
centered,-225.0,-725.0,23050,19863,100323,1307,1.571518898010254,9.287388093071058e-05
centered,-175.0,-725.0,23050,19727,99501,1278,1.4060112237930298,8.309268014272675e-05
centered,-125.0,-725.0,23050,19606,98911,1285,1.3192492723464966,7.796520367264748e-05
centered,-75.0,-725.0,23050,19462,98133,1381,3.51969313621521,0.0002080073900287971
centered,-25.0,-725.0,23050,19336,97335,1466,1.5277069807052612,9.02846732060425e-05
centered,25.0,-725.0,23050,19188,96420,1491,1.452330231666565,8.583004819229245e-05
centered,75.0,-725.0,23050,19051,95616,1473,1.480273723602295,8.748145774006844e-05
centered,125.0,-725.0,23050,18919,94946,1467,1.3899540901184082,8.214373519876972e-05
centered,175.0,-725.0,23050,18783,94125,1499,1.5697458982467651,9.276909986510873e-05
centered,225.0,-725.0,23050,18636,93361,1446,2.1456139087677,0.00012680183863267303
centered,275.0,-725.0,23050,18481,92459,1419,1.6157840490341187,9.548986417939886e-05
centered,325.0,-725.0,23050,18327,91584,1463,1.6577420234680176,9.796950325835496e-05
centered,375.0,-725.0,23050,18177,90610,1430,1.777685284614563,0.00010505793034099042
centered,425.0,-725.0,23050,18031,89746,1462,2.0125906467437744,0.0001189404065371491
centered,475.0,-725.0,23050,17894,89081,1597,2.031372308731079,0.00012005036842310801
centered,525.0,-725.0,23050,17743,87829,1671,2.3900437355041504,0.00014124719018582255
centered,575.0,-725.0,23050,17596,86775,1699,2.9621119499206543,0.00017505537834949791
centered,625.0,-725.0,23050,17437,86029,1760,3.0517826080322266,0.00018035474931821227
centered,675.0,-725.0,23050,17242,85008,1705,2.9753379821777344,0.00017583700537215918
centered,725.0,-725.0,23050,17061,83718,1724,3.8188793659210205,0.00022568875283468515
centered,775.0,-725.0,23050,16921,82957,1733,5.572061061859131,0.0003292985784355551
centered,825.0,-725.0,23050,16721,44120,950,2.6698107719421387,0.00015778091619722545
centered,875.0,-725.0,23050,0,0,0,0.0,0.0
centered,925.0,-725.0,23050,0,0,0,0.0,0.0
centered,975.0,-725.0,23050,0,0,0,0.0,0.0
centered,1025.0,-725.0,23050,0,0,0,0.0,0.0
centered,1075.0,-725.0,23050,0,0,0,0.0,0.0
centered,-1075.0,-675.0,23050,0,0,0,0.0,0.0
centered,-1025.0,-675.0,23050,0,0,0,0.0,0.0
centered,-975.0,-675.0,23050,0,0,0,0.0,0.0
centered,-925.0,-675.0,23050,0,0,0,0.0,0.0
centered,-875.0,-675.0,23050,21242,39638,937,5.775861740112305,0.0003413428203202784
centered,-825.0,-675.0,23050,21435,107231,2590,13.83067798614502,0.0008173676324076951
centered,-775.0,-675.0,23050,21315,107039,2393,9.441512107849121,0.0005579760181717575
centered,-725.0,-675.0,23050,21192,106276,2155,6.627945423126221,0.00039169940282590687
centered,-675.0,-675.0,23050,21081,105762,2034,5.514026165008545,0.00032586880843155086
centered,-625.0,-675.0,23050,20972,104979,1839,4.0722737312316895,0.00024066389596555382
centered,-575.0,-675.0,23050,20841,104661,1762,3.0714993476867676,0.0001815199648262933
centered,-525.0,-675.0,23050,20724,104286,1732,2.4376559257507324,0.00014406099217012525
centered,-475.0,-675.0,23050,20579,103429,1710,2.412773609161377,0.00014259049203246832
centered,-425.0,-675.0,23050,20447,102533,1660,2.457064628601074,0.00014520800323225558
centered,-375.0,-675.0,23050,20333,101809,1633,2.079425096511841,0.00012289019650779665
centered,-325.0,-675.0,23050,20222,101393,1541,2.044731378555298,0.00012083986803190783
centered,-275.0,-675.0,23050,20094,100660,1499,1.9214380979537964,0.00011355346214259043
centered,-225.0,-675.0,23050,19943,100264,1495,1.5532795190811157,9.179596236208454e-05
centered,-175.0,-675.0,23050,19814,99335,1482,1.5384067296981812,9.091701213037595e-05
centered,-125.0,-675.0,23050,19681,98913,1522,1.4130381345748901,8.350795542355627e-05
centered,-75.0,-675.0,23050,19541,98159,1570,1.5019127130508423,8.876028005033731e-05
centered,-25.0,-675.0,23050,19414,97478,1730,2.0537877082824707,0.00012137508019804955
centered,25.0,-675.0,23050,19266,96425,1755,1.6432439088821411,9.711269376566634e-05
centered,75.0,-675.0,23050,19126,95799,1763,1.5558146238327026,9.194578160531819e-05
centered,125.0,-675.0,23050,18999,94909,1773,1.4453797340393066,8.541928400518373e-05
centered,175.0,-675.0,23050,18863,94012,1721,1.7155747413635254,0.00010138731158804148
centered,225.0,-675.0,23050,18716,92964,1666,1.8955345153808594,0.00011202260793652385
centered,275.0,-675.0,23050,18561,92084,1636,1.5987050533294678,9.448052878724411e-05
centered,325.0,-675.0,23050,18402,91133,1639,1.6710684299468994,9.875707473838702e-05
centered,375.0,-675.0,23050,18249,90125,1613,1.9035968780517578,0.00011249907402088866
centered,425.0,-675.0,23050,18103,89502,1645,1.7786390781402588,0.0001051142971846275
centered,475.0,-675.0,23050,17959,88467,1692,1.8066891431808472,0.00010677200771169737
centered,525.0,-675.0,23050,17809,87893,1739,2.2980313301086426,0.00013580943050328642
centered,575.0,-675.0,23050,17657,86764,1803,2.371974468231201,0.0001401793269906193
centered,625.0,-675.0,23050,17499,85413,1848,2.7294204235076904,0.00016130373114719987
centered,675.0,-675.0,23050,17305,84522,1882,4.005732536315918,0.00023673143004998565
centered,725.0,-675.0,23050,17132,83563,1768,3.409151792526245,0.00020147459872532636
centered,775.0,-675.0,23050,16987,82650,1770,3.839759588241577,0.00022692274069413543
centered,825.0,-675.0,23050,16799,81474,1708,5.259453296661377,0.0003108240198343992
centered,875.0,-675.0,23050,16403,29683,610,2.3629019260406494,0.00013964316167403013
centered,925.0,-675.0,23050,0,0,0,0.0,0.0
centered,975.0,-675.0,23050,0,0,0,0.0,0.0
centered,1025.0,-675.0,23050,0,0,0,0.0,0.0
centered,1075.0,-675.0,23050,0,0,0,0.0,0.0
centered,-1075.0,-625.0,23050,0,0,0,0.0,0.0
centered,-1025.0,-625.0,23050,0,0,0,0.0,0.0
centered,-975.0,-625.0,23050,0,0,0,0.0,0.0
centered,-925.0,-625.0,23050,14735,15603,380,1.6519134044647217,9.762504487298429e-05
centered,-875.0,-625.0,23050,21610,102685,2466,11.90585994720459,0.0007036144379526377
centered,-825.0,-625.0,23050,21506,106879,2477,9.928863525390625,0.0005867775762453675
centered,-775.0,-625.0,23050,21386,106424,2315,6.716485023498535,0.0003969319222960621
centered,-725.0,-625.0,23050,21266,105858,2135,4.66195011138916,0.0002755126915872097
centered,-675.0,-625.0,23050,21154,105175,1962,3.8053200244903564,0.00022488742251880467
centered,-625.0,-625.0,23050,21041,105045,1878,3.3248746395111084,0.00019649398745968938
centered,-575.0,-625.0,23050,20916,104355,1809,3.097543239593506,0.00018305910634808242
centered,-525.0,-625.0,23050,20800,103600,1902,2.559791326522827,0.00015127896040212363
centered,-475.0,-625.0,23050,20652,102803,1849,2.227313995361328,0.00013163016410544515
centered,-425.0,-625.0,23050,20528,102274,1830,1.8625681400299072,0.00011007435387000442
centered,-375.0,-625.0,23050,20412,101952,1864,2.36430025100708,0.00013972580200061202
centered,-325.0,-625.0,23050,20286,101143,1790,2.187422513961792,0.00012927265197504312
centered,-275.0,-625.0,23050,20155,100235,1802,1.8892333507537842,0.00011165021714987233
centered,-225.0,-625.0,23050,20011,99928,1824,1.7509195804595947,0.00010347612987970933
centered,-175.0,-625.0,23050,19873,98823,1855,1.7445435523986816,0.00010309931531082839
centered,-125.0,-625.0,23050,19750,97942,1979,1.8458741903305054,0.00010908777039730921
centered,-75.0,-625.0,23050,19608,97353,2050,1.950871229171753,0.00011529290350154042
centered,-25.0,-625.0,23050,19480,96707,2170,1.9228914976119995,0.00011363935482222587
centered,25.0,-625.0,23050,19331,95744,2207,2.0062618255615234,0.000118566385935992
centered,75.0,-625.0,23050,19190,94932,2169,1.758504033088684,0.00010392435797257349
centered,125.0,-625.0,23050,19060,94203,2159,1.7544695138931274,0.0001036859248415567
centered,175.0,-625.0,23050,18920,93542,2122,2.4609944820404053,0.0001454402517993003
centered,225.0,-625.0,23050,18781,92764,2156,3.5516655445098877,0.00020989691256545484
centered,275.0,-625.0,23050,18625,91630,2090,2.3241512775421143,0.00013735306856688112
centered,325.0,-625.0,23050,18468,91086,1995,2.1443538665771484,0.00012672737648244947
centered,375.0,-625.0,23050,18322,90038,1907,2.0202295780181885,0.00011939185787923634
centered,425.0,-625.0,23050,18178,89190,1822,1.6807843446731567,9.933126420946792e-05
centered,475.0,-625.0,23050,18024,87898,1819,1.6819032430648804,9.939738811226562e-05
centered,525.0,-625.0,23050,17880,87422,1850,1.970420002937317,0.00011644820187939331
centered,575.0,-625.0,23050,17728,86505,1882,3.3879587650299072,0.00020022212993353605
centered,625.0,-625.0,23050,17572,85401,1950,2.6894290447235107,0.00015894031093921512
centered,675.0,-625.0,23050,17376,84272,1901,2.8776328563690186,0.00017006281996145844
centered,725.0,-625.0,23050,17200,83306,1877,3.0721373558044434,0.00018155766883865
centered,775.0,-625.0,23050,17055,82217,1853,3.7771060466766357,0.0002232200204161927
centered,825.0,-625.0,23050,16875,81374,1776,5.176601409912109,0.0003059276205021888
centered,875.0,-625.0,23050,16710,76666,1554,5.1267218589782715,0.00030297983903437853
centered,925.0,-625.0,23050,10991,11530,246,1.4980831146240234,8.853396138874814e-05
centered,975.0,-625.0,23050,0,0,0,0.0,0.0
centered,1025.0,-625.0,23050,0,0,0,0.0,0.0
centered,1075.0,-625.0,23050,0,0,0,0.0,0.0
centered,-1075.0,-575.0,23050,0,0,0,0.0,0.0
centered,-1025.0,-575.0,23050,0,0,0,0.0,0.0
centered,-975.0,-575.0,23050,240,240,3,0.006716674659401178,3.969431361383613e-07
centered,-925.0,-575.0,23050,21763,80365,2018,12.575939178466797,0.0007432149141095579
centered,-875.0,-575.0,23050,21664,106815,2554,9.918994903564453,0.0005861943936906755
centered,-825.0,-575.0,23050,21553,106491,2389,6.485320091247559,0.00038327049696817994
centered,-775.0,-575.0,23050,21438,105686,2278,5.333042144775391,0.0003151729761157185
centered,-725.0,-575.0,23050,21322,105526,2105,5.493855953216553,0.0003246768028475344
centered,-675.0,-575.0,23050,21212,105091,2057,4.054297924041748,0.00023960156249813735
centered,-625.0,-575.0,23050,21100,104409,2051,3.1985273361206055,0.00018902707961387932
centered,-575.0,-575.0,23050,20988,103842,2069,2.66642689704895,0.000157580929226242
centered,-525.0,-575.0,23050,20859,103182,2044,2.513317346572876,0.00014853243192192167
centered,-475.0,-575.0,23050,20722,102627,2088,2.367757797241211,0.00013993013999424875
centered,-425.0,-575.0,23050,20593,102038,2154,2.1938979625701904,0.0001296553382417187
centered,-375.0,-575.0,23050,20478,101424,2180,2.024226188659668,0.00011962805001530796
centered,-325.0,-575.0,23050,20357,100475,2107,2.149759531021118,0.0001270468346774578
centered,-275.0,-575.0,23050,20227,99867,2220,2.0643622875213623,0.00012200001947348937
centered,-225.0,-575.0,23050,20079,99399,2384,2.1347148418426514,0.00012615772720891982
centered,-175.0,-575.0,23050,19943,98731,2453,2.0234177112579346,0.00011958026880165562
centered,-125.0,-575.0,23050,19819,97729,2515,2.2916295528411865,0.0001354310952592641
centered,-75.0,-575.0,23050,19675,97257,2513,2.307332992553711,0.0001363591436529532
centered,-25.0,-575.0,23050,19552,96651,2702,2.5084526538848877,0.00014824494428467005
centered,25.0,-575.0,23050,19402,95677,2746,3.8397774696350098,0.00022692378843203187
centered,75.0,-575.0,23050,19258,94893,2721,2.477646589279175,0.00014642435417044908
centered,125.0,-575.0,23050,19127,94248,2696,2.5728297233581543,0.0001520495134172961
centered,175.0,-575.0,23050,18987,93292,2621,2.2898318767547607,0.0001353248517261818
centered,225.0,-575.0,23050,18843,92262,2562,2.5010621547698975,0.00014780818310100585
centered,275.0,-575.0,23050,18696,91278,2453,2.7486979961395264,0.0001624430005904287
centered,325.0,-575.0,23050,18535,90422,2368,2.5530502796173096,0.00015088057261891663
centered,375.0,-575.0,23050,18384,89894,2311,2.3062026500701904,0.00013629233581013978
centered,425.0,-575.0,23050,18239,88840,2198,2.044084310531616,0.00012080162559868768
centered,475.0,-575.0,23050,18085,88064,2092,1.9607453346252441,0.00011587644257815555
centered,525.0,-575.0,23050,17947,86949,2098,2.249102830886841,0.0001329178485320881
centered,575.0,-575.0,23050,17794,86175,2033,2.239124298095703,0.00013232813216745853
centered,625.0,-575.0,23050,17630,85158,1943,2.223905563354492,0.0001314287364948541
centered,675.0,-575.0,23050,17440,84155,1905,2.988107204437256,0.00017659163859207183
centered,725.0,-575.0,23050,17260,82987,1947,3.2461488246917725,0.0001918414345709607
centered,775.0,-575.0,23050,17106,82024,1849,2.8134331703186035,0.0001662687282077968
centered,825.0,-575.0,23050,16939,80789,1759,3.6106817722320557,0.0002133846573997289
centered,875.0,-575.0,23050,16750,79892,1666,4.451723575592041,0.0002630886738188565
centered,925.0,-575.0,23050,16558,59146,1147,3.522277355194092,0.0002081601123791188
centered,975.0,-575.0,23050,177,177,2,0.013565203174948692,8.016785955078376e-07
centered,1025.0,-575.0,23050,0,0,0,0.0,0.0
centered,1075.0,-575.0,23050,0,0,0,0.0,0.0
centered,-1075.0,-525.0,23050,0,0,0,0.0,0.0
centered,-1025.0,-525.0,23050,0,0,0,0.0,0.0
centered,-975.0,-525.0,23050,21195,35341,912,5.734596252441406,0.00033890409395098686
centered,-925.0,-525.0,23050,21842,106598,2758,14.280252456665039,0.00084393669385463
centered,-875.0,-525.0,23050,21705,106410,2614,10.624566078186035,0.0006278923247009516
centered,-825.0,-525.0,23050,21592,105731,2449,6.303023338317871,0.00037249710294418037
centered,-775.0,-525.0,23050,21469,105358,2296,4.709100246429443,0.00027829917962662876
centered,-725.0,-525.0,23050,21365,104884,2216,3.8018908500671387,0.0002246847579954192
centered,-675.0,-525.0,23050,21256,104383,2293,3.4634077548980713,0.00020468102593440562
centered,-625.0,-525.0,23050,21145,103969,2259,3.6573312282562256,0.00021614154684357345
centered,-575.0,-525.0,23050,21034,103320,2316,3.251149892807007,0.00019213698396924883
centered,-525.0,-525.0,23050,20919,102779,2388,2.7725982666015625,0.0001638554676901549
centered,-475.0,-525.0,23050,20784,102052,2491,2.7027390003204346,0.00015972690016496927
centered,-425.0,-525.0,23050,20650,101493,2619,2.7620747089385986,0.00016323353338520974
centered,-375.0,-525.0,23050,20536,100829,2647,2.725829601287842,0.0001610915205674246
centered,-325.0,-525.0,23050,20419,100376,2876,2.848557710647583,0.0001683445298112929
centered,-275.0,-525.0,23050,20284,99747,2924,2.663700819015503,0.00015741982497274876
centered,-225.0,-525.0,23050,20144,98854,2909,2.6236860752105713,0.00015505502233281732
centered,-175.0,-525.0,23050,20013,98478,3087,3.4021084308624268,0.00020105835574213415
centered,-125.0,-525.0,23050,19883,97185,3233,3.8240208625793457,0.00022599261137656868
centered,-75.0,-525.0,23050,19741,96552,3341,3.743361711502075,0.00022122579684946686
centered,-25.0,-525.0,23050,19616,95969,3433,3.697380781173706,0.0002185084013035521
centered,25.0,-525.0,23050,19463,94956,3417,3.584012031555176,0.00021180852490942925
centered,75.0,-525.0,23050,19322,94209,3382,3.303342580795288,0.0001952214806806296
centered,125.0,-525.0,23050,19193,93660,3365,3.7981622219085693,0.00022446441289503127
centered,175.0,-525.0,23050,19056,92876,3316,3.3703842163085938,0.00019918351608794183
centered,225.0,-525.0,23050,18908,92175,3166,3.0501301288604736,0.0001802570914151147
centered,275.0,-525.0,23050,18756,91197,2972,3.6243515014648438,0.00021419250697363168
centered,325.0,-525.0,23050,18594,90132,2726,3.2156999111175537,0.00019004195928573608
centered,375.0,-525.0,23050,18447,89231,2596,2.918081045150757,0.00017245321942027658
centered,425.0,-525.0,23050,18301,88517,2464,2.391932487487793,0.00014135881792753935
centered,475.0,-525.0,23050,18156,87746,2413,2.348463535308838,0.00013878988102078438
centered,525.0,-525.0,23050,17997,86402,2348,2.330232620239258,0.00013771247176919132
centered,575.0,-525.0,23050,17846,85935,2220,2.255146026611328,0.00013327498163562268
centered,625.0,-525.0,23050,17677,85020,2115,2.2958085536956787,0.00013567807036451995
centered,675.0,-525.0,23050,17499,83457,1951,2.226985454559326,0.0001316107518505305
centered,725.0,-525.0,23050,17315,82699,1875,2.3520472049713135,0.00013900166959501803
centered,775.0,-525.0,23050,17150,81780,1881,2.9921958446502686,0.00017683327314443886
centered,825.0,-525.0,23050,16984,80445,1796,2.99277400970459,0.00017686744104139507
centered,875.0,-525.0,23050,16784,79563,1679,3.831251621246338,0.00022641992836724967
centered,925.0,-525.0,23050,16619,78258,1619,6.356232643127441,0.0003756416554097086
centered,975.0,-525.0,23050,15850,25570,492,1.9783562421798706,0.00011691721738316119
centered,1025.0,-525.0,23050,0,0,0,0.0,0.0
centered,1075.0,-525.0,23050,0,0,0,0.0,0.0
centered,-1075.0,-475.0,23050,0,0,0,0.0,0.0
centered,-1025.0,-475.0,23050,656,656,16,0.05286633223295212,3.1243030207406264e-06
centered,-975.0,-475.0,23050,22006,88877,2408,15.993359565734863,0.0009451781515963376
centered,-925.0,-475.0,23050,21901,106313,2651,9.768277168273926,0.0005772872245870531
centered,-875.0,-475.0,23050,21777,105986,2593,7.670950889587402,0.00045333910384215415
centered,-825.0,-475.0,23050,21648,105062,2504,5.812912464141846,0.00034353244700469077
centered,-775.0,-475.0,23050,21526,104960,2506,4.609427452087402,0.0002724086807575077
centered,-725.0,-475.0,23050,21416,104228,2391,3.60237717628479,0.00021289386495482177
centered,-675.0,-475.0,23050,21301,103967,2422,3.8186357021331787,0.00022567434643860906
centered,-625.0,-475.0,23050,21179,103128,2528,4.591795921325684,0.0002713667054194957
centered,-575.0,-475.0,23050,21062,102514,2616,2.995936155319214,0.00017705431673675776
centered,-525.0,-475.0,23050,20952,102243,2781,2.8597700595855713,0.00016900715127121657
centered,-475.0,-475.0,23050,20826,101700,2980,3.285845994949341,0.00019418746524024755
centered,-425.0,-475.0,23050,20692,101004,3143,3.349412679672241,0.00019794412946794182
centered,-375.0,-475.0,23050,20578,100480,3300,3.5490224361419678,0.00020974069775547832
centered,-325.0,-475.0,23050,20465,99776,3515,3.7399871349334717,0.0002210263628512621
centered,-275.0,-475.0,23050,20335,99027,3641,3.813225269317627,0.0002253546117572114
centered,-225.0,-475.0,23050,20193,98204,3821,3.675987720489502,0.00021724411635659635
centered,-175.0,-475.0,23050,20066,97736,4110,4.43617057800293,0.0002621695166453719
centered,-125.0,-475.0,23050,19937,96691,4226,4.824215412139893,0.0002851022582035512
centered,-75.0,-475.0,23050,19792,96099,4327,5.785273551940918,0.00034189902362413704
centered,-25.0,-475.0,23050,19670,95647,4412,5.072877407073975,0.0002997977426275611
centered,25.0,-475.0,23050,19518,94632,4314,4.8948974609375,0.0002892794436775148
centered,75.0,-475.0,23050,19373,93753,4241,4.596978187561035,0.0002716729650273919
centered,125.0,-475.0,23050,19246,93009,4240,5.602817535400391,0.00033111622906289995
centered,175.0,-475.0,23050,19112,92254,4205,5.618295669555664,0.0003320309624541551
centered,225.0,-475.0,23050,18958,91638,3970,4.754237651824951,0.00028096672031097114
centered,275.0,-475.0,23050,18806,90760,3698,4.948629856109619,0.00029245493351481855
centered,325.0,-475.0,23050,18642,89597,3404,4.416024208068848,0.0002609789080452174
centered,375.0,-475.0,23050,18486,88809,3111,3.5754940509796143,0.00021130513050593436
centered,425.0,-475.0,23050,18344,87924,2869,2.9804632663726807,0.00017613990348763764
centered,475.0,-475.0,23050,18192,87391,2765,3.0915963649749756,0.00018270766304340214
centered,525.0,-475.0,23050,18041,86276,2602,2.8219172954559326,0.00016677012899890542
centered,575.0,-475.0,23050,17886,85002,2544,2.6746795177459717,0.00015806863666512072
centered,625.0,-475.0,23050,17719,84303,2410,2.7097549438476562,0.00016014154243748635
centered,675.0,-475.0,23050,17545,83511,2228,2.4937071800231934,0.00014737351739313453
centered,725.0,-475.0,23050,17359,82142,2054,2.6718695163726807,0.00015790258476044983
centered,775.0,-475.0,23050,17202,81221,1993,2.7554993629455566,0.00016284495359286666
centered,825.0,-475.0,23050,17042,80495,1917,4.06387996673584,0.00024016783572733402
centered,875.0,-475.0,23050,16842,79067,1737,4.458228588104248,0.0002634731063153595
centered,925.0,-475.0,23050,16670,78183,1690,4.987567901611328,0.0002947560860775411
centered,975.0,-475.0,23050,16478,64190,1387,5.913722038269043,0.000349490117514506
centered,1025.0,-475.0,23050,467,467,7,0.02044154331088066,1.2080575970685459e-06
centered,1075.0,-475.0,23050,0,0,0,0.0,0.0
centered,-1075.0,-425.0,23050,0,0,0,0.0,0.0
centered,-1025.0,-425.0,23050,20334,30792,871,7.226978302001953,0.000427101127570495
centered,-975.0,-425.0,23050,22080,106546,2820,15.373024940490723,0.000908517511561513
centered,-925.0,-425.0,23050,21940,106156,2718,8.187564849853516,0.0004838700406253338
centered,-875.0,-425.0,23050,21817,105138,2627,5.574105262756348,0.000329419388435781
centered,-825.0,-425.0,23050,21698,104977,2560,5.3646745681762695,0.00031704240245744586
centered,-775.0,-425.0,23050,21580,104187,2683,5.193227767944336,0.00030691022402606905
centered,-725.0,-425.0,23050,21471,104010,2639,3.8344008922576904,0.00022660604736302048
centered,-675.0,-425.0,23050,21364,103101,2690,4.579240798950195,0.0002706247032620013
centered,-625.0,-425.0,23050,21237,102545,2967,3.833597183227539,0.0002265585499117151
centered,-575.0,-425.0,23050,21126,102471,3154,3.534691095352173,0.00020889374718535691
centered,-525.0,-425.0,23050,20999,101753,3324,3.5897276401519775,0.0002121463039657101
centered,-475.0,-425.0,23050,20862,100955,3534,3.7349042892456055,0.00022072598221711814
centered,-425.0,-425.0,23050,20723,100224,3817,3.9008843898773193,0.00023053509357850999
centered,-375.0,-425.0,23050,20615,99480,4107,4.05119514465332,0.0002394181938143447
centered,-325.0,-425.0,23050,20498,99007,4387,4.3628764152526855,0.0002578379644546658
centered,-275.0,-425.0,23050,20371,98751,4679,4.885889530181885,0.0002887471055146307
centered,-225.0,-425.0,23050,20225,97781,4795,5.033361911773682,0.0002974624512717128
centered,-175.0,-425.0,23050,20093,97327,5069,5.43500280380249,0.0003211986622773111
centered,-125.0,-425.0,23050,19969,96570,5168,6.226541519165039,0.0003679771616589278
centered,-75.0,-425.0,23050,19825,95982,5294,6.6171040534973145,0.0003910586819984019
centered,-25.0,-425.0,23050,19706,95534,5414,7.264868259429932,0.00042934034718200564
centered,25.0,-425.0,23050,19556,94427,5339,7.86785364151001,0.00046497568837367
centered,75.0,-425.0,23050,19409,93661,5112,8.367348670959473,0.0004944949178025126
centered,125.0,-425.0,23050,19283,92931,5030,7.640854358673096,0.0004515604523476213
centered,175.0,-425.0,23050,19149,91847,4872,6.52429723739624,0.00038557397783733904
centered,225.0,-425.0,23050,18993,91117,4592,6.324098587036133,0.0003737426013685763
centered,275.0,-425.0,23050,18849,90226,4386,6.444545269012451,0.00038086078711785376
centered,325.0,-425.0,23050,18685,89402,4058,5.439623832702637,0.0003214717726223171
centered,375.0,-425.0,23050,18533,88272,3756,4.933030128479004,0.0002915330114774406
centered,425.0,-425.0,23050,18384,87292,3479,4.129961967468262,0.0002440731623210013
centered,475.0,-425.0,23050,18238,86580,3338,4.003605842590332,0.00023660574515815824
centered,525.0,-425.0,23050,18092,86052,3067,3.481471061706543,0.0002057485398836434
centered,575.0,-425.0,23050,17942,85046,2918,3.104961395263672,0.00018349751189816743
centered,625.0,-425.0,23050,17777,83883,2648,2.8807034492492676,0.00017024428234435618
centered,675.0,-425.0,23050,17602,82860,2451,3.04484486579895,0.0001799447345547378
centered,725.0,-425.0,23050,17412,82013,2265,2.6676626205444336,0.00015765395073685795
centered,775.0,-425.0,23050,17244,81002,2106,2.668433427810669,0.00015769951278343797
centered,825.0,-425.0,23050,17089,79971,1985,2.8191909790039062,0.00016660901019349694
centered,875.0,-425.0,23050,16892,78975,1800,3.4246108531951904,0.00020238821161910892
centered,925.0,-425.0,23050,16718,77656,1647,3.7359836101531982,0.00022078976326156408
centered,975.0,-425.0,23050,16535,76878,1661,7.523422718048096,0.00044462046935223043
centered,1025.0,-425.0,23050,14897,22036,476,2.439262866973877,0.00014415595796890557
centered,1075.0,-425.0,23050,0,0,0,0.0,0.0
centered,-1075.0,-375.0,23050,0,0,0,0.0,0.0
centered,-1025.0,-375.0,23050,22212,72361,2043,14.165245056152344,0.0008371399599127471
centered,-975.0,-375.0,23050,22131,106085,2915,12.16811466217041,0.0007191132172010839
centered,-925.0,-375.0,23050,21994,105198,2845,7.7842230796813965,0.00046003327588550746
centered,-875.0,-375.0,23050,21873,104838,2659,5.322383403778076,0.0003145430819131434
centered,-825.0,-375.0,23050,21750,104309,2754,5.165403842926025,0.00030526588670909405
centered,-775.0,-375.0,23050,21638,103995,2899,4.6150593757629395,0.00027274154126644135
centered,-725.0,-375.0,23050,21520,103120,2960,3.9336094856262207,0.00023246908676810563
centered,-675.0,-375.0,23050,21406,102699,3149,4.585418701171875,0.000270989810815081
centered,-625.0,-375.0,23050,21287,102594,3396,4.123022079467773,0.000243663031142205
centered,-575.0,-375.0,23050,21173,101813,3657,3.856401205062866,0.00022790621733292937
centered,-525.0,-375.0,23050,21050,100918,3981,4.106297492980957,0.00024267463595606387
centered,-475.0,-375.0,23050,20914,100350,4347,4.578681468963623,0.0002705916704144329
centered,-425.0,-375.0,23050,20776,99925,4748,4.6673102378845215,0.0002758294576779008
centered,-375.0,-375.0,23050,20667,99453,5035,4.937587261199951,0.0002918023383244872
centered,-325.0,-375.0,23050,20556,98749,5511,5.944502830505371,0.0003513091942295432
centered,-275.0,-375.0,23050,20428,98418,5875,7.234528064727783,0.0004275473183952272
centered,-225.0,-375.0,23050,20289,97280,5930,7.071293354034424,0.0004179004463367164
centered,-175.0,-375.0,23050,20147,96720,6237,7.444385528564453,0.00043994950829073787
centered,-125.0,-375.0,23050,20021,95846,6346,8.997830390930176,0.0005317552131600678
centered,-75.0,-375.0,23050,19876,94884,6355,8.935195922851562,0.0005280536715872586
centered,-25.0,-375.0,23050,19757,94786,6266,9.518584251403809,0.0005625308258458972
centered,25.0,-375.0,23050,19609,93706,6085,13.013404846191406,0.0007690683123655617
centered,75.0,-375.0,23050,19464,92799,5806,9.085867881774902,0.0005369581049308181
centered,125.0,-375.0,23050,19336,92135,5648,8.50152587890625,0.0005024245474487543
centered,175.0,-375.0,23050,19198,91337,5384,8.124974250793457,0.0004801710310857743
centered,225.0,-375.0,23050,19048,90658,5236,9.226593017578125,0.0005452746991068125
centered,275.0,-375.0,23050,18905,89888,4953,7.737218856811523,0.0004572554025799036
centered,325.0,-375.0,23050,18736,89131,4714,7.445703506469727,0.0004400273901410401
centered,375.0,-375.0,23050,18589,88155,4497,7.582266330718994,0.00044809799874201417
centered,425.0,-375.0,23050,18431,87255,4151,5.740640163421631,0.00033926128526218235
centered,475.0,-375.0,23050,18284,86101,3892,5.423602104187012,0.0003205249086022377
centered,525.0,-375.0,23050,18142,85385,3534,4.993060111999512,0.00029508068109862506
centered,575.0,-375.0,23050,17979,84424,3277,4.368490695953369,0.000258169777225703
centered,625.0,-375.0,23050,17817,83730,2956,3.5712859630584717,0.00021105643827468157
centered,675.0,-375.0,23050,17646,82554,2684,3.091398239135742,0.0001826959487516433
centered,725.0,-375.0,23050,17461,81400,2511,2.865729331970215,0.0001693593367235735
centered,775.0,-375.0,23050,17294,80589,2219,2.795865535736084,0.00016523050726391375
centered,825.0,-375.0,23050,17138,79591,2056,2.635972023010254,0.0001557811046950519
centered,875.0,-375.0,23050,16947,78538,1923,3.3993921279907227,0.00020089783356525004
centered,925.0,-375.0,23050,16773,77625,1781,3.51336932182312,0.00020763366774190217
centered,975.0,-375.0,23050,16586,76579,1752,3.977719306945801,0.00023507590231020004
centered,1025.0,-375.0,23050,16422,51455,1118,3.640888214111328,0.00021516979904845357
centered,1075.0,-375.0,23050,0,0,0,0.0,0.0
centered,-1075.0,-325.0,23050,5018,5018,134,1.2950257062911987,7.653363718418404e-05
centered,-1025.0,-325.0,23050,22279,102671,2780,14.281457901000977,0.0008440079400315881
centered,-975.0,-325.0,23050,22168,105538,2889,9.281173706054688,0.0005485003348439932
centered,-925.0,-325.0,23050,22035,104582,2797,7.862321853637695,0.0004646487650461495
centered,-875.0,-325.0,23050,21923,104585,2896,6.062018394470215,0.0003582541539799422
centered,-825.0,-325.0,23050,21805,103703,2913,6.925904750823975,0.00040930823888629675
centered,-775.0,-325.0,23050,21684,103254,3077,5.9926276206970215,0.00035415327874943614
centered,-725.0,-325.0,23050,21571,102790,3261,4.51066780090332,0.00026657216949388385
centered,-675.0,-325.0,23050,21460,102552,3505,4.6495280265808105,0.0002747785474639386
centered,-625.0,-325.0,23050,21339,101749,3904,5.752745151519775,0.00033997665741480887
centered,-575.0,-325.0,23050,21233,101279,4329,4.267611980438232,0.00025220803217962384
centered,-525.0,-325.0,23050,21094,100731,4776,4.8262176513671875,0.00028522059437818825
centered,-475.0,-325.0,23050,20969,100016,5332,5.210173606872559,0.00030791168683208525
centered,-425.0,-325.0,23050,20824,99539,5587,5.543705463409424,0.00032762280898168683
centered,-375.0,-325.0,23050,20713,98715,6085,6.373767375946045,0.0003766779263969511
centered,-325.0,-325.0,23050,20603,98089,6608,7.5209479331970215,0.0004444741935003549
centered,-275.0,-325.0,23050,20475,97682,7032,8.509716033935547,0.0005029086023569107
centered,-225.0,-325.0,23050,20336,96902,7231,9.476364135742188,0.0005600356962531805
centered,-175.0,-325.0,23050,20194,96429,7302,10.90087890625,0.0006442219018936157
centered,-125.0,-325.0,23050,20066,95637,7185,13.644242286682129,0.0008063496206887066
centered,-75.0,-325.0,23050,19923,94763,7116,11.636297225952148,0.0006876837578602135
centered,-25.0,-325.0,23050,19806,94497,6854,11.72447395324707,0.0006928948569111526
centered,25.0,-325.0,23050,19657,93533,6587,11.84443187713623,0.0006999841425567865
centered,75.0,-325.0,23050,19510,92648,6204,12.743762016296387,0.0007531329174526036
centered,125.0,-325.0,23050,19379,91934,6042,11.915384292602539,0.0007041773060336709
centered,175.0,-325.0,23050,19247,91223,5819,11.566492080688477,0.0006835584063082933
centered,225.0,-325.0,23050,19090,90170,5812,11.664892196655273,0.0006893737008795142
centered,275.0,-325.0,23050,18942,89384,5615,10.236732482910156,0.0006049720686860383
centered,325.0,-325.0,23050,18773,88394,5334,8.880017280578613,0.0005247927037999034
centered,375.0,-325.0,23050,18626,87535,5062,7.499032020568848,0.0004431790148373693
centered,425.0,-325.0,23050,18465,86876,4781,6.206564426422119,0.0003667965647764504
centered,475.0,-325.0,23050,18325,85810,4447,5.742180347442627,0.00033935229294002056
centered,525.0,-325.0,23050,18179,85178,4108,5.029385089874268,0.0002972274087369442
centered,575.0,-325.0,23050,18024,83983,3732,4.554425239562988,0.00026915816124528646
centered,625.0,-325.0,23050,17868,83211,3373,4.204474449157715,0.0002484767173882574
centered,675.0,-325.0,23050,17705,82316,2985,3.5849180221557617,0.00021186206140555441
centered,725.0,-325.0,23050,17518,81425,2719,3.385101079940796,0.00020005325495731086
centered,775.0,-325.0,23050,17349,80138,2431,3.3052420616149902,0.00019533373415470123
centered,825.0,-325.0,23050,17191,79228,2121,2.674197196960449,0.00015804014401510358
centered,875.0,-325.0,23050,17010,78158,1958,2.886404514312744,0.00017058120283763856
centered,925.0,-325.0,23050,16808,77101,1887,2.926281452178955,0.0001729378564050421
centered,975.0,-325.0,23050,16626,76195,1747,3.867452621459961,0.00022855933639220893
centered,1025.0,-325.0,23050,16461,73150,1644,4.938632965087891,0.00029186412575654685
centered,1075.0,-325.0,23050,3522,3523,74,0.2115473747253418,1.2502060599217657e-05
centered,-1075.0,-275.0,23050,19717,31750,909,6.575173854827881,0.0003885806945618242
centered,-1025.0,-275.0,23050,22319,105421,2952,10.431500434875488,0.0006164825172163546
centered,-975.0,-275.0,23050,22192,104324,2901,7.856000900268555,0.0004642752173822373
centered,-925.0,-275.0,23050,22068,104453,2988,8.3356294631958,0.0004926203982904553
centered,-875.0,-275.0,23050,21952,103686,3057,5.847716331481934,0.00034558927291072905
centered,-825.0,-275.0,23050,21836,103333,3099,5.426631450653076,0.00032070395536720753
centered,-775.0,-275.0,23050,21724,102794,3354,5.431905746459961,0.00032101565739139915
centered,-725.0,-275.0,23050,21613,102456,3743,4.91262149810791,0.00029032689053565264
centered,-675.0,-275.0,23050,21513,102059,4055,5.058535099029541,0.0002989501226693392
centered,-625.0,-275.0,23050,21394,101462,4462,5.309264183044434,0.000313767755869776
centered,-575.0,-275.0,23050,21277,100622,5055,7.080615997314453,0.0004184513818472624
centered,-525.0,-275.0,23050,21136,100060,5694,6.2050676345825195,0.0003667080891318619
centered,-475.0,-275.0,23050,21013,99609,6329,7.676371097564697,0.00045365942060016096
centered,-425.0,-275.0,23050,20880,98938,6830,8.37169361114502,0.0004947517300024629
centered,-375.0,-275.0,23050,20772,98407,7370,8.462874412536621,0.0005001403042115271
centered,-325.0,-275.0,23050,20658,98161,7875,9.565156936645508,0.0005652831750921905
centered,-275.0,-275.0,23050,20524,97182,8064,10.77682113647461,0.000636890297755599
centered,-225.0,-275.0,23050,20388,96446,8329,14.591919898986816,0.000862355635035783
centered,-175.0,-275.0,23050,20243,95796,8229,13.331162452697754,0.0007878472097218037
centered,-125.0,-275.0,23050,20114,95126,7790,13.98836898803711,0.0008266869117505848
centered,-75.0,-275.0,23050,19973,93974,7223,13.179845809936523,0.0007789046503603458
centered,-25.0,-275.0,23050,19853,93745,6809,13.969429969787598,0.0008255676366388798
centered,25.0,-275.0,23050,19701,92765,6439,13.669072151184082,0.0008078170358203351
centered,75.0,-275.0,23050,19557,91866,6116,14.530760765075684,0.0008587412303313613
centered,125.0,-275.0,23050,19427,91334,6109,14.069360733032227,0.0008314733859151602
centered,175.0,-275.0,23050,19292,90740,6103,13.609306335449219,0.000804284994956106
centered,225.0,-275.0,23050,19138,89887,6255,14.14570140838623,0.0008359849452972412
centered,275.0,-275.0,23050,18991,88965,6311,12.375483512878418,0.0007313683163374662
centered,325.0,-275.0,23050,18823,88196,6147,11.054790496826172,0.0006533177802339196
centered,375.0,-275.0,23050,18677,87141,5719,9.616679191589355,0.0005683280760422349
centered,425.0,-275.0,23050,18511,86226,5379,8.159975051879883,0.00048223952762782574
centered,475.0,-275.0,23050,18366,85522,5087,7.717564582824707,0.00045609386870637536
centered,525.0,-275.0,23050,18224,84394,4681,6.222805023193359,0.00036775635089725256
centered,575.0,-275.0,23050,18072,83905,4281,5.790543079376221,0.00034221046371385455
centered,625.0,-275.0,23050,17913,82795,3807,5.026523113250732,0.0002970582863781601
centered,675.0,-275.0,23050,17747,81936,3398,3.6389100551605225,0.00021505288896150887
centered,725.0,-275.0,23050,17565,80816,2972,3.262331962585449,0.00019279783009551466
centered,775.0,-275.0,23050,17395,80018,2607,2.8781158924102783,0.00017009135626722127
centered,825.0,-275.0,23050,17230,78973,2263,2.8535358905792236,0.00016863872588146478
centered,875.0,-275.0,23050,17056,77745,1984,2.6870710849761963,0.00015880096179898828
centered,925.0,-275.0,23050,16852,76888,1938,3.776601552963257,0.0002231902035418898
centered,975.0,-275.0,23050,16671,75558,1817,3.9947853088378906,0.00023608446645084769
centered,1025.0,-275.0,23050,16501,74843,1697,5.0153656005859375,0.0002963988808915019
centered,1075.0,-275.0,23050,14191,22297,483,3.1857659816741943,0.00018827291205525398
centered,-1075.0,-225.0,23050,22432,56126,1622,9.342000961303711,0.0005520950653590262
centered,-1025.0,-225.0,23050,22375,104363,2942,10.991515159606934,0.0006495783454738557
centered,-975.0,-225.0,23050,22245,104140,3024,7.397912979125977,0.0004372030671220273
centered,-925.0,-225.0,23050,22104,103747,3184,6.8939208984375,0.0004074180615134537
centered,-875.0,-225.0,23050,21984,103244,3231,6.505500316619873,0.000384463113732636
centered,-825.0,-225.0,23050,21861,102720,3479,6.044775009155273,0.00035723508335649967
centered,-775.0,-225.0,23050,21758,102214,3693,6.381504058837891,0.00037713514757342637
centered,-725.0,-225.0,23050,21651,102039,4102,5.564304351806641,0.0003288401640020311
centered,-675.0,-225.0,23050,21537,101302,4697,5.685807704925537,0.00033602077746763825
centered,-625.0,-225.0,23050,21419,100469,5286,6.380188941955566,0.0003770574403461069
centered,-575.0,-225.0,23050,21316,100176,5896,6.60978364944458,0.00039062605355866253
centered,-525.0,-225.0,23050,21171,99848,6689,8.686625480651855,0.0005133635713718832
centered,-475.0,-225.0,23050,21060,99178,7477,9.867199897766113,0.0005831333692185581
centered,-425.0,-225.0,23050,20931,98520,8083,10.759542465209961,0.0006358691607601941
centered,-375.0,-225.0,23050,20821,97973,8660,11.390071868896484,0.000673132308293134
centered,-325.0,-225.0,23050,20701,97327,9057,12.26942253112793,0.0007251003407873213
centered,-275.0,-225.0,23050,20568,96455,9130,14.497934341430664,0.0008568012854084373
centered,-225.0,-225.0,23050,20427,95870,9161,15.626910209655762,0.0009235217003151774
centered,-175.0,-225.0,23050,20289,95294,8553,16.051671981811523,0.0009486243361607194
centered,-125.0,-225.0,23050,20157,94439,7614,13.434185981750488,0.0007939356728456914
centered,-75.0,-225.0,23050,20018,93594,6701,14.45432186126709,0.0008542238501831889
centered,-25.0,-225.0,23050,19894,93237,5977,13.827635765075684,0.0008171878871507943
centered,25.0,-225.0,23050,19743,92217,5481,12.737735748291016,0.0007527767447754741
centered,75.0,-225.0,23050,19601,91467,5384,13.918456077575684,0.0008225551573559642
centered,125.0,-225.0,23050,19470,90650,5629,16.55452537536621,0.0009783420246094465
centered,175.0,-225.0,23050,19337,90115,6073,15.728880882263184,0.0009295479394495487
centered,225.0,-225.0,23050,19179,89339,6537,17.667438507080078,0.0010441131889820099
centered,275.0,-225.0,23050,19031,88469,6857,14.875123023986816,0.0008790924330241978
centered,325.0,-225.0,23050,18876,87636,6753,14.119429588317871,0.0008344323141500354
centered,375.0,-225.0,23050,18720,86783,6604,14.839469909667969,0.0008769853739067912
centered,425.0,-225.0,23050,18555,85847,6010,10.938161849975586,0.0006464252364821732
centered,475.0,-225.0,23050,18412,85187,5676,9.011382102966309,0.0005325560923665762
centered,525.0,-225.0,23050,18266,84322,5263,7.763160705566406,0.0004587885341607034
centered,575.0,-225.0,23050,18103,83336,4698,6.309088230133057,0.00037285551661625504
centered,625.0,-225.0,23050,17950,82273,4226,5.09130334854126,0.0003008866624440998
centered,675.0,-225.0,23050,17777,81467,3715,4.297494411468506,0.000253974023507908
centered,725.0,-225.0,23050,17608,80544,3255,4.595440864562988,0.000271582102868706
centered,775.0,-225.0,23050,17432,79612,2834,3.636094808578491,0.00021488651691470295
centered,825.0,-225.0,23050,17271,78559,2498,3.1436169147491455,0.0001857819879660383
centered,875.0,-225.0,23050,17094,77558,2186,3.12180757522583,0.00018449309573043138
centered,925.0,-225.0,23050,16894,76408,1965,4.243350028991699,0.00025077417376451194
centered,975.0,-225.0,23050,16718,75499,1829,3.9733633995056152,0.00023481847892981023
centered,1025.0,-225.0,23050,16539,74303,1770,4.4948410987854,0.0002656368596944958
centered,1075.0,-225.0,23050,16390,39279,902,3.326420307159424,0.00019658532983157784
centered,-1075.0,-175.0,23050,22497,74915,2210,11.605123519897461,0.0006858414853923023
centered,-1025.0,-175.0,23050,22416,104339,3082,10.452032089233398,0.0006176959141157568
centered,-975.0,-175.0,23050,22286,104010,3229,8.259851455688477,0.00048814204637892544
centered,-925.0,-175.0,23050,22157,103064,3340,7.038335800170898,0.00041595270158722997
centered,-875.0,-175.0,23050,22034,102909,3520,8.440184593200684,0.0004987993743270636
centered,-825.0,-175.0,23050,21912,102175,3854,6.142064571380615,0.00036298471968621016
centered,-775.0,-175.0,23050,21794,101816,4077,5.1929802894592285,0.0003068955847993493
centered,-725.0,-175.0,23050,21685,101162,4687,6.928511619567871,0.0004094623145647347
centered,-675.0,-175.0,23050,21572,100440,5375,7.291332244873047,0.0004309043288230896
centered,-625.0,-175.0,23050,21449,100314,6209,7.2587151527404785,0.0004289767239242792
centered,-575.0,-175.0,23050,21352,99988,6888,8.244793891906738,0.00048725216765888035
centered,-525.0,-175.0,23050,21202,99239,7762,9.921895980834961,0.0005863658152520657
centered,-475.0,-175.0,23050,21085,98433,8584,12.142640113830566,0.000717607734259218
centered,-425.0,-175.0,23050,20956,97712,9370,12.906841278076172,0.00076277059270069
centered,-375.0,-175.0,23050,20839,97069,9965,15.815888404846191,0.0009346899460069835
centered,-325.0,-175.0,23050,20724,97014,10282,15.254721641540527,0.0009015260147862136
centered,-275.0,-175.0,23050,20597,96067,10264,17.31348419189453,0.001023195101879537
centered,-225.0,-175.0,23050,20466,95592,9727,18.208805084228516,0.0010761069133877754
centered,-175.0,-175.0,23050,20320,94823,8536,17.073938369750977,0.0010090384166687727
centered,-125.0,-175.0,23050,20191,94392,6988,14.960268020629883,0.0008841243688948452
centered,-75.0,-175.0,23050,20054,93607,5585,13.77802848815918,0.0008142561418935657
centered,-25.0,-175.0,23050,19933,93253,4527,11.594316482543945,0.0006852027727290988
centered,25.0,-175.0,23050,19782,92101,4114,11.648362159729004,0.0006883968017064035
centered,75.0,-175.0,23050,19637,91505,4318,13.995597839355469,0.0008271140977740288
centered,125.0,-175.0,23050,19505,90707,4890,14.587143898010254,0.0008620733860880136
centered,175.0,-175.0,23050,19368,89938,5690,17.771085739135742,0.0010502384975552559
centered,225.0,-175.0,23050,19217,88771,6576,17.647768020629883,0.0010429506655782461
centered,275.0,-175.0,23050,19064,88107,7344,18.354236602783203,0.0010847016237676144
centered,325.0,-175.0,23050,18904,86962,7376,16.006092071533203,0.000945930602028966
centered,375.0,-175.0,23050,18744,86411,7242,15.501203536987305,0.0009160926565527916
centered,425.0,-175.0,23050,18584,85388,6774,13.278237342834473,0.0007847194210626185
centered,475.0,-175.0,23050,18448,84486,6284,10.720002174377441,0.0006335324142128229
centered,525.0,-175.0,23050,18301,83786,5696,8.648040771484375,0.0005110832862555981
centered,575.0,-175.0,23050,18135,82958,5151,6.679080486297607,0.00039472136995755136
centered,625.0,-175.0,23050,17987,82244,4564,5.888219833374023,0.00034798297565430403
centered,675.0,-175.0,23050,17822,80850,4071,5.071408271789551,0.0002997108967974782
centered,725.0,-175.0,23050,17639,80136,3527,4.405087947845459,0.0002603325992822647
centered,775.0,-175.0,23050,17465,79134,2982,3.67120361328125,0.0002169613871956244
centered,825.0,-175.0,23050,17306,78319,2643,3.2467756271362305,0.0001918784691952169
centered,875.0,-175.0,23050,17140,77298,2351,3.59798264503479,0.0002126341569237411
centered,925.0,-175.0,23050,16955,76190,2080,4.0242791175842285,0.00023782749485690147
centered,975.0,-175.0,23050,16761,75152,1834,3.4376676082611084,0.0002031598414760083
centered,1025.0,-175.0,23050,16584,74147,1730,3.72043514251709,0.00021987088257446885
centered,1075.0,-175.0,23050,16428,52372,1175,3.513385534286499,0.00020763462816830724
centered,-1075.0,-125.0,23050,22577,89316,2765,14.187457084655762,0.0008384526590816677
centered,-1025.0,-125.0,23050,22472,104039,3327,11.678534507751465,0.0006901799351908267
centered,-975.0,-125.0,23050,22329,103229,3363,9.096766471862793,0.0005376021726988256
centered,-925.0,-125.0,23050,22200,102936,3527,6.917349815368652,0.00040880264714360237
centered,-875.0,-125.0,23050,22072,102237,3810,7.115723133087158,0.00042052616481669247
centered,-825.0,-125.0,23050,21957,101796,4200,7.240209579467773,0.00042788308928720653
centered,-775.0,-125.0,23050,21840,101326,4702,6.569497585296631,0.0003882452438119799
centered,-725.0,-125.0,23050,21732,100509,5363,7.0362548828125,0.00041582973790355027
centered,-675.0,-125.0,23050,21613,100447,6134,7.642706871032715,0.00045166994095779955
centered,-625.0,-125.0,23050,21491,99727,6910,7.867838382720947,0.0004649747861549258
centered,-575.0,-125.0,23050,21369,99117,7839,9.03034782409668,0.0005336769390851259
centered,-525.0,-125.0,23050,21235,98268,8845,11.768402099609375,0.0006954909185878932
centered,-475.0,-125.0,23050,21098,97724,9742,13.483598709106445,0.0007968558929860592
centered,-425.0,-125.0,23050,20978,97284,10646,14.798009872436523,0.0008745351806282997
centered,-375.0,-125.0,23050,20864,96877,11350,17.900020599365234,0.001057858346030116
centered,-325.0,-125.0,23050,20748,96698,11516,19.494739532470703,0.0011521033011376858
centered,-275.0,-125.0,23050,20620,95455,11071,19.218725204467773,0.0011357913026586175
centered,-225.0,-125.0,23050,20490,95127,10040,19.930442810058594,0.0011778525076806545
centered,-175.0,-125.0,23050,20341,93953,8093,17.380319595336914,0.0010271449573338032
centered,-125.0,-125.0,23050,20219,93379,6052,15.220248222351074,0.0008994886884465814
centered,-75.0,-125.0,23050,20082,92741,4412,12.789920806884766,0.0007558608194813132
centered,-25.0,-125.0,23050,19958,92335,3519,10.172243118286133,0.0006011608638800681
centered,25.0,-125.0,23050,19808,91234,3134,9.58956527709961,0.000566725677344948
centered,75.0,-125.0,23050,19667,90677,3480,12.166790962219238,0.0007190349861048162
centered,125.0,-125.0,23050,19533,89765,4305,15.78518009185791,0.0009328751475550234
centered,175.0,-125.0,23050,19397,89154,5450,15.614794731140137,0.0009228056878782809
centered,225.0,-125.0,23050,19241,88269,6616,17.18162727355957,0.0010154026094824076
centered,275.0,-125.0,23050,19091,87482,7632,19.756343841552734,0.0011675636051222682
centered,325.0,-125.0,23050,18930,86937,8029,18.29157829284668,0.0010809986852109432
centered,375.0,-125.0,23050,18773,86011,8043,16.416767120361328,0.0009702007519081235
centered,425.0,-125.0,23050,18622,85107,7490,13.308499336242676,0.0007865078514441848
centered,475.0,-125.0,23050,18477,84104,6955,12.626172065734863,0.0007461835630238056
centered,525.0,-125.0,23050,18336,83116,6190,9.079071998596191,0.0005365564720705152
centered,575.0,-125.0,23050,18170,82425,5370,6.7207231521606445,0.00039718238986097276
centered,625.0,-125.0,23050,18021,81682,4760,6.684082984924316,0.00039501700666733086
centered,675.0,-125.0,23050,17862,80941,4249,5.578900337219238,0.00032970274332910776
centered,725.0,-125.0,23050,17686,79537,3624,4.704754829406738,0.00027804236742667854
centered,775.0,-125.0,23050,17506,78731,3223,4.008630275726318,0.00023690267698839307
centered,825.0,-125.0,23050,17346,77881,2795,4.02032995223999,0.00023759411124046892
centered,875.0,-125.0,23050,17185,76877,2487,3.597280502319336,0.00021259266941342503
centered,925.0,-125.0,23050,16993,75945,2206,3.0915002822875977,0.00018270198779646307
centered,975.0,-125.0,23050,16797,74839,1931,3.235481023788452,0.00019121098739560694
centered,1025.0,-125.0,23050,16635,73922,1715,3.7380950450897217,0.00022091454593464732
centered,1075.0,-125.0,23050,16468,62460,1407,5.578681468963623,0.00032968982122838497
centered,-1075.0,-75.0,23050,22642,98640,3199,19.911540985107422,0.001176735502667725
centered,-1025.0,-75.0,23050,22505,103654,3515,10.7923002243042,0.0006378050893545151
centered,-975.0,-75.0,23050,22374,102861,3618,8.734039306640625,0.0005161656881682575
centered,-925.0,-75.0,23050,22255,102370,3840,7.359803676605225,0.00043495086720213294
centered,-875.0,-75.0,23050,22137,101788,4240,8.285163879394531,0.0004896379541605711
centered,-825.0,-75.0,23050,22009,101228,4608,8.091747283935547,0.0004782073956448585
centered,-775.0,-75.0,23050,21886,100734,5204,7.59795618057251,0.0004490252467803657
centered,-725.0,-75.0,23050,21771,100375,5942,7.7467145919799805,0.00045781658263877034
centered,-675.0,-75.0,23050,21644,99685,6905,8.694778442382812,0.0005138454143889248
centered,-625.0,-75.0,23050,21534,99327,7700,10.824593544006348,0.0006397136021405458
centered,-575.0,-75.0,23050,21410,98554,8903,12.211881637573242,0.0007216997328214347
centered,-525.0,-75.0,23050,21269,98157,9862,13.839208602905273,0.0008178717689588666
centered,-475.0,-75.0,23050,21141,97356,11037,16.136398315429688,0.0009536314755678177
centered,-425.0,-75.0,23050,21013,96933,12085,19.43423080444336,0.0011485273716971278
centered,-375.0,-75.0,23050,20903,96357,12706,19.9937801361084,0.001181595609523356
centered,-325.0,-75.0,23050,20780,95330,12605,23.48965835571289,0.0013881956692785025
centered,-275.0,-75.0,23050,20650,95021,11833,25.27153205871582,0.0014935011276975274
centered,-225.0,-75.0,23050,20516,94530,10311,21.728410720825195,0.0012841091956943274
centered,-175.0,-75.0,23050,20374,93651,8074,21.31122589111328,0.0012594542931765318
centered,-125.0,-75.0,23050,20249,93043,5612,15.302345275878906,0.0009043404716067016
centered,-75.0,-75.0,23050,20112,92434,3735,12.046796798706055,0.0007119435467757285
centered,-25.0,-75.0,23050,19994,91930,2996,10.17970085144043,0.0006016016122885048
centered,25.0,-75.0,23050,19844,90827,2792,10.79517650604248,0.0006379751139320433
centered,75.0,-75.0,23050,19697,90424,3294,10.429576873779297,0.0006163688376545906
centered,125.0,-75.0,23050,19562,89476,4351,11.571473121643066,0.0006838528206571937
centered,175.0,-75.0,23050,19428,88884,5791,18.919198989868164,0.0011180898873135448
centered,225.0,-75.0,23050,19274,87824,7148,20.540573120117188,0.0012139101745560765
centered,275.0,-75.0,23050,19124,86979,8145,25.03419303894043,0.0014794748276472092
centered,325.0,-75.0,23050,18968,86267,8659,20.900720596313477,0.0012351941550150514
centered,375.0,-75.0,23050,18817,85330,8513,18.36643409729004,0.0010854224674403667
centered,425.0,-75.0,23050,18658,84729,8152,16.369186401367188,0.0009673888562247157
centered,475.0,-75.0,23050,18521,83698,7528,14.4500732421875,0.0008539727423340082
centered,525.0,-75.0,23050,18357,83249,6729,9.957874298095703,0.0005884920828975737
centered,575.0,-75.0,23050,18208,81920,5882,8.33554458618164,0.0004926153924316168
centered,625.0,-75.0,23050,18060,81116,5056,7.000171184539795,0.0004136972420383245
centered,675.0,-75.0,23050,17893,80373,4352,5.136075973510742,0.00030353263719007373
centered,725.0,-75.0,23050,17718,79490,3776,4.257010459899902,0.0002515814849175513
centered,775.0,-75.0,23050,17541,78367,3285,4.240880012512207,0.0002506282180547714
centered,825.0,-75.0,23050,17389,77322,2884,3.874014377593994,0.00022894713038112968
centered,875.0,-75.0,23050,17231,76551,2495,3.3256032466888428,0.00019653704657685012
centered,925.0,-75.0,23050,17036,75428,2222,3.829972743988037,0.00022634434571955353
centered,975.0,-75.0,23050,16842,74570,1979,3.657010316848755,0.0002161225856980309
centered,1025.0,-75.0,23050,16670,73736,1795,4.3962082862854,0.00025980782811529934
centered,1075.0,-75.0,23050,16513,69175,1524,5.605536460876465,0.0003312769113108516
centered,-1075.0,-25.0,23050,22681,102962,3575,20.75650405883789,0.0012266712728887796
centered,-1025.0,-25.0,23050,22556,102929,3650,12.36172103881836,0.0007305549806915224
centered,-975.0,-25.0,23050,22430,102459,3830,9.14932918548584,0.0005407085409387946
centered,-925.0,-25.0,23050,22301,101854,4050,9.564224243164062,0.0005652280524373055
centered,-875.0,-25.0,23050,22175,101440,4421,8.210548400878906,0.00048522831639274955
centered,-825.0,-25.0,23050,22055,100898,5091,8.614556312561035,0.0005091044586151838
centered,-775.0,-25.0,23050,21945,100475,5795,7.611368179321289,0.0004498178604990244
centered,-725.0,-25.0,23050,21825,99950,6639,9.39856243133545,0.0005554377567023039
centered,-675.0,-25.0,23050,21700,99412,7458,9.309246063232422,0.0005501593113876879
centered,-625.0,-25.0,23050,21579,98785,8541,10.65841007232666,0.0006298924563452601
centered,-575.0,-25.0,23050,21448,98123,9725,13.566003799438477,0.0008017258951440454
centered,-525.0,-25.0,23050,21301,97505,11024,15.254149436950684,0.0009014921961352229
centered,-475.0,-25.0,23050,21169,96740,12297,18.51621437072754,0.0010942742228507996
centered,-425.0,-25.0,23050,21042,96458,13346,23.702804565429688,0.0014007921563461423
centered,-375.0,-25.0,23050,20932,95915,13966,25.374454498291016,0.001499583595432341
centered,-325.0,-25.0,23050,20810,95132,13630,26.210041046142578,0.0015489652287214994
centered,-275.0,-25.0,23050,20682,94598,12698,26.97100830078125,0.0015939370496198535
centered,-225.0,-25.0,23050,20544,93894,11018,25.68012237548828,0.0015176479937508702
centered,-175.0,-25.0,23050,20409,93067,8348,21.659353256225586,0.0012800280237570405
centered,-125.0,-25.0,23050,20285,92608,5629,15.818352699279785,0.000934835581574589
centered,-75.0,-25.0,23050,20146,91861,3953,11.31892204284668,0.0006689275032840669
centered,-25.0,-25.0,23050,20027,91174,3169,8.426109313964844,0.0004979675868526101
centered,25.0,-25.0,23050,19879,90171,3236,8.382397651672363,0.0004953842726536095
centered,75.0,-25.0,23050,19733,89746,4045,12.25280475616455,0.0007241182611323893
centered,125.0,-25.0,23050,19600,89124,5214,11.762519836425781,0.000695143302436918
centered,175.0,-25.0,23050,19463,88142,6765,18.99860382080078,0.0011227825889363885
centered,225.0,-25.0,23050,19309,87635,8142,22.844980239868164,0.0013500963104888797
centered,275.0,-25.0,23050,19159,86743,8977,25.215831756591797,0.001490209368057549
centered,325.0,-25.0,23050,19000,85773,9351,24.54254150390625,0.00145041907671839
centered,375.0,-25.0,23050,18844,84892,9205,20.038198471069336,0.0011842206586152315
centered,425.0,-25.0,23050,18687,84087,8623,19.56479263305664,0.0011562432628124952
centered,475.0,-25.0,23050,18543,83331,7985,15.256284713745117,0.0009016183903440833
centered,525.0,-25.0,23050,18384,82401,7183,12.511444091796875,0.0007394033600576222
centered,575.0,-25.0,23050,18237,81677,6296,9.766447067260742,0.0005771790747530758
centered,625.0,-25.0,23050,18088,80628,5510,7.845125198364258,0.0004636324883904308
centered,675.0,-25.0,23050,17934,80021,4668,5.851566314697266,0.0003458168066572398
centered,725.0,-25.0,23050,17765,79045,3850,4.464723587036133,0.00026385695673525333
centered,775.0,-25.0,23050,17590,78058,3368,4.037388324737549,0.0002386022242717445
centered,825.0,-25.0,23050,17430,77285,2987,3.3224596977233887,0.00019635126227512956
centered,875.0,-25.0,23050,17256,76083,2614,3.3557629585266113,0.0001983194233616814
centered,925.0,-25.0,23050,17077,75272,2225,2.9360032081604004,0.0001735123951220885
centered,975.0,-25.0,23050,16890,73964,1994,3.8215506076812744,0.00022584661201108247
centered,1025.0,-25.0,23050,16720,73237,1755,3.837076425552368,0.00022676416847389191
centered,1075.0,-25.0,23050,16546,72094,1611,4.73154354095459,0.0002796255284920335
centered,-1075.0,25.0,23050,22706,102054,3688,20.048337936401367,0.0011848199646919966
centered,-1025.0,25.0,23050,22575,102285,3793,13.766403198242188,0.000813569116871804
centered,-975.0,25.0,23050,22450,101882,4095,9.912036895751953,0.0005857831565663218
centered,-925.0,25.0,23050,22329,101720,4370,9.378521919250488,0.0005542534054256976
centered,-875.0,25.0,23050,22217,100905,4767,9.261157989501953,0.0005473174387589097
centered,-825.0,25.0,23050,22104,100547,5540,8.200052261352539,0.0004846080264542252
centered,-775.0,25.0,23050,21987,99963,6225,9.736349105834961,0.0005754003650508821
centered,-725.0,25.0,23050,21858,99601,7233,10.347271919250488,0.0006115047726780176
centered,-675.0,25.0,23050,21736,98891,8160,10.821654319763184,0.0006395398522727191
centered,-625.0,25.0,23050,21615,98041,9455,13.277904510498047,0.0007846997468732297
centered,-575.0,25.0,23050,21499,97666,10590,14.812261581420898,0.0008753774454817176
centered,-525.0,25.0,23050,21349,97091,12077,17.716081619262695,0.0010469878325238824
centered,-475.0,25.0,23050,21211,96634,13297,20.735591888427734,0.001225435407832265
centered,-425.0,25.0,23050,21096,95899,14228,23.033510208129883,0.0013612380716949701
centered,-375.0,25.0,23050,20959,95227,14782,25.304994583129883,0.0014954786747694016
centered,-325.0,25.0,23050,20841,94324,14669,28.077611923217773,0.0016593352193012834
centered,-275.0,25.0,23050,20709,93770,13739,28.05887222290039,0.0016582277603447437
centered,-225.0,25.0,23050,20572,93427,11971,27.902206420898438,0.0016489691333845258
centered,-175.0,25.0,23050,20435,92417,9336,23.935001373291016,0.0014145146124064922
centered,-125.0,25.0,23050,20302,91865,6911,17.330280303955078,0.0010241876589134336
centered,-75.0,25.0,23050,20167,91180,5187,12.592259407043457,0.000744179415050894
centered,-25.0,25.0,23050,20045,90536,4437,10.39928913116455,0.0006145788938738406
centered,25.0,25.0,23050,19898,89523,4625,10.377687454223633,0.0006133022834546864
centered,75.0,25.0,23050,19753,89071,5600,11.776358604431152,0.0006959611200727522
centered,125.0,25.0,23050,19619,88304,6883,16.880693435668945,0.0009976179571822286
centered,175.0,25.0,23050,19487,87618,8305,23.20145034790039,0.0013711630599573255
centered,225.0,25.0,23050,19334,86881,9303,26.325836181640625,0.001555808586999774
centered,275.0,25.0,23050,19183,86175,10022,27.756526947021484,0.0016403597546741366
centered,325.0,25.0,23050,19031,85342,10217,25.022518157958984,0.001478784834034741
centered,375.0,25.0,23050,18883,84331,9809,20.887859344482422,0.0012344340793788433
centered,425.0,25.0,23050,18726,83535,9077,15.991347312927246,0.0009450592333450913
centered,475.0,25.0,23050,18579,83004,8411,13.445250511169434,0.0007945895777083933
centered,525.0,25.0,23050,18429,82146,7336,11.876091003417969,0.000701855169609189
centered,575.0,25.0,23050,18277,81295,6415,8.956653594970703,0.0005293217836879194
centered,625.0,25.0,23050,18122,80410,5681,7.186285018920898,0.00042469624895602465
centered,675.0,25.0,23050,17964,79301,4853,5.93648624420166,0.00035083541297353804
centered,725.0,25.0,23050,17797,78863,4097,5.169136047363281,0.0003054864355362952
centered,775.0,25.0,23050,17632,77767,3493,4.199382305145264,0.00024817578378133476
centered,825.0,25.0,23050,17469,76827,3103,3.629596471786499,0.00021450247731991112
centered,875.0,25.0,23050,17299,75940,2686,3.4146242141723633,0.0002017980150412768
centered,925.0,25.0,23050,17120,74873,2371,3.127815008163452,0.00018484811880625784
centered,975.0,25.0,23050,16927,74027,2000,3.9043712615966797,0.0002307411632500589
centered,1025.0,25.0,23050,16747,72660,1789,3.5363035202026367,0.00020898903312627226
centered,1075.0,25.0,23050,16583,71295,1664,4.542758464813232,0.000268468662397936
centered,-1075.0,75.0,23050,22710,96599,3627,16.167898178100586,0.0009554930729791522
centered,-1025.0,75.0,23050,22584,101904,3999,13.06008529663086,0.0007718270644545555
centered,-975.0,75.0,23050,22472,101596,4271,9.777986526489258,0.000577861035708338
centered,-925.0,75.0,23050,22350,100715,4588,9.12082576751709,0.0005390240112319589
centered,-875.0,75.0,23050,22238,100496,5141,8.750736236572266,0.0005171524244360626
centered,-825.0,75.0,23050,22127,100002,5757,9.899497985839844,0.0005850421148352325
centered,-775.0,75.0,23050,22014,99704,6687,8.979970932006836,0.0005306997918523848
centered,-725.0,75.0,23050,21894,98689,7685,10.425722122192383,0.0006161410128697753
centered,-675.0,75.0,23050,21766,98155,8681,13.601385116577148,0.0008038168889470398
centered,-625.0,75.0,23050,21654,97967,10114,14.176533699035645,0.0008378070779144764
centered,-575.0,75.0,23050,21525,97371,11358,16.94271469116211,0.0010012832935899496
centered,-525.0,75.0,23050,21376,96569,12935,19.4325008392334,0.001148425042629242
centered,-475.0,75.0,23050,21236,95897,14169,22.164548873901367,0.0013098841300234199
centered,-425.0,75.0,23050,21124,95278,15211,26.446853637695312,0.00156296044588089
centered,-375.0,75.0,23050,20989,94588,15738,29.546995162963867,0.0017461731331422925
centered,-325.0,75.0,23050,20873,94072,15784,29.2142391204834,0.0017265077913179994
centered,-275.0,75.0,23050,20738,93564,14957,34.500972747802734,0.00203894404694438
centered,-225.0,75.0,23050,20607,92868,13058,30.313552856445312,0.0017914752243086696
centered,-175.0,75.0,23050,20472,92089,10994,24.854415893554688,0.0014688502997159958
centered,-125.0,75.0,23050,20339,91985,9036,20.204648971557617,0.0011940576368942857
centered,-75.0,75.0,23050,20205,91059,7540,15.917021751403809,0.0009406667086295784
centered,-25.0,75.0,23050,20083,90524,6715,15.704520225524902,0.0009281082893721759
centered,25.0,75.0,23050,19935,89464,6942,15.510876655578613,0.0009166643139906228
centered,75.0,75.0,23050,19790,88991,8044,19.35603141784668,0.0011439059162512422
centered,125.0,75.0,23050,19658,88538,9208,25.084583282470703,0.0014824527315795422
centered,175.0,75.0,23050,19527,87368,10256,27.625852584838867,0.0016326371114701033
centered,225.0,75.0,23050,19373,86497,10571,28.101118087768555,0.0016607244033366442
centered,275.0,75.0,23050,19218,85734,10986,26.662221908569336,0.0015756883658468723
centered,325.0,75.0,23050,19065,84804,11022,24.70665740966797,0.0014601179864257574
centered,375.0,75.0,23050,18915,84032,10422,21.2596435546875,0.0012564058415591717
centered,425.0,75.0,23050,18758,83246,9631,17.57027816772461,0.0010383711196482182
centered,475.0,75.0,23050,18605,82314,8702,13.798531532287598,0.0008154678507708013
centered,525.0,75.0,23050,18452,81530,7597,13.841285705566406,0.0008179945289157331
centered,575.0,75.0,23050,18307,80996,6595,8.850317001342773,0.0005230374517850578
centered,625.0,75.0,23050,18161,80275,5661,6.995100498199463,0.00041339758899994195
centered,675.0,75.0,23050,17999,78899,4939,6.398889064788818,0.00037816257099621
centered,725.0,75.0,23050,17835,78170,4257,5.337629318237305,0.00031544407829642296
centered,775.0,75.0,23050,17672,77591,3772,4.472787380218506,0.0002643335028551519
centered,825.0,75.0,23050,17496,76464,3147,4.005082130432129,0.00023669299844186753
centered,875.0,75.0,23050,17335,75716,2746,3.6739590167999268,0.00021712422312702984
centered,925.0,75.0,23050,17157,74580,2440,4.304494857788086,0.00025438773445785046
centered,975.0,75.0,23050,16968,73679,2149,4.271761894226074,0.00025245329015888274
centered,1025.0,75.0,23050,16773,72751,1935,3.7632274627685547,0.00022239983081817627
centered,1075.0,75.0,23050,16624,67676,1685,4.432703971862793,0.00026196465478278697
centered,-1075.0,125.0,23050,22717,86945,3436,16.149599075317383,0.0009544116328470409
centered,-1025.0,125.0,23050,22603,101490,4267,13.907727241516113,0.0008219211013056338
centered,-975.0,125.0,23050,22489,100720,4491,11.12756061553955,0.0006576183950528502
centered,-925.0,125.0,23050,22378,100349,4897,11.557497024536133,0.0006830268539488316
centered,-875.0,125.0,23050,22251,99853,5409,9.508118629455566,0.0005619123112410307
centered,-825.0,125.0,23050,22141,99464,6153,10.851656913757324,0.0006413129740394652
centered,-775.0,125.0,23050,22036,98761,6964,10.723593711853027,0.0006337446975521743
centered,-725.0,125.0,23050,21921,98420,7968,11.09139347076416,0.0006554809515364468
centered,-675.0,125.0,23050,21794,97886,9353,12.510945320129395,0.0007393738487735391
centered,-625.0,125.0,23050,21676,97468,10550,14.943385124206543,0.0008831265731714666
centered,-575.0,125.0,23050,21541,96689,12099,17.512096405029297,0.0010349326767027378
centered,-525.0,125.0,23050,21403,95751,13368,19.959346771240234,0.0011795606696978211
centered,-475.0,125.0,23050,21268,95449,14656,24.521963119506836,0.0014492030022665858
centered,-425.0,125.0,23050,21157,94693,15950,28.208415985107422,0.0016670655459165573
centered,-375.0,125.0,23050,21022,94479,16795,32.250892639160156,0.0019059685291722417
centered,-325.0,125.0,23050,20899,93720,16708,33.973384857177734,0.002007764531299472
centered,-275.0,125.0,23050,20764,93041,16091,32.24081039428711,0.0019053725991398096
centered,-225.0,125.0,23050,20631,92150,14616,30.10717010498047,0.0017792783910408616
centered,-175.0,125.0,23050,20498,91465,12962,29.294748306274414,0.001731265801936388
centered,-125.0,125.0,23050,20367,91174,11510,27.0574951171875,0.001599048264324665
centered,-75.0,125.0,23050,20233,90236,10390,21.15122413635254,0.001249998458661139
centered,-25.0,125.0,23050,20109,89839,9902,20.175100326538086,0.0011923112906515598
centered,25.0,125.0,23050,19963,88738,9977,21.250699996948242,0.0012558773159980774
centered,75.0,125.0,23050,19817,88296,10780,24.152725219726562,0.0014273816486820579
centered,125.0,125.0,23050,19688,87697,11334,28.063674926757812,0.0016585115808993578
centered,175.0,125.0,23050,19559,86682,11805,28.94251251220703,0.0017104493454098701
centered,225.0,125.0,23050,19401,86071,11921,28.62215232849121,0.001691516605205834
centered,275.0,125.0,23050,19247,85347,12072,28.8664493560791,0.0017059540841728449
centered,325.0,125.0,23050,19098,84473,11610,25.228641510009766,0.0014909663004800677
centered,375.0,125.0,23050,18945,83987,10942,20.548871994018555,0.0012144005158916116
centered,425.0,125.0,23050,18794,82959,9930,17.47928237915039,0.0010329934302717447
centered,475.0,125.0,23050,18639,82112,8922,14.525867462158203,0.0008584520546719432
centered,525.0,125.0,23050,18483,80913,7917,12.527216911315918,0.0007403354975394905
centered,575.0,125.0,23050,18343,80353,6731,8.682268142700195,0.000513106060680002
centered,625.0,125.0,23050,18188,79721,5790,7.1908087730407715,0.00042496356763876975
centered,675.0,125.0,23050,18024,79015,4981,6.019333362579346,0.00035573155037127435
centered,725.0,125.0,23050,17866,77743,4307,5.789619445800781,0.0003421558649279177
centered,775.0,125.0,23050,17694,76770,3737,4.374585151672363,0.0002585299371276051
centered,825.0,125.0,23050,17529,76254,3204,3.9716031551361084,0.00023471444728784263
centered,875.0,125.0,23050,17365,75207,2694,3.332808494567871,0.00019696285016834736
centered,925.0,125.0,23050,17194,74359,2397,2.8974013328552246,0.00017123109137173742
centered,975.0,125.0,23050,17004,73277,2204,3.529680013656616,0.00020859760115854442
centered,1025.0,125.0,23050,16812,72521,1995,3.95485520362854,0.0002337246696697548
centered,1075.0,125.0,23050,16662,61367,1584,4.023828506469727,0.00023780086485203356
centered,-1075.0,175.0,23050,22713,72772,3015,14.117149353027344,0.0008342975634150207
centered,-1025.0,175.0,23050,22630,100729,4238,13.185773849487305,0.000779255002271384
centered,-975.0,175.0,23050,22512,100079,4585,10.734408378601074,0.0006343838176690042
centered,-925.0,175.0,23050,22398,99694,5073,11.404780387878418,0.0006740015815012157
centered,-875.0,175.0,23050,22274,99340,5688,10.81629467010498,0.000639223144389689
centered,-825.0,175.0,23050,22153,98750,6389,11.022256851196289,0.0006513951229862869
centered,-775.0,175.0,23050,22054,98223,7251,11.239263534545898,0.0006642198422923684
centered,-725.0,175.0,23050,21934,97893,8305,12.995465278625488,0.0007680081180296838
centered,-675.0,175.0,23050,21815,97400,9723,13.412053108215332,0.0007926276884973049
centered,-625.0,175.0,23050,21697,96669,10896,16.145387649536133,0.0009541627368889749
centered,-575.0,175.0,23050,21562,96046,12318,20.896495819091797,0.0012349444441497326
centered,-525.0,175.0,23050,21429,95656,13666,21.673368453979492,0.0012808562023565173
centered,-475.0,175.0,23050,21295,94980,15125,26.627466201782227,0.001573634333908558
centered,-425.0,175.0,23050,21178,94502,16478,28.575035095214844,0.0016887320671230555
centered,-375.0,175.0,23050,21044,93345,16925,29.466856002807617,0.0017414370086044073
centered,-325.0,175.0,23050,20921,93058,17183,31.6494197845459,0.001870422507636249
centered,-275.0,175.0,23050,20782,92570,16759,33.479068756103516,0.0019785515032708645
centered,-225.0,175.0,23050,20652,91638,15763,33.54752731323242,0.001982597168534994
centered,-175.0,175.0,23050,20526,91311,14670,32.938087463378906,0.0019465804798528552
centered,-125.0,175.0,23050,20394,90742,13888,30.718372344970703,0.0018153993878513575
centered,-75.0,175.0,23050,20258,90056,13118,28.052595138549805,0.0016578568611294031
centered,-25.0,175.0,23050,20132,89488,12752,28.267805099487305,0.0016705753514543176
centered,25.0,175.0,23050,19989,88476,12859,28.216751098632812,0.001667558099143207
centered,75.0,175.0,23050,19842,88129,13177,30.689393997192383,0.0018136868020519614
centered,125.0,175.0,23050,19717,87340,13332,30.478778839111328,0.0018012397922575474
centered,175.0,175.0,23050,19586,86502,13359,30.749406814575195,0.001817233394831419
centered,225.0,175.0,23050,19422,85793,13240,30.76519203186035,0.00181816634722054
centered,275.0,175.0,23050,19269,84701,12902,30.291793823242188,0.0017901893006637692
centered,325.0,175.0,23050,19123,83966,12197,26.082433700561523,0.0015414238441735506
centered,375.0,175.0,23050,18963,83280,11256,21.74997901916504,0.0012853838270530105
centered,425.0,175.0,23050,18817,82448,10209,18.332717895507812,0.001083429902791977
centered,475.0,175.0,23050,18663,81575,9041,13.219108581542969,0.0007812250405550003
centered,525.0,175.0,23050,18509,81088,8013,10.902679443359375,0.0006443283054977655
centered,575.0,175.0,23050,18369,79795,6973,9.024807929992676,0.0005333495792001486
centered,625.0,175.0,23050,18218,79274,5894,7.178393363952637,0.0004242298600729555
centered,675.0,175.0,23050,18055,78477,5060,6.976181983947754,0.00041227953624911606
centered,725.0,175.0,23050,17893,77643,4293,4.770890235900879,0.00028195083723403513
centered,775.0,175.0,23050,17723,76636,3611,4.068867206573486,0.00024046257021836936
centered,825.0,175.0,23050,17554,75679,3130,4.017430305480957,0.00023742274788673967
centered,875.0,175.0,23050,17397,74917,2717,3.4871702194213867,0.00020608534396160394
centered,925.0,175.0,23050,17236,73956,2372,2.9293675422668457,0.00017312023555859923
centered,975.0,175.0,23050,17052,73013,2126,3.925647258758545,0.00023199853603728116
centered,1025.0,175.0,23050,16866,72053,2036,4.0274152755737305,0.00023801284260116518
centered,1075.0,175.0,23050,16698,51315,1391,4.301680088043213,0.00025422137696295977
centered,-1075.0,225.0,23050,22702,53563,2246,13.642181396484375,0.0008062278502620757
centered,-1025.0,225.0,23050,22640,99772,4426,15.419586181640625,0.0009112692205235362
centered,-975.0,225.0,23050,22519,99663,4772,11.297223091125488,0.0006676451303064823
centered,-925.0,225.0,23050,22421,99306,5250,11.539637565612793,0.0006819713744334877
centered,-875.0,225.0,23050,22311,98659,5782,10.468284606933594,0.0006186563987284899
centered,-825.0,225.0,23050,22190,98316,6525,10.398308753967285,0.0006145209190435708
centered,-775.0,225.0,23050,22080,97965,7333,12.31307315826416,0.0007276799879036844
centered,-725.0,225.0,23050,21955,97168,8634,13.087835311889648,0.0007734670070931315
centered,-675.0,225.0,23050,21825,96750,9833,15.653053283691406,0.0009250667062588036
centered,-625.0,225.0,23050,21712,96242,11210,16.839767456054688,0.0009951993124559522
centered,-575.0,225.0,23050,21581,95417,12370,20.704845428466797,0.0012236182810738683
centered,-525.0,225.0,23050,21443,94950,13856,21.227415084838867,0.0012545011704787612
centered,-475.0,225.0,23050,21310,94242,15092,23.585922241210938,0.0013938846532255411
centered,-425.0,225.0,23050,21194,93780,16302,27.493770599365234,0.0016248313477262855
centered,-375.0,225.0,23050,21063,93100,17022,31.722000122070312,0.0018747119465842843
centered,-325.0,225.0,23050,20950,92712,17386,32.696266174316406,0.0019322892185300589
centered,-275.0,225.0,23050,20802,92078,17053,33.947662353515625,0.0020062443800270557
centered,-225.0,225.0,23050,20669,91114,16560,35.71060562133789,0.0021104312036186457
centered,-175.0,225.0,23050,20543,90939,16042,34.33110046386719,0.0020289048552513123
centered,-125.0,225.0,23050,20411,89938,15600,32.109840393066406,0.0018976324936375022
centered,-75.0,225.0,23050,20282,89294,15069,29.11229705810547,0.0017204832984134555
centered,-25.0,225.0,23050,20157,88691,14934,33.33468246459961,0.001970018493011594
centered,25.0,225.0,23050,20013,87674,15061,34.527347564697266,0.0020405028481036425
centered,75.0,225.0,23050,19863,87374,15033,31.762454986572266,0.001877102768048644
centered,125.0,225.0,23050,19736,86609,14725,32.435935974121094,0.0019169042352586985
centered,175.0,225.0,23050,19608,86013,14581,32.2298583984375,0.0019047254463657737
centered,225.0,225.0,23050,19447,85233,13887,32.27214431762695,0.0019072244176641107
centered,275.0,225.0,23050,19291,84414,13341,29.552013397216797,0.0017464696429669857
centered,325.0,225.0,23050,19151,83668,12500,23.43782615661621,0.0013851324329152703
centered,375.0,225.0,23050,18990,82825,11469,21.66200065612793,0.001280184369534254
centered,425.0,225.0,23050,18847,81782,10311,16.779155731201172,0.0009916172130033374
centered,475.0,225.0,23050,18688,81292,9146,13.394698143005371,0.0007916020695120096
centered,525.0,225.0,23050,18535,80386,7919,10.189692497253418,0.000602192070800811
centered,575.0,225.0,23050,18390,79595,6847,8.850481033325195,0.0005230471724644303
centered,625.0,225.0,23050,18244,78743,5834,6.823988437652588,0.00040328517206944525
centered,675.0,225.0,23050,18086,78100,5036,6.028965473175049,0.0003563007921911776
centered,725.0,225.0,23050,17926,77247,4301,5.234063625335693,0.00030932354275137186
centered,775.0,225.0,23050,17760,76329,3592,4.355687141418457,0.0002574131067376584
centered,825.0,225.0,23050,17595,75400,3115,3.983151912689209,0.0002353969612158835
centered,875.0,225.0,23050,17440,74582,2750,3.776761531829834,0.00022319966228678823
centered,925.0,225.0,23050,17276,73650,2435,3.473334312438965,0.000205267671844922
centered,975.0,225.0,23050,17093,72765,2207,4.026499271392822,0.00023795870947651565
centered,1025.0,225.0,23050,16903,71512,2025,4.893255710601807,0.00028918241150677204
centered,1075.0,225.0,23050,16733,37947,1058,3.1868865489959717,0.00018833913782145828
centered,-1075.0,275.0,23050,20492,29761,1332,6.872292518615723,0.00040613985038362443
centered,-1025.0,275.0,23050,22641,99426,4572,20.030317306518555,0.001183754880912602
centered,-975.0,275.0,23050,22527,99110,4901,12.59028148651123,0.0007440624758601189
centered,-925.0,275.0,23050,22423,98533,5240,12.514606475830078,0.0007395902648568153
centered,-875.0,275.0,23050,22319,98277,5852,11.690071105957031,0.0006908617215231061
centered,-825.0,275.0,23050,22208,97716,6587,10.981725692749023,0.0006489998195320368
centered,-775.0,275.0,23050,22105,97318,7472,12.121240615844727,0.0007163430564105511
centered,-725.0,275.0,23050,21979,96822,8619,12.654141426086426,0.0007478364859707654
centered,-675.0,275.0,23050,21860,96042,9703,13.975979804992676,0.0008259547175839543
centered,-625.0,275.0,23050,21742,95500,10991,15.761128425598145,0.0009314537164755166
centered,-575.0,275.0,23050,21604,95183,12435,19.3356876373291,0.0011427035788074136
centered,-525.0,275.0,23050,21464,94456,13701,21.845855712890625,0.0012910498771816492
centered,-475.0,275.0,23050,21333,93747,14971,23.3790340423584,0.0013816579012200236
centered,-425.0,275.0,23050,21208,93377,16068,26.362104415893555,0.0015579519094899297
centered,-375.0,275.0,23050,21083,92392,16795,29.88530921936035,0.0017661668825894594
centered,-325.0,275.0,23050,20968,92008,17219,30.595409393310547,0.0018081325106322765
centered,-275.0,275.0,23050,20825,91428,17239,31.43147087097168,0.0018575422000139952
centered,-225.0,275.0,23050,20687,90533,17036,33.025672912597656,0.0019517565378919244
centered,-175.0,275.0,23050,20566,90253,16805,34.805267333984375,0.0020569274201989174
centered,-125.0,275.0,23050,20429,89261,16489,35.00832748413086,0.0020689277444034815
centered,-75.0,275.0,23050,20298,88710,16298,31.628618240356445,0.0018691931618377566
centered,-25.0,275.0,23050,20173,88107,16143,32.051177978515625,0.001894165761768818
centered,25.0,275.0,23050,20027,87067,16179,34.18259048461914,0.0020201283041387796
centered,75.0,275.0,23050,19878,86627,15948,32.13021469116211,0.0018988365773111582
centered,125.0,275.0,23050,19754,86033,15629,33.3170051574707,0.001968973781913519
centered,175.0,275.0,23050,19626,85267,15166,31.51949119567871,0.001862743985839188
centered,225.0,275.0,23050,19469,84620,14472,29.171953201293945,0.0017240088200196624
centered,275.0,275.0,23050,19314,83886,13476,26.0936222076416,0.0015420850832015276
centered,325.0,275.0,23050,19175,83156,12604,22.81072425842285,0.0013480718480423093
centered,375.0,275.0,23050,19010,82084,11510,19.85164451599121,0.0011731956619769335
centered,425.0,275.0,23050,18870,81567,10348,16.487634658813477,0.0009743889095261693
centered,475.0,275.0,23050,18713,80791,9046,14.597622871398926,0.000862692657392472
centered,525.0,275.0,23050,18560,79969,7815,10.502176284790039,0.0006206593243405223
centered,575.0,275.0,23050,18428,79298,6894,8.959568977355957,0.0005294940783642232
centered,625.0,275.0,23050,18278,78288,5855,7.401976108551025,0.00043744317372329533
centered,675.0,275.0,23050,18129,77482,4955,6.6073994636535645,0.0003904851619154215
centered,725.0,275.0,23050,17960,77008,4249,5.09330415725708,0.0003010049113072455
centered,775.0,275.0,23050,17799,76182,3603,4.551182270050049,0.0002689665125217289
centered,825.0,275.0,23050,17638,75266,3088,3.722088575363159,0.00021996859868522733
centered,875.0,275.0,23050,17472,74328,2718,3.3516952991485596,0.00019807902572210878
centered,925.0,275.0,23050,17308,73481,2453,3.499737501144409,0.00020682805916294456
centered,975.0,275.0,23050,17131,72323,2246,4.887138366699219,0.0002888208837248385
centered,1025.0,275.0,23050,16954,71619,2072,5.066983699798584,0.0002994494279846549
centered,1075.0,275.0,23050,14877,21141,572,2.1288416385650635,0.00012581063492689282
centered,-1075.0,325.0,23050,4713,4713,229,1.1910595893859863,7.038943294901401e-05
centered,-1025.0,325.0,23050,22635,95724,4566,20.546972274780273,0.0012142882915213704
centered,-975.0,325.0,23050,22524,98364,5049,17.216264724731445,0.0010174496565014124
centered,-925.0,325.0,23050,22419,97929,5452,13.462776184082031,0.0007956253248266876
centered,-875.0,325.0,23050,22322,97553,5942,12.64334487915039,0.0007471984717994928
centered,-825.0,325.0,23050,22219,97232,6652,11.598373413085938,0.0006854425300844014
centered,-775.0,325.0,23050,22104,96706,7473,12.506484985351562,0.0007391102844849229
centered,-725.0,325.0,23050,21987,95850,8414,13.789217948913574,0.0008149174391292036
centered,-675.0,325.0,23050,21873,95600,9553,13.419624328613281,0.0007930751307867467
centered,-625.0,325.0,23050,21764,95343,10724,16.11309051513672,0.0009522540494799614
centered,-575.0,325.0,23050,21622,94672,12153,18.767723083496094,0.001109137898311019
centered,-525.0,325.0,23050,21485,93921,13347,19.8323974609375,0.0011720582842826843
centered,-475.0,325.0,23050,21363,93335,14514,22.882774353027344,0.0013523298548534513
centered,-425.0,325.0,23050,21243,92349,15394,24.095426559448242,0.0014239954762160778
centered,-375.0,325.0,23050,21125,92257,16575,28.13064193725586,0.0016624692361801863
centered,-325.0,325.0,23050,21006,91820,16865,28.503780364990234,0.0016845209756866097
centered,-275.0,325.0,23050,20857,90908,17017,29.51103401184082,0.00174404785502702
centered,-225.0,325.0,23050,20716,90130,16948,30.500160217285156,0.001802503364160657
centered,-175.0,325.0,23050,20599,89958,16957,31.70616340637207,0.0018737759673967957
centered,-125.0,325.0,23050,20457,89335,16803,31.792951583862305,0.0018789049936458468
centered,-75.0,325.0,23050,20332,88649,16710,32.92393493652344,0.0019457440357655287
centered,-25.0,325.0,23050,20203,88046,16514,30.62114906311035,0.0018096535932272673
centered,25.0,325.0,23050,20055,86923,16397,31.554147720336914,0.0018647920805960894
centered,75.0,325.0,23050,19908,86573,16172,32.23261260986328,0.0019048881949856877
centered,125.0,325.0,23050,19781,86133,15785,32.32449722290039,0.001910318387672305
centered,175.0,325.0,23050,19657,85051,15205,28.901830673217773,0.0017080450197681785
centered,225.0,325.0,23050,19505,84228,14534,28.23065948486328,0.001668380107730627
centered,275.0,325.0,23050,19356,83474,13573,26.152969360351562,0.0015455924440175295
centered,325.0,325.0,23050,19209,82916,12633,21.06406593322754,0.0012448475463315845
centered,375.0,325.0,23050,19051,81730,11346,19.696821212768555,0.0011640458833426237
centered,425.0,325.0,23050,18910,81383,10164,16.33901596069336,0.0009656058391556144
centered,475.0,325.0,23050,18748,80182,8902,14.234010696411133,0.0008412038441747427
centered,525.0,325.0,23050,18599,79510,7669,12.085066795349121,0.0007142052636481822
centered,575.0,325.0,23050,18454,79068,6681,9.254868507385254,0.0005469457246363163
centered,625.0,325.0,23050,18307,78255,5771,8.495841979980469,0.0005020886310376227
centered,675.0,325.0,23050,18156,77223,4915,5.682664394378662,0.0003358350077178329
centered,725.0,325.0,23050,17995,76144,4179,5.308191299438477,0.0003137043386232108
centered,775.0,325.0,23050,17830,75904,3602,4.5899810791015625,0.00027125945780426264
centered,825.0,325.0,23050,17676,74913,3161,4.389256954193115,0.00025939702754840255
centered,875.0,325.0,23050,17515,73941,2808,4.059475421905518,0.000239907531067729
centered,925.0,325.0,23050,17353,73161,2430,3.6460280418395996,0.0002154735557269305
centered,975.0,325.0,23050,17176,72253,2237,5.547976016998291,0.0003278751973994076
centered,1025.0,325.0,23050,16983,68926,2005,4.490488052368164,0.00026537958183325827
centered,1075.0,325.0,23050,3379,3379,92,0.3901686370372772,2.305825000803452e-05
centered,-1075.0,375.0,23050,0,0,0,0.0,0.0
centered,-1025.0,375.0,23050,22598,66623,3234,14.651144027709961,0.0008658556616865098
centered,-975.0,375.0,23050,22522,97533,5014,14.995955467224121,0.0008862334070727229
centered,-925.0,375.0,23050,22424,97282,5501,15.645101547241211,0.0009245967376045883
centered,-875.0,375.0,23050,22314,96899,6040,13.085823059082031,0.0007733480888418853
centered,-825.0,375.0,23050,22218,96371,6778,14.335331916809082,0.0008471917826682329
centered,-775.0,375.0,23050,22115,95784,7376,13.250944137573242,0.0007831064285710454
centered,-725.0,375.0,23050,21996,95753,8260,14.421117782592773,0.0008522615535184741
centered,-675.0,375.0,23050,21881,95316,9246,14.108285903930664,0.0008337737526744604
centered,-625.0,375.0,23050,21771,94603,10400,14.346179008483887,0.0008478328236378729
centered,-575.0,375.0,23050,21634,93892,11618,18.50870704650879,0.0010938305640593171
centered,-525.0,375.0,23050,21502,93071,12748,19.6555118560791,0.0011616046540439129
centered,-475.0,375.0,23050,21378,92998,13882,21.376934051513672,0.0012633375590667129
centered,-425.0,375.0,23050,21264,92105,14849,22.806819915771484,0.0013478411128744483
centered,-375.0,375.0,23050,21146,92148,15748,25.58562660217285,0.0015120635507628322
centered,-325.0,375.0,23050,21029,91313,16144,26.65585708618164,0.0015753121115267277
centered,-275.0,375.0,23050,20880,90480,16468,26.963489532470703,0.00159349269233644
centered,-225.0,375.0,23050,20743,89750,16481,26.024009704589844,0.0015379711985588074
centered,-175.0,375.0,23050,20626,89368,16522,27.218019485473633,0.001608534948900342
centered,-125.0,375.0,23050,20483,88403,16410,29.333097457885742,0.0017335321754217148
centered,-75.0,375.0,23050,20358,88091,16278,28.14762306213379,0.0016634727362543344
centered,-25.0,375.0,23050,20231,87451,16146,28.996700286865234,0.0017136516980826855
centered,25.0,375.0,23050,20085,86367,15970,29.385574340820312,0.0017366334795951843
centered,75.0,375.0,23050,19936,86125,15843,28.347745895385742,0.0016752997180446982
centered,125.0,375.0,23050,19811,85293,15377,27.27902603149414,0.0016121403314173222
centered,175.0,375.0,23050,19687,84575,14915,27.61640739440918,0.0016320789000019431
centered,225.0,375.0,23050,19537,83818,14237,25.8121337890625,0.001525449682958424
centered,275.0,375.0,23050,19386,83271,13373,24.454479217529297,0.0014452147297561169
centered,325.0,375.0,23050,19244,82350,12233,20.572311401367188,0.0012157857418060303
centered,375.0,375.0,23050,19084,81913,11151,18.417770385742188,0.0010884563671424985
centered,425.0,375.0,23050,18934,81011,9841,14.458378791809082,0.0008544636075384915
centered,475.0,375.0,23050,18780,80030,8617,13.150679588317871,0.0007771810051053762
centered,525.0,375.0,23050,18638,79253,7479,10.1666259765625,0.0006008289055898786
centered,575.0,375.0,23050,18481,78346,6488,9.151997566223145,0.0005408662254922092
centered,625.0,375.0,23050,18332,77840,5473,7.635532379150391,0.0004512459272518754
centered,675.0,375.0,23050,18195,77168,4755,6.71986722946167,0.00039713180740363896
centered,725.0,375.0,23050,18032,76240,4110,5.343504905700684,0.00031579131609760225
centered,775.0,375.0,23050,17862,75004,3507,4.6229705810546875,0.0002732090651988983
centered,825.0,375.0,23050,17704,74570,3157,4.564103603363037,0.00026973013882525265
centered,875.0,375.0,23050,17556,73858,2804,4.865306377410889,0.0002875306527130306
centered,925.0,375.0,23050,17389,72761,2532,4.860024929046631,0.00028721854323521256
centered,975.0,375.0,23050,17210,71999,2254,5.329711437225342,0.0003149761469103396
centered,1025.0,375.0,23050,17015,48439,1419,3.5913195610046387,0.0002122403820976615
centered,1075.0,375.0,23050,0,0,0,0.0,0.0
centered,-1075.0,425.0,23050,0,0,0,0.0,0.0
centered,-1025.0,425.0,23050,20368,27906,1395,6.6475982666015625,0.00039286084938794374
centered,-975.0,425.0,23050,22519,96958,5020,17.882911682128906,0.0010568471625447273
centered,-925.0,425.0,23050,22422,96549,5526,15.519042015075684,0.0009171468554995954
centered,-875.0,425.0,23050,22305,96079,6101,14.861644744873047,0.000878295861184597
centered,-825.0,425.0,23050,22217,95749,6636,14.241776466369629,0.0008416628115810454
centered,-775.0,425.0,23050,22115,95463,7305,12.671156883239746,0.0007488420815207064
centered,-725.0,425.0,23050,21992,94944,8104,13.223491668701172,0.0007814840646460652
centered,-675.0,425.0,23050,21889,94374,9102,12.563873291015625,0.000742501812055707
centered,-625.0,425.0,23050,21773,93900,9947,14.745598793029785,0.0008714377763681114
centered,-575.0,425.0,23050,21640,93406,11004,17.472728729248047,0.0010326061164960265
centered,-525.0,425.0,23050,21516,92936,12154,18.06444549560547,0.0010675755329430103
centered,-475.0,425.0,23050,21392,92269,13112,19.002761840820312,0.0011230283416807652
centered,-425.0,425.0,23050,21274,91686,14024,22.07722282409668,0.00130472332239151
centered,-375.0,425.0,23050,21163,91193,14900,22.931718826293945,0.001355222426354885
centered,-325.0,425.0,23050,21048,90667,15431,23.57765007019043,0.0013933958252891898
centered,-275.0,425.0,23050,20901,89943,15697,24.779062271118164,0.00146439706441015
centered,-225.0,425.0,23050,20757,89559,15644,24.144561767578125,0.001426899223588407
centered,-175.0,425.0,23050,20647,88907,15796,25.12877082824707,0.001485064160078764
centered,-125.0,425.0,23050,20497,88181,15925,26.846927642822266,0.0015866040484979749
centered,-75.0,425.0,23050,20381,87855,15730,27.621780395507812,0.001632396480999887
centered,-25.0,425.0,23050,20253,87191,15512,26.86246109008789,0.001587522099725902
centered,25.0,425.0,23050,20108,86202,15433,26.110130310058594,0.0015430607600137591
centered,75.0,425.0,23050,19959,85851,15267,25.513214111328125,0.0015077840071171522
centered,125.0,425.0,23050,19836,85154,14872,25.64619255065918,0.001515642856247723
centered,175.0,425.0,23050,19710,84334,14262,26.114826202392578,0.0015433381777256727
centered,225.0,425.0,23050,19565,83565,13652,24.512083053588867,0.001448619063012302
centered,275.0,425.0,23050,19413,82685,12672,21.150814056396484,0.001249974244274199
centered,325.0,425.0,23050,19268,81992,11667,19.812610626220703,0.0011708888923749328
centered,375.0,425.0,23050,19111,81215,10564,17.030786514282227,0.0010064882226288319
centered,425.0,425.0,23050,18961,80451,9351,13.505294799804688,0.000798138091340661
centered,475.0,425.0,23050,18813,79874,8201,12.043743133544922,0.0007117631030268967
centered,525.0,425.0,23050,18666,79177,7117,9.905988693237305,0.0005854257033206522
centered,575.0,425.0,23050,18513,78161,6267,8.58691120147705,0.0005074706859886646
centered,625.0,425.0,23050,18360,77417,5324,6.870327472686768,0.00040602372610010207
centered,675.0,425.0,23050,18218,76597,4566,6.2768073081970215,0.0003709477896336466
centered,725.0,425.0,23050,18055,75865,3931,5.141860008239746,0.00030387446167878807
centered,775.0,425.0,23050,17892,75071,3490,4.505592346191406,0.00026627222541719675
centered,825.0,425.0,23050,17739,74096,3108,4.201307773590088,0.0002482895797584206
centered,875.0,425.0,23050,17577,73340,2701,4.638881683349609,0.0002741493808571249
centered,925.0,425.0,23050,17419,72512,2479,4.538928031921387,0.0002682422928046435
centered,975.0,425.0,23050,17235,71555,2234,5.061713695526123,0.0002991379878949374
centered,1025.0,425.0,23050,15252,20526,634,1.5640500783920288,9.243248496204615e-05
centered,1075.0,425.0,23050,0,0,0,0.0,0.0
centered,-1075.0,475.0,23050,0,0,0,0.0,0.0
centered,-1025.0,475.0,23050,586,586,30,0.113829106092453,6.727090749336639e-06
centered,-975.0,475.0,23050,22516,80296,4234,16.49907684326172,0.000975065107923001
centered,-925.0,475.0,23050,22413,95876,5526,18.440929412841797,0.0010898250620812178
centered,-875.0,475.0,23050,22305,95481,6040,14.838469505310059,0.000876926293130964
centered,-825.0,475.0,23050,22210,95163,6443,12.996442794799805,0.00076806586002931
centered,-775.0,475.0,23050,22110,94591,7175,13.640677452087402,0.0008061389671638608
centered,-725.0,475.0,23050,21989,94391,8012,15.233684539794922,0.0009002827573567629
centered,-675.0,475.0,23050,21882,93775,8674,14.18199634552002,0.0008381298976019025
centered,-625.0,475.0,23050,21774,93355,9460,14.180706024169922,0.0008380536455661058
centered,-575.0,475.0,23050,21646,92534,10536,17.964767456054688,0.0010616846848279238
centered,-525.0,475.0,23050,21517,92225,11493,19.042051315307617,0.0011253502452746034
centered,-475.0,475.0,23050,21399,91618,12303,18.680116653442383,0.0011039605597034097
centered,-425.0,475.0,23050,21277,91335,13204,20.31097412109375,0.0012003412703052163
centered,-375.0,475.0,23050,21171,90763,13886,21.614290237426758,0.0012773647904396057
centered,-325.0,475.0,23050,21057,90263,14380,22.76581382751465,0.0013454178115352988
centered,-275.0,475.0,23050,20908,89388,14779,22.7500057220459,0.0013444835785776377
centered,-225.0,475.0,23050,20774,89132,14916,22.718759536743164,0.001342636882327497
centered,-175.0,475.0,23050,20660,88411,15058,22.253793716430664,0.0013151583261787891
centered,-125.0,475.0,23050,20517,87553,15046,23.30433464050293,0.0013772433158010244
centered,-75.0,475.0,23050,20400,87063,14962,23.756608963012695,0.0014039719244465232
centered,-25.0,475.0,23050,20273,86322,14874,23.31768035888672,0.001378032029606402
centered,25.0,475.0,23050,20130,85408,14806,22.12329864501953,0.001307446276769042
centered,75.0,475.0,23050,19982,85191,14395,23.548744201660156,0.0013916875468567014
centered,125.0,475.0,23050,19860,84406,14039,24.573244094848633,0.0014522335259243846
centered,175.0,475.0,23050,19732,84029,13454,21.74298667907715,0.0012849705526605248
centered,225.0,475.0,23050,19587,82994,12777,19.989782333374023,0.0011813594028353691
centered,275.0,475.0,23050,19438,82384,11797,17.937776565551758,0.001060089678503573
centered,325.0,475.0,23050,19291,81698,11031,17.5152587890625,0.0010351196397095919
centered,375.0,475.0,23050,19133,81094,9972,15.079317092895508,0.000891159928869456
centered,425.0,475.0,23050,18985,79927,8770,11.912076950073242,0.0007039818447083235
centered,475.0,475.0,23050,18840,79462,7763,12.141805648803711,0.0007175583741627634
centered,525.0,475.0,23050,18689,78456,6763,8.966459274291992,0.000529901240952313
centered,575.0,475.0,23050,18543,77761,5860,7.94609260559082,0.0004695994721259922
centered,625.0,475.0,23050,18385,77036,5127,6.96051549911499,0.00041135368519462645
centered,675.0,475.0,23050,18245,76382,4414,5.628798007965088,0.0003326516307424754
centered,725.0,475.0,23050,18084,75535,3759,5.092889308929443,0.0003009804058820009
centered,775.0,475.0,23050,17927,74673,3340,5.182006359100342,0.0003062470641452819
centered,825.0,475.0,23050,17770,73814,3017,4.745617866516113,0.0002804572868626565
centered,875.0,475.0,23050,17613,73087,2757,5.0254902839660645,0.0002969972265418619
centered,925.0,475.0,23050,17450,72198,2431,5.650585651397705,0.00033393921330571175
centered,975.0,475.0,23050,17265,59574,1825,4.716305732727051,0.00027872499777004123
centered,1025.0,475.0,23050,464,464,13,0.013793127611279488,8.15148496258189e-07
centered,1075.0,475.0,23050,0,0,0,0.0,0.0
centered,-1075.0,525.0,23050,0,0,0,0.0,0.0
centered,-1025.0,525.0,23050,0,0,0,0.0,0.0
centered,-975.0,525.0,23050,21204,31560,1737,12.471683502197266,0.0007370535749942064
centered,-925.0,525.0,23050,22402,95138,5672,19.299423217773438,0.0011405604891479015
centered,-875.0,525.0,23050,22310,94854,5922,15.024894714355469,0.0008879436645656824
centered,-825.0,525.0,23050,22205,94482,6510,14.815258026123047,0.0008755545131862164
centered,-775.0,525.0,23050,22094,94206,7081,14.120397567749023,0.0008344895322807133
centered,-725.0,525.0,23050,21993,93502,7547,14.189056396484375,0.0008385471301153302
centered,-675.0,525.0,23050,21884,93200,8254,13.26016616821289,0.0007836514269001782
centered,-625.0,525.0,23050,21773,92271,9189,14.05944538116455,0.0008308874093927443
centered,-575.0,525.0,23050,21637,92245,10009,15.69210433959961,0.0009273745235987008
centered,-525.0,525.0,23050,21522,91749,10743,17.730274200439453,0.0010478266049176455
centered,-475.0,525.0,23050,21400,91014,11490,17.324262619018555,0.001023832126520574
centered,-425.0,525.0,23050,21278,90891,12291,19.20724868774414,0.0011351130669936538
centered,-375.0,525.0,23050,21176,90035,12756,21.19697380065918,0.0012527022045105696
centered,-325.0,525.0,23050,21063,89373,13067,18.289932250976562,0.001080901362001896
centered,-275.0,525.0,23050,20918,88855,13570,18.911930084228516,0.0011176603147760034
centered,-225.0,525.0,23050,20783,88504,13933,19.525514602661133,0.001153922057710588
centered,-175.0,525.0,23050,20669,87523,14159,20.722599029541016,0.0012246675323694944
centered,-125.0,525.0,23050,20529,86942,14013,20.50421142578125,0.0012117612641304731
centered,-75.0,525.0,23050,20410,86497,14111,21.1433162689209,0.0012495311675593257
centered,-25.0,525.0,23050,20286,85820,13975,21.580656051635742,0.0012753771152347326
centered,25.0,525.0,23050,20144,84981,13947,21.445556640625,0.001267393003217876
centered,75.0,525.0,23050,19996,84570,13560,21.908782958984375,0.0012947687646374106
centered,125.0,525.0,23050,19875,83668,13314,20.893686294555664,0.0012347784359008074
centered,175.0,525.0,23050,19753,83265,12597,20.4962215423584,0.0012112889671698213
centered,225.0,525.0,23050,19605,82565,11966,18.504642486572266,0.0010935903992503881
centered,275.0,525.0,23050,19463,81971,11165,17.27869987487793,0.001021139440126717
centered,325.0,525.0,23050,19308,81085,10223,15.556066513061523,0.0009193349396809936
centered,375.0,525.0,23050,19150,80447,9107,12.827807426452637,0.0007580998353660107
centered,425.0,525.0,23050,19007,79579,8245,11.371499061584473,0.0006720346864312887
centered,475.0,525.0,23050,18865,79029,7410,10.404739379882812,0.0006149009568616748
centered,525.0,525.0,23050,18713,78143,6367,8.569250106811523,0.0005064269062131643
centered,575.0,525.0,23050,18570,77600,5662,8.12999439239502,0.00048046771553345025
centered,625.0,525.0,23050,18409,76525,4925,6.406766891479492,0.00037862814497202635
centered,675.0,525.0,23050,18274,75892,4224,5.459194183349609,0.0003226283297408372
centered,725.0,525.0,23050,18112,75242,3701,4.9972662925720215,0.000295329256914556
centered,775.0,525.0,23050,17948,74552,3293,5.078975200653076,0.00030015810625627637
centered,825.0,525.0,23050,17795,73542,2912,4.622064113616943,0.00027315548504702747
centered,875.0,525.0,23050,17645,72713,2696,4.746708393096924,0.00028052175184711814
centered,925.0,525.0,23050,17482,72010,2414,6.220681667327881,0.0003676308551803231
centered,975.0,525.0,23050,16235,23578,742,2.0092668533325195,0.00011874397750943899
centered,1025.0,525.0,23050,0,0,0,0.0,0.0
centered,1075.0,525.0,23050,0,0,0,0.0,0.0
centered,-1075.0,575.0,23050,0,0,0,0.0,0.0
centered,-1025.0,575.0,23050,0,0,0,0.0,0.0
centered,-975.0,575.0,23050,194,194,18,0.02067846991121769,1.2220596090628533e-06
centered,-925.0,575.0,23050,22386,70903,4171,20.581254959106445,0.0012163143837824464
centered,-875.0,575.0,23050,22293,94205,6002,19.84745216369629,0.0011729479301720858
centered,-825.0,575.0,23050,22202,93974,6309,15.825194358825684,0.000935239891987294
centered,-775.0,575.0,23050,22087,93166,6758,13.971840858459473,0.0008257101289927959
centered,-725.0,575.0,23050,21983,92817,7382,13.991833686828613,0.0008268916280940175
centered,-675.0,575.0,23050,21881,92362,8127,14.176655769348145,0.0008378142956644297
centered,-625.0,575.0,23050,21767,92327,8847,15.173514366149902,0.0008967267931438982
centered,-575.0,575.0,23050,21634,91541,9360,14.436859130859375,0.0008531918283551931
centered,-525.0,575.0,23050,21524,91016,10079,16.611127853393555,0.0009816871024668217
centered,-475.0,575.0,23050,21403,90429,10728,15.884895324707031,0.0009387680911459029
centered,-425.0,575.0,23050,21286,89822,11197,17.16381072998047,0.001014349632896483
centered,-375.0,575.0,23050,21186,89536,11661,15.790846824645996,0.0009332100162282586
centered,-325.0,575.0,23050,21069,89024,12102,16.305286407470703,0.0009636124595999718
centered,-275.0,575.0,23050,20927,88344,12395,17.568450927734375,0.0010382632026448846
centered,-225.0,575.0,23050,20792,87890,12639,17.62997055053711,0.0010418988531455398
centered,-175.0,575.0,23050,20676,87470,12872,18.446245193481445,0.0010901391506195068
centered,-125.0,575.0,23050,20540,86852,12857,18.44303321838379,0.001089949393644929
centered,-75.0,575.0,23050,20418,86285,13009,21.130592346191406,0.0012487791245803237
centered,-25.0,575.0,23050,20297,85662,12959,20.920230865478516,0.0012363472487777472
centered,25.0,575.0,23050,20155,84688,12845,18.355390548706055,0.001084769843146205
centered,75.0,575.0,23050,20010,84466,12552,19.095943450927734,0.0011285351356491446
centered,125.0,575.0,23050,19889,83673,12380,18.37867546081543,0.0010861459886655211
centered,175.0,575.0,23050,19767,83161,11707,17.853302001953125,0.0010550973238423467
centered,225.0,575.0,23050,19620,82206,11134,16.626237869262695,0.000982580124400556
centered,275.0,575.0,23050,19483,81465,10323,14.963354110717773,0.0008843067334964871
centered,325.0,575.0,23050,19326,80866,9423,13.856680870056152,0.0008189043728634715
centered,375.0,575.0,23050,19175,79824,8531,12.59740161895752,0.0007444832590408623
centered,425.0,575.0,23050,19025,79352,7670,9.95787239074707,0.0005884919664822519
centered,475.0,575.0,23050,18888,78256,6853,9.294272422790527,0.0005492744385264814
centered,525.0,575.0,23050,18733,77771,6113,8.903809547424316,0.0005261987680569291
centered,575.0,575.0,23050,18594,77152,5329,7.788975715637207,0.0004603141569532454
centered,625.0,575.0,23050,18438,76499,4710,6.473725318908691,0.0003825852763839066
centered,675.0,575.0,23050,18302,75543,4157,6.496903419494629,0.0003839550481643528
centered,725.0,575.0,23050,18143,74656,3537,5.900148868560791,0.0003486879577394575
centered,775.0,575.0,23050,17983,73946,3255,5.534918785095215,0.0003271035384386778
centered,825.0,575.0,23050,17827,73552,2973,6.855122089385986,0.00040512511623091996
centered,875.0,575.0,23050,17672,72456,2694,6.434650421142578,0.0003802760038524866
centered,925.0,575.0,23050,17507,53684,1858,8.543932914733887,0.0005049307364970446
centered,975.0,575.0,23050,160,160,4,0.0112436069175601,6.644764880547882e-07
centered,1025.0,575.0,23050,0,0,0,0.0,0.0
centered,1075.0,575.0,23050,0,0,0,0.0,0.0
centered,-1075.0,625.0,23050,0,0,0,0.0,0.0
centered,-1025.0,625.0,23050,0,0,0,0.0,0.0
centered,-975.0,625.0,23050,0,0,0,0.0,0.0
centered,-925.0,625.0,23050,13232,13507,832,3.3332602977752686,0.0001969895529327914
centered,-875.0,625.0,23050,22285,89437,5699,23.495071411132812,0.0013885155785828829
centered,-825.0,625.0,23050,22191,92994,6219,18.51683235168457,0.0010943107772618532
centered,-775.0,625.0,23050,22079,92477,6569,15.32620906829834,0.000905750785022974
centered,-725.0,625.0,23050,21981,92405,7175,15.690717697143555,0.0009272925672121346
centered,-675.0,625.0,23050,21881,91996,7689,15.800018310546875,0.0009337520459666848
centered,-625.0,625.0,23050,21762,91515,8160,15.542683601379395,0.0009185440139845014
centered,-575.0,625.0,23050,21629,90815,8696,14.143556594848633,0.0008358582272194326
centered,-525.0,625.0,23050,21518,90014,9224,14.708322525024414,0.0008692348492331803
centered,-475.0,625.0,23050,21404,90248,9814,13.453231811523438,0.0007950612925924361
centered,-425.0,625.0,23050,21290,89518,10073,16.42953872680664,0.0009709555306471884
centered,-375.0,625.0,23050,21188,89079,10589,14.018251419067383,0.0008284528739750385
centered,-325.0,625.0,23050,21070,88579,11190,14.376065254211426,0.0008495990186929703
centered,-275.0,625.0,23050,20931,87783,11299,15.965300559997559,0.0009435199317522347
centered,-225.0,625.0,23050,20802,87272,11588,16.34361457824707,0.0009658776107244194
centered,-175.0,625.0,23050,20688,86673,11547,16.82049560546875,0.0009940604213625193
centered,-125.0,625.0,23050,20553,85896,11771,16.58099937438965,0.0009799065301194787
centered,-75.0,625.0,23050,20433,85606,11839,19.315370559692383,0.0011415028711780906
centered,-25.0,625.0,23050,20314,85195,11782,16.868764877319336,0.0009969129459932446
centered,25.0,625.0,23050,20171,84203,11765,16.612110137939453,0.0009817451937124133
centered,75.0,625.0,23050,20026,83783,11485,16.748249053955078,0.0009897907730191946
centered,125.0,625.0,23050,19906,82846,11213,17.607633590698242,0.0010405788198113441
centered,175.0,625.0,23050,19782,82410,10600,16.0635986328125,0.0009493291727267206
centered,225.0,625.0,23050,19638,81708,10060,15.036373138427734,0.000888622016645968
centered,275.0,625.0,23050,19498,81122,9441,13.386191368103027,0.0007910993299447
centered,325.0,625.0,23050,19345,80437,8501,13.879999160766602,0.0008202824392355978
centered,375.0,625.0,23050,19190,79563,7859,12.071002006530762,0.0007133740582503378
centered,425.0,625.0,23050,19049,79155,7247,9.966325759887695,0.0005889915628358722
centered,475.0,625.0,23050,18907,78170,6529,9.154001235961914,0.0005409846198745072
centered,525.0,625.0,23050,18758,77379,5785,8.47482681274414,0.000500846712384373
centered,575.0,625.0,23050,18623,76518,5039,7.647474765777588,0.0004519516951404512
centered,625.0,625.0,23050,18464,75999,4451,8.794692993164062,0.0005197501741349697
centered,675.0,625.0,23050,18329,75446,3979,6.610222339630127,0.0003906519850715995
centered,725.0,625.0,23050,18171,74502,3517,6.1785101890563965,0.00036513860686682165
centered,775.0,625.0,23050,18011,73595,3170,5.774745941162109,0.00034127687104046345
centered,825.0,625.0,23050,17845,72921,2947,6.718319892883301,0.0003970403631683439
centered,875.0,625.0,23050,17694,69168,2621,8.725872993469238,0.000515683030243963
centered,925.0,625.0,23050,10137,10282,348,1.037394642829895,6.130811379989609e-05
centered,975.0,625.0,23050,0,0,0,0.0,0.0
centered,1025.0,625.0,23050,0,0,0,0.0,0.0
centered,1075.0,625.0,23050,0,0,0,0.0,0.0
centered,-1075.0,675.0,23050,0,0,0,0.0,0.0
centered,-1025.0,675.0,23050,0,0,0,0.0,0.0
centered,-975.0,675.0,23050,0,0,0,0.0,0.0
centered,-925.0,675.0,23050,0,0,0,0.0,0.0
centered,-875.0,675.0,23050,21453,34067,2178,9.325721740722656,0.0005511330091394484
centered,-825.0,675.0,23050,22185,92365,6144,23.27358627319336,0.0013754261890426278
centered,-775.0,675.0,23050,22061,92189,6470,18.959510803222656,0.0011204722104594111
centered,-725.0,675.0,23050,21976,91666,6887,16.41771125793457,0.0009702565730549395
centered,-675.0,675.0,23050,21876,91322,7296,15.930044174194336,0.0009414363303221762
centered,-625.0,675.0,23050,21754,90598,7579,12.796201705932617,0.0007562320097349584
centered,-575.0,675.0,23050,21624,90391,8122,16.22040557861328,0.0009585961815901101
centered,-525.0,675.0,23050,21514,89885,8651,13.669487953186035,0.0008078415994532406
centered,-475.0,675.0,23050,21400,89425,9010,14.149059295654297,0.0008361833752132952
centered,-425.0,675.0,23050,21286,88699,9374,16.415132522583008,0.000970104185398668
centered,-375.0,675.0,23050,21193,88342,9745,13.97942066192627,0.000826158095151186
centered,-325.0,675.0,23050,21071,87730,10042,12.875965118408203,0.0007609458989463747
centered,-275.0,675.0,23050,20934,87371,10173,13.677361488342285,0.0008083069114945829
centered,-225.0,675.0,23050,20809,86897,10507,14.507863998413086,0.0008573880768381059
centered,-175.0,675.0,23050,20695,86201,10447,15.222012519836426,0.0008995929383672774
centered,-125.0,675.0,23050,20560,85626,10615,16.02185821533203,0.0009468623902648687
centered,-75.0,675.0,23050,20443,85303,10536,16.140602111816406,0.0009538799058645964
centered,-25.0,675.0,23050,20324,84852,10537,14.866350173950195,0.0008785739773884416
centered,25.0,675.0,23050,20183,83879,10381,14.985394477844238,0.0008856092463247478
centered,75.0,675.0,23050,20041,83399,10089,15.40591812133789,0.00091046147281304
centered,125.0,675.0,23050,19918,82775,10048,15.27917766571045,0.000902971311006695
centered,175.0,675.0,23050,19798,82184,9532,13.697748184204102,0.0008095117518678308
centered,225.0,675.0,23050,19654,81385,9117,15.927558898925781,0.0009412894723936915
centered,275.0,675.0,23050,19515,80645,8573,12.43339729309082,0.0007347909267991781
centered,325.0,675.0,23050,19364,79996,7892,12.174769401550293,0.0007195064681582153
centered,375.0,675.0,23050,19211,79072,7159,10.648270606994629,0.000629293208476156
centered,425.0,675.0,23050,19076,78633,6529,9.42124080657959,0.0005567779880948365
centered,475.0,675.0,23050,18929,77845,6137,9.160653114318848,0.0005413777544163167
centered,525.0,675.0,23050,18786,77130,5392,9.760149002075195,0.0005768068949691951
centered,575.0,675.0,23050,18641,76511,4822,8.334712028503418,0.000492566148750484
centered,625.0,675.0,23050,18481,75537,4192,7.617784023284912,0.0004501970252022147
centered,675.0,675.0,23050,18345,74830,3685,7.004052639007568,0.00041392663842998445
centered,725.0,675.0,23050,18187,74160,3402,7.974243640899658,0.00047126313438639045
centered,775.0,675.0,23050,18029,73492,3085,6.80502986907959,0.0004021647619083524
centered,825.0,675.0,23050,17869,72453,2877,7.466010570526123,0.00044122751569375396
centered,875.0,675.0,23050,16989,26443,1005,2.7300846576690674,0.000161342992214486
centered,925.0,675.0,23050,0,0,0,0.0,0.0
centered,975.0,675.0,23050,0,0,0,0.0,0.0
centered,1025.0,675.0,23050,0,0,0,0.0,0.0
centered,1075.0,675.0,23050,0,0,0,0.0,0.0
centered,-1075.0,725.0,23050,0,0,0,0.0,0.0
centered,-1025.0,725.0,23050,0,0,0,0.0,0.0
centered,-975.0,725.0,23050,0,0,0,0.0,0.0
centered,-925.0,725.0,23050,0,0,0,0.0,0.0
centered,-875.0,725.0,23050,0,0,0,0.0,0.0
centered,-825.0,725.0,23050,22135,49733,3165,12.481470108032227,0.0007376319263130426
centered,-775.0,725.0,23050,22056,91496,6291,24.420053482055664,0.0014431802555918694
centered,-725.0,725.0,23050,21963,91057,6465,17.472497940063477,0.0010325924959033728
centered,-675.0,725.0,23050,21869,90735,6777,15.612475395202637,0.0009226686088368297
centered,-625.0,725.0,23050,21743,90152,7083,13.783123970031738,0.0008145573083311319
centered,-575.0,725.0,23050,21617,89469,7595,12.651692390441895,0.0007476917817257345
centered,-525.0,725.0,23050,21506,89307,8019,16.110624313354492,0.0009521082974970341
centered,-475.0,725.0,23050,21399,88631,8236,13.588590621948242,0.000803060713224113
centered,-425.0,725.0,23050,21288,88220,8605,13.101709365844727,0.0007742869202047586
centered,-375.0,725.0,23050,21191,87901,8836,14.41174030303955,0.000851707358378917
centered,-325.0,725.0,23050,21072,87162,9114,12.647026062011719,0.0007474159938283265
centered,-275.0,725.0,23050,20941,87057,9424,13.316849708557129,0.0007870013359934092
centered,-225.0,725.0,23050,20813,86262,9452,12.216065406799316,0.0007219469989649951
centered,-175.0,725.0,23050,20699,85830,9573,14.334251403808594,0.0008471279288642108
centered,-125.0,725.0,23050,20565,84861,9550,14.522896766662598,0.0008582765003666282
centered,-75.0,725.0,23050,20450,84436,9593,14.054178237915039,0.0008305761148221791
centered,-25.0,725.0,23050,20334,84038,9625,13.261747360229492,0.0007837449084036052
centered,25.0,725.0,23050,20193,83139,9591,15.17934513092041,0.000897071382496506
centered,75.0,725.0,23050,20053,82684,9265,14.557466506958008,0.00086031953105703
centered,125.0,725.0,23050,19931,82169,9035,12.886226654052734,0.0007615523063577712
centered,175.0,725.0,23050,19812,81642,8652,12.124547958374023,0.0007165385177358985
centered,225.0,725.0,23050,19670,81161,8181,11.225728988647461,0.0006634199526160955
centered,275.0,725.0,23050,19530,80112,7612,10.856717109680176,0.0006416120450012386
centered,325.0,725.0,23050,19375,79424,7028,10.468029975891113,0.0006186413229443133
centered,375.0,725.0,23050,19229,79032,6528,9.296533584594727,0.0005494080251082778
centered,425.0,725.0,23050,19092,77920,6004,8.930585861206055,0.0005277812015265226
centered,475.0,725.0,23050,18946,77484,5464,7.927821636199951,0.0004685196909122169
centered,525.0,725.0,23050,18804,76667,4934,8.299851417541504,0.0004905059468001127
centered,575.0,725.0,23050,18650,75992,4440,8.554365158081055,0.00050554727204144
centered,625.0,725.0,23050,18502,75184,3916,7.216137409210205,0.00042646046495065093
centered,675.0,725.0,23050,18365,74703,3520,6.684475421905518,0.0003950402024202049
centered,725.0,725.0,23050,18206,73917,3255,6.954748630523682,0.00041101285023614764
centered,775.0,725.0,23050,18043,72954,3043,7.3958048820495605,0.000437078473623842
centered,825.0,725.0,23050,17884,39137,1506,5.448379039764404,0.0003219891805201769
centered,875.0,725.0,23050,0,0,0,0.0,0.0
centered,925.0,725.0,23050,0,0,0,0.0,0.0
centered,975.0,725.0,23050,0,0,0,0.0,0.0
centered,1025.0,725.0,23050,0,0,0,0.0,0.0
centered,1075.0,725.0,23050,0,0,0,0.0,0.0
centered,-1075.0,775.0,23050,0,0,0,0.0,0.0
centered,-1025.0,775.0,23050,0,0,0,0.0,0.0
centered,-975.0,775.0,23050,0,0,0,0.0,0.0
centered,-925.0,775.0,23050,0,0,0,0.0,0.0
centered,-875.0,775.0,23050,0,0,0,0.0,0.0
centered,-825.0,775.0,23050,452,452,39,0.11521078646183014,6.808745638409164e-06
centered,-775.0,775.0,23050,22031,54689,3677,16.634065628051758,0.0009830427588894963
centered,-725.0,775.0,23050,21953,90383,6171,19.930904388427734,0.0011778798652812839
centered,-675.0,775.0,23050,21858,89861,6322,15.602669715881348,0.0009220890933647752
centered,-625.0,775.0,23050,21733,89489,6735,13.472538948059082,0.0007962022791616619
centered,-575.0,775.0,23050,21610,89076,7006,13.738885879516602,0.0008119429112412035
centered,-525.0,775.0,23050,21503,88704,7186,13.033743858337402,0.0007702703005634248
centered,-475.0,775.0,23050,21391,87917,7330,12.774727821350098,0.0007549629081040621
centered,-425.0,775.0,23050,21287,87800,7794,12.544031143188477,0.0007413291605189443
centered,-375.0,775.0,23050,21190,87109,8109,13.111968040466309,0.0007748932112008333
centered,-325.0,775.0,23050,21069,86499,8202,11.347125053405762,0.0006705942214466631
centered,-275.0,775.0,23050,20941,86316,8452,11.966387748718262,0.0007071915315464139
centered,-225.0,775.0,23050,20813,85651,8714,12.931093215942383,0.0007642038399353623
centered,-175.0,775.0,23050,20696,84854,8854,13.824366569519043,0.0008169946377165616
centered,-125.0,775.0,23050,20570,84286,8833,13.447994232177734,0.0007947517442516983
centered,-75.0,775.0,23050,20454,84054,8891,13.308680534362793,0.0007865185616537929
centered,-25.0,775.0,23050,20336,83407,8765,13.94936752319336,0.0008243820047937334
centered,25.0,775.0,23050,20198,82590,8673,13.195539474487305,0.000779832131229341
centered,75.0,775.0,23050,20058,82095,8358,12.968488693237305,0.0007664138684049249
centered,125.0,775.0,23050,19937,81475,8159,12.01659870147705,0.0007101588998921216
centered,175.0,775.0,23050,19818,81009,7788,11.227699279785156,0.0006635363679379225
centered,225.0,775.0,23050,19679,80410,7344,10.021242141723633,0.0005922369891777635
centered,275.0,775.0,23050,19538,79655,6937,9.525073051452637,0.0005629142979159951
centered,325.0,775.0,23050,19384,78949,6514,9.552016258239746,0.0005645066266879439
centered,375.0,775.0,23050,19241,78494,6039,9.701665878295898,0.0005733506404794753
centered,425.0,775.0,23050,19101,77479,5440,9.1317777633667,0.0005396712804213166
centered,475.0,775.0,23050,18957,77197,4933,9.028202056884766,0.0005335501627996564
centered,525.0,775.0,23050,18822,76214,4424,7.620052337646484,0.00045033107744529843
centered,575.0,775.0,23050,18666,75601,3953,7.327683448791504,0.0004330526280682534
centered,625.0,775.0,23050,18518,74747,3620,6.289201259613037,0.0003716802457347512
centered,675.0,775.0,23050,18380,74093,3384,6.647113800048828,0.0003928322112187743
centered,725.0,775.0,23050,18229,73410,3208,9.15976619720459,0.0005413253675214946
centered,775.0,775.0,23050,18062,43718,1805,6.410633563995361,0.0003788566682487726
centered,825.0,775.0,23050,331,331,10,0.01312912255525589,7.759070399515622e-07
centered,875.0,775.0,23050,0,0,0,0.0,0.0
centered,925.0,775.0,23050,0,0,0,0.0,0.0
centered,975.0,775.0,23050,0,0,0,0.0,0.0
centered,1025.0,775.0,23050,0,0,0,0.0,0.0
centered,1075.0,775.0,23050,0,0,0,0.0,0.0
centered,-1075.0,825.0,23050,0,0,0,0.0,0.0
centered,-1025.0,825.0,23050,0,0,0,0.0,0.0
centered,-975.0,825.0,23050,0,0,0,0.0,0.0
centered,-925.0,825.0,23050,0,0,0,0.0,0.0
centered,-875.0,825.0,23050,0,0,0,0.0,0.0
centered,-825.0,825.0,23050,0,0,0,0.0,0.0
centered,-775.0,825.0,23050,387,387,24,0.06223655119538307,3.6780656955670565e-06
centered,-725.0,825.0,23050,21912,48683,3182,15.275228500366211,0.0009027379564940929
centered,-675.0,825.0,23050,21842,89450,6091,17.07305145263672,0.0010089859133586287
centered,-625.0,825.0,23050,21724,88914,6356,17.74251937866211,0.0010485502425581217
centered,-575.0,825.0,23050,21605,88677,6564,16.407135009765625,0.0009696315391920507
centered,-525.0,825.0,23050,21501,88054,6606,13.070296287536621,0.0007724305032752454
centered,-475.0,825.0,23050,21381,87246,6667,14.212130546569824,0.0008399108191952109
centered,-425.0,825.0,23050,21283,86882,6981,12.813420295715332,0.0007572495960630476
centered,-375.0,825.0,23050,21187,86602,7331,11.466769218444824,0.0006776649970561266
centered,-325.0,825.0,23050,21070,86327,7506,11.473336219787598,0.0006780530675314367
centered,-275.0,825.0,23050,20940,85679,7673,12.897738456726074,0.0007622326374985278
centered,-225.0,825.0,23050,20814,85154,7928,11.96545696258545,0.0007071365253068507
centered,-175.0,825.0,23050,20697,84815,8061,11.62447738647461,0.0006869852659292519
centered,-125.0,825.0,23050,20572,84250,8101,11.709427833557129,0.0006920056766830385
centered,-75.0,825.0,23050,20453,83807,7943,11.491936683654785,0.0006791523192077875
centered,-25.0,825.0,23050,20340,83110,7955,12.595342636108398,0.0007443616050295532
centered,25.0,825.0,23050,20203,82364,7680,12.323980331420898,0.0007283245795406401
centered,75.0,825.0,23050,20064,81830,7462,11.224564552307129,0.0006633511511608958
centered,125.0,825.0,23050,19946,81331,7210,11.398265838623047,0.0006736165378242731
centered,175.0,825.0,23050,19827,80996,7040,10.333795547485352,0.0006107083172537386
centered,225.0,825.0,23050,19691,80150,6533,9.222354888916016,0.0005450242315419018
centered,275.0,825.0,23050,19552,79158,6213,9.438976287841797,0.0005578261334449053
centered,325.0,825.0,23050,19397,78700,5878,9.80437183380127,0.0005794203607365489
centered,375.0,825.0,23050,19256,77889,5463,9.9214448928833,0.0005863391561433673
centered,425.0,825.0,23050,19112,77245,4917,7.813211441040039,0.00046174644376151264
centered,475.0,825.0,23050,18976,76503,4563,7.974977016448975,0.0004713064699899405
centered,525.0,825.0,23050,18831,75786,4161,8.451543807983398,0.0004994706832803786
centered,575.0,825.0,23050,18683,75002,3727,8.038517951965332,0.0004750616499222815
centered,625.0,825.0,23050,18534,74664,3459,8.122722625732422,0.0004800379683729261
centered,675.0,825.0,23050,18390,73817,3281,9.843391418457031,0.0005817263154312968
centered,725.0,825.0,23050,18236,39797,1705,7.558883190155029,0.00044671609066426754
centered,775.0,825.0,23050,380,380,13,0.012174787931144238,7.195075681920571e-07
centered,825.0,825.0,23050,0,0,0,0.0,0.0
centered,875.0,825.0,23050,0,0,0,0.0,0.0
centered,925.0,825.0,23050,0,0,0,0.0,0.0
centered,975.0,825.0,23050,0,0,0,0.0,0.0
centered,1025.0,825.0,23050,0,0,0,0.0,0.0
centered,1075.0,825.0,23050,0,0,0,0.0,0.0
centered,-1075.0,875.0,23050,0,0,0,0.0,0.0
centered,-1025.0,875.0,23050,0,0,0,0.0,0.0
centered,-975.0,875.0,23050,0,0,0,0.0,0.0
centered,-925.0,875.0,23050,0,0,0,0.0,0.0
centered,-875.0,875.0,23050,0,0,0,0.0,0.0
centered,-825.0,875.0,23050,0,0,0,0.0,0.0
centered,-775.0,875.0,23050,0,0,0,0.0,0.0
centered,-725.0,875.0,23050,0,0,0,0.0,0.0
centered,-675.0,875.0,23050,20603,32505,2166,8.970263481140137,0.0005301260971464217
centered,-625.0,875.0,23050,21718,84442,5627,19.485530853271484,0.0011515590595081449
centered,-575.0,875.0,23050,21601,87688,6105,19.42951011657715,0.0011482483241707087
centered,-525.0,875.0,23050,21495,87316,6069,13.773011207580566,0.0008139596320688725
centered,-475.0,875.0,23050,21377,86969,6235,15.268547058105469,0.000902343075722456
centered,-425.0,875.0,23050,21284,86605,6449,13.419285774230957,0.0007930551073513925
centered,-375.0,875.0,23050,21183,86288,6621,11.244674682617188,0.000664539635181427
centered,-325.0,875.0,23050,21066,85768,6892,10.774886131286621,0.000636775977909565
centered,-275.0,875.0,23050,20934,84979,7040,12.178832054138184,0.0007197465747594833
centered,-225.0,875.0,23050,20816,84402,7253,11.875214576721191,0.000701803364790976
centered,-175.0,875.0,23050,20697,83875,7306,12.46138858795166,0.0007364451885223389
centered,-125.0,875.0,23050,20574,83526,7280,11.26541519165039,0.0006657653138972819
centered,-75.0,875.0,23050,20454,83130,7287,11.049610137939453,0.0006530116661451757
centered,-25.0,875.0,23050,20341,82591,7127,11.074007987976074,0.0006544535281136632
centered,25.0,875.0,23050,20206,81846,6867,11.368551254272461,0.0006718604709021747
centered,75.0,875.0,23050,20069,81200,6713,10.103910446166992,0.0005971225327812135
centered,125.0,875.0,23050,19951,80674,6483,10.41330623626709,0.0006154072470963001
centered,175.0,875.0,23050,19833,80171,6283,10.184638023376465,0.000601893407292664
centered,225.0,875.0,23050,19700,79465,5947,9.119683265686035,0.0005389565485529602
centered,275.0,875.0,23050,19563,78863,5696,9.554875373840332,0.0005646755453199148
centered,325.0,875.0,23050,19403,78165,5299,9.222253799438477,0.0005450182361528277
centered,375.0,875.0,23050,19266,77566,4920,9.387083053588867,0.0005547593464143574
centered,425.0,875.0,23050,19122,77042,4526,8.509392738342285,0.0005028894520364702
centered,475.0,875.0,23050,18987,76088,4238,9.153886795043945,0.0005409778677858412
centered,525.0,875.0,23050,18845,75745,3877,8.067239761352539,0.0004767590435221791
centered,575.0,875.0,23050,18696,74394,3569,10.078499794006348,0.000595620833337307
centered,625.0,875.0,23050,18553,70901,3218,11.782089233398438,0.0006962998304516077
centered,675.0,875.0,23050,17281,26961,1154,4.299108028411865,0.0002540693967603147
centered,725.0,875.0,23050,0,0,0,0.0,0.0
centered,775.0,875.0,23050,0,0,0,0.0,0.0
centered,825.0,875.0,23050,0,0,0,0.0,0.0
centered,875.0,875.0,23050,0,0,0,0.0,0.0
centered,925.0,875.0,23050,0,0,0,0.0,0.0
centered,975.0,875.0,23050,0,0,0,0.0,0.0
centered,1025.0,875.0,23050,0,0,0,0.0,0.0
centered,1075.0,875.0,23050,0,0,0,0.0,0.0
centered,-1075.0,925.0,23050,0,0,0,0.0,0.0
centered,-1025.0,925.0,23050,0,0,0,0.0,0.0
centered,-975.0,925.0,23050,0,0,0,0.0,0.0
centered,-925.0,925.0,23050,0,0,0,0.0,0.0
centered,-875.0,925.0,23050,0,0,0,0.0,0.0
centered,-825.0,925.0,23050,0,0,0,0.0,0.0
centered,-775.0,925.0,23050,0,0,0,0.0,0.0
centered,-725.0,925.0,23050,0,0,0,0.0,0.0
centered,-675.0,925.0,23050,0,0,0,0.0,0.0
centered,-625.0,925.0,23050,11244,12626,862,3.0984718799591064,0.00018311399617232382
centered,-575.0,925.0,23050,21591,65687,4289,19.544246673583984,0.0011550290510058403
centered,-525.0,925.0,23050,21486,86572,5754,21.735132217407227,0.0012845064047724009
centered,-475.0,925.0,23050,21372,86629,5906,16.580278396606445,0.00097986392211169
centered,-425.0,925.0,23050,21284,85901,6008,13.182223320007324,0.000779045163653791
centered,-375.0,925.0,23050,21187,85478,6182,13.447386741638184,0.0007947158301249146
centered,-325.0,925.0,23050,21069,85203,6360,16.19541358947754,0.0009571191621944308
centered,-275.0,925.0,23050,20937,84411,6392,11.85996150970459,0.0007009019027464092
centered,-225.0,925.0,23050,20821,84125,6579,12.342813491821289,0.0007294375682249665
centered,-175.0,925.0,23050,20703,83622,6624,10.99698543548584,0.0006499016308225691
centered,-125.0,925.0,23050,20580,83148,6593,11.198948860168457,0.0006618372863158584
centered,-75.0,925.0,23050,20459,82744,6512,10.764886856079102,0.0006361850537359715
centered,-25.0,925.0,23050,20347,82310,6333,9.678045272827148,0.0005719547043554485
centered,25.0,925.0,23050,20213,81570,6272,12.40894603729248,0.0007333459216170013
centered,75.0,925.0,23050,20078,80890,6112,9.434840202331543,0.0005575817194767296
centered,125.0,925.0,23050,19961,80439,5946,10.38525676727295,0.0006137496093288064
centered,175.0,925.0,23050,19844,79767,5707,10.3956298828125,0.0006143625942058861
centered,225.0,925.0,23050,19710,79297,5474,9.11075496673584,0.0005384288961067796
centered,275.0,925.0,23050,19575,78535,5317,10.257638931274414,0.0006062075844965875
centered,325.0,925.0,23050,19412,77741,4909,11.825976371765137,0.00069889344740659
centered,375.0,925.0,23050,19276,76972,4463,9.430940628051758,0.0005573512753471732
centered,425.0,925.0,23050,19137,76443,4213,9.042835235595703,0.0005344149540178478
centered,475.0,925.0,23050,19000,75724,3924,10.19620132446289,0.0006025767652317882
centered,525.0,925.0,23050,18857,75083,3612,9.561046600341797,0.0005650402745231986
centered,575.0,925.0,23050,18710,56158,2594,10.556139945983887,0.0006238484638743103
centered,625.0,925.0,23050,9537,10631,451,1.2247498035430908,7.238046237034723e-05
centered,675.0,925.0,23050,0,0,0,0.0,0.0
centered,725.0,925.0,23050,0,0,0,0.0,0.0
centered,775.0,925.0,23050,0,0,0,0.0,0.0
centered,825.0,925.0,23050,0,0,0,0.0,0.0
centered,875.0,925.0,23050,0,0,0,0.0,0.0
centered,925.0,925.0,23050,0,0,0,0.0,0.0
centered,975.0,925.0,23050,0,0,0,0.0,0.0
centered,1025.0,925.0,23050,0,0,0,0.0,0.0
centered,1075.0,925.0,23050,0,0,0,0.0,0.0
centered,-1075.0,975.0,23050,0,0,0,0.0,0.0
centered,-1025.0,975.0,23050,0,0,0,0.0,0.0
centered,-975.0,975.0,23050,0,0,0,0.0,0.0
centered,-925.0,975.0,23050,0,0,0,0.0,0.0
centered,-875.0,975.0,23050,0,0,0,0.0,0.0
centered,-825.0,975.0,23050,0,0,0,0.0,0.0
centered,-775.0,975.0,23050,0,0,0,0.0,0.0
centered,-725.0,975.0,23050,0,0,0,0.0,0.0
centered,-675.0,975.0,23050,0,0,0,0.0,0.0
centered,-625.0,975.0,23050,0,0,0,0.0,0.0
centered,-575.0,975.0,23050,187,187,7,0.02838747762143612,1.6776477878011065e-06
centered,-525.0,975.0,23050,18308,28466,1849,8.928577423095703,0.0005276625161059201
centered,-475.0,975.0,23050,21364,71554,4586,15.595365524291992,0.0009216574253514409
centered,-425.0,975.0,23050,21279,85583,5473,14.974101066589355,0.000884941837284714
centered,-375.0,975.0,23050,21181,85170,5545,13.841110229492188,0.0008179841679520905
centered,-325.0,975.0,23050,21061,84621,5567,13.996170997619629,0.0008271479746326804
centered,-275.0,975.0,23050,20925,83909,5700,10.986418724060059,0.0006492771790362895
centered,-225.0,975.0,23050,20818,83596,5850,13.147100448608398,0.0007769694784656167
centered,-175.0,975.0,23050,20701,83065,5866,13.042804718017578,0.0007708058110438287
centered,-125.0,975.0,23050,20576,82393,5841,11.783234596252441,0.0006963675259612501
centered,-75.0,975.0,23050,20457,81863,5845,10.629732131958008,0.0006281976238824427
centered,-25.0,975.0,23050,20347,81504,5753,10.52237606048584,0.0006218531052581966
centered,25.0,975.0,23050,20214,80796,5715,10.248617172241211,0.0006056744605302811
centered,75.0,975.0,23050,20078,80097,5666,11.532306671142578,0.0006815381348133087
centered,125.0,975.0,23050,19963,79708,5444,10.478950500488281,0.0006192867294885218
centered,175.0,975.0,23050,19848,79332,5312,9.792075157165527,0.0005786936380900443
centered,225.0,975.0,23050,19715,78780,5122,10.585221290588379,0.0006255671032704413
centered,275.0,975.0,23050,19578,78176,4912,11.59188461303711,0.0006850590580143034
centered,325.0,975.0,23050,19424,77186,4529,12.253386497497559,0.0007241526036523283
centered,375.0,975.0,23050,19291,76778,4244,12.02775764465332,0.0007108183926902711
centered,425.0,975.0,23050,19145,76047,3993,15.048455238342285,0.0008893360500223935
centered,475.0,975.0,23050,19011,62834,3175,13.041754722595215,0.000770743761677295
centered,525.0,975.0,23050,16113,24738,1147,5.3571929931640625,0.00031660025706514716
centered,575.0,975.0,23050,173,173,8,0.007574564311653376,4.476428330235649e-07
centered,625.0,975.0,23050,0,0,0,0.0,0.0
centered,675.0,975.0,23050,0,0,0,0.0,0.0
centered,725.0,975.0,23050,0,0,0,0.0,0.0
centered,775.0,975.0,23050,0,0,0,0.0,0.0
centered,825.0,975.0,23050,0,0,0,0.0,0.0
centered,875.0,975.0,23050,0,0,0,0.0,0.0
centered,925.0,975.0,23050,0,0,0,0.0,0.0
centered,975.0,975.0,23050,0,0,0,0.0,0.0
centered,1025.0,975.0,23050,0,0,0,0.0,0.0
centered,1075.0,975.0,23050,0,0,0,0.0,0.0
centered,-1075.0,1025.0,23050,0,0,0,0.0,0.0
centered,-1025.0,1025.0,23050,0,0,0,0.0,0.0
centered,-975.0,1025.0,23050,0,0,0,0.0,0.0
centered,-925.0,1025.0,23050,0,0,0,0.0,0.0
centered,-875.0,1025.0,23050,0,0,0,0.0,0.0
centered,-825.0,1025.0,23050,0,0,0,0.0,0.0
centered,-775.0,1025.0,23050,0,0,0,0.0,0.0
centered,-725.0,1025.0,23050,0,0,0,0.0,0.0
centered,-675.0,1025.0,23050,0,0,0,0.0,0.0
centered,-625.0,1025.0,23050,0,0,0,0.0,0.0
centered,-575.0,1025.0,23050,0,0,0,0.0,0.0
centered,-525.0,1025.0,23050,0,0,0,0.0,0.0
centered,-475.0,1025.0,23050,509,509,28,0.04310200363397598,2.5472490960964933e-06
centered,-425.0,1025.0,23050,15313,24569,1493,7.82828426361084,0.0004626372247003019
centered,-375.0,1025.0,23050,21180,57548,3486,11.887295722961426,0.0007025173399597406
centered,-325.0,1025.0,23050,21054,81262,5009,16.892406463623047,0.0009983101626858115
centered,-275.0,1025.0,23050,20923,83384,5349,15.533666610717773,0.0009180111228488386
centered,-225.0,1025.0,23050,20819,82984,5457,14.980508804321289,0.000885320536326617
centered,-175.0,1025.0,23050,20704,82253,5357,12.92116641998291,0.0007636171649210155
centered,-125.0,1025.0,23050,20574,81999,5489,14.498842239379883,0.0008568549528717995
centered,-75.0,1025.0,23050,20453,81310,5443,11.957818984985352,0.0007066851248964667
centered,-25.0,1025.0,23050,20349,80980,5305,12.47050952911377,0.0007369841914623976
centered,25.0,1025.0,23050,20217,80230,5222,11.771402359008789,0.0006956682191230357
centered,75.0,1025.0,23050,20081,79576,5159,11.457313537597656,0.0006771061453036964
centered,125.0,1025.0,23050,19968,79216,4980,11.829899787902832,0.0006991253467276692
centered,175.0,1025.0,23050,19854,78646,4817,10.797998428344727,0.0006381418788805604
centered,225.0,1025.0,23050,19724,78140,4640,11.339665412902832,0.0006701533566229045
centered,275.0,1025.0,23050,19586,77640,4460,12.908695220947266,0.0007628801395185292
centered,325.0,1025.0,23050,19437,74522,3995,16.315832138061523,0.0009642356890253723
centered,375.0,1025.0,23050,19297,51872,2738,11.207695007324219,0.00066235417034477
centered,425.0,1025.0,23050,13791,21914,1116,3.179499387741089,0.00018790256581269205
centered,475.0,1025.0,23050,465,465,28,0.037682488560676575,2.2269657620199723e-06
centered,525.0,1025.0,23050,0,0,0,0.0,0.0
centered,575.0,1025.0,23050,0,0,0,0.0,0.0
centered,625.0,1025.0,23050,0,0,0,0.0,0.0
centered,675.0,1025.0,23050,0,0,0,0.0,0.0
centered,725.0,1025.0,23050,0,0,0,0.0,0.0
centered,775.0,1025.0,23050,0,0,0,0.0,0.0
centered,825.0,1025.0,23050,0,0,0,0.0,0.0
centered,875.0,1025.0,23050,0,0,0,0.0,0.0
centered,925.0,1025.0,23050,0,0,0,0.0,0.0
centered,975.0,1025.0,23050,0,0,0,0.0,0.0
centered,1025.0,1025.0,23050,0,0,0,0.0,0.0
centered,1075.0,1025.0,23050,0,0,0,0.0,0.0
centered,-1075.0,1075.0,23050,0,0,0,0.0,0.0
centered,-1025.0,1075.0,23050,0,0,0,0.0,0.0
centered,-975.0,1075.0,23050,0,0,0,0.0,0.0
centered,-925.0,1075.0,23050,0,0,0,0.0,0.0
centered,-875.0,1075.0,23050,0,0,0,0.0,0.0
centered,-825.0,1075.0,23050,0,0,0,0.0,0.0
centered,-775.0,1075.0,23050,0,0,0,0.0,0.0
centered,-725.0,1075.0,23050,0,0,0,0.0,0.0
centered,-675.0,1075.0,23050,0,0,0,0.0,0.0
centered,-625.0,1075.0,23050,0,0,0,0.0,0.0
centered,-575.0,1075.0,23050,0,0,0,0.0,0.0
centered,-525.0,1075.0,23050,0,0,0,0.0,0.0
centered,-475.0,1075.0,23050,0,0,0,0.0,0.0
centered,-425.0,1075.0,23050,0,0,0,0.0,0.0
centered,-375.0,1075.0,23050,0,0,0,0.0,0.0
centered,-325.0,1075.0,23050,3777,3952,248,0.936400830745697,5.533956937142648e-05
centered,-275.0,1075.0,23050,13882,24925,1599,4.89374303817749,0.0002892112242989242
centered,-225.0,1075.0,23050,20770,44089,2704,9.579383850097656,0.0005661239847540855
centered,-175.0,1075.0,23050,20700,59094,3632,14.953219413757324,0.0008837077766656876
centered,-125.0,1075.0,23050,20573,70009,4448,13.272306442260742,0.0007843688945285976
centered,-75.0,1075.0,23050,20451,76729,4782,12.493010520935059,0.0007383139454759657
centered,-25.0,1075.0,23050,20350,80034,4990,13.965964317321777,0.0008253628038801253
centered,25.0,1075.0,23050,20218,79336,4982,15.990007400512695,0.000944980070926249
centered,75.0,1075.0,23050,20084,75109,4629,12.953630447387695,0.0007655357476323843
centered,125.0,1075.0,23050,19968,67724,4020,12.512654304504395,0.0007394748972728848
centered,175.0,1075.0,23050,19859,56518,3312,11.428083419799805,0.0006753787165507674
centered,225.0,1075.0,23050,19681,41500,2359,8.568422317504883,0.000506378011777997
centered,275.0,1075.0,23050,12999,23174,1208,3.6222991943359375,0.00021407123131211847
centered,325.0,1075.0,23050,3447,3595,176,0.6364962458610535,3.7615758628817275e-05
centered,375.0,1075.0,23050,0,0,0,0.0,0.0
centered,425.0,1075.0,23050,0,0,0,0.0,0.0
centered,475.0,1075.0,23050,0,0,0,0.0,0.0
centered,525.0,1075.0,23050,0,0,0,0.0,0.0
centered,575.0,1075.0,23050,0,0,0,0.0,0.0
centered,625.0,1075.0,23050,0,0,0,0.0,0.0
centered,675.0,1075.0,23050,0,0,0,0.0,0.0
centered,725.0,1075.0,23050,0,0,0,0.0,0.0
centered,775.0,1075.0,23050,0,0,0,0.0,0.0
centered,825.0,1075.0,23050,0,0,0,0.0,0.0
centered,875.0,1075.0,23050,0,0,0,0.0,0.0
centered,925.0,1075.0,23050,0,0,0,0.0,0.0
centered,975.0,1075.0,23050,0,0,0,0.0,0.0
centered,1025.0,1075.0,23050,0,0,0,0.0,0.0
centered,1075.0,1075.0,23050,0,0,0,0.0,0.0
motion_relative,-1075.0,-1075.0,23050,0,0,0,0.0,0.0
motion_relative,-1025.0,-1075.0,23050,0,0,0,0.0,0.0
motion_relative,-975.0,-1075.0,23050,0,0,0,0.0,0.0
motion_relative,-925.0,-1075.0,23050,0,0,0,0.0,0.0
motion_relative,-875.0,-1075.0,23050,0,0,0,0.0,0.0
motion_relative,-825.0,-1075.0,23050,0,0,0,0.0,0.0
motion_relative,-775.0,-1075.0,23050,0,0,0,0.0,0.0
motion_relative,-725.0,-1075.0,23050,0,0,0,0.0,0.0
motion_relative,-675.0,-1075.0,23050,0,0,0,0.0,0.0
motion_relative,-625.0,-1075.0,23050,0,0,0,0.0,0.0
motion_relative,-575.0,-1075.0,23050,0,0,0,0.0,0.0
motion_relative,-525.0,-1075.0,23050,0,0,0,0.0,0.0
motion_relative,-475.0,-1075.0,23050,0,0,0,0.0,0.0
motion_relative,-425.0,-1075.0,23050,0,0,0,0.0,0.0
motion_relative,-375.0,-1075.0,23050,0,0,0,0.0,0.0
motion_relative,-325.0,-1075.0,23050,4359,4374,221,1.13084876537323,6.68310749460943e-05
motion_relative,-275.0,-1075.0,23050,19870,28179,1387,6.6927971839904785,0.0003955319698434323
motion_relative,-225.0,-1075.0,23050,21967,50719,2362,10.24974536895752,0.0006057410500943661
motion_relative,-175.0,-1075.0,23050,21998,68538,3191,14.789546012878418,0.0008740348857827485
motion_relative,-125.0,-1075.0,23050,22037,82470,3718,15.523448944091797,0.0009174072183668613
motion_relative,-75.0,-1075.0,23050,22063,91693,3976,15.638656616210938,0.0009242157684639096
motion_relative,-25.0,-1075.0,23050,22082,96877,4071,16.458721160888672,0.0009726800490170717
motion_relative,25.0,-1075.0,23050,22100,97261,3979,19.491188049316406,0.00115189328789711
motion_relative,75.0,-1075.0,23050,22124,93365,3750,20.81381607055664,0.0012300581438466907
motion_relative,125.0,-1075.0,23050,22123,85048,3237,13.797429084777832,0.0008154025999829173
motion_relative,175.0,-1075.0,23050,22141,71865,2764,12.31064510345459,0.0007275363896042109
motion_relative,225.0,-1075.0,23050,22130,53515,2025,10.51166820526123,0.0006212202133610845
motion_relative,275.0,-1075.0,23050,20323,30420,1088,6.337403774261475,0.0003745288704521954
motion_relative,325.0,-1075.0,23050,4759,4778,144,0.6821917295455933,4.031627395306714e-05
motion_relative,375.0,-1075.0,23050,0,0,0,0.0,0.0
motion_relative,425.0,-1075.0,23050,0,0,0,0.0,0.0
motion_relative,475.0,-1075.0,23050,0,0,0,0.0,0.0
motion_relative,525.0,-1075.0,23050,0,0,0,0.0,0.0
motion_relative,575.0,-1075.0,23050,0,0,0,0.0,0.0
motion_relative,625.0,-1075.0,23050,0,0,0,0.0,0.0
motion_relative,675.0,-1075.0,23050,0,0,0,0.0,0.0
motion_relative,725.0,-1075.0,23050,0,0,0,0.0,0.0
motion_relative,775.0,-1075.0,23050,0,0,0,0.0,0.0
motion_relative,825.0,-1075.0,23050,0,0,0,0.0,0.0
motion_relative,875.0,-1075.0,23050,0,0,0,0.0,0.0
motion_relative,925.0,-1075.0,23050,0,0,0,0.0,0.0
motion_relative,975.0,-1075.0,23050,0,0,0,0.0,0.0
motion_relative,1025.0,-1075.0,23050,0,0,0,0.0,0.0
motion_relative,1075.0,-1075.0,23050,0,0,0,0.0,0.0
motion_relative,-1075.0,-1025.0,23050,0,0,0,0.0,0.0
motion_relative,-1025.0,-1025.0,23050,0,0,0,0.0,0.0
motion_relative,-975.0,-1025.0,23050,0,0,0,0.0,0.0
motion_relative,-925.0,-1025.0,23050,0,0,0,0.0,0.0
motion_relative,-875.0,-1025.0,23050,0,0,0,0.0,0.0
motion_relative,-825.0,-1025.0,23050,0,0,0,0.0,0.0
motion_relative,-775.0,-1025.0,23050,0,0,0,0.0,0.0
motion_relative,-725.0,-1025.0,23050,0,0,0,0.0,0.0
motion_relative,-675.0,-1025.0,23050,0,0,0,0.0,0.0
motion_relative,-625.0,-1025.0,23050,0,0,0,0.0,0.0
motion_relative,-575.0,-1025.0,23050,0,0,0,0.0,0.0
motion_relative,-525.0,-1025.0,23050,0,0,0,0.0,0.0
motion_relative,-475.0,-1025.0,23050,612,612,34,0.220034658908844,1.3003642379771918e-05
motion_relative,-425.0,-1025.0,23050,19407,26572,1391,7.527481555938721,0.0004448602849151939
motion_relative,-375.0,-1025.0,23050,21829,63413,3265,12.419845581054688,0.0007339899893850088
motion_relative,-325.0,-1025.0,23050,21874,90760,4617,16.233144760131836,0.000959348923061043
motion_relative,-275.0,-1025.0,23050,21906,94259,4732,17.954177856445312,0.0010610588360577822
motion_relative,-225.0,-1025.0,23050,21919,94535,4623,14.707897186279297,0.0008692095871083438
motion_relative,-175.0,-1025.0,23050,21935,95506,4646,14.273856163024902,0.0008435585768893361
motion_relative,-125.0,-1025.0,23050,21963,95809,4551,13.439506530761719,0.0007942500524222851
motion_relative,-75.0,-1025.0,23050,21995,96661,4432,11.432159423828125,0.0006756195216439664
motion_relative,-25.0,-1025.0,23050,22009,97198,4264,12.551921844482422,0.0007417954038828611
motion_relative,25.0,-1025.0,23050,22021,97915,4057,10.341339111328125,0.000611154071521014
motion_relative,75.0,-1025.0,23050,22040,98659,4034,10.537070274353027,0.0006227213889360428
motion_relative,125.0,-1025.0,23050,22060,99182,3928,11.085082054138184,0.0006551078986376524
motion_relative,175.0,-1025.0,23050,22085,99834,3854,10.098359107971191,0.0005967944161966443
motion_relative,225.0,-1025.0,23050,22107,100336,3817,12.2864351272583,0.0007261056452989578
motion_relative,275.0,-1025.0,23050,22115,101156,3564,11.597870826721191,0.0006854127859696746
motion_relative,325.0,-1025.0,23050,22116,98460,3351,17.029203414916992,0.0010063945082947612
motion_relative,375.0,-1025.0,23050,22102,69604,2385,12.443845748901367,0.0007354083354584873
motion_relative,425.0,-1025.0,23050,20262,29613,979,4.5924882888793945,0.0002714075963012874
motion_relative,475.0,-1025.0,23050,621,621,22,0.14014343917369843,8.282218914246187e-06
motion_relative,525.0,-1025.0,23050,0,0,0,0.0,0.0
motion_relative,575.0,-1025.0,23050,0,0,0,0.0,0.0
motion_relative,625.0,-1025.0,23050,0,0,0,0.0,0.0
motion_relative,675.0,-1025.0,23050,0,0,0,0.0,0.0
motion_relative,725.0,-1025.0,23050,0,0,0,0.0,0.0
motion_relative,775.0,-1025.0,23050,0,0,0,0.0,0.0
motion_relative,825.0,-1025.0,23050,0,0,0,0.0,0.0
motion_relative,875.0,-1025.0,23050,0,0,0,0.0,0.0
motion_relative,925.0,-1025.0,23050,0,0,0,0.0,0.0
motion_relative,975.0,-1025.0,23050,0,0,0,0.0,0.0
motion_relative,1025.0,-1025.0,23050,0,0,0,0.0,0.0
motion_relative,1075.0,-1025.0,23050,0,0,0,0.0,0.0
motion_relative,-1075.0,-975.0,23050,0,0,0,0.0,0.0
motion_relative,-1025.0,-975.0,23050,0,0,0,0.0,0.0
motion_relative,-975.0,-975.0,23050,0,0,0,0.0,0.0
motion_relative,-925.0,-975.0,23050,0,0,0,0.0,0.0
motion_relative,-875.0,-975.0,23050,0,0,0,0.0,0.0
motion_relative,-825.0,-975.0,23050,0,0,0,0.0,0.0
motion_relative,-775.0,-975.0,23050,0,0,0,0.0,0.0
motion_relative,-725.0,-975.0,23050,0,0,0,0.0,0.0
motion_relative,-675.0,-975.0,23050,0,0,0,0.0,0.0
motion_relative,-625.0,-975.0,23050,0,0,0,0.0,0.0
motion_relative,-575.0,-975.0,23050,222,222,9,0.011694924905896187,6.911485002092377e-07
motion_relative,-525.0,-975.0,23050,20386,30048,1606,5.590914726257324,0.00033041276037693024
motion_relative,-475.0,-975.0,23050,21723,76211,4140,18.551204681396484,0.0010963419917970896
motion_relative,-425.0,-975.0,23050,21754,92444,4979,18.92951202392578,0.001118699205107987
motion_relative,-375.0,-975.0,23050,21780,92844,5081,15.07873249053955,0.0008911252953112125
motion_relative,-325.0,-975.0,23050,21792,93384,5050,13.471929550170898,0.0007961661904118955
motion_relative,-275.0,-975.0,23050,21826,93897,4952,12.042756080627441,0.0007117046625353396
motion_relative,-225.0,-975.0,23050,21843,94540,4918,12.431558609008789,0.0007346821948885918
motion_relative,-175.0,-975.0,23050,21859,95307,4975,12.301761627197266,0.0007270114147104323
motion_relative,-125.0,-975.0,23050,21873,95954,4890,11.193241119384766,0.0006614999147132039
motion_relative,-75.0,-975.0,23050,21893,96254,4635,10.067465782165527,0.0005949686747044325
motion_relative,-25.0,-975.0,23050,21928,97131,4523,10.185643196105957,0.0006019527208991349
motion_relative,25.0,-975.0,23050,21939,97500,4462,7.804421424865723,0.0004612269112840295
motion_relative,75.0,-975.0,23050,21956,98142,4242,9.291219711303711,0.0005490939365699887
motion_relative,125.0,-975.0,23050,21984,99167,4053,8.269722938537598,0.0004887253744527698
motion_relative,175.0,-975.0,23050,22004,99646,3994,10.108024597167969,0.0005973656079731882
motion_relative,225.0,-975.0,23050,22015,100189,3870,9.699186325073242,0.0005732040153816342
motion_relative,275.0,-975.0,23050,22030,100761,3660,10.336984634399414,0.0006108967354521155
motion_relative,325.0,-975.0,23050,22042,101737,3427,9.808927536010742,0.0005796895129606128
motion_relative,375.0,-975.0,23050,22048,102190,3446,11.545225143432617,0.0006823015282861888
motion_relative,425.0,-975.0,23050,22050,102734,3475,15.552206993103027,0.0009191067656502128
motion_relative,475.0,-975.0,23050,22044,86243,2904,13.946698188781738,0.000824224145617336
motion_relative,525.0,-975.0,23050,21098,34155,1112,5.43458890914917,0.000321174185955897
motion_relative,575.0,-975.0,23050,227,227,6,0.012062547728419304,7.128743391149328e-07
motion_relative,625.0,-975.0,23050,0,0,0,0.0,0.0
motion_relative,675.0,-975.0,23050,0,0,0,0.0,0.0
motion_relative,725.0,-975.0,23050,0,0,0,0.0,0.0
motion_relative,775.0,-975.0,23050,0,0,0,0.0,0.0
motion_relative,825.0,-975.0,23050,0,0,0,0.0,0.0
motion_relative,875.0,-975.0,23050,0,0,0,0.0,0.0
motion_relative,925.0,-975.0,23050,0,0,0,0.0,0.0
motion_relative,975.0,-975.0,23050,0,0,0,0.0,0.0
motion_relative,1025.0,-975.0,23050,0,0,0,0.0,0.0
motion_relative,1075.0,-975.0,23050,0,0,0,0.0,0.0
motion_relative,-1075.0,-925.0,23050,0,0,0,0.0,0.0
motion_relative,-1025.0,-925.0,23050,0,0,0,0.0,0.0
motion_relative,-975.0,-925.0,23050,0,0,0,0.0,0.0
motion_relative,-925.0,-925.0,23050,0,0,0,0.0,0.0
motion_relative,-875.0,-925.0,23050,0,0,0,0.0,0.0
motion_relative,-825.0,-925.0,23050,0,0,0,0.0,0.0
motion_relative,-775.0,-925.0,23050,0,0,0,0.0,0.0
motion_relative,-725.0,-925.0,23050,0,0,0,0.0,0.0
motion_relative,-675.0,-925.0,23050,0,0,0,0.0,0.0
motion_relative,-625.0,-925.0,23050,12236,12877,759,4.330190181732178,0.000255906255915761
motion_relative,-575.0,-925.0,23050,21584,67922,3948,16.828401565551758,0.000994527479633689
motion_relative,-525.0,-925.0,23050,21620,90659,5207,16.661937713623047,0.0009846898028627038
motion_relative,-475.0,-925.0,23050,21645,91324,5353,15.447857856750488,0.0009129398968070745
motion_relative,-425.0,-925.0,23050,21672,91929,5519,14.636412620544434,0.0008649849914945662
motion_relative,-375.0,-925.0,23050,21700,92628,5506,11.52910041809082,0.0006813485524617136
motion_relative,-325.0,-925.0,23050,21725,93151,5475,10.394054412841797,0.0006142694619484246
motion_relative,-275.0,-925.0,23050,21742,93889,5523,10.974640846252441,0.0006485810154117644
motion_relative,-225.0,-925.0,23050,21758,94383,5346,10.304542541503906,0.0006089794333092868
motion_relative,-175.0,-925.0,23050,21782,94912,5326,9.588046073913574,0.0005666358629241586
motion_relative,-125.0,-925.0,23050,21795,95715,5288,10.258798599243164,0.0006062760949134827
motion_relative,-75.0,-925.0,23050,21815,96237,5116,9.289644241333008,0.0005490008625201881
motion_relative,-25.0,-925.0,23050,21819,96875,4935,8.441886901855469,0.000498899957165122
motion_relative,25.0,-925.0,23050,21850,97296,4856,8.02779769897461,0.00047442803042940795
motion_relative,75.0,-925.0,23050,21878,98237,4675,8.486749649047852,0.0005015512579120696
motion_relative,125.0,-925.0,23050,21912,98956,4373,9.065265655517578,0.0005357404588721693
motion_relative,175.0,-925.0,23050,21921,99557,4214,7.7762250900268555,0.0004595605714712292
motion_relative,225.0,-925.0,23050,21934,100067,3960,8.720340728759766,0.0005153560778126121
motion_relative,275.0,-925.0,23050,21954,100548,3677,8.5460205078125,0.0005050540203228593
motion_relative,325.0,-925.0,23050,21952,101309,3570,8.786209106445312,0.0005192487733438611
motion_relative,375.0,-925.0,23050,21965,102176,3515,8.826608657836914,0.0005216362769715488
motion_relative,425.0,-925.0,23050,21976,102634,3491,9.9993314743042,0.0005909420433454216
motion_relative,475.0,-925.0,23050,21978,102786,3484,12.443429946899414,0.0007353837718255818
motion_relative,525.0,-925.0,23050,21973,103881,3407,14.116905212402344,0.0008342830697074533
motion_relative,575.0,-925.0,23050,21959,78244,2504,11.139972686767578,0.0006583518115803599
motion_relative,625.0,-925.0,23050,13966,15098,498,3.248619556427002,0.00019198741938453168
motion_relative,675.0,-925.0,23050,0,0,0,0.0,0.0
motion_relative,725.0,-925.0,23050,0,0,0,0.0,0.0
motion_relative,775.0,-925.0,23050,0,0,0,0.0,0.0
motion_relative,825.0,-925.0,23050,0,0,0,0.0,0.0
motion_relative,875.0,-925.0,23050,0,0,0,0.0,0.0
motion_relative,925.0,-925.0,23050,0,0,0,0.0,0.0
motion_relative,975.0,-925.0,23050,0,0,0,0.0,0.0
motion_relative,1025.0,-925.0,23050,0,0,0,0.0,0.0
motion_relative,1075.0,-925.0,23050,0,0,0,0.0,0.0
motion_relative,-1075.0,-875.0,23050,0,0,0,0.0,0.0
motion_relative,-1025.0,-875.0,23050,0,0,0,0.0,0.0
motion_relative,-975.0,-875.0,23050,0,0,0,0.0,0.0
motion_relative,-925.0,-875.0,23050,0,0,0,0.0,0.0
motion_relative,-875.0,-875.0,23050,0,0,0,0.0,0.0
motion_relative,-825.0,-875.0,23050,0,0,0,0.0,0.0
motion_relative,-775.0,-875.0,23050,0,0,0,0.0,0.0
motion_relative,-725.0,-875.0,23050,0,0,0,0.0,0.0
motion_relative,-675.0,-875.0,23050,20672,32732,2053,7.537644386291504,0.00044546087156049907
motion_relative,-625.0,-875.0,23050,21472,85351,5215,20.687068939208984,0.0012225676327943802
motion_relative,-575.0,-875.0,23050,21499,89848,5666,15.103487968444824,0.0008925882866606116
motion_relative,-525.0,-875.0,23050,21525,90662,5700,15.036669731140137,0.0008886394207365811
motion_relative,-475.0,-875.0,23050,21547,91083,6022,14.156869888305664,0.0008366449037566781
motion_relative,-425.0,-875.0,23050,21578,91498,6233,13.129558563232422,0.000775932683609426
motion_relative,-375.0,-875.0,23050,21612,92274,6191,11.7959566116333,0.0006971192779019475
motion_relative,-325.0,-875.0,23050,21642,93152,6123,11.023564338684082,0.0006514723063446581
motion_relative,-275.0,-875.0,23050,21667,93813,5964,11.128521919250488,0.00065767508931458
motion_relative,-225.0,-875.0,23050,21688,94276,5952,10.12926197052002,0.0005986206815578043
motion_relative,-175.0,-875.0,23050,21699,94714,6005,10.02684211730957,0.0005925678997300565
motion_relative,-125.0,-875.0,23050,21725,95378,5951,9.793619155883789,0.0005787848494946957
motion_relative,-75.0,-875.0,23050,21746,96175,5726,9.582118034362793,0.0005662855110131204
motion_relative,-25.0,-875.0,23050,21760,96655,5458,8.962215423583984,0.0005296504241414368
motion_relative,25.0,-875.0,23050,21778,97261,5258,9.452855110168457,0.000558646279387176
motion_relative,75.0,-875.0,23050,21809,97811,4995,8.355741500854492,0.0004938088823109865
motion_relative,125.0,-875.0,23050,21840,98780,4723,9.109135627746582,0.000538333086296916
motion_relative,175.0,-875.0,23050,21840,99348,4432,7.475681304931641,0.0004417989694047719
motion_relative,225.0,-875.0,23050,21853,99756,4179,9.13622760772705,0.0005399342044256628
motion_relative,275.0,-875.0,23050,21878,100412,3821,8.634836196899414,0.0005103028961457312
motion_relative,325.0,-875.0,23050,21889,101257,3600,8.344849586486816,0.0004931652219966054
motion_relative,375.0,-875.0,23050,21892,101716,3523,8.847012519836426,0.0005228421068750322
motion_relative,425.0,-875.0,23050,21904,102560,3456,7.784521102905273,0.0004600508254952729
motion_relative,475.0,-875.0,23050,21891,103047,3503,9.575639724731445,0.0005659026210196316
motion_relative,525.0,-875.0,23050,21897,103410,3320,9.616168975830078,0.0005682978662662208
motion_relative,575.0,-875.0,23050,21906,104291,3269,13.947061538696289,0.0008242456242442131
motion_relative,625.0,-875.0,23050,21878,100236,3212,20.40743064880371,0.0012060415465384722
motion_relative,675.0,-875.0,23050,21530,38726,1238,7.585426330566406,0.0004482846998143941
motion_relative,725.0,-875.0,23050,0,0,0,0.0,0.0
motion_relative,775.0,-875.0,23050,0,0,0,0.0,0.0
motion_relative,825.0,-875.0,23050,0,0,0,0.0,0.0
motion_relative,875.0,-875.0,23050,0,0,0,0.0,0.0
motion_relative,925.0,-875.0,23050,0,0,0,0.0,0.0
motion_relative,975.0,-875.0,23050,0,0,0,0.0,0.0
motion_relative,1025.0,-875.0,23050,0,0,0,0.0,0.0
motion_relative,1075.0,-875.0,23050,0,0,0,0.0,0.0
motion_relative,-1075.0,-825.0,23050,0,0,0,0.0,0.0
motion_relative,-1025.0,-825.0,23050,0,0,0,0.0,0.0
motion_relative,-975.0,-825.0,23050,0,0,0,0.0,0.0
motion_relative,-925.0,-825.0,23050,0,0,0,0.0,0.0
motion_relative,-875.0,-825.0,23050,0,0,0,0.0,0.0
motion_relative,-825.0,-825.0,23050,0,0,0,0.0,0.0
motion_relative,-775.0,-825.0,23050,417,417,22,0.040167178958654404,2.3738061827316415e-06
motion_relative,-725.0,-825.0,23050,21294,47698,2990,10.382006645202637,0.000613557465840131
motion_relative,-675.0,-825.0,23050,21367,88325,5617,18.885631561279297,0.0011161059373989701
motion_relative,-625.0,-825.0,23050,21392,89030,5890,13.830229759216309,0.0008173410897143185
motion_relative,-575.0,-825.0,23050,21417,89704,6102,13.848234176635742,0.0008184050675481558
motion_relative,-525.0,-825.0,23050,21436,90141,6335,13.567185401916504,0.0008017956279218197
motion_relative,-475.0,-825.0,23050,21465,90970,6626,12.09303092956543,0.0007146758143790066
motion_relative,-425.0,-825.0,23050,21486,91529,6850,13.05350399017334,0.0007714380044490099
motion_relative,-375.0,-825.0,23050,21524,92027,6885,12.099629402160645,0.0007150657474994659
motion_relative,-325.0,-825.0,23050,21544,92721,6842,12.622207641601562,0.0007459491607733071
motion_relative,-275.0,-825.0,23050,21576,93325,6819,11.129045486450195,0.0006577060557901859
motion_relative,-225.0,-825.0,23050,21608,93935,6901,11.606523513793945,0.0006859241402707994
motion_relative,-175.0,-825.0,23050,21619,94321,6854,10.837486267089844,0.0006404754240065813
motion_relative,-125.0,-825.0,23050,21637,95161,6580,9.756113052368164,0.0005765683017671108
motion_relative,-75.0,-825.0,23050,21666,95995,6496,9.884366035461426,0.000584147812332958
motion_relative,-25.0,-825.0,23050,21689,96457,6111,9.256074905395508,0.0005470169708132744
motion_relative,25.0,-825.0,23050,21709,97269,5757,7.844503879547119,0.0004635957011487335
motion_relative,75.0,-825.0,23050,21729,97793,5490,8.241559028625488,0.00048706092638894916
motion_relative,125.0,-825.0,23050,21741,98202,5092,7.145158290863037,0.000422265671659261
motion_relative,175.0,-825.0,23050,21764,99124,4776,7.635046482086182,0.00045121717266738415
motion_relative,225.0,-825.0,23050,21772,100082,4409,7.941364288330078,0.00046931998804211617
motion_relative,275.0,-825.0,23050,21800,100240,3992,6.996036052703857,0.0004134528280701488
motion_relative,325.0,-825.0,23050,21815,100823,3741,7.027519702911377,0.0004153134359512478
motion_relative,375.0,-825.0,23050,21822,101689,3524,6.641456604003906,0.0003924978373106569
motion_relative,425.0,-825.0,23050,21816,102207,3324,7.042418479919434,0.00041619394323788583
motion_relative,475.0,-825.0,23050,21824,102748,3239,7.573252201080322,0.0004475652240216732
motion_relative,525.0,-825.0,23050,21828,103518,3148,8.435297012329102,0.00049851048970595
motion_relative,575.0,-825.0,23050,21824,103800,3127,9.402307510375977,0.000555659004021436
motion_relative,625.0,-825.0,23050,21820,104572,3225,11.533679008483887,0.0006816191598773003
motion_relative,675.0,-825.0,23050,21813,105017,3327,15.145694732666016,0.0008950826013460755
motion_relative,725.0,-825.0,23050,21739,57074,1861,13.63952350616455,0.0008060706895776093
motion_relative,775.0,-825.0,23050,520,520,15,0.08770740032196045,5.183345365367131e-06
motion_relative,825.0,-825.0,23050,0,0,0,0.0,0.0
motion_relative,875.0,-825.0,23050,0,0,0,0.0,0.0
motion_relative,925.0,-825.0,23050,0,0,0,0.0,0.0
motion_relative,975.0,-825.0,23050,0,0,0,0.0,0.0
motion_relative,1025.0,-825.0,23050,0,0,0,0.0,0.0
motion_relative,1075.0,-825.0,23050,0,0,0,0.0,0.0
motion_relative,-1075.0,-775.0,23050,0,0,0,0.0,0.0
motion_relative,-1025.0,-775.0,23050,0,0,0,0.0,0.0
motion_relative,-975.0,-775.0,23050,0,0,0,0.0,0.0
motion_relative,-925.0,-775.0,23050,0,0,0,0.0,0.0
motion_relative,-875.0,-775.0,23050,0,0,0,0.0,0.0
motion_relative,-825.0,-775.0,23050,397,397,23,0.10872329026460648,6.4253458731400315e-06
motion_relative,-775.0,-775.0,23050,21204,52615,3398,9.513458251953125,0.0005622278549708426
motion_relative,-725.0,-775.0,23050,21244,87620,5891,18.099660873413086,0.0010696565732359886
motion_relative,-675.0,-775.0,23050,21269,88484,6067,14.91457748413086,0.0008814239990897477
motion_relative,-625.0,-775.0,23050,21300,88660,6389,13.451509475708008,0.0007949593709781766
motion_relative,-575.0,-775.0,23050,21316,89481,6637,13.559840202331543,0.000801361515186727
motion_relative,-525.0,-775.0,23050,21354,90046,6973,12.966394424438477,0.000766290002502501
motion_relative,-475.0,-775.0,23050,21378,90687,7225,12.282795906066895,0.0007258905679918826
motion_relative,-425.0,-775.0,23050,21408,91106,7486,14.254984855651855,0.0008424433181062341
motion_relative,-375.0,-775.0,23050,21430,91579,7622,11.7811918258667,0.0006962466868571937
motion_relative,-325.0,-775.0,23050,21450,92338,7654,12.912148475646973,0.0007630841573700309
motion_relative,-275.0,-775.0,23050,21468,93094,7828,12.493524551391602,0.0007383442716673017
motion_relative,-225.0,-775.0,23050,21496,93759,7880,12.795969009399414,0.000756218156311661
motion_relative,-175.0,-775.0,23050,21527,94298,7667,11.508325576782227,0.0006801208364777267
motion_relative,-125.0,-775.0,23050,21557,94840,7429,10.649476051330566,0.0006293643964454532
motion_relative,-75.0,-775.0,23050,21579,95370,7310,11.686430931091309,0.000690646527800709
motion_relative,-25.0,-775.0,23050,21610,96469,6971,10.014223098754883,0.0005918220849707723
motion_relative,25.0,-775.0,23050,21636,97079,6649,10.427477836608887,0.0006162446807138622
motion_relative,75.0,-775.0,23050,21647,97408,6224,8.0868558883667,0.0004779182781931013
motion_relative,125.0,-775.0,23050,21656,98066,5665,7.051161766052246,0.0004167106526438147
motion_relative,175.0,-775.0,23050,21682,98779,5211,7.453615665435791,0.0004404949431773275
motion_relative,225.0,-775.0,23050,21691,99567,4770,7.084092617034912,0.000418656796682626
motion_relative,275.0,-775.0,23050,21710,100206,4263,6.942917823791504,0.0004103136307094246
motion_relative,325.0,-775.0,23050,21718,100618,3949,6.087106227874756,0.00035973676131106913
motion_relative,375.0,-775.0,23050,21717,101187,3700,6.643496036529541,0.00039261835627257824
motion_relative,425.0,-775.0,23050,21733,102065,3388,5.8407673835754395,0.0003451785887591541
motion_relative,475.0,-775.0,23050,21726,102678,3219,8.602953910827637,0.0005084187141619623
motion_relative,525.0,-775.0,23050,21748,103296,3033,7.288572311401367,0.00043074117274954915
motion_relative,575.0,-775.0,23050,21762,103806,3059,8.971855163574219,0.0005302201025187969
motion_relative,625.0,-775.0,23050,21739,104435,3172,9.75607681274414,0.000576566148083657
motion_relative,675.0,-775.0,23050,21725,105245,3313,12.082929611206055,0.0007140788366086781
motion_relative,725.0,-775.0,23050,21711,105692,3286,16.043354034423828,0.0009481326560489833
motion_relative,775.0,-775.0,23050,21657,63685,2052,12.295252799987793,0.0007266267784871161
motion_relative,825.0,-775.0,23050,452,452,18,0.06348992884159088,3.752137672563549e-06
motion_relative,875.0,-775.0,23050,0,0,0,0.0,0.0
motion_relative,925.0,-775.0,23050,0,0,0,0.0,0.0
motion_relative,975.0,-775.0,23050,0,0,0,0.0,0.0
motion_relative,1025.0,-775.0,23050,0,0,0,0.0,0.0
motion_relative,1075.0,-775.0,23050,0,0,0,0.0,0.0
motion_relative,-1075.0,-725.0,23050,0,0,0,0.0,0.0
motion_relative,-1025.0,-725.0,23050,0,0,0,0.0,0.0
motion_relative,-975.0,-725.0,23050,0,0,0,0.0,0.0
motion_relative,-925.0,-725.0,23050,0,0,0,0.0,0.0
motion_relative,-875.0,-725.0,23050,0,0,0,0.0,0.0
motion_relative,-825.0,-725.0,23050,21084,46431,2973,9.94289779663086,0.0005876069189980626
motion_relative,-775.0,-725.0,23050,21142,86973,5844,16.02458953857422,0.00094702368369326
motion_relative,-725.0,-725.0,23050,21162,87422,6248,13.933465957641602,0.0008234421256929636
motion_relative,-675.0,-725.0,23050,21184,87692,6502,13.336095809936523,0.0007881386554799974
motion_relative,-625.0,-725.0,23050,21209,88651,6794,11.740375518798828,0.0006938345613889396
motion_relative,-575.0,-725.0,23050,21248,89183,7218,13.158939361572266,0.0007776690181344748
motion_relative,-525.0,-725.0,23050,21274,89941,7726,13.914758682250977,0.0008223365875892341
motion_relative,-475.0,-725.0,23050,21294,90311,8128,15.025012969970703,0.0008879505330696702
motion_relative,-425.0,-725.0,23050,21314,90798,8284,12.6018705368042,0.0007447472889907658
motion_relative,-375.0,-725.0,23050,21341,91582,8500,12.525999069213867,0.0007402634364552796
motion_relative,-325.0,-725.0,23050,21360,92188,8741,12.625057220458984,0.0007461176137439907
motion_relative,-275.0,-725.0,23050,21384,92830,8770,12.71859359741211,0.0007516454206779599
motion_relative,-225.0,-725.0,23050,21407,93178,8764,13.02345085144043,0.0007696619140915573
motion_relative,-175.0,-725.0,23050,21427,93865,8803,11.700342178344727,0.0006914686528034508
motion_relative,-125.0,-725.0,23050,21459,94638,8656,10.913101196289062,0.00064494414255023
motion_relative,-75.0,-725.0,23050,21496,95497,8468,11.818815231323242,0.0006984701612964272
motion_relative,-25.0,-725.0,23050,21513,95888,7950,10.166152954101562,0.0006008009077049792
motion_relative,25.0,-725.0,23050,21545,96583,7492,9.56285285949707,0.000565146969165653
motion_relative,75.0,-725.0,23050,21556,97177,7037,9.574284553527832,0.0005658225272782147
motion_relative,125.0,-725.0,23050,21578,98083,6379,7.700107574462891,0.0004550621670205146
motion_relative,175.0,-725.0,23050,21586,98699,5861,6.909631729125977,0.000408346502808854
motion_relative,225.0,-725.0,23050,21594,98962,5230,8.002594947814941,0.00047293861280195415
motion_relative,275.0,-725.0,23050,21606,99798,4678,6.057096004486084,0.00035796320298686624
motion_relative,325.0,-725.0,23050,21611,100534,4211,5.409631729125977,0.0003196992620360106
motion_relative,375.0,-725.0,23050,21627,100985,3782,5.518028259277344,0.0003261052770540118
motion_relative,425.0,-725.0,23050,21634,101761,3542,5.24228572845459,0.0003098094020970166
motion_relative,475.0,-725.0,23050,21634,102373,3330,6.318179130554199,0.0003733927442226559
motion_relative,525.0,-725.0,23050,21645,102912,3106,6.960053443908691,0.0004113263275939971
motion_relative,575.0,-725.0,23050,21663,103633,3063,6.125881671905518,0.00036202830960974097
motion_relative,625.0,-725.0,23050,21662,104337,3156,8.655601501464844,0.0005115300882607698
motion_relative,675.0,-725.0,23050,21652,104589,3124,8.670003890991211,0.0005123812588863075
motion_relative,725.0,-725.0,23050,21630,105409,3209,12.91203784942627,0.0007630776381120086
motion_relative,775.0,-725.0,23050,21611,105520,3358,18.045934677124023,0.0010664814617484808
motion_relative,825.0,-725.0,23050,21544,57294,1806,10.942209243774414,0.0006466643535532057
motion_relative,875.0,-725.0,23050,0,0,0,0.0,0.0
motion_relative,925.0,-725.0,23050,0,0,0,0.0,0.0
motion_relative,975.0,-725.0,23050,0,0,0,0.0,0.0
motion_relative,1025.0,-725.0,23050,0,0,0,0.0,0.0
motion_relative,1075.0,-725.0,23050,0,0,0,0.0,0.0
motion_relative,-1075.0,-675.0,23050,0,0,0,0.0,0.0
motion_relative,-1025.0,-675.0,23050,0,0,0,0.0,0.0
motion_relative,-975.0,-675.0,23050,0,0,0,0.0,0.0
motion_relative,-925.0,-675.0,23050,0,0,0,0.0,0.0
motion_relative,-875.0,-675.0,23050,19931,31323,2022,5.615021228790283,0.00033183739287778735
motion_relative,-825.0,-675.0,23050,21022,86161,5715,17.40721893310547,0.0010287344921380281
motion_relative,-775.0,-675.0,23050,21055,86547,6191,13.796330451965332,0.0008153376984409988
motion_relative,-725.0,-675.0,23050,21072,87194,6663,13.530576705932617,0.000799632107373327
motion_relative,-675.0,-675.0,23050,21105,87713,7022,12.823943138122559,0.0007578713702969253
motion_relative,-625.0,-675.0,23050,21136,88142,7453,12.335919380187988,0.0007290300563909113
motion_relative,-575.0,-675.0,23050,21163,88886,7961,13.961280822753906,0.0008250859682448208
motion_relative,-525.0,-675.0,23050,21174,89604,8557,14.166705131530762,0.00083722616545856
motion_relative,-475.0,-675.0,23050,21199,90059,9040,13.933934211730957,0.0008234698325395584
motion_relative,-425.0,-675.0,23050,21224,90501,9246,13.157835960388184,0.0007776038255542517
motion_relative,-375.0,-675.0,23050,21249,91270,9613,14.438169479370117,0.0008532691863365471
motion_relative,-325.0,-675.0,23050,21272,92044,9885,14.80072021484375,0.0008746952516958117
motion_relative,-275.0,-675.0,23050,21292,92429,10084,14.617700576782227,0.0008638791623525321
motion_relative,-225.0,-675.0,23050,21305,92926,10144,16.077003479003906,0.000950121262576431
motion_relative,-175.0,-675.0,23050,21329,93641,10121,15.391416549682617,0.0009096043067984283
motion_relative,-125.0,-675.0,23050,21357,94281,9866,12.857757568359375,0.0007598697557114065
motion_relative,-75.0,-675.0,23050,21387,94879,9483,12.845169067382812,0.0007591258035972714
motion_relative,-25.0,-675.0,23050,21410,95602,9145,12.146444320678711,0.0007178324740380049
motion_relative,25.0,-675.0,23050,21430,96297,8580,12.073246955871582,0.0007135065970942378
motion_relative,75.0,-675.0,23050,21459,97009,8000,12.242890357971191,0.0007235322264023125
motion_relative,125.0,-675.0,23050,21488,97692,7279,9.983922004699707,0.0005900313844904304
motion_relative,175.0,-675.0,23050,21503,98288,6399,9.151656150817871,0.0005408459692262113
motion_relative,225.0,-675.0,23050,21508,99071,5802,8.388365745544434,0.0004957369528710842
motion_relative,275.0,-675.0,23050,21514,99412,5150,6.925288200378418,0.000409271742682904
motion_relative,325.0,-675.0,23050,21530,100283,4465,5.703923225402832,0.00033709133276715875
motion_relative,375.0,-675.0,23050,21539,100976,3963,4.968990325927734,0.0002936581731773913
motion_relative,425.0,-675.0,23050,21552,101463,3611,4.813444137573242,0.00028446567011997104
motion_relative,475.0,-675.0,23050,21552,102059,3454,5.600244522094727,0.00033096413244493306
motion_relative,525.0,-675.0,23050,21549,102801,3228,6.07025671005249,0.000358740973751992
motion_relative,575.0,-675.0,23050,21559,103292,3066,7.078711032867432,0.0004183387500233948
motion_relative,625.0,-675.0,23050,21565,104239,3017,6.163372039794922,0.0003642439260147512
motion_relative,675.0,-675.0,23050,21543,104447,2960,6.876063823699951,0.00040636269841343164
motion_relative,725.0,-675.0,23050,21536,104775,3080,11.339892387390137,0.0006701667443849146
motion_relative,775.0,-675.0,23050,21504,105455,3209,11.977639198303223,0.0007078563794493675
motion_relative,825.0,-675.0,23050,21477,106102,3295,14.552518844604492,0.0008600270375609398
motion_relative,875.0,-675.0,23050,21095,38985,1229,9.64565658569336,0.0005700404872186482
motion_relative,925.0,-675.0,23050,0,0,0,0.0,0.0
motion_relative,975.0,-675.0,23050,0,0,0,0.0,0.0
motion_relative,1025.0,-675.0,23050,0,0,0,0.0,0.0
motion_relative,1075.0,-675.0,23050,0,0,0,0.0,0.0
motion_relative,-1075.0,-625.0,23050,0,0,0,0.0,0.0
motion_relative,-1025.0,-625.0,23050,0,0,0,0.0,0.0
motion_relative,-975.0,-625.0,23050,0,0,0,0.0,0.0
motion_relative,-925.0,-625.0,23050,11078,12255,796,2.3387415409088135,0.00013821531319990754
motion_relative,-875.0,-625.0,23050,20890,81458,5317,15.753727912902832,0.0009310162859037519
motion_relative,-825.0,-625.0,23050,20929,85511,6050,15.253093719482422,0.0009014296811074018
motion_relative,-775.0,-625.0,23050,20960,86406,6556,14.807438850402832,0.0008750923443585634
motion_relative,-725.0,-625.0,23050,20989,86849,7106,14.712700843811035,0.0008694934658706188
motion_relative,-675.0,-625.0,23050,21015,87496,7588,12.249161720275879,0.0007239028345793486
motion_relative,-625.0,-625.0,23050,21046,87960,8178,12.94482135772705,0.0007650150801055133
motion_relative,-575.0,-625.0,23050,21064,88728,8864,14.26272964477539,0.0008429010049439967
motion_relative,-525.0,-625.0,23050,21086,89187,9539,15.373445510864258,0.0009085422498174012
motion_relative,-475.0,-625.0,23050,21111,89873,10071,15.290547370910645,0.0009036431438289583
motion_relative,-425.0,-625.0,23050,21121,90429,10365,15.691279411315918,0.0009273256873711944
motion_relative,-375.0,-625.0,23050,21153,90878,10687,16.154495239257812,0.0009547008667141199
motion_relative,-325.0,-625.0,23050,21167,91473,11103,15.950994491577148,0.0009426743490621448
motion_relative,-275.0,-625.0,23050,21185,92101,11234,15.822882652282715,0.0009351031621918082
motion_relative,-225.0,-625.0,23050,21204,92691,11436,16.46685791015625,0.0009731609025038779
motion_relative,-175.0,-625.0,23050,21236,93198,11372,16.567110061645508,0.000979085685685277
motion_relative,-125.0,-625.0,23050,21269,93950,11109,15.588127136230469,0.000921229540836066
motion_relative,-75.0,-625.0,23050,21290,94678,10770,14.914986610412598,0.0008814482134766877
motion_relative,-25.0,-625.0,23050,21312,95429,10256,15.246119499206543,0.0009010175126604736
motion_relative,25.0,-625.0,23050,21331,95836,9638,12.521597862243652,0.0007400033064186573
motion_relative,75.0,-625.0,23050,21347,96475,8898,11.98395824432373,0.0007082298398017883
motion_relative,125.0,-625.0,23050,21378,97110,8010,10.697551727294922,0.0006322055705823004
motion_relative,175.0,-625.0,23050,21401,98104,7163,9.657792091369629,0.0005707577220164239
motion_relative,225.0,-625.0,23050,21412,98689,6349,8.664084434509277,0.0005120314308442175
motion_relative,275.0,-625.0,23050,21428,99176,5512,6.892458438873291,0.0004073315649293363
motion_relative,325.0,-625.0,23050,21430,99617,4846,6.185633659362793,0.0003655595355667174
motion_relative,375.0,-625.0,23050,21450,100536,4229,5.551339149475098,0.00032807388924993575
motion_relative,425.0,-625.0,23050,21465,101188,3663,5.585085391998291,0.0003300682292319834
motion_relative,475.0,-625.0,23050,21461,101923,3448,6.023537635803223,0.0003559799515642226
motion_relative,525.0,-625.0,23050,21474,102409,3171,4.9258036613464355,0.00029110591276548803
motion_relative,575.0,-625.0,23050,21461,103172,3038,5.374748229980469,0.0003176376922056079
motion_relative,625.0,-625.0,23050,21457,103637,2869,5.209296226501465,0.0003078597947023809
motion_relative,675.0,-625.0,23050,21449,104104,2855,6.203681945800781,0.0003666261618491262
motion_relative,725.0,-625.0,23050,21422,104726,2917,6.965084075927734,0.00041162362322211266
motion_relative,775.0,-625.0,23050,21415,105165,3125,10.400437355041504,0.0006146466475911438
motion_relative,825.0,-625.0,23050,21402,105597,3236,13.527961730957031,0.0007994775660336018
motion_relative,875.0,-625.0,23050,21357,101478,3200,19.332015991210938,0.0011424864642322063
motion_relative,925.0,-625.0,23050,13657,15359,506,2.9370357990264893,0.0001735733967507258
motion_relative,975.0,-625.0,23050,0,0,0,0.0,0.0
motion_relative,1025.0,-625.0,23050,0,0,0,0.0,0.0
motion_relative,1075.0,-625.0,23050,0,0,0,0.0,0.0
motion_relative,-1075.0,-575.0,23050,0,0,0,0.0,0.0
motion_relative,-1025.0,-575.0,23050,0,0,0,0.0,0.0
motion_relative,-975.0,-575.0,23050,200,200,16,0.03453639894723892,2.041037532762857e-06
motion_relative,-925.0,-575.0,23050,20748,63081,3955,14.216129302978516,0.0008401470258831978
motion_relative,-875.0,-575.0,23050,20794,84611,5883,14.441819190979004,0.0008534848457202315
motion_relative,-825.0,-575.0,23050,20832,85457,6381,11.738940238952637,0.0006937496946193278
motion_relative,-775.0,-575.0,23050,20860,85904,6911,12.045987129211426,0.0007118956418707967
motion_relative,-725.0,-575.0,23050,20888,86537,7534,12.043164253234863,0.0007117288187146187
motion_relative,-675.0,-575.0,23050,20916,87018,8288,12.685127258300781,0.0007496676407754421
motion_relative,-625.0,-575.0,23050,20948,87889,9021,13.563777923583984,0.0008015942294150591
motion_relative,-575.0,-575.0,23050,20975,88414,9615,15.278586387634277,0.0009029362699948251
motion_relative,-525.0,-575.0,23050,21004,88897,10313,15.56489086151123,0.0009198563639074564
motion_relative,-475.0,-575.0,23050,21020,89380,10936,16.511837005615234,0.0009758191299624741
motion_relative,-425.0,-575.0,23050,21031,89925,11571,16.442821502685547,0.0009717404027469456
motion_relative,-375.0,-575.0,23050,21048,90525,11892,17.407752990722656,0.0010287660406902432
motion_relative,-325.0,-575.0,23050,21072,91190,12342,18.957935333251953,0.0011203789617866278
motion_relative,-275.0,-575.0,23050,21095,91804,12589,17.688636779785156,0.0010453658178448677
motion_relative,-225.0,-575.0,23050,21111,92190,12701,18.422504425048828,0.0010887359967455268
motion_relative,-175.0,-575.0,23050,21130,93008,12713,18.50967788696289,0.001093887840397656
motion_relative,-125.0,-575.0,23050,21154,93757,12572,18.92070770263672,0.0011181789450347424
motion_relative,-75.0,-575.0,23050,21179,94251,11973,17.104084014892578,0.0010108198039233685
motion_relative,-25.0,-575.0,23050,21199,94935,11362,16.433740615844727,0.0009712037281133235
motion_relative,25.0,-575.0,23050,21221,95433,10677,16.852663040161133,0.0009959612507373095
motion_relative,75.0,-575.0,23050,21243,96525,9899,13.853508949279785,0.0008187168277800083
motion_relative,125.0,-575.0,23050,21270,96857,8986,12.087966918945312,0.0007143765687942505
motion_relative,175.0,-575.0,23050,21306,97586,8010,10.291141510009766,0.0006081874598748982
motion_relative,225.0,-575.0,23050,21315,98410,7079,9.356998443603516,0.0005529813352040946
motion_relative,275.0,-575.0,23050,21337,98899,6155,8.393513679504395,0.000496041146107018
motion_relative,325.0,-575.0,23050,21341,99560,5295,7.190393447875977,0.0004249389749020338
motion_relative,375.0,-575.0,23050,21357,100250,4516,6.3350324630737305,0.00037438873550854623
motion_relative,425.0,-575.0,23050,21387,101128,3850,5.650820255279541,0.00033395306672900915
motion_relative,475.0,-575.0,23050,21387,101572,3421,5.47487211227417,0.00032355485018342733
motion_relative,525.0,-575.0,23050,21388,102371,3094,4.785276412963867,0.00028280101832933724
motion_relative,575.0,-575.0,23050,21378,102906,2859,4.5149827003479,0.0002668271481525153
motion_relative,625.0,-575.0,23050,21367,103131,2723,5.15902853012085,0.0003048890794161707
motion_relative,675.0,-575.0,23050,21351,103933,2674,5.359956741333008,0.0003167635586578399
motion_relative,725.0,-575.0,23050,21334,104512,2769,5.21287727355957,0.00030807143775746226
motion_relative,775.0,-575.0,23050,21315,105009,2918,7.468242645263672,0.00044135935604572296
motion_relative,825.0,-575.0,23050,21281,105264,3070,10.091134071350098,0.0005963674047961831
motion_relative,875.0,-575.0,23050,21270,105923,3209,12.682889938354492,0.0007495353929698467
motion_relative,925.0,-575.0,23050,21208,79428,2481,11.685805320739746,0.000690609507728368
motion_relative,975.0,-575.0,23050,280,280,16,0.06234772503376007,3.6846354305453133e-06
motion_relative,1025.0,-575.0,23050,0,0,0,0.0,0.0
motion_relative,1075.0,-575.0,23050,0,0,0,0.0,0.0
motion_relative,-1075.0,-525.0,23050,0,0,0,0.0,0.0
motion_relative,-1025.0,-525.0,23050,0,0,0,0.0,0.0
motion_relative,-975.0,-525.0,23050,18228,27565,1615,5.738069534301758,0.00033910933416336775
motion_relative,-925.0,-525.0,23050,20669,83898,5391,15.634323120117188,0.0009239596547558904
motion_relative,-875.0,-525.0,23050,20689,84344,6084,12.500143051147461,0.0007387353689409792
motion_relative,-825.0,-525.0,23050,20725,85097,6700,11.64631175994873,0.0006882755551487207
motion_relative,-775.0,-525.0,23050,20762,85593,7185,10.675329208374023,0.0006308922893367708
motion_relative,-725.0,-525.0,23050,20800,86287,7969,11.212621688842773,0.0006626452668569982
motion_relative,-675.0,-525.0,23050,20824,86849,9013,13.596534729003906,0.0008035300998017192
motion_relative,-625.0,-525.0,23050,20846,87287,9726,14.21275520324707,0.0008399476064369082
motion_relative,-575.0,-525.0,23050,20868,87886,10418,15.530133247375488,0.0009178022155538201
motion_relative,-525.0,-525.0,23050,20879,88660,11300,16.340003967285156,0.0009656641050241888
motion_relative,-475.0,-525.0,23050,20913,88930,12066,17.78357696533203,0.0010509765706956387
motion_relative,-425.0,-525.0,23050,20940,89590,12837,18.69120216369629,0.001104615512304008
motion_relative,-375.0,-525.0,23050,20966,90373,13211,19.513532638549805,0.001153213786892593
motion_relative,-325.0,-525.0,23050,20983,90890,13451,22.078380584716797,0.0013047915417701006
motion_relative,-275.0,-525.0,23050,21004,91317,13934,20.361722946166992,0.0012033402454108
motion_relative,-225.0,-525.0,23050,21019,92096,14060,20.487089157104492,0.0012107491493225098
motion_relative,-175.0,-525.0,23050,21031,92612,14004,20.877302169799805,0.001233810093253851
motion_relative,-125.0,-525.0,23050,21055,93232,13775,21.12188148498535,0.0012482642196118832
motion_relative,-75.0,-525.0,23050,21084,94127,13188,19.5275936126709,0.0011540447594597936
motion_relative,-25.0,-525.0,23050,21092,94536,12577,18.76840591430664,0.001109178178012371
motion_relative,25.0,-525.0,23050,21107,95249,11810,17.35310173034668,0.0010255363304167986
motion_relative,75.0,-525.0,23050,21132,95716,10914,15.383140563964844,0.0009091152460314333
motion_relative,125.0,-525.0,23050,21162,96601,9862,12.971351623535156,0.0007665829616598785
motion_relative,175.0,-525.0,23050,21184,97260,8893,10.874192237854004,0.0006426447071135044
motion_relative,225.0,-525.0,23050,21211,97960,7800,10.555110931396484,0.0006237875786609948
motion_relative,275.0,-525.0,23050,21246,98562,6635,8.328398704528809,0.0004921929794363678
motion_relative,325.0,-525.0,23050,21261,99418,5613,6.641404628753662,0.0003924947523046285
motion_relative,375.0,-525.0,23050,21272,100093,4870,5.940266132354736,0.000351058755768463
motion_relative,425.0,-525.0,23050,21297,100746,4157,5.9753570556640625,0.00035313257831148803
motion_relative,475.0,-525.0,23050,21298,101338,3583,5.351945400238037,0.00031629009754396975
motion_relative,525.0,-525.0,23050,21291,101839,3082,4.260342597961426,0.00025177840143442154
motion_relative,575.0,-525.0,23050,21292,102591,2869,3.9824376106262207,0.00023535471700597554
motion_relative,625.0,-525.0,23050,21280,103054,2674,3.9543607234954834,0.00023369542032014579
motion_relative,675.0,-525.0,23050,21253,103625,2569,4.233306407928467,0.00025018060114234686
motion_relative,725.0,-525.0,23050,21227,104248,2617,5.336971282958984,0.0003154051664751023
motion_relative,775.0,-525.0,23050,21205,104395,2690,5.493360996246338,0.0003246474952902645
motion_relative,825.0,-525.0,23050,21193,104998,2864,8.268586158752441,0.0004886582028120756
motion_relative,875.0,-525.0,23050,21167,105149,2970,9.536247253417969,0.0005635746056213975
motion_relative,925.0,-525.0,23050,21133,106021,3117,13.89333438873291,0.0008210704545490444
motion_relative,975.0,-525.0,23050,20125,34874,1091,7.6246562004089355,0.0004506031109485775
motion_relative,1025.0,-525.0,23050,0,0,0,0.0,0.0
motion_relative,1075.0,-525.0,23050,0,0,0,0.0,0.0
motion_relative,-1075.0,-475.0,23050,0,0,0,0.0,0.0
motion_relative,-1025.0,-475.0,23050,482,482,21,0.036610811948776245,2.1636315068462864e-06
motion_relative,-975.0,-475.0,23050,20524,69292,4128,12.37263298034668,0.0007311998051591218
motion_relative,-925.0,-475.0,23050,20569,83392,5495,11.979223251342773,0.0007079499773681164
motion_relative,-875.0,-475.0,23050,20602,84143,6304,12.621615409851074,0.0007459141779690981
motion_relative,-825.0,-475.0,23050,20634,84543,6907,11.768275260925293,0.0006954833515919745
motion_relative,-775.0,-475.0,23050,20663,85365,7641,11.379013061523438,0.0006724786944687366
motion_relative,-725.0,-475.0,23050,20703,85895,8299,11.906856536865234,0.0007036732276901603
motion_relative,-675.0,-475.0,23050,20726,86242,9382,14.248385429382324,0.0008420532685704529
motion_relative,-625.0,-475.0,23050,20762,87153,10613,14.801383018493652,0.0008747344254516065
motion_relative,-575.0,-475.0,23050,20777,87487,11284,16.513038635253906,0.0009758901433087885
motion_relative,-525.0,-475.0,23050,20803,88335,12354,17.998382568359375,0.0010636711958795786
motion_relative,-475.0,-475.0,23050,20819,88716,13280,19.463191986083984,0.0011502387933433056
motion_relative,-425.0,-475.0,23050,20833,89495,14057,20.78848648071289,0.001228561159223318
motion_relative,-375.0,-475.0,23050,20869,89955,14355,23.106237411499023,0.0013655360089614987
motion_relative,-325.0,-475.0,23050,20887,90654,15006,22.860456466674805,0.0013510107528418303
motion_relative,-275.0,-475.0,23050,20903,91227,15185,23.458534240722656,0.0013863560743629932
motion_relative,-225.0,-475.0,23050,20927,91586,15257,22.856294631958008,0.0013507648836821318
motion_relative,-175.0,-475.0,23050,20943,92379,15333,24.95039176940918,0.0014745221706107259
motion_relative,-125.0,-475.0,23050,20966,92976,14922,24.796499252319336,0.0014654273400083184
motion_relative,-75.0,-475.0,23050,20972,93577,14386,22.854671478271484,0.0013506689574569464
motion_relative,-25.0,-475.0,23050,20989,94327,13740,19.93352699279785,0.0011780346976593137
motion_relative,25.0,-475.0,23050,21004,94653,12996,19.296384811401367,0.0011403807438910007
motion_relative,75.0,-475.0,23050,21041,95423,11835,16.741979598999023,0.0009894201066344976
motion_relative,125.0,-475.0,23050,21063,96079,10782,14.671807289123535,0.0008670767419971526
motion_relative,175.0,-475.0,23050,21095,96909,9476,12.753517150878906,0.0007537093479186296
motion_relative,225.0,-475.0,23050,21113,97748,8428,10.76245403289795,0.0006360411643981934
motion_relative,275.0,-475.0,23050,21141,98429,7117,7.949452877044678,0.00046979798935353756
motion_relative,325.0,-475.0,23050,21153,98910,6065,6.834442615509033,0.00040390295907855034
motion_relative,375.0,-475.0,23050,21182,99633,5173,5.8019700050354,0.0003428857307881117
motion_relative,425.0,-475.0,23050,21196,100607,4395,5.434429168701172,0.00032116472721099854
motion_relative,475.0,-475.0,23050,21193,101205,3878,5.910522937774658,0.0003493010008241981
motion_relative,525.0,-475.0,23050,21193,101636,3212,4.040081977844238,0.00023876139312051237
motion_relative,575.0,-475.0,23050,21194,102067,2774,3.695648670196533,0.0002184060140280053
motion_relative,625.0,-475.0,23050,21167,102748,2612,3.6264307498931885,0.00021431536879390478
motion_relative,675.0,-475.0,23050,21143,103226,2484,4.658718585968018,0.00027532168314792216
motion_relative,725.0,-475.0,23050,21129,103649,2457,5.166061878204346,0.0003053047403227538
motion_relative,775.0,-475.0,23050,21115,104243,2569,5.362974643707275,0.00031694190693087876
motion_relative,825.0,-475.0,23050,21087,104675,2751,7.5239644050598145,0.0004446524253580719
motion_relative,875.0,-475.0,23050,21057,105266,2853,9.088010787963867,0.000537084648385644
motion_relative,925.0,-475.0,23050,21020,105646,2975,12.305414199829102,0.0007272273069247603
motion_relative,975.0,-475.0,23050,20970,88291,2623,17.051612854003906,0.0010077188489958644
motion_relative,1025.0,-475.0,23050,680,680,23,0.1858491450548172,1.0983341780956835e-05
motion_relative,1075.0,-475.0,23050,0,0,0,0.0,0.0
motion_relative,-1075.0,-425.0,23050,0,0,0,0.0,0.0
motion_relative,-1025.0,-425.0,23050,16545,23780,1341,3.337290048599243,0.0001972276804735884
motion_relative,-975.0,-425.0,23050,20434,82704,5050,11.877113342285156,0.0007019154727458954
motion_relative,-925.0,-425.0,23050,20469,83230,5659,11.717785835266113,0.0006924995104782283
motion_relative,-875.0,-425.0,23050,20504,83678,6360,11.420894622802734,0.0006749538006260991
motion_relative,-825.0,-425.0,23050,20524,84162,7129,11.650697708129883,0.0006885347538627684
motion_relative,-775.0,-425.0,23050,20559,85083,7919,11.374573707580566,0.0006722162943333387
motion_relative,-725.0,-425.0,23050,20597,85466,8813,12.03831672668457,0.0007114423206076026
motion_relative,-675.0,-425.0,23050,20624,86087,9925,13.692296981811523,0.0008091895142570138
motion_relative,-625.0,-425.0,23050,20646,86556,11047,15.604109764099121,0.0009221740765497088
motion_relative,-575.0,-425.0,23050,20679,87361,12153,17.509132385253906,0.0010347574716433883
motion_relative,-525.0,-425.0,23050,20708,87751,13252,20.669940948486328,0.001221555401571095
motion_relative,-475.0,-425.0,23050,20731,88468,14179,20.766603469848633,0.0012272679014131427
motion_relative,-425.0,-425.0,23050,20750,89001,15172,22.596725463867188,0.0013354248367249966
motion_relative,-375.0,-425.0,23050,20769,89618,15847,24.036794662475586,0.0014205302577465773
motion_relative,-325.0,-425.0,23050,20792,90031,16193,24.856529235839844,0.0014689749805256724
motion_relative,-275.0,-425.0,23050,20824,90984,16414,26.75926971435547,0.0015814234502613544
motion_relative,-225.0,-425.0,23050,20848,91339,16502,28.054624557495117,0.0016579765360802412
motion_relative,-175.0,-425.0,23050,20865,92046,16334,27.619356155395508,0.0016322529409080744
motion_relative,-125.0,-425.0,23050,20877,92494,15993,28.206188201904297,0.0016669336473569274
motion_relative,-75.0,-425.0,23050,20889,93264,15333,25.50688362121582,0.0015074097318574786
motion_relative,-25.0,-425.0,23050,20902,94035,14674,24.2144775390625,0.0014310309197753668
motion_relative,25.0,-425.0,23050,20920,94577,13859,21.287878036499023,0.0012580743059515953
motion_relative,75.0,-425.0,23050,20941,95081,12869,19.65157699584961,0.0011613719398155808
motion_relative,125.0,-425.0,23050,20958,95774,11638,17.4529972076416,0.0010314399842172861
motion_relative,175.0,-425.0,23050,20982,96611,10354,13.861763000488281,0.0008192046079784632
motion_relative,225.0,-425.0,23050,21012,97302,9049,11.829927444458008,0.000699126860126853
motion_relative,275.0,-425.0,23050,21038,98038,7753,9.163098335266113,0.000541522225830704
motion_relative,325.0,-425.0,23050,21046,98628,6472,8.416742324829102,0.0004974139155820012
motion_relative,375.0,-425.0,23050,21079,99452,5445,6.213347434997559,0.00036719738272950053
motion_relative,425.0,-425.0,23050,21091,99919,4588,6.407676696777344,0.0003786818706430495
motion_relative,475.0,-425.0,23050,21090,100528,3888,4.966196537017822,0.00029349306714721024
motion_relative,525.0,-425.0,23050,21085,101346,3241,3.8144845962524414,0.0002254290011478588
motion_relative,575.0,-425.0,23050,21055,101709,2873,3.7307310104370117,0.00022047932725399733
motion_relative,625.0,-425.0,23050,21044,102137,2607,4.1547675132751465,0.0002455390931572765
motion_relative,675.0,-425.0,23050,21031,102669,2409,4.1309404373168945,0.00024413096252828836
motion_relative,725.0,-425.0,23050,21019,103472,2394,5.262237548828125,0.00031098854378797114
motion_relative,775.0,-425.0,23050,21009,103851,2462,4.792725563049316,0.0002832412428688258
motion_relative,825.0,-425.0,23050,20977,104065,2621,5.996475696563721,0.00035438063787296414
motion_relative,875.0,-425.0,23050,20943,104663,2679,7.782814979553223,0.00045995000982657075
motion_relative,925.0,-425.0,23050,20919,105121,2859,10.655536651611328,0.0006297225481830537
motion_relative,975.0,-425.0,23050,20866,105273,3061,14.784941673278809,0.000873762764967978
motion_relative,1025.0,-425.0,23050,18903,30411,874,6.01033353805542,0.00035519961966201663
motion_relative,1075.0,-425.0,23050,0,0,0,0.0,0.0
motion_relative,-1075.0,-375.0,23050,0,0,0,0.0,0.0
motion_relative,-1025.0,-375.0,23050,20299,55619,3191,9.829537391662598,0.0005809075082652271
motion_relative,-975.0,-375.0,23050,20334,82274,5127,13.25086784362793,0.0007831018301658332
motion_relative,-925.0,-375.0,23050,20367,82994,5790,11.443199157714844,0.0006762719713151455
motion_relative,-875.0,-375.0,23050,20407,83362,6587,12.28049373626709,0.0007257545366883278
motion_relative,-825.0,-375.0,23050,20429,84153,7433,12.44915771484375,0.0007357222493737936
motion_relative,-775.0,-375.0,23050,20458,84311,8262,12.315071105957031,0.000727797974832356
motion_relative,-725.0,-375.0,23050,20492,85024,9219,13.401374816894531,0.0007919965428300202
motion_relative,-675.0,-375.0,23050,20519,85884,10451,15.210268020629883,0.0008988987538032234
motion_relative,-625.0,-375.0,23050,20545,86309,11713,17.210006713867188,0.0010170796886086464
motion_relative,-575.0,-375.0,23050,20565,86932,12725,17.19561767578125,0.0010162292746827006
motion_relative,-525.0,-375.0,23050,20590,87445,13929,19.667966842651367,0.001162340515293181
motion_relative,-475.0,-375.0,23050,20623,88072,15122,21.3185977935791,0.0012598898028954864
motion_relative,-425.0,-375.0,23050,20649,88593,16219,24.13556671142578,0.0014263674383983016
motion_relative,-375.0,-375.0,23050,20671,89206,16866,28.565021514892578,0.0016881400952115655
motion_relative,-325.0,-375.0,23050,20693,89902,17210,27.78168487548828,0.0016418463783338666
motion_relative,-275.0,-375.0,23050,20705,90384,17432,29.70657730102539,0.0017556039383634925
motion_relative,-225.0,-375.0,23050,20727,91309,17272,31.456817626953125,0.0018590398831292987
motion_relative,-175.0,-375.0,23050,20763,91573,16873,30.542268753051758,0.0018049917416647077
motion_relative,-125.0,-375.0,23050,20777,92293,16591,31.639291763305664,0.0018698237836360931
motion_relative,-75.0,-375.0,23050,20792,93065,15848,30.010313034057617,0.0017735541332513094
motion_relative,-25.0,-375.0,23050,20814,93617,15034,26.608245849609375,0.0015724982367828488
motion_relative,25.0,-375.0,23050,20829,94079,14422,26.410551071166992,0.0015608147950842977
motion_relative,75.0,-375.0,23050,20849,94838,13382,22.730674743652344,0.0013433409621939063
motion_relative,125.0,-375.0,23050,20875,95557,12231,19.819156646728516,0.0011712756240740418
motion_relative,175.0,-375.0,23050,20890,96318,10846,16.27249526977539,0.0009616744355298579
motion_relative,225.0,-375.0,23050,20911,96829,9523,13.37751579284668,0.0007905865204520524
motion_relative,275.0,-375.0,23050,20912,97479,8262,12.367220878601074,0.0007308799540624022
motion_relative,325.0,-375.0,23050,20935,98123,6935,9.023577690124512,0.0005332768196240067
motion_relative,375.0,-375.0,23050,20949,98814,5821,7.6165242195129395,0.0004501225193962455
motion_relative,425.0,-375.0,23050,20967,99450,4779,5.108926296234131,0.00030192811391316354
motion_relative,475.0,-375.0,23050,20988,100217,4072,4.9975457191467285,0.00029534572968259454
motion_relative,525.0,-375.0,23050,20961,100914,3341,3.7815098762512207,0.0002234802523162216
motion_relative,575.0,-375.0,23050,20941,101068,2828,3.29870343208313,0.00019494729349389672
motion_relative,625.0,-375.0,23050,20946,101915,2555,3.3859236240386963,0.00020010184380225837
motion_relative,675.0,-375.0,23050,20934,102456,2421,4.006761074066162,0.00023679218429606408
motion_relative,725.0,-375.0,23050,20913,102938,2336,3.632039785385132,0.00021464684687089175
motion_relative,775.0,-375.0,23050,20904,103536,2381,3.9801535606384277,0.0002352197334403172
motion_relative,825.0,-375.0,23050,20876,104013,2421,5.483531475067139,0.0003240665828343481
motion_relative,875.0,-375.0,23050,20835,104222,2539,8.688150405883789,0.0005134536768309772
motion_relative,925.0,-375.0,23050,20783,104697,2748,9.18824291229248,0.0005430082092061639
motion_relative,975.0,-375.0,23050,20730,105039,2976,12.907430648803711,0.0007628053426742554
motion_relative,1025.0,-375.0,23050,20670,71431,2143,11.835533142089844,0.0006994581781327724
motion_relative,1075.0,-375.0,23050,0,0,0,0.0,0.0
motion_relative,-1075.0,-325.0,23050,3776,3829,188,1.5293960571289062,9.038448479259387e-05
motion_relative,-1025.0,-325.0,23050,20195,78730,4381,14.536821365356445,0.0008590993238613009
motion_relative,-975.0,-325.0,23050,20235,81976,5180,11.797780990600586,0.0006972270784899592
motion_relative,-925.0,-325.0,23050,20282,82616,5883,10.774127006530762,0.0006367310415953398
motion_relative,-875.0,-325.0,23050,20316,83049,6653,12.161195755004883,0.0007187042501755059
motion_relative,-825.0,-325.0,23050,20334,83512,7672,14.182134628295898,0.0008381379884667695
motion_relative,-775.0,-325.0,23050,20365,84365,8561,12.637516975402832,0.000746853940654546
motion_relative,-725.0,-325.0,23050,20393,84992,9616,12.519816398620605,0.0007398980669677258
motion_relative,-675.0,-325.0,23050,20420,85449,10773,13.36730670928955,0.0007899831398390234
motion_relative,-625.0,-325.0,23050,20444,85759,12320,18.657581329345703,0.0011026286520063877
motion_relative,-575.0,-325.0,23050,20464,86626,13445,18.80067253112793,0.0011110850609838963
motion_relative,-525.0,-325.0,23050,20491,87112,14702,21.86761474609375,0.0012923356844112277
motion_relative,-475.0,-325.0,23050,20502,87707,15890,24.717605590820312,0.0014607649063691497
motion_relative,-425.0,-325.0,23050,20545,88007,17132,26.00376319885254,0.0015367744490504265
motion_relative,-375.0,-325.0,23050,20569,88921,17827,28.95972442626953,0.0017114662332460284
motion_relative,-325.0,-325.0,23050,20588,89474,18093,31.43946075439453,0.0018580141477286816
motion_relative,-275.0,-325.0,23050,20596,90156,18301,32.849273681640625,0.0019413314294070005
motion_relative,-225.0,-325.0,23050,20618,90522,17898,34.710601806640625,0.002051332499831915
motion_relative,-175.0,-325.0,23050,20641,91239,17047,31.34381866455078,0.0018523618346080184
motion_relative,-125.0,-325.0,23050,20667,91739,16346,33.50929260253906,0.0019803373143076897
motion_relative,-75.0,-325.0,23050,20692,92640,15726,30.95684242248535,0.0018294922774657607
motion_relative,-25.0,-325.0,23050,20718,93274,15116,28.19272804260254,0.001666138181462884
motion_relative,25.0,-325.0,23050,20740,93986,14190,26.787700653076172,0.0015831036726012826
motion_relative,75.0,-325.0,23050,20747,94429,13280,24.301279067993164,0.0014361607609316707
motion_relative,125.0,-325.0,23050,20766,95185,12284,22.73136329650879,0.001343381591141224
motion_relative,175.0,-325.0,23050,20800,95957,11155,17.665510177612305,0.0010439991019666195
motion_relative,225.0,-325.0,23050,20801,96730,9850,13.132606506347656,0.0007761128363199532
motion_relative,275.0,-325.0,23050,20818,97006,8616,11.230427742004395,0.0006636975449509919
motion_relative,325.0,-325.0,23050,20826,97802,7359,9.847052574157715,0.0005819426150992513
motion_relative,375.0,-325.0,23050,20836,98340,6094,8.947372436523438,0.00052877317648381
motion_relative,425.0,-325.0,23050,20850,99217,5132,6.35548210144043,0.0003755972720682621
motion_relative,475.0,-325.0,23050,20836,99672,4193,5.663707733154297,0.0003347146848682314
motion_relative,525.0,-325.0,23050,20838,100348,3517,3.958749532699585,0.0002339547936571762
motion_relative,575.0,-325.0,23050,20859,101114,2910,4.969415664672852,0.00029368328978307545
motion_relative,625.0,-325.0,23050,20859,101334,2594,4.235454082489014,0.0002503075229469687
motion_relative,675.0,-325.0,23050,20841,102298,2376,4.169991970062256,0.00024643883807584643
motion_relative,725.0,-325.0,23050,20818,102588,2293,4.22702693939209,0.00024980949820019305
motion_relative,775.0,-325.0,23050,20791,103160,2322,4.590363502502441,0.0002712820132728666
motion_relative,825.0,-325.0,23050,20768,103871,2374,5.554462432861328,0.0003282584948465228
motion_relative,875.0,-325.0,23050,20740,103674,2499,6.980893611907959,0.0004125579434912652
motion_relative,925.0,-325.0,23050,20657,104237,2603,8.73315715789795,0.0005161134758964181
motion_relative,975.0,-325.0,23050,20619,104459,2851,11.250493049621582,0.0006648834096267819
motion_relative,1025.0,-325.0,23050,20563,101410,2945,17.905244827270508,0.0010581669630482793
motion_relative,1075.0,-325.0,23050,4890,5058,155,1.152130365371704,6.808878242736682e-05
motion_relative,-1075.0,-275.0,23050,16191,23990,1233,3.512291431427002,0.00020756994490511715
motion_relative,-1025.0,-275.0,23050,20104,81106,4594,12.976116180419922,0.0007668645121157169
motion_relative,-975.0,-275.0,23050,20141,81437,5145,9.572492599487305,0.0005657166475430131
motion_relative,-925.0,-275.0,23050,20164,82019,5853,9.574286460876465,0.0005658226436935365
motion_relative,-875.0,-275.0,23050,20202,82863,6811,10.116536140441895,0.0005978686385788023
motion_relative,-825.0,-275.0,23050,20233,83214,7733,11.013669967651367,0.0006508875521831214
motion_relative,-775.0,-275.0,23050,20268,84157,8871,12.063735961914062,0.0007129445439204574
motion_relative,-725.0,-275.0,23050,20295,84416,10000,16.042123794555664,0.0009480598964728415
motion_relative,-675.0,-275.0,23050,20324,84930,11172,15.712803840637207,0.0009285976993851364
motion_relative,-625.0,-275.0,23050,20337,85712,12642,17.5485782623291,0.0010370885720476508
motion_relative,-575.0,-275.0,23050,20354,85912,14175,20.03169822692871,0.0011838363716378808
motion_relative,-525.0,-275.0,23050,20368,86593,15380,24.867536544799805,0.0014696255093440413
motion_relative,-475.0,-275.0,23050,20401,87311,16680,25.787227630615234,0.0015239776112139225
motion_relative,-425.0,-275.0,23050,20421,88009,17667,29.075944900512695,0.0017183347372338176
motion_relative,-375.0,-275.0,23050,20446,88419,18244,30.02745246887207,0.0017745670629665256
motion_relative,-325.0,-275.0,23050,20477,88977,18845,33.67698287963867,0.001990247517824173
motion_relative,-275.0,-275.0,23050,20502,89665,18874,37.31654739379883,0.002205339027568698
motion_relative,-225.0,-275.0,23050,20516,90309,18386,36.81925964355469,0.002175950212404132
motion_relative,-175.0,-275.0,23050,20531,90933,17253,33.75603485107422,0.0019949194975197315
motion_relative,-125.0,-275.0,23050,20558,91635,15998,35.001808166503906,0.0020685421768575907
motion_relative,-75.0,-275.0,23050,20586,92137,14864,31.015607833862305,0.0018329651793465018
motion_relative,-25.0,-275.0,23050,20604,92939,13987,29.495698928833008,0.0017431414453312755
motion_relative,25.0,-275.0,23050,20624,93536,13121,28.99209213256836,0.0017133791698142886
motion_relative,75.0,-275.0,23050,20639,94073,12367,27.03529167175293,0.00159773591440171
motion_relative,125.0,-275.0,23050,20660,94654,11640,21.4293270111084,0.001266433740966022
motion_relative,175.0,-275.0,23050,20668,95148,10835,18.19011688232422,0.0010750023648142815
motion_relative,225.0,-275.0,23050,20696,96010,9799,14.863014221191406,0.0008783767116256058
motion_relative,275.0,-275.0,23050,20701,96868,8674,12.056108474731445,0.0007124937837943435
motion_relative,325.0,-275.0,23050,20715,97551,7728,10.076546669006348,0.0005955052911303937
motion_relative,375.0,-275.0,23050,20726,98204,6431,8.007085800170898,0.0004732040106318891
motion_relative,425.0,-275.0,23050,20732,98443,5270,6.560436248779297,0.0003877096751239151
motion_relative,475.0,-275.0,23050,20740,99646,4365,4.636002063751221,0.00027397918165661395
motion_relative,525.0,-275.0,23050,20745,99804,3601,4.531325817108154,0.00026779298787005246
motion_relative,575.0,-275.0,23050,20759,100575,2927,3.3954718112945557,0.00020066612341906875
motion_relative,625.0,-275.0,23050,20751,101046,2503,3.401822090148926,0.0002010414027608931
motion_relative,675.0,-275.0,23050,20736,101612,2313,2.97760272026062,0.00017597082478459924
motion_relative,725.0,-275.0,23050,20714,102390,2158,3.8044826984405518,0.00022483790235128254
motion_relative,775.0,-275.0,23050,20686,102749,2168,3.8932671546936035,0.00023008490097709
motion_relative,825.0,-275.0,23050,20663,102977,2305,4.6054606437683105,0.00027217422029934824
motion_relative,875.0,-275.0,23050,20624,103394,2379,7.772529125213623,0.0004593421472236514
motion_relative,925.0,-275.0,23050,20545,103485,2432,6.535285949707031,0.0003862233425024897
motion_relative,975.0,-275.0,23050,20493,104114,2698,9.745502471923828,0.00057594123063609
motion_relative,1025.0,-275.0,23050,20434,104119,2918,13.795552253723145,0.0008152917143888772
motion_relative,1075.0,-275.0,23050,18366,31171,893,7.75977087020874,0.0004585881542880088
motion_relative,-1075.0,-225.0,23050,19941,42667,2243,6.369321346282959,0.00037641514791175723
motion_relative,-1025.0,-225.0,23050,19982,80538,4519,9.369033813476562,0.0005536926328204572
motion_relative,-975.0,-225.0,23050,20017,81250,5109,9.255830764770508,0.0005470025353133678
motion_relative,-925.0,-225.0,23050,20050,81673,5876,9.631611824035645,0.0005692105041816831
motion_relative,-875.0,-225.0,23050,20098,82151,6799,10.18576717376709,0.00060196005506441
motion_relative,-825.0,-225.0,23050,20134,82963,7710,10.344287872314453,0.0006113283452577889
motion_relative,-775.0,-225.0,23050,20162,83470,8951,12.364575386047363,0.0007307236082851887
motion_relative,-725.0,-225.0,23050,20190,84079,10200,13.822772026062012,0.0008169003413058817
motion_relative,-675.0,-225.0,23050,20207,84596,11477,16.397428512573242,0.0009690577862784266
motion_relative,-625.0,-225.0,23050,20231,85238,12943,18.472625732421875,0.0010916980681940913
motion_relative,-575.0,-225.0,23050,20252,85607,14441,21.115434646606445,0.0012478831922635436
motion_relative,-525.0,-225.0,23050,20259,86291,15772,24.335405349731445,0.0014381775399670005
motion_relative,-475.0,-225.0,23050,20278,86777,17175,26.986095428466797,0.0015948284417390823
motion_relative,-425.0,-225.0,23050,20314,87343,18093,29.897756576538086,0.0017669022781774402
motion_relative,-375.0,-225.0,23050,20343,88252,18766,33.581172943115234,0.0019845853094011545
motion_relative,-325.0,-225.0,23050,20363,88658,19313,36.37529754638672,0.0021497129928320646
motion_relative,-275.0,-225.0,23050,20389,89089,19144,38.1090202331543,0.00225217267870903
motion_relative,-225.0,-225.0,23050,20410,89998,18414,40.183841705322266,0.0023747908417135477
motion_relative,-175.0,-225.0,23050,20429,90286,16774,33.461891174316406,0.00197753612883389
motion_relative,-125.0,-225.0,23050,20452,91033,15077,31.216304779052734,0.0018448260379955173
motion_relative,-75.0,-225.0,23050,20481,91737,13387,28.394968032836914,0.0016780901933088899
motion_relative,-25.0,-225.0,23050,20492,92390,12002,27.596372604370117,0.0016308947233483195
motion_relative,25.0,-225.0,23050,20514,93073,11208,23.96903419494629,0.0014165256870910525
motion_relative,75.0,-225.0,23050,20524,93663,10953,26.94227409362793,0.0015922386664897203
motion_relative,125.0,-225.0,23050,20537,94434,10524,21.909521102905273,0.001294812303967774
motion_relative,175.0,-225.0,23050,20558,94995,10008,17.064626693725586,0.001008488005027175
motion_relative,225.0,-225.0,23050,20581,95867,9324,14.528916358947754,0.0008586321491748095
motion_relative,275.0,-225.0,23050,20604,96359,8651,13.561741828918457,0.000801473914179951
motion_relative,325.0,-225.0,23050,20617,96995,7677,10.316755294799805,0.0006097012083046138
motion_relative,375.0,-225.0,23050,20624,97636,6647,8.262258529663086,0.0004882842185907066
motion_relative,425.0,-225.0,23050,20634,98344,5356,6.6188788414001465,0.0003911635430995375
motion_relative,475.0,-225.0,23050,20641,99156,4421,4.766286373138428,0.00028167874552309513
motion_relative,525.0,-225.0,23050,20633,99557,3622,4.320549011230469,0.0002553364902269095
motion_relative,575.0,-225.0,23050,20628,100140,2903,3.5472121238708496,0.00020963369752280414
motion_relative,625.0,-225.0,23050,20624,100579,2424,4.210004806518555,0.00024880352430045605
motion_relative,675.0,-225.0,23050,20608,101211,2157,3.071636438369751,0.00018152804113924503
motion_relative,725.0,-225.0,23050,20601,101844,1975,2.877342462539673,0.00017004563414957374
motion_relative,775.0,-225.0,23050,20572,102260,2056,3.616926908493042,0.0002137537085218355
motion_relative,825.0,-225.0,23050,20540,102675,2159,4.386327266693115,0.000259223859757185
motion_relative,875.0,-225.0,23050,20495,102935,2227,5.2918701171875,0.00031273975037038326
motion_relative,925.0,-225.0,23050,20430,103285,2331,6.766853332519531,0.000399908545659855
motion_relative,975.0,-225.0,23050,20374,103456,2588,7.958538055419922,0.00047033492592163384
motion_relative,1025.0,-225.0,23050,20323,103662,2832,10.708922386169434,0.0006328775780275464
motion_relative,1075.0,-225.0,23050,20240,55455,1555,8.681356430053711,0.0005130521603859961
motion_relative,-1075.0,-175.0,23050,19849,57308,2940,8.73567008972168,0.0005162619636394083
motion_relative,-1025.0,-175.0,23050,19887,80124,4473,9.9010009765625,0.0005851308815181255
motion_relative,-975.0,-175.0,23050,19911,80763,4955,9.414146423339844,0.0005563586601056159
motion_relative,-925.0,-175.0,23050,19934,81381,5730,9.896550178527832,0.0005848678410984576
motion_relative,-875.0,-175.0,23050,19971,81783,6762,10.782087326049805,0.0006372014759108424
motion_relative,-825.0,-175.0,23050,20014,82332,7767,11.351701736450195,0.0006708646542392671
motion_relative,-775.0,-175.0,23050,20044,82985,9104,14.385723114013672,0.0008501696866005659
motion_relative,-725.0,-175.0,23050,20080,83793,10326,14.196040153503418,0.0008389597642235458
motion_relative,-675.0,-175.0,23050,20102,84314,11637,17.447010040283203,0.0010310860816389322
motion_relative,-625.0,-175.0,23050,20133,84691,13119,18.14960289001465,0.001072608050890267
motion_relative,-575.0,-175.0,23050,20142,85344,14571,20.654882431030273,0.001220665406435728
motion_relative,-525.0,-175.0,23050,20162,85911,15984,23.732633590698242,0.0014025549171492457
motion_relative,-475.0,-175.0,23050,20172,86559,17302,28.940980911254883,0.0017103585414588451
motion_relative,-425.0,-175.0,23050,20199,87017,18383,31.968666076660156,0.0018892892403528094
motion_relative,-375.0,-175.0,23050,20226,87402,19149,35.00987243652344,0.00206901878118515
motion_relative,-325.0,-175.0,23050,20242,87962,19406,36.4539794921875,0.002154362853616476
motion_relative,-275.0,-175.0,23050,20266,88857,19177,40.41798782348633,0.0023886284325271845
motion_relative,-225.0,-175.0,23050,20298,89496,18326,41.85599899291992,0.002473612315952778
motion_relative,-175.0,-175.0,23050,20322,90014,16371,35.93954086303711,0.0021239605266600847
motion_relative,-125.0,-175.0,23050,20336,90585,13910,30.150135040283203,0.001781817409209907
motion_relative,-75.0,-175.0,23050,20357,91437,11505,26.5945987701416,0.0015716917114332318
motion_relative,-25.0,-175.0,23050,20374,92020,9780,23.43400764465332,0.001384906587190926
motion_relative,25.0,-175.0,23050,20402,92671,8733,21.391061782836914,0.001264172256924212
motion_relative,75.0,-175.0,23050,20414,93091,8544,21.777751922607422,0.0012870249338448048
motion_relative,125.0,-175.0,23050,20422,93827,8778,20.10955238342285,0.0011884374544024467
motion_relative,175.0,-175.0,23050,20446,94639,8926,17.377140045166016,0.0010269569465890527
motion_relative,225.0,-175.0,23050,20460,95154,8617,15.338322639465332,0.0009064665646292269
motion_relative,275.0,-175.0,23050,20484,95902,8326,14.761274337768555,0.0008723640930838883
motion_relative,325.0,-175.0,23050,20510,96729,7583,10.484872817993164,0.0006196366157382727
motion_relative,375.0,-175.0,23050,20523,97357,6499,8.956175804138184,0.0005292934947647154
motion_relative,425.0,-175.0,23050,20525,97746,5380,7.125255584716797,0.00042108946945518255
motion_relative,475.0,-175.0,23050,20530,98397,4383,5.613094806671143,0.0003317235386930406
motion_relative,525.0,-175.0,23050,20516,99266,3502,4.124605178833008,0.00024375655630137771
motion_relative,575.0,-175.0,23050,20517,99602,2751,2.9015798568725586,0.00017147802282124758
motion_relative,625.0,-175.0,23050,20505,100335,2244,2.257753610610962,0.00013342907186597586
motion_relative,675.0,-175.0,23050,20492,100673,2023,2.422769546508789,0.00014318121247924864
motion_relative,725.0,-175.0,23050,20477,101100,1973,2.5954113006591797,0.00015338402590714395
motion_relative,775.0,-175.0,23050,20454,101495,1967,3.7397968769073486,0.00022101509966887534
motion_relative,825.0,-175.0,23050,20432,102064,2071,3.8403265476226807,0.00022695621009916067
motion_relative,875.0,-175.0,23050,20374,102505,2136,5.4983978271484375,0.00032494516926817596
motion_relative,925.0,-175.0,23050,20323,102636,2278,5.938005447387695,0.0003509251691866666
motion_relative,975.0,-175.0,23050,20257,102935,2525,7.513766288757324,0.0004440497141331434
motion_relative,1025.0,-175.0,23050,20192,103210,2710,9.843761444091797,0.0005817481433041394
motion_relative,1075.0,-175.0,23050,20107,74033,2075,12.260709762573242,0.000724585319403559
motion_relative,-1075.0,-125.0,23050,19732,67760,3370,9.595279693603516,0.0005670633399859071
motion_relative,-1025.0,-125.0,23050,19767,79749,4398,9.16419792175293,0.0005415871855802834
motion_relative,-975.0,-125.0,23050,19793,80421,5045,8.280972480773926,0.0004893902223557234
motion_relative,-925.0,-125.0,23050,19840,80937,5719,10.097841262817383,0.0005967637989670038
motion_relative,-875.0,-125.0,23050,19865,81560,6602,9.420814514160156,0.0005567527841776609
motion_relative,-825.0,-125.0,23050,19898,81887,7642,10.616853713989258,0.0006274364423006773
motion_relative,-775.0,-125.0,23050,19936,82654,8915,12.0640287399292,0.0007129618315957487
motion_relative,-725.0,-125.0,23050,19968,83287,10084,14.056056022644043,0.0008306870004162192
motion_relative,-675.0,-125.0,23050,20001,83788,11621,17.53489875793457,0.0010362801840528846
motion_relative,-625.0,-125.0,23050,20023,84261,13197,20.5231990814209,0.0012128831585869193
motion_relative,-575.0,-125.0,23050,20046,84931,14778,22.889734268188477,0.001352741033770144
motion_relative,-525.0,-125.0,23050,20063,85465,16284,24.97121810913086,0.0014757529133930802
motion_relative,-475.0,-125.0,23050,20080,85969,17369,30.540029525756836,0.0018048593774437904
motion_relative,-425.0,-125.0,23050,20098,86592,18514,32.70149230957031,0.001932597835548222
motion_relative,-375.0,-125.0,23050,20122,87094,19209,35.68122863769531,0.002108694752678275
motion_relative,-325.0,-125.0,23050,20117,87701,19686,41.09489822387695,0.0024286326952278614
motion_relative,-275.0,-125.0,23050,20140,88276,19080,39.8899040222168,0.00235741981305182
motion_relative,-225.0,-125.0,23050,20172,88933,17998,40.55873489379883,0.002396946307271719
motion_relative,-175.0,-125.0,23050,20201,89813,15881,36.391605377197266,0.002150676678866148
motion_relative,-125.0,-125.0,23050,20218,90140,12846,30.028066635131836,0.0017746033845469356
motion_relative,-75.0,-125.0,23050,20242,90731,9790,22.957313537597656,0.0013567348942160606
motion_relative,-25.0,-125.0,23050,20257,91516,7341,18.143503189086914,0.0010722475126385689
motion_relative,25.0,-125.0,23050,20270,92191,6058,17.00139808654785,0.001004751306027174
motion_relative,75.0,-125.0,23050,20298,92828,6095,15.907890319824219,0.0009401269489899278
motion_relative,125.0,-125.0,23050,20315,93516,6696,15.144684791564941,0.0008950229384936392
motion_relative,175.0,-125.0,23050,20341,94022,7332,14.28486442565918,0.0008442091639153659
motion_relative,225.0,-125.0,23050,20354,94788,7851,13.513550758361816,0.0007986259297467768
motion_relative,275.0,-125.0,23050,20374,95673,7785,12.419852256774902,0.0007339903386309743
motion_relative,325.0,-125.0,23050,20381,95830,7236,11.122842788696289,0.0006573394639417529
motion_relative,375.0,-125.0,23050,20403,96684,6392,8.332685470581055,0.0004924463573843241
motion_relative,425.0,-125.0,23050,20419,97523,5388,6.577918529510498,0.0003887428611051291
motion_relative,475.0,-125.0,23050,20410,98138,4322,6.838881015777588,0.0004041652427986264
motion_relative,525.0,-125.0,23050,20405,98811,3409,4.200437545776367,0.0002482381241861731
motion_relative,575.0,-125.0,23050,20390,99145,2753,3.121617078781128,0.00018448180344421417
motion_relative,625.0,-125.0,23050,20395,99900,2261,2.395752191543579,0.00014158453268464655
motion_relative,675.0,-125.0,23050,20375,100449,1983,2.3880248069763184,0.00014112786448094994
motion_relative,725.0,-125.0,23050,20363,100793,1951,2.903546094894409,0.0001715942198643461
motion_relative,775.0,-125.0,23050,20329,101492,1941,3.3460323810577393,0.00019774434622377157
motion_relative,825.0,-125.0,23050,20294,101554,1954,3.418306350708008,0.00020201559527777135
motion_relative,875.0,-125.0,23050,20251,101835,2034,4.0036516189575195,0.00023660842271056026
motion_relative,925.0,-125.0,23050,20181,101986,2206,5.171433925628662,0.00030562220490537584
motion_relative,975.0,-125.0,23050,20123,102111,2368,6.777772426605225,0.0004005538357887417
motion_relative,1025.0,-125.0,23050,20052,102711,2597,9.955978393554688,0.0005883799749426544
motion_relative,1075.0,-125.0,23050,19968,87616,2321,11.92556095123291,0.0007047786493785679
motion_relative,-1075.0,-75.0,23050,19614,74708,3689,11.175492286682129,0.0006604509544558823
motion_relative,-1025.0,-75.0,23050,19659,79271,4421,8.840085983276367,0.0005224327906034887
motion_relative,-975.0,-75.0,23050,19693,79781,4957,8.156744003295898,0.0004820485191885382
motion_relative,-925.0,-75.0,23050,19718,80479,5641,8.03819465637207,0.0004750424704980105
motion_relative,-875.0,-75.0,23050,19748,80952,6502,9.45950984954834,0.0005590395885519683
motion_relative,-825.0,-75.0,23050,19776,81599,7445,9.962849617004395,0.0005887860315851867
motion_relative,-775.0,-75.0,23050,19807,81948,8641,12.18982982635498,0.0007203964632935822
motion_relative,-725.0,-75.0,23050,19853,82930,9950,13.667133331298828,0.0008077023667283356
motion_relative,-675.0,-75.0,23050,19880,83355,11352,15.903396606445312,0.0009398614056408405
motion_relative,-625.0,-75.0,23050,19911,84136,13001,18.419715881347656,0.0010885712690651417
motion_relative,-575.0,-75.0,23050,19939,84476,14697,21.82274627685547,0.0012896840926259756
motion_relative,-525.0,-75.0,23050,19952,84903,16071,23.903030395507812,0.0014126249589025974
motion_relative,-475.0,-75.0,23050,19967,85665,17314,30.66803550720215,0.0018124242778867483
motion_relative,-425.0,-75.0,23050,19991,86285,18367,33.85893630981445,0.0020010005682706833
motion_relative,-375.0,-75.0,23050,20003,86853,19110,38.02082443237305,0.0022469605319201946
motion_relative,-325.0,-75.0,23050,20002,87068,19354,41.78452682495117,0.002469388535246253
motion_relative,-275.0,-75.0,23050,20008,87442,18892,41.411407470703125,0.002447337843477726
motion_relative,-225.0,-75.0,23050,20039,88483,17645,39.08122253417969,0.002309628063812852
motion_relative,-175.0,-75.0,23050,20063,89173,15312,36.64341735839844,0.0021655582822859287
motion_relative,-125.0,-75.0,23050,20090,89647,12106,27.261327743530273,0.0016110942233353853
motion_relative,-75.0,-75.0,23050,20115,90256,8432,18.274154663085938,0.0010799688752740622
motion_relative,-25.0,-75.0,23050,20128,90805,5583,14.634678840637207,0.0008648825460113585
motion_relative,25.0,-75.0,23050,20155,91629,4374,12.56999397277832,0.0007428634562529624
motion_relative,75.0,-75.0,23050,20175,92466,4126,11.309459686279297,0.0006683681858703494
motion_relative,125.0,-75.0,23050,20198,92980,4833,12.511971473693848,0.00073943444294855
motion_relative,175.0,-75.0,23050,20209,93540,5821,12.0354585647583,0.0007112734019756317
motion_relative,225.0,-75.0,23050,20232,94050,6785,14.003593444824219,0.0008275865111500025
motion_relative,275.0,-75.0,23050,20251,95158,7133,12.316794395446777,0.0007278998382389545
motion_relative,325.0,-75.0,23050,20268,95894,6889,10.787446975708008,0.0006375182420015335
motion_relative,375.0,-75.0,23050,20280,96285,6118,8.814173698425293,0.0005209014052525163
motion_relative,425.0,-75.0,23050,20285,96709,5271,7.913261413574219,0.0004676591488532722
motion_relative,475.0,-75.0,23050,20290,97427,4367,5.8175153732299805,0.00034380442230030894
motion_relative,525.0,-75.0,23050,20286,98048,3424,3.654829263687134,0.0002159936702810228
motion_relative,575.0,-75.0,23050,20272,98728,2698,2.675124168395996,0.00015809490287210792
motion_relative,625.0,-75.0,23050,20263,99151,2234,2.3113179206848145,0.00013659462274517864
motion_relative,675.0,-75.0,23050,20259,99517,1960,2.4544739723205566,0.0001450548879802227
motion_relative,725.0,-75.0,23050,20233,100263,1829,3.167351484298706,0.00018718463252298534
motion_relative,775.0,-75.0,23050,20205,100669,1842,3.7364983558654785,0.00022082016221247613
motion_relative,825.0,-75.0,23050,20173,101296,1919,4.271208763122559,0.0002524205483496189
motion_relative,875.0,-75.0,23050,20115,101407,2025,4.573718070983887,0.000270298303803429
motion_relative,925.0,-75.0,23050,20052,101337,2125,4.736630916595459,0.0002799261419568211
motion_relative,975.0,-75.0,23050,19988,101623,2267,6.090936660766602,0.0003599631309043616
motion_relative,1025.0,-75.0,23050,19914,101855,2458,8.584606170654297,0.0005073343636468053
motion_relative,1075.0,-75.0,23050,19834,96623,2519,12.811386108398438,0.0007571292808279395
motion_relative,-1075.0,-25.0,23050,19514,77993,3852,10.837000846862793,0.0006404467858374119
motion_relative,-1025.0,-25.0,23050,19553,78713,4277,9.636375427246094,0.0005694919964298606
motion_relative,-975.0,-25.0,23050,19574,79520,4846,7.767799377441406,0.0004590626049321145
motion_relative,-925.0,-25.0,23050,19605,80094,5600,7.6645283699035645,0.0004529594734776765
motion_relative,-875.0,-25.0,23050,19639,80590,6410,8.591167449951172,0.0005077221430838108
motion_relative,-825.0,-25.0,23050,19667,81102,7451,11.31965446472168,0.0006689706933684647
motion_relative,-775.0,-25.0,23050,19680,81561,8518,13.068532943725586,0.0007723261951468885
motion_relative,-725.0,-25.0,23050,19714,82134,9722,14.349967002868652,0.0008480565738864243
motion_relative,-675.0,-25.0,23050,19747,82912,11097,15.851557731628418,0.0009367978200316429
motion_relative,-625.0,-25.0,23050,19774,83300,12685,18.491971969604492,0.0010928413830697536
motion_relative,-575.0,-25.0,23050,19806,84086,14267,20.5991153717041,0.0012173696886748075
motion_relative,-525.0,-25.0,23050,19840,84402,15721,24.521081924438477,0.0014491507317870855
motion_relative,-475.0,-25.0,23050,19862,85036,17048,28.661352157592773,0.0016938330372795463
motion_relative,-425.0,-25.0,23050,19878,85658,17990,32.28752517700195,0.0019081331556662917
motion_relative,-375.0,-25.0,23050,19888,86300,18621,35.088558197021484,0.002073669107630849
motion_relative,-325.0,-25.0,23050,19894,86844,19046,40.25559997558594,0.0023790316190570593
motion_relative,-275.0,-25.0,23050,19906,87215,18531,41.28334045410156,0.0024397692177444696
motion_relative,-225.0,-25.0,23050,19925,87915,17140,40.08314895629883,0.002368840156123042
motion_relative,-175.0,-25.0,23050,19946,88661,14813,35.330345153808594,0.0020879581570625305
motion_relative,-125.0,-25.0,23050,19971,89206,11419,24.09475326538086,0.0014239554293453693
motion_relative,-75.0,-25.0,23050,19998,89898,7668,17.699234008789062,0.0010459921322762966
motion_relative,-25.0,-25.0,23050,20020,90353,4777,11.061838150024414,0.0006537342560477555
motion_relative,25.0,-25.0,23050,20048,91133,3265,9.098443984985352,0.0005377012421377003
motion_relative,75.0,-25.0,23050,20066,92154,3123,10.427022933959961,0.0006162178469821811
motion_relative,125.0,-25.0,23050,20079,92592,3582,10.049093246459961,0.0005938828689977527
motion_relative,175.0,-25.0,23050,20107,93074,4610,10.9186372756958,0.0006452713278122246
motion_relative,225.0,-25.0,23050,20115,93856,5842,12.581870079040527,0.0007435653242282569
motion_relative,275.0,-25.0,23050,20135,94330,6477,11.480031967163086,0.0006784487050026655
motion_relative,325.0,-25.0,23050,20152,95313,6526,11.395814895629883,0.0006734716589562595
motion_relative,375.0,-25.0,23050,20148,95812,5861,8.744794845581055,0.0005168012576177716
motion_relative,425.0,-25.0,23050,20165,96296,5015,6.775906085968018,0.00040044356137514114
motion_relative,475.0,-25.0,23050,20158,96861,4145,6.085839748382568,0.0003596619062591344
motion_relative,525.0,-25.0,23050,20160,97691,3362,3.8224475383758545,0.00022589959553442895
motion_relative,575.0,-25.0,23050,20140,98194,2705,3.0814578533172607,0.0001821084733819589
motion_relative,625.0,-25.0,23050,20131,98681,2237,2.8487439155578613,0.0001683555165072903
motion_relative,675.0,-25.0,23050,20107,98903,1845,2.047096014022827,0.0001209795955219306
motion_relative,725.0,-25.0,23050,20111,99627,1752,2.591531991958618,0.00015315476048272103
motion_relative,775.0,-25.0,23050,20072,100334,1746,3.075446605682373,0.00018175321747548878
motion_relative,825.0,-25.0,23050,20052,100549,1852,3.9034202098846436,0.00023068493464961648
motion_relative,875.0,-25.0,23050,20002,100738,1921,4.37864875793457,0.0002587700728327036
motion_relative,925.0,-25.0,23050,19924,100884,2037,4.855993270874023,0.00028698024107143283
motion_relative,975.0,-25.0,23050,19854,101011,2217,6.07153844833374,0.00035881673102267087
motion_relative,1025.0,-25.0,23050,19782,101211,2454,7.797974586486816,0.0004608459130395204
motion_relative,1075.0,-25.0,23050,19720,100836,2687,15.245811462402344,0.0009009993518702686
motion_relative,-1075.0,25.0,23050,19378,77190,3653,12.561037063598633,0.0007423341157846153
motion_relative,-1025.0,25.0,23050,19419,78445,4088,9.639981269836426,0.0005697050946764648
motion_relative,-975.0,25.0,23050,19457,79026,4695,8.687973976135254,0.0005134432576596737
motion_relative,-925.0,25.0,23050,19483,79525,5475,8.251039505004883,0.00048762120422907174
motion_relative,-875.0,25.0,23050,19508,80077,6220,8.647604942321777,0.0005110575002618134
motion_relative,-825.0,25.0,23050,19536,80750,7282,9.917339324951172,0.0005860964301973581
motion_relative,-775.0,25.0,23050,19561,81251,8213,11.122836112976074,0.0006573391146957874
motion_relative,-725.0,25.0,23050,19581,81663,9257,12.431646347045898,0.0007346873753704131
motion_relative,-675.0,25.0,23050,19611,82143,10555,14.834606170654297,0.0008766978862695396
motion_relative,-625.0,25.0,23050,19658,83004,12168,17.737102508544922,0.0010482299840077758
motion_relative,-575.0,25.0,23050,19672,83463,13786,22.36922264099121,0.0013219797983765602
motion_relative,-525.0,25.0,23050,19700,84020,15227,24.229217529296875,0.0014319020556285977
motion_relative,-475.0,25.0,23050,19735,84543,16435,29.073894500732422,0.0017182135488837957
motion_relative,-425.0,25.0,23050,19756,85315,17374,30.74434471130371,0.001816934091039002
motion_relative,-375.0,25.0,23050,19773,85673,17987,34.290924072265625,0.00202653044834733
motion_relative,-325.0,25.0,23050,19771,86244,18328,40.54479217529297,0.002396122319623828
motion_relative,-275.0,25.0,23050,19793,87005,17920,40.65774917602539,0.0024027980398386717
motion_relative,-225.0,25.0,23050,19821,87238,16505,38.212486267089844,0.0022582875099033117
motion_relative,-175.0,25.0,23050,19824,87920,14235,32.776729583740234,0.00193704420235008
motion_relative,-125.0,25.0,23050,19837,88513,11052,24.034412384033203,0.0014203893952071667
motion_relative,-75.0,25.0,23050,19863,89225,7346,16.148839950561523,0.0009543666383251548
motion_relative,-25.0,25.0,23050,19887,89867,4448,9.791980743408203,0.0005786879919469357
motion_relative,25.0,25.0,23050,19925,90671,2890,8.452202796936035,0.0004995095659978688
motion_relative,75.0,25.0,23050,19931,91337,2558,9.321196556091309,0.000550865544937551
motion_relative,125.0,25.0,23050,19953,91876,3049,9.483550071716309,0.0005604603211395442
motion_relative,175.0,25.0,23050,19972,92579,3979,12.517669677734375,0.0007397711742669344
motion_relative,225.0,25.0,23050,19987,93138,5152,10.281147956848145,0.0006075968849472702
motion_relative,275.0,25.0,23050,20015,93852,5955,12.318344116210938,0.0007279913988895714
motion_relative,325.0,25.0,23050,20020,94731,6012,10.339317321777344,0.0006110345711931586
motion_relative,375.0,25.0,23050,20031,95105,5497,7.604475975036621,0.0004494104941841215
motion_relative,425.0,25.0,23050,20035,95981,4692,6.309245586395264,0.0003728647716343403
motion_relative,475.0,25.0,23050,20026,96494,3928,4.575143814086914,0.00027038255939260125
motion_relative,525.0,25.0,23050,20032,96870,3234,3.754304885864258,0.0002218724985141307
motion_relative,575.0,25.0,23050,20022,97523,2636,2.886850118637085,0.00017060751270037144
motion_relative,625.0,25.0,23050,19996,97981,2061,2.764888048171997,0.00016339978901669383
motion_relative,675.0,25.0,23050,19997,98737,1785,2.3054041862487793,0.00013624512939713895
motion_relative,725.0,25.0,23050,19982,99061,1616,1.9634243249893188,0.00011603475286392495
motion_relative,775.0,25.0,23050,19951,99520,1696,2.6838085651397705,0.0001586081343702972
motion_relative,825.0,25.0,23050,19920,100015,1750,3.205059289932251,0.0001894130982691422
motion_relative,875.0,25.0,23050,19859,100326,1764,4.373715400695801,0.00025847851065918803
motion_relative,925.0,25.0,23050,19790,100314,1943,4.976986885070801,0.0002941307320725173
motion_relative,975.0,25.0,23050,19725,100120,2209,5.9112548828125,0.00034934424911625683
motion_relative,1025.0,25.0,23050,19657,100849,2441,7.269898891448975,0.0004296376137062907
motion_relative,1075.0,25.0,23050,19579,99995,2609,17.156675338745117,0.001013927860185504
motion_relative,-1075.0,75.0,23050,19271,73245,3422,10.419920921325684,0.0006157981115393341
motion_relative,-1025.0,75.0,23050,19290,78168,3944,8.201715469360352,0.00048470625188201666
motion_relative,-975.0,75.0,23050,19325,78449,4504,7.970449447631836,0.00047103886026889086
motion_relative,-925.0,75.0,23050,19349,79060,5257,8.476834297180176,0.0005009652813896537
motion_relative,-875.0,75.0,23050,19378,79666,6064,8.67496109008789,0.000512674218043685
motion_relative,-825.0,75.0,23050,19422,80284,6881,9.104498863220215,0.0005380591028369963
motion_relative,-775.0,75.0,23050,19444,80642,7835,11.37987232208252,0.0006725294515490532
motion_relative,-725.0,75.0,23050,19469,81236,8789,12.282856941223145,0.0007258941768668592
motion_relative,-675.0,75.0,23050,19501,81911,10051,13.192350387573242,0.0007796435966156423
motion_relative,-625.0,75.0,23050,19528,82289,11546,16.427106857299805,0.0009708116995170712
motion_relative,-575.0,75.0,23050,19548,82876,13090,20.937307357788086,0.0012373562203720212
motion_relative,-525.0,75.0,23050,19575,83659,14525,23.374053955078125,0.0013813634868711233
motion_relative,-475.0,75.0,23050,19609,84066,15561,25.14430046081543,0.0014859817456454039
motion_relative,-425.0,75.0,23050,19627,84901,16660,28.634441375732422,0.0016922426875680685
motion_relative,-375.0,75.0,23050,19644,85003,17305,33.09726333618164,0.001955987187102437
motion_relative,-325.0,75.0,23050,19655,85839,17655,36.65789031982422,0.002166413702070713
motion_relative,-275.0,75.0,23050,19671,86459,17253,39.02125930786133,0.00230608438141644
motion_relative,-225.0,75.0,23050,19702,87136,15939,35.74510192871094,0.0021124696359038353
motion_relative,-175.0,75.0,23050,19712,87742,13895,31.849456787109375,0.0018822441343218088
motion_relative,-125.0,75.0,23050,19730,88189,10903,26.22800636291504,0.0015500268200412393
motion_relative,-75.0,75.0,23050,19739,88958,7494,16.371599197387695,0.000967531290370971
motion_relative,-25.0,75.0,23050,19764,89573,4652,11.36417293548584,0.0006716016796417534
motion_relative,25.0,75.0,23050,19791,90165,2949,9.410365104675293,0.000556135200895369
motion_relative,75.0,75.0,23050,19820,90757,2393,9.206254959106445,0.0005440727109089494
motion_relative,125.0,75.0,23050,19845,91446,2949,11.050776481628418,0.0006530805258080363
motion_relative,175.0,75.0,23050,19846,92248,3882,11.974250793457031,0.0007076561450958252
motion_relative,225.0,75.0,23050,19853,92724,4731,10.891857147216797,0.0006436886615119874
motion_relative,275.0,75.0,23050,19865,93271,5443,10.461031913757324,0.0006182276993058622
motion_relative,325.0,75.0,23050,19878,93826,5477,10.55240249633789,0.0006236275075934827
motion_relative,375.0,75.0,23050,19903,94661,5041,6.799815654754639,0.00040185655234381557
motion_relative,425.0,75.0,23050,19913,95339,4437,5.602710247039795,0.00033110982622019947
motion_relative,475.0,75.0,23050,19916,95837,3669,4.5774712562561035,0.0002705201040953398
motion_relative,525.0,75.0,23050,19913,96568,3149,3.709791660308838,0.00021924184693489224
motion_relative,575.0,75.0,23050,19891,97138,2529,2.5708274841308594,0.0001519311626907438
motion_relative,625.0,75.0,23050,19875,97425,2023,2.353055000305176,0.0001390612160321325
motion_relative,675.0,75.0,23050,19864,98085,1652,1.782556414604187,0.00010534579632803798
motion_relative,725.0,75.0,23050,19843,98378,1549,2.99275541305542,0.00017686632054392248
motion_relative,775.0,75.0,23050,19827,98991,1653,2.520568609237671,0.00014896095672156662
motion_relative,825.0,75.0,23050,19792,99242,1740,3.09881854057312,0.0001831344561651349
motion_relative,875.0,75.0,23050,19720,99390,1780,4.618383407592773,0.0002729379339143634
motion_relative,925.0,75.0,23050,19660,99793,1959,5.377461910247803,0.00031779808341525495
motion_relative,975.0,75.0,23050,19593,100087,2154,5.902441024780273,0.00034882337786257267
motion_relative,1025.0,75.0,23050,19528,99767,2361,7.152022361755371,0.00042267132084816694
motion_relative,1075.0,75.0,23050,19446,94858,2385,13.302507400512695,0.0007861536578275263
motion_relative,-1075.0,125.0,23050,19150,66078,2988,9.96817684173584,0.0005891008768230677
motion_relative,-1025.0,125.0,23050,19172,77332,3724,10.867613792419434,0.0006422559381462634
motion_relative,-975.0,125.0,23050,19197,78255,4331,8.109076499938965,0.00047923147212713957
motion_relative,-925.0,125.0,23050,19219,78747,4965,8.727960586547852,0.0005158063722774386
motion_relative,-875.0,125.0,23050,19245,78796,5602,8.229055404663086,0.0004863219801336527
motion_relative,-825.0,125.0,23050,19286,79544,6438,8.546820640563965,0.0005051013431511819
motion_relative,-775.0,125.0,23050,19324,80360,7371,9.691506385803223,0.0005727501702494919
motion_relative,-725.0,125.0,23050,19355,80768,8436,10.799056053161621,0.0006382042774930596
motion_relative,-675.0,125.0,23050,19390,81460,9597,14.726530075073242,0.0008703107596375048
motion_relative,-625.0,125.0,23050,19413,81928,10778,15.250992774963379,0.0009013055241666734
motion_relative,-575.0,125.0,23050,19431,82477,12213,17.952268600463867,0.00106094591319561
motion_relative,-525.0,125.0,23050,19446,83324,13623,20.805330276489258,0.0012295566266402602
motion_relative,-475.0,125.0,23050,19478,83545,14868,24.901756286621094,0.0014716478763148189
motion_relative,-425.0,125.0,23050,19493,83931,15852,28.372177124023438,0.001676743384450674
motion_relative,-375.0,125.0,23050,19510,84616,16552,31.238365173339844,0.001846129773184657
motion_relative,-325.0,125.0,23050,19528,85333,16696,33.453346252441406,0.0019770311191678047
motion_relative,-275.0,125.0,23050,19551,85664,16474,36.216190338134766,0.002140310127288103
motion_relative,-225.0,125.0,23050,19563,86407,15490,37.91783142089844,0.002240873873233795
motion_relative,-175.0,125.0,23050,19580,86871,13547,31.03884506225586,0.0018343385308980942
motion_relative,-125.0,125.0,23050,19608,87771,10965,28.858631134033203,0.001705491915345192
motion_relative,-75.0,125.0,23050,19627,88380,8073,19.070167541503906,0.0011270117247477174
motion_relative,-25.0,125.0,23050,19639,88907,5293,13.615934371948242,0.0008046766160987318
motion_relative,25.0,125.0,23050,19649,89314,3448,8.849080085754395,0.0005229642847552896
motion_relative,75.0,125.0,23050,19678,90169,2697,8.36609935760498,0.0004944210522808135
motion_relative,125.0,125.0,23050,19698,90869,3114,10.048163414001465,0.0005938279209658504
motion_relative,175.0,125.0,23050,19727,91749,3871,11.416537284851074,0.0006746962899342179
motion_relative,225.0,125.0,23050,19716,92324,4711,11.143004417419434,0.0006585310329683125
motion_relative,275.0,125.0,23050,19733,92695,5144,9.840834617614746,0.0005815751501359046
motion_relative,325.0,125.0,23050,19763,93404,5086,10.741081237792969,0.0006347780581563711
motion_relative,375.0,125.0,23050,19767,94067,4613,6.136990547180176,0.00036268483381718397
motion_relative,425.0,125.0,23050,19755,94548,4053,4.687327861785889,0.00027701244107447565
motion_relative,475.0,125.0,23050,19772,95485,3430,4.1447319984436035,0.0002449460153002292
motion_relative,525.0,125.0,23050,19756,95701,2929,3.09552001953125,0.0001829395187087357
motion_relative,575.0,125.0,23050,19768,96288,2345,2.392414093017578,0.00014138725236989558
motion_relative,625.0,125.0,23050,19752,96714,1862,2.0074706077575684,0.00011863780673593283
motion_relative,675.0,125.0,23050,19730,97516,1612,2.0147294998168945,0.00011906679719686508
motion_relative,725.0,125.0,23050,19704,97965,1489,2.1212246417999268,0.00012536045687738806
motion_relative,775.0,125.0,23050,19674,98179,1525,2.390789270401001,0.0001412912388332188
motion_relative,825.0,125.0,23050,19643,98634,1642,3.01945424079895,0.00017844417016021907
motion_relative,875.0,125.0,23050,19582,98883,1720,3.399573564529419,0.0002009085292229429
motion_relative,925.0,125.0,23050,19525,98990,1919,5.267100811004639,0.0003112759441137314
motion_relative,975.0,125.0,23050,19457,99315,2164,7.977754592895508,0.00047147058648988605
motion_relative,1025.0,125.0,23050,19391,99355,2298,8.885504722595215,0.0005251169204711914
motion_relative,1075.0,125.0,23050,19314,84933,2052,10.597033500671387,0.0006262651295401156
motion_relative,-1075.0,175.0,23050,19020,54790,2419,8.595476150512695,0.0005079768016003072
motion_relative,-1025.0,175.0,23050,19060,77002,3590,9.499351501464844,0.000561394146643579
motion_relative,-975.0,175.0,23050,19085,77603,4076,7.163950443267822,0.0004233762447256595
motion_relative,-925.0,175.0,23050,19108,78029,4641,8.435490608215332,0.00049852195661515
motion_relative,-875.0,175.0,23050,19137,78769,5315,8.503368377685547,0.0005025333957746625
motion_relative,-825.0,175.0,23050,19164,79074,6028,8.49272346496582,0.0005019042873755097
motion_relative,-775.0,175.0,23050,19196,79811,6868,9.717667579650879,0.0005742962239310145
motion_relative,-725.0,175.0,23050,19228,80211,7744,9.096763610839844,0.0005376019398681819
motion_relative,-675.0,175.0,23050,19253,80986,8795,13.11449146270752,0.0007750422810204327
motion_relative,-625.0,175.0,23050,19294,81530,10076,13.986039161682129,0.0008265491342172027
motion_relative,-575.0,175.0,23050,19305,81822,11352,15.65119743347168,0.0009249568684026599
motion_relative,-525.0,175.0,23050,19323,82181,12712,19.485946655273438,0.0011515835067257285
motion_relative,-475.0,175.0,23050,19342,82990,14035,22.178316116333008,0.0013106975238770247
motion_relative,-425.0,175.0,23050,19356,83729,14936,24.64005470275879,0.001456181751564145
motion_relative,-375.0,175.0,23050,19363,83935,15476,27.15169906616211,0.001604615361429751
motion_relative,-325.0,175.0,23050,19391,84539,15588,29.248079299926758,0.0017285075737163424
motion_relative,-275.0,175.0,23050,19404,85386,15600,33.80250930786133,0.0019976659677922726
motion_relative,-225.0,175.0,23050,19427,85843,14837,35.05370330810547,0.002071609254926443
motion_relative,-175.0,175.0,23050,19458,86625,13186,32.178749084472656,0.0019017047015950084
motion_relative,-125.0,175.0,23050,19475,87105,11146,30.56687355041504,0.001806445885449648
motion_relative,-75.0,175.0,23050,19502,87771,8676,21.676658630371094,0.0012810504995286465
motion_relative,-25.0,175.0,23050,19526,88213,6163,16.372983932495117,0.0009676131303422153
motion_relative,25.0,175.0,23050,19525,89151,4477,14.023039817810059,0.000828735763207078
motion_relative,75.0,175.0,23050,19552,89649,3694,12.530996322631836,0.0007405587821267545
motion_relative,125.0,175.0,23050,19577,90172,3766,11.696001052856445,0.0006912120734341443
motion_relative,175.0,175.0,23050,19582,90856,4181,13.074080467224121,0.0007726540206931531
motion_relative,225.0,175.0,23050,19589,91579,4823,11.12939167022705,0.0006577265448868275
motion_relative,275.0,175.0,23050,19607,92197,4995,11.573579788208008,0.0006839772104285657
motion_relative,325.0,175.0,23050,19616,92851,4710,7.7634148597717285,0.0004588034935295582
motion_relative,375.0,175.0,23050,19621,93242,4197,5.774162769317627,0.00034124235389754176
motion_relative,425.0,175.0,23050,19630,94014,3728,4.476257801055908,0.00026453856844455004
motion_relative,475.0,175.0,23050,19627,94615,3180,4.686153888702393,0.0002769430575426668
motion_relative,525.0,175.0,23050,19631,95257,2677,3.440859079360962,0.0002033484197454527
motion_relative,575.0,175.0,23050,19614,95706,2106,2.3081343173980713,0.00013640648103319108
motion_relative,625.0,175.0,23050,19595,96343,1755,1.744060754776001,0.00010307077172910795
motion_relative,675.0,175.0,23050,19584,96355,1610,1.6720951795578003,9.881774167297408e-05
motion_relative,725.0,175.0,23050,19574,97089,1434,2.047513484954834,0.0001210042682942003
motion_relative,775.0,175.0,23050,19531,97692,1375,2.460885763168335,0.00014543380530085415
motion_relative,825.0,175.0,23050,19494,97922,1479,2.4988651275634766,0.0001476783218095079
motion_relative,875.0,175.0,23050,19455,98323,1646,3.0354630947113037,0.00017939026292879134
motion_relative,925.0,175.0,23050,19384,98312,1846,4.723289966583252,0.00027913771918974817
motion_relative,975.0,175.0,23050,19318,98609,2089,7.235487461090088,0.000427603954449296
motion_relative,1025.0,175.0,23050,19264,98900,2291,10.465736389160156,0.0006185056990943849
motion_relative,1075.0,175.0,23050,19178,70876,1655,8.48055648803711,0.0005011852481402457
motion_relative,-1075.0,225.0,23050,18893,40593,1651,6.16262149810791,0.00036419957177713513
motion_relative,-1025.0,225.0,23050,18939,76707,3338,8.565735816955566,0.0005062191630713642
motion_relative,-975.0,225.0,23050,18961,76896,3689,6.749194145202637,0.000398864911403507
motion_relative,-925.0,225.0,23050,18986,77537,4250,7.163807392120361,0.00042336780461482704
motion_relative,-875.0,225.0,23050,19014,78303,4820,8.702415466308594,0.000514296698383987
motion_relative,-825.0,225.0,23050,19033,78622,5517,7.1433820724487305,0.00042216069414280355
motion_relative,-775.0,225.0,23050,19055,79202,6269,7.946900367736816,0.0004696471442002803
motion_relative,-725.0,225.0,23050,19088,79761,7253,9.13675594329834,0.0005399654037319124
motion_relative,-675.0,225.0,23050,19112,80249,8287,10.618446350097656,0.0006275305640883744
motion_relative,-625.0,225.0,23050,19143,80785,9221,12.222957611083984,0.0007223542197607458
motion_relative,-575.0,225.0,23050,19155,81428,10420,13.318111419677734,0.0007870758417993784
motion_relative,-525.0,225.0,23050,19184,81704,11788,17.43779182434082,0.001030541374348104
motion_relative,-475.0,225.0,23050,19192,82368,12948,21.47417640686035,0.0012690841685980558
motion_relative,-425.0,225.0,23050,19212,82997,13840,24.34430694580078,0.0014387036208063364
motion_relative,-375.0,225.0,23050,19229,83469,14297,24.723079681396484,0.0014610884245485067
motion_relative,-325.0,225.0,23050,19248,84067,14464,28.40735626220703,0.0016788223292678595
motion_relative,-275.0,225.0,23050,19270,84586,14357,29.93866539001465,0.0017693198751658201
motion_relative,-225.0,225.0,23050,19290,85060,13888,32.5077018737793,0.0019211452454328537
motion_relative,-175.0,225.0,23050,19318,86131,12864,29.593637466430664,0.001748929382301867
motion_relative,-125.0,225.0,23050,19342,86473,11174,28.3850154876709,0.0016775020631030202
motion_relative,-75.0,225.0,23050,19361,87130,9173,23.560575485229492,0.0013923865044489503
motion_relative,-25.0,225.0,23050,19383,88016,7125,21.308609008789062,0.001259299460798502
motion_relative,25.0,225.0,23050,19393,88420,5502,17.59609603881836,0.001039896858856082
motion_relative,75.0,225.0,23050,19411,89072,4731,14.457765579223633,0.0008544272859580815
motion_relative,125.0,225.0,23050,19419,89823,4554,12.30866527557373,0.0007274193922057748
motion_relative,175.0,225.0,23050,19442,90057,4761,12.189650535583496,0.000720385869499296
motion_relative,225.0,225.0,23050,19436,90754,4847,9.72666072845459,0.0005748277180828154
motion_relative,275.0,225.0,23050,19446,91537,4896,9.130990028381348,0.0005396246560849249
motion_relative,325.0,225.0,23050,19453,92203,4419,6.928437232971191,0.0004094578616786748
motion_relative,375.0,225.0,23050,19464,92658,3921,6.548305511474609,0.0003869927895721048
motion_relative,425.0,225.0,23050,19471,93282,3347,4.310664176940918,0.0002547522890381515
motion_relative,475.0,225.0,23050,19491,94138,2869,4.347477912902832,0.0002569279167801142
motion_relative,525.0,225.0,23050,19498,94515,2374,2.9119529724121094,0.000172091051354073
motion_relative,575.0,225.0,23050,19483,95061,1949,2.350463628768921,0.00013890805712435395
motion_relative,625.0,225.0,23050,19461,95601,1630,1.8063279390335083,0.00010675064550014213
motion_relative,675.0,225.0,23050,19436,96075,1556,3.2494828701019287,0.00019203843839932233
motion_relative,725.0,225.0,23050,19404,96260,1387,2.256598949432373,0.00013336083793547004
motion_relative,775.0,225.0,23050,19382,96786,1357,3.407803535461426,0.0002013948978856206
motion_relative,825.0,225.0,23050,19352,97376,1465,3.0929131507873535,0.00018278545758221298
motion_relative,875.0,225.0,23050,19305,97449,1630,4.177119255065918,0.0002468600287102163
motion_relative,925.0,225.0,23050,19228,97555,1842,5.153396129608154,0.00030455621890723705
motion_relative,975.0,225.0,23050,19182,97609,2021,5.917403221130371,0.00034970761043950915
motion_relative,1025.0,225.0,23050,19109,97922,2216,10.250370025634766,0.0006057779537513852
motion_relative,1075.0,225.0,23050,18990,52187,1241,7.433283805847168,0.0004392933624330908
motion_relative,-1075.0,275.0,23050,15666,22641,895,2.8445544242858887,0.00016810791566967964
motion_relative,-1025.0,275.0,23050,18814,76264,3018,7.73076868057251,0.00045687417150475085
motion_relative,-975.0,275.0,23050,18848,76504,3393,7.901704788208008,0.00046697616926394403
motion_relative,-925.0,275.0,23050,18872,77111,3842,6.881745338439941,0.0004066984402015805
motion_relative,-875.0,275.0,23050,18900,77863,4349,7.161463260650635,0.000423229270381853
motion_relative,-825.0,275.0,23050,18930,78361,4968,7.771106719970703,0.0004592580662574619
motion_relative,-775.0,275.0,23050,18950,78865,5860,7.169607639312744,0.00042371058952994645
motion_relative,-725.0,275.0,23050,18969,78967,6644,8.642250061035156,0.0005107410252094269
motion_relative,-675.0,275.0,23050,18984,79794,7546,9.23336410522461,0.0005456747603602707
motion_relative,-625.0,275.0,23050,19004,80397,8465,10.198930740356445,0.0006027380004525185
motion_relative,-575.0,275.0,23050,19033,80791,9529,12.27562427520752,0.0007254667580127716
motion_relative,-525.0,275.0,23050,19049,81316,10585,14.998671531677246,0.0008863938273862004
motion_relative,-475.0,275.0,23050,19071,81631,11589,18.498777389526367,0.0010932435980066657
motion_relative,-425.0,275.0,23050,19088,82308,12441,20.34035873413086,0.0012020777212455869
motion_relative,-375.0,275.0,23050,19104,83069,13084,21.642873764038086,0.0012790538603439927
motion_relative,-325.0,275.0,23050,19094,83471,13194,23.69495964050293,0.0014003283577039838
motion_relative,-275.0,275.0,23050,19129,83911,13307,25.082313537597656,0.0014823185047134757
motion_relative,-225.0,275.0,23050,19152,84500,13090,27.547527313232422,0.0016280080890282989
motion_relative,-175.0,275.0,23050,19174,85185,12247,27.823070526123047,0.0016442921478301287
motion_relative,-125.0,275.0,23050,19204,86188,11034,25.691246032714844,0.001518305274657905
motion_relative,-75.0,275.0,23050,19229,86374,9493,24.4586181640625,0.0014454592019319534
motion_relative,-25.0,275.0,23050,19245,87061,7895,22.513010025024414,0.0013304774183779955
motion_relative,25.0,275.0,23050,19256,87595,6371,16.30558204650879,0.000963629805482924
motion_relative,75.0,275.0,23050,19266,88513,5632,15.270678520202637,0.0009024689206853509
motion_relative,125.0,275.0,23050,19278,88913,5120,13.309940338134766,0.0007865928928367794
motion_relative,175.0,275.0,23050,19283,89605,4943,11.467453002929688,0.0006777053349651396
motion_relative,225.0,275.0,23050,19294,90055,4720,9.44678783416748,0.0005582877201959491
motion_relative,275.0,275.0,23050,19319,90764,4610,8.897274017333984,0.0005258125020191073
motion_relative,325.0,275.0,23050,19325,91542,4090,6.546990871429443,0.00038691508234478533
motion_relative,375.0,275.0,23050,19338,92419,3570,5.066066265106201,0.00029939517844468355
motion_relative,425.0,275.0,23050,19359,92593,3076,3.68424916267395,0.00021773233311250806
motion_relative,475.0,275.0,23050,19350,93204,2482,3.445251226425171,0.0002036079968092963
motion_relative,525.0,275.0,23050,19343,94008,2127,2.2664148807525635,0.00013394093548413366
motion_relative,575.0,275.0,23050,19324,94625,1807,1.7268352508544922,0.00010205277794739231
motion_relative,625.0,275.0,23050,19308,94721,1545,1.6855214834213257,9.961120667867362e-05
motion_relative,675.0,275.0,23050,19281,95045,1412,2.3219308853149414,0.00013722182484343648
motion_relative,725.0,275.0,23050,19264,95638,1321,2.2553622722625732,0.00013328774366527796
motion_relative,775.0,275.0,23050,19244,96333,1308,3.0357253551483154,0.00017940577527042478
motion_relative,825.0,275.0,23050,19197,96443,1388,2.6051509380340576,0.00015395961236208677
motion_relative,875.0,275.0,23050,19149,96718,1572,3.6596686840057373,0.0002162796736229211
motion_relative,925.0,275.0,23050,19075,96707,1727,6.035287380218506,0.0003566743398550898
motion_relative,975.0,275.0,23050,19015,96862,1966,6.707895755767822,0.0003964242641814053
motion_relative,1025.0,275.0,23050,18947,97350,2185,9.527215957641602,0.0005630408995784819
motion_relative,1075.0,275.0,23050,16519,29150,688,4.729904651641846,0.000279528641840443
motion_relative,-1075.0,325.0,23050,3453,3486,130,0.5293136239051819,3.1281459087040275e-05
motion_relative,-1025.0,325.0,23050,18687,73148,2836,8.002032279968262,0.0004729053471237421
motion_relative,-975.0,325.0,23050,18716,76204,3204,8.987354278564453,0.0005311360582709312
motion_relative,-925.0,325.0,23050,18751,76514,3474,5.818561553955078,0.0003438662679400295
motion_relative,-875.0,325.0,23050,18778,77241,3986,5.438249588012695,0.0003213905147276819
motion_relative,-825.0,325.0,23050,18807,77502,4545,6.590790748596191,0.00038950357702560723
motion_relative,-775.0,325.0,23050,18818,78190,5280,6.909099578857422,0.00040831504156813025
motion_relative,-725.0,325.0,23050,18842,78771,6008,7.467104434967041,0.00044129209709353745
motion_relative,-675.0,325.0,23050,18871,79213,6811,8.606775283813477,0.0005086445598863065
motion_relative,-625.0,325.0,23050,18893,79618,7641,10.746152877807617,0.0006350778276100755
motion_relative,-575.0,325.0,23050,18909,80390,8568,11.81177043914795,0.0006980538601055741
motion_relative,-525.0,325.0,23050,18922,80787,9493,14.039362907409668,0.0008297004387713969
motion_relative,-475.0,325.0,23050,18933,81513,10443,15.184528350830078,0.0008973776130005717
motion_relative,-425.0,325.0,23050,18934,81759,10961,16.008922576904297,0.0009460977744311094
motion_relative,-375.0,325.0,23050,18949,82229,11548,18.42401123046875,0.0010888250544667244
motion_relative,-325.0,325.0,23050,18974,82771,12026,18.629505157470703,0.0011009693844243884
motion_relative,-275.0,325.0,23050,18999,83530,12150,20.707563400268555,0.0012237788178026676
motion_relative,-225.0,325.0,23050,19004,84142,11967,22.938308715820312,0.0013556117191910744
motion_relative,-175.0,325.0,23050,19036,84535,11427,23.82819938659668,0.0014082025736570358
motion_relative,-125.0,325.0,23050,19061,85260,10627,20.641281127929688,0.001219861675053835
motion_relative,-75.0,325.0,23050,19082,85977,9576,21.648216247558594,0.0012793696951121092
motion_relative,-25.0,325.0,23050,19104,86574,8254,21.583303451538086,0.0012755334610119462
motion_relative,25.0,325.0,23050,19122,87163,6876,18.22522735595703,0.0010770773515105247
motion_relative,75.0,325.0,23050,19137,87906,6026,15.391091346740723,0.0009095850982703269
motion_relative,125.0,325.0,23050,19152,88348,5362,13.386941909790039,0.0007911435677669942
motion_relative,175.0,325.0,23050,19152,88933,4896,11.647502899169922,0.0006883459282107651
motion_relative,225.0,325.0,23050,19160,89508,4660,8.94162654876709,0.0005284336511977017
motion_relative,275.0,325.0,23050,19177,90160,4321,7.085181713104248,0.0004187211743555963
motion_relative,325.0,325.0,23050,19191,90756,3723,5.511537075042725,0.0003257216594647616
motion_relative,375.0,325.0,23050,19207,91590,3248,4.3543782234191895,0.0002573357196524739
motion_relative,425.0,325.0,23050,19206,92023,2706,3.5588011741638184,0.00021031858341302723
motion_relative,475.0,325.0,23050,19188,92668,2275,2.619659423828125,0.0001548170403111726
motion_relative,525.0,325.0,23050,19192,93118,1936,2.3925771713256836,0.00014139690028969198
motion_relative,575.0,325.0,23050,19170,93621,1629,1.8377642631530762,0.00010860848124139011
motion_relative,625.0,325.0,23050,19154,94235,1474,1.835974931716919,0.00010850273247342557
motion_relative,675.0,325.0,23050,19120,94534,1389,1.5717084407806396,9.28850713535212e-05
motion_relative,725.0,325.0,23050,19099,94789,1308,2.752009630203247,0.0001626386947464198
motion_relative,775.0,325.0,23050,19080,95459,1286,2.523451566696167,0.00014913133054506034
motion_relative,825.0,325.0,23050,19035,95398,1393,4.0298285484313965,0.00023815543681848794
motion_relative,875.0,325.0,23050,18976,95594,1552,4.192037105560303,0.0002477416710462421
motion_relative,925.0,325.0,23050,18910,95847,1721,6.096926689147949,0.00036031712079420686
motion_relative,975.0,325.0,23050,18849,96206,1925,8.446443557739258,0.0004991692258045077
motion_relative,1025.0,325.0,23050,18777,93115,2188,11.696575164794922,0.0006912460085004568
motion_relative,1075.0,325.0,23050,4222,4448,110,1.1805142164230347,6.976621079957113e-05
motion_relative,-1075.0,375.0,23050,0,0,0,0.0,0.0
motion_relative,-1025.0,375.0,23050,18554,51024,1857,5.493241310119629,0.0003246404230594635
motion_relative,-975.0,375.0,23050,18576,75739,3071,7.735328197479248,0.0004571436147671193
motion_relative,-925.0,375.0,23050,18607,76290,3236,5.687266826629639,0.0003361069830134511
motion_relative,-875.0,375.0,23050,18641,76563,3538,4.944452285766602,0.0002922080166172236
motion_relative,-825.0,375.0,23050,18671,77063,4213,6.268238067626953,0.00037044129567220807
motion_relative,-775.0,375.0,23050,18704,77593,4827,6.712963581085205,0.00039672377170063555
motion_relative,-725.0,375.0,23050,18715,78478,5426,6.671629428863525,0.0003942809998989105
motion_relative,-675.0,375.0,23050,18730,78830,6096,8.18767261505127,0.0004838763561565429
motion_relative,-625.0,375.0,23050,18758,79373,6778,9.1466064453125,0.000540547538548708
motion_relative,-575.0,375.0,23050,18779,79557,7621,9.560864448547363,0.0005650294478982687
motion_relative,-525.0,375.0,23050,18801,80181,8514,12.183143615722656,0.0007200012914836407
motion_relative,-475.0,375.0,23050,18816,80908,9186,13.125890731811523,0.0007757159182801843
motion_relative,-425.0,375.0,23050,18825,81218,9675,13.699616432189941,0.0008096220553852618
motion_relative,-375.0,375.0,23050,18833,81797,10277,14.155354499816895,0.0008365553221665323
motion_relative,-325.0,375.0,23050,18833,82212,10687,15.888738632202148,0.0009389951592311263
motion_relative,-275.0,375.0,23050,18857,82918,10858,17.592954635620117,0.001039711176417768
motion_relative,-225.0,375.0,23050,18872,83472,10778,20.104480743408203,0.0011881376849487424
motion_relative,-175.0,375.0,23050,18901,84165,10530,19.72154998779297,0.0011655072448775172
motion_relative,-125.0,375.0,23050,18922,84747,9908,19.78877067565918,0.0011694798013195395
motion_relative,-75.0,375.0,23050,18947,85296,8850,16.790843963623047,0.0009923079051077366
motion_relative,-25.0,375.0,23050,18967,86039,7930,15.180676460266113,0.0008971499628387392
motion_relative,25.0,375.0,23050,18986,86664,6844,14.2388916015625,0.000841492204926908
motion_relative,75.0,375.0,23050,19000,87087,6019,12.283624649047852,0.0007259395788423717
motion_relative,125.0,375.0,23050,19003,87699,5406,10.746562004089355,0.0006351019837893546
motion_relative,175.0,375.0,23050,19006,88178,4857,10.389570236206055,0.0006140044424682856
motion_relative,225.0,375.0,23050,19029,89079,4421,7.441161632537842,0.0004397589364089072
motion_relative,275.0,375.0,23050,19040,89836,3973,6.180480480194092,0.0003652549930848181
motion_relative,325.0,375.0,23050,19058,90193,3413,5.029190540313721,0.00029721588362008333
motion_relative,375.0,375.0,23050,19066,90762,2859,3.7918126583099365,0.00022408913355320692
motion_relative,425.0,375.0,23050,19056,91427,2467,2.726268768310547,0.00016111745208036155
motion_relative,475.0,375.0,23050,19054,92078,2079,2.5000245571136475,0.00014774683222640306
motion_relative,525.0,375.0,23050,19041,92492,1788,2.1129415035247803,0.00012487094500102103
motion_relative,575.0,375.0,23050,19038,92816,1549,1.7957229614257812,0.00010612391633912921
motion_relative,625.0,375.0,23050,19020,93279,1455,1.8190313577651978,0.00010750140063464642
motion_relative,675.0,375.0,23050,19002,93966,1342,2.29638934135437,0.00013571236922871321
motion_relative,725.0,375.0,23050,18971,94583,1287,1.918574571609497,0.00011338421609252691
motion_relative,775.0,375.0,23050,18927,94357,1290,2.3592286109924316,0.00013942606165073812
motion_relative,825.0,375.0,23050,18880,94706,1345,2.990236759185791,0.00017671746900305152
motion_relative,875.0,375.0,23050,18803,95033,1547,4.209647178649902,0.00024878239491954446
motion_relative,925.0,375.0,23050,18722,95012,1719,6.332159519195557,0.00037421894376166165
motion_relative,975.0,375.0,23050,18681,95195,2038,9.287335395812988,0.000548864365555346
motion_relative,1025.0,375.0,23050,18586,64674,1562,8.970847129821777,0.0005301604978740215
motion_relative,1075.0,375.0,23050,0,0,0,0.0,0.0
motion_relative,-1075.0,425.0,23050,0,0,0,0.0,0.0
motion_relative,-1025.0,425.0,23050,15509,21551,780,2.1483380794525146,0.00012696281191892922
motion_relative,-975.0,425.0,23050,18468,75138,2814,8.048125267028809,0.00047562934923917055
motion_relative,-925.0,425.0,23050,18485,75628,3048,6.143259048461914,0.0003630552673712373
motion_relative,-875.0,425.0,23050,18505,76050,3415,5.069477558135986,0.00029959678067825735
motion_relative,-825.0,425.0,23050,18531,76384,3857,5.931771755218506,0.00035055677290074527
motion_relative,-775.0,425.0,23050,18553,77182,4321,6.101696491241455,0.0003605990204960108
motion_relative,-725.0,425.0,23050,18583,77553,4870,6.0609354972839355,0.00035819009644910693
motion_relative,-675.0,425.0,23050,18599,78135,5372,8.516310691833496,0.0005032982444390655
motion_relative,-625.0,425.0,23050,18622,78702,5931,7.791420936584473,0.00046045859926380217
motion_relative,-575.0,425.0,23050,18652,79031,6676,8.654064178466797,0.0005114392261020839
motion_relative,-525.0,425.0,23050,18667,79761,7490,9.800009727478027,0.0005791625007987022
motion_relative,-475.0,425.0,23050,18681,80316,8060,11.057572364807129,0.0006534821004606783
motion_relative,-425.0,425.0,23050,18699,80838,8527,12.28638744354248,0.000726102851331234
motion_relative,-375.0,425.0,23050,18700,81159,9043,13.251924514770508,0.0007831642869859934
motion_relative,-325.0,425.0,23050,18722,81715,9360,14.476731300354004,0.0008555481326766312
motion_relative,-275.0,425.0,23050,18734,82392,9539,16.073999404907227,0.000949943729210645
motion_relative,-225.0,425.0,23050,18761,82927,9367,14.86544132232666,0.0008785201353020966
motion_relative,-175.0,425.0,23050,18775,83671,9237,16.276180267333984,0.0009618922485969961
motion_relative,-125.0,425.0,23050,18776,83965,8720,16.97270393371582,0.001003055484034121
motion_relative,-75.0,425.0,23050,18807,84591,7965,14.302297592163086,0.0008452393813058734
motion_relative,-25.0,425.0,23050,18820,85404,7188,13.711552619934082,0.0008103274740278721
motion_relative,25.0,425.0,23050,18833,85926,6464,12.216581344604492,0.0007219774415716529
motion_relative,75.0,425.0,23050,18841,86608,5738,10.945034980773926,0.0006468313513323665
motion_relative,125.0,425.0,23050,18853,86920,5068,9.82414722442627,0.0005805889959447086
motion_relative,175.0,425.0,23050,18867,87510,4593,8.578399658203125,0.0005069675971753895
motion_relative,225.0,425.0,23050,18883,88380,4050,6.20328426361084,0.0003666026459541172
motion_relative,275.0,425.0,23050,18895,88895,3546,4.901840686798096,0.0002896897494792938
motion_relative,325.0,425.0,23050,18912,89480,3015,4.01944637298584,0.00023754186986479908
motion_relative,375.0,425.0,23050,18922,90132,2629,3.363003730773926,0.00019874732242897153
motion_relative,425.0,425.0,23050,18920,90680,2227,2.7915799617767334,0.00016497723117936403
motion_relative,475.0,425.0,23050,18906,91059,1853,2.2337262630462646,0.00013200909597799182
motion_relative,525.0,425.0,23050,18893,91979,1673,2.295586585998535,0.00013566492998506874
motion_relative,575.0,425.0,23050,18883,92030,1491,2.0287561416625977,0.000119895747047849
motion_relative,625.0,425.0,23050,18866,92530,1390,1.9856059551239014,0.00011734564759535715
motion_relative,675.0,425.0,23050,18842,93041,1352,3.0298595428466797,0.0001790591049939394
motion_relative,725.0,425.0,23050,18819,93557,1317,2.169649600982666,0.0001282222947338596
motion_relative,775.0,425.0,23050,18779,94218,1304,2.6070899963378906,0.00015407420869451016
motion_relative,825.0,425.0,23050,18714,93751,1360,3.0879924297332764,0.0001824946521082893
motion_relative,875.0,425.0,23050,18632,93776,1613,4.61979866027832,0.00027302157832309604
motion_relative,925.0,425.0,23050,18563,94299,1795,7.267906665802002,0.00042951988871209323
motion_relative,975.0,425.0,23050,18493,94448,2093,10.7129487991333,0.0006331155309453607
motion_relative,1025.0,425.0,23050,16088,27081,628,4.244753360748291,0.0002508570905774832
motion_relative,1075.0,425.0,23050,0,0,0,0.0,0.0
motion_relative,-1075.0,475.0,23050,0,0,0,0.0,0.0
motion_relative,-1025.0,475.0,23050,465,465,15,0.029574647545814514,1.747807118590572e-06
motion_relative,-975.0,475.0,23050,18332,62142,2141,8.243064880371094,0.00048714992590248585
motion_relative,-925.0,475.0,23050,18359,75128,2900,5.979128837585449,0.00035335548454895616
motion_relative,-875.0,475.0,23050,18384,75670,3090,5.3438639640808105,0.00031581250368617475
motion_relative,-825.0,475.0,23050,18411,76027,3501,5.936997413635254,0.0003508655936457217
motion_relative,-775.0,475.0,23050,18425,76626,3854,6.243988990783691,0.0003690082230605185
motion_relative,-725.0,475.0,23050,18447,77279,4265,5.817687511444092,0.0003438146086409688
motion_relative,-675.0,475.0,23050,18461,77634,4774,6.3350677490234375,0.0003743908309843391
motion_relative,-625.0,475.0,23050,18496,78262,5308,7.578478813171387,0.0004478741029743105
motion_relative,-575.0,475.0,23050,18510,78457,5838,7.1534013748168945,0.0004227528115734458
motion_relative,-525.0,475.0,23050,18521,79208,6422,8.400264739990234,0.0004964401596225798
motion_relative,-475.0,475.0,23050,18536,79705,7006,8.67595100402832,0.000512732716742903
motion_relative,-425.0,475.0,23050,18558,80156,7456,9.931172370910645,0.0005869139567948878
motion_relative,-375.0,475.0,23050,18580,80664,7827,10.071916580200195,0.0005952317151241004
motion_relative,-325.0,475.0,23050,18589,81397,8074,10.800018310546875,0.0006382611463777721
motion_relative,-275.0,475.0,23050,18607,81752,8152,11.486948013305664,0.0006788574391975999
motion_relative,-225.0,475.0,23050,18618,82304,8156,11.742019653320312,0.0006939317099750042
motion_relative,-175.0,475.0,23050,18642,82940,7974,12.738398551940918,0.0007528158603236079
motion_relative,-125.0,475.0,23050,18650,83476,7530,12.743983268737793,0.0007531458977609873
motion_relative,-75.0,475.0,23050,18664,84062,7102,11.845637321472168,0.0007000553305260837
motion_relative,-25.0,475.0,23050,18679,84678,6485,11.638260841369629,0.0006877997657284141
motion_relative,25.0,475.0,23050,18697,85182,5929,11.336284637451172,0.0006699535297229886
motion_relative,75.0,475.0,23050,18715,85954,5353,9.591110229492188,0.0005668169469572604
motion_relative,125.0,475.0,23050,18716,86537,4777,7.315808296203613,0.0004323507600929588
motion_relative,175.0,475.0,23050,18726,86893,4144,5.97419548034668,0.0003530639223754406
motion_relative,225.0,475.0,23050,18730,87729,3669,5.350943088531494,0.0003162308712489903
motion_relative,275.0,475.0,23050,18734,88128,3168,4.077297210693359,0.00024096074048429728
motion_relative,325.0,475.0,23050,18744,88946,2735,3.2623438835144043,0.00019279849948361516
motion_relative,375.0,475.0,23050,18753,89139,2455,3.069096565246582,0.00018137793813366443
motion_relative,425.0,475.0,23050,18749,89929,2074,2.45279860496521,0.0001449558767490089
motion_relative,475.0,475.0,23050,18750,90431,1844,2.2402572631835938,0.00013239507097750902
motion_relative,525.0,475.0,23050,18738,90932,1579,2.304574966430664,0.00013619613309856504
motion_relative,575.0,475.0,23050,18724,91460,1467,2.032710075378418,0.0001201294144266285
motion_relative,625.0,475.0,23050,18696,91641,1340,1.9614334106445312,0.00011591709335334599
motion_relative,675.0,475.0,23050,18683,92192,1328,2.62021803855896,0.00015485005860682577
motion_relative,725.0,475.0,23050,18631,92706,1307,2.8716540336608887,0.000169709455803968
motion_relative,775.0,475.0,23050,18596,92964,1343,2.8057291507720947,0.00016581341333221644
motion_relative,825.0,475.0,23050,18543,93200,1421,3.8639204502105713,0.00022835057461634278
motion_relative,875.0,475.0,23050,18482,93256,1652,5.73211145401001,0.00033875720691867173
motion_relative,925.0,475.0,23050,18400,93389,1838,7.236856460571289,0.0004276848630979657
motion_relative,975.0,475.0,23050,18320,77891,1684,8.881887435913086,0.0005249031819403172
motion_relative,1025.0,475.0,23050,584,584,12,0.05450233072042465,3.2209873097599484e-06
motion_relative,1075.0,475.0,23050,0,0,0,0.0,0.0
motion_relative,-1075.0,525.0,23050,0,0,0,0.0,0.0
motion_relative,-1025.0,525.0,23050,0,0,0,0.0,0.0
motion_relative,-975.0,525.0,23050,16589,24542,810,2.5960657596588135,0.00015342269034590572
motion_relative,-925.0,525.0,23050,18228,74388,2652,6.915376663208008,0.0004086859989911318
motion_relative,-875.0,525.0,23050,18246,74999,2897,5.14133882522583,0.0003038436407223344
motion_relative,-825.0,525.0,23050,18266,75582,3105,6.18019437789917,0.00036523808375932276
motion_relative,-775.0,525.0,23050,18291,75953,3399,4.860447406768799,0.000287243485217914
motion_relative,-725.0,525.0,23050,18328,76482,3765,6.530721187591553,0.0003859535790979862
motion_relative,-675.0,525.0,23050,18337,77140,4193,5.908779144287109,0.00034919794416055083
motion_relative,-625.0,525.0,23050,18357,77452,4610,6.029681205749512,0.00035634302184917033
motion_relative,-575.0,525.0,23050,18374,78140,5064,6.543039798736572,0.00038668158231303096
motion_relative,-525.0,525.0,23050,18390,78440,5550,7.555126667022705,0.0004464940575417131
motion_relative,-475.0,525.0,23050,18414,79049,5996,8.023246765136719,0.0004741590819321573
motion_relative,-425.0,525.0,23050,18432,79796,6392,7.494329452514648,0.00044290104415267706
motion_relative,-375.0,525.0,23050,18442,80011,6718,9.155732154846191,0.0005410868907347322
motion_relative,-325.0,525.0,23050,18460,80398,6800,9.88915729522705,0.0005844309343956411
motion_relative,-275.0,525.0,23050,18477,81371,7041,9.550236701965332,0.0005644013872370124
motion_relative,-225.0,525.0,23050,18486,81893,7050,12.224292755126953,0.0007224331493489444
motion_relative,-175.0,525.0,23050,18493,82214,6811,9.294439315795898,0.0005492842174135149
motion_relative,-125.0,525.0,23050,18522,82862,6585,9.446664810180664,0.0005582804442383349
motion_relative,-75.0,525.0,23050,18529,83471,6235,9.283513069152832,0.0005486385198310018
motion_relative,-25.0,525.0,23050,18538,83899,5857,9.410173416137695,0.0005561239086091518
motion_relative,25.0,525.0,23050,18560,84630,5348,8.10519790649414,0.00047900225035846233
motion_relative,75.0,525.0,23050,18563,85257,4818,7.5069451332092285,0.0004436465969774872
motion_relative,125.0,525.0,23050,18578,85719,4208,7.331961631774902,0.00043330539483577013
motion_relative,175.0,525.0,23050,18577,86309,3682,5.134241104125977,0.0003034241672139615
motion_relative,225.0,525.0,23050,18592,86832,3225,3.9687368869781494,0.00023454503389075398
motion_relative,275.0,525.0,23050,18592,87458,2824,3.486506700515747,0.00020604611199814826
motion_relative,325.0,525.0,23050,18597,88330,2506,3.158971071243286,0.00018668935808818787
motion_relative,375.0,525.0,23050,18587,88483,2221,3.4244120121002197,0.00020237643911968917
motion_relative,425.0,525.0,23050,18593,88942,1943,2.155550718307495,0.00012738906661979854
motion_relative,475.0,525.0,23050,18581,89715,1696,1.8787360191345215,0.00011102983262389898
motion_relative,525.0,525.0,23050,18587,90239,1535,2.274650812149048,0.00013442766794469208
motion_relative,575.0,525.0,23050,18561,90588,1401,1.9340693950653076,0.00011429993173805997
motion_relative,625.0,525.0,23050,18532,91035,1320,2.022322177886963,0.00011951551277888939
motion_relative,675.0,525.0,23050,18509,91297,1332,2.197526216506958,0.00012986974616069347
motion_relative,725.0,525.0,23050,18489,91669,1301,2.5627799034118652,0.0001514555624453351
motion_relative,775.0,525.0,23050,18430,91823,1379,3.0648999214172363,0.00018112992984242737
motion_relative,825.0,525.0,23050,18382,92223,1564,4.077926158905029,0.00024099790607579052
motion_relative,875.0,525.0,23050,18334,92636,1719,6.613154411315918,0.0003908252401743084
motion_relative,925.0,525.0,23050,18264,92546,1894,9.957788467407227,0.0005884869024157524
motion_relative,975.0,525.0,23050,16943,30497,685,4.275283336639404,0.0002526613534428179
motion_relative,1025.0,525.0,23050,0,0,0,0.0,0.0
motion_relative,1075.0,525.0,23050,0,0,0,0.0,0.0
motion_relative,-1075.0,575.0,23050,0,0,0,0.0,0.0
motion_relative,-1025.0,575.0,23050,0,0,0,0.0,0.0
motion_relative,-975.0,575.0,23050,164,164,4,0.004053410608321428,2.3954908101586625e-07
motion_relative,-925.0,575.0,23050,18097,55621,1891,5.693028450012207,0.0003364474687259644
motion_relative,-875.0,575.0,23050,18122,74458,2680,6.8100714683532715,0.0004024626687169075
motion_relative,-825.0,575.0,23050,18148,75044,2828,4.996383190155029,0.0002952770155388862
motion_relative,-775.0,575.0,23050,18165,75400,3059,6.734335899353027,0.0003979868197347969
motion_relative,-725.0,575.0,23050,18179,75923,3329,5.371827125549316,0.000317465077387169
motion_relative,-675.0,575.0,23050,18202,76494,3749,5.754715442657471,0.0003400930727366358
motion_relative,-625.0,575.0,23050,18219,76909,4073,5.111347675323486,0.0003020712174475193
motion_relative,-575.0,575.0,23050,18229,77412,4394,5.726953983306885,0.00033845240250229836
motion_relative,-525.0,575.0,23050,18247,77935,4758,5.596858024597168,0.0003307639854028821
motion_relative,-475.0,575.0,23050,18269,78381,5184,6.172830104827881,0.00036480286507867277
motion_relative,-425.0,575.0,23050,18295,79045,5426,6.244168281555176,0.00036901881685480475
motion_relative,-375.0,575.0,23050,18301,79636,5749,7.563249111175537,0.00044697406701743603
motion_relative,-325.0,575.0,23050,18320,80148,5813,7.403678894042969,0.0004375437565613538
motion_relative,-275.0,575.0,23050,18332,80646,5914,7.607213020324707,0.0004495722532738
motion_relative,-225.0,575.0,23050,18345,80934,5965,7.7987141609191895,0.0004608896269928664
motion_relative,-175.0,575.0,23050,18368,81770,5925,7.806624412536621,0.00046135709271766245
motion_relative,-125.0,575.0,23050,18364,82218,5733,7.7264628410339355,0.00045661968761123717
motion_relative,-75.0,575.0,23050,18389,82779,5516,7.2605085372924805,0.0004290826618671417
motion_relative,-25.0,575.0,23050,18404,83452,5184,8.094466209411621,0.0004783680196851492
motion_relative,25.0,575.0,23050,18422,84112,4717,7.565303325653076,0.00044709545909427106
motion_relative,75.0,575.0,23050,18425,84434,4193,6.250911712646484,0.00036941736470907927
motion_relative,125.0,575.0,23050,18427,85082,3738,4.946824550628662,0.0002923482097685337
motion_relative,175.0,575.0,23050,18429,85642,3259,4.13643217086792,0.0002444554993417114
motion_relative,225.0,575.0,23050,18435,86141,2847,3.4133169651031494,0.00020172072981949896
motion_relative,275.0,575.0,23050,18440,86739,2626,3.012646436691284,0.00017804185335990041
motion_relative,325.0,575.0,23050,18441,87072,2269,3.381673574447632,0.00019985066319350153
motion_relative,375.0,575.0,23050,18431,87990,1933,2.213437557220459,0.0001308100763708353
motion_relative,425.0,575.0,23050,18431,88278,1739,3.110935926437378,0.00018385057046543807
motion_relative,475.0,575.0,23050,18424,88810,1631,2.6092281341552734,0.00015420056297443807
motion_relative,525.0,575.0,23050,18414,89142,1460,1.937790870666504,0.00011451986210886389
motion_relative,575.0,575.0,23050,18385,89823,1373,1.8168622255325317,0.00010737320553744212
motion_relative,625.0,575.0,23050,18374,90261,1415,2.1790478229522705,0.0001287777122342959
motion_relative,675.0,575.0,23050,18353,90556,1384,2.259065866470337,0.00013350661902222782
motion_relative,725.0,575.0,23050,18317,90853,1411,2.3805181980133057,0.00014068423479329795
motion_relative,775.0,575.0,23050,18276,91073,1490,3.280848741531372,0.00019389210501685739
motion_relative,825.0,575.0,23050,18223,91523,1673,4.300917625427246,0.0002541762951295823
motion_relative,875.0,575.0,23050,18151,91726,1799,8.8409423828125,0.0005224833730608225
motion_relative,925.0,575.0,23050,18082,68598,1503,8.274521827697754,0.0004890089621767402
motion_relative,975.0,575.0,23050,215,215,7,0.026272619143128395,1.5526633205809048e-06
motion_relative,1025.0,575.0,23050,0,0,0,0.0,0.0
motion_relative,1075.0,575.0,23050,0,0,0,0.0,0.0
motion_relative,-1075.0,625.0,23050,0,0,0,0.0,0.0
motion_relative,-1025.0,625.0,23050,0,0,0,0.0,0.0
motion_relative,-975.0,625.0,23050,0,0,0,0.0,0.0
motion_relative,-925.0,625.0,23050,9979,10658,324,0.9716960787773132,5.742544453823939e-05
motion_relative,-875.0,625.0,23050,17991,70656,2340,7.288749694824219,0.0004307516501285136
motion_relative,-825.0,625.0,23050,18015,74511,2573,5.013431072235107,0.0002962845319416374
motion_relative,-775.0,625.0,23050,18025,74851,2743,5.548015117645264,0.00032787746749818325
motion_relative,-725.0,625.0,23050,18058,75525,3007,5.035269260406494,0.0002975751121994108
motion_relative,-675.0,625.0,23050,18062,75850,3260,5.2956085205078125,0.0003129607066512108
motion_relative,-625.0,625.0,23050,18086,76341,3455,5.037164211273193,0.0002976871037390083
motion_relative,-575.0,625.0,23050,18100,77000,3784,5.670929431915283,0.00033514146343804896
motion_relative,-525.0,625.0,23050,18115,77282,4145,5.5243377685546875,0.00032647818443365395
motion_relative,-475.0,625.0,23050,18125,78062,4337,5.337307929992676,0.00031542504439130425
motion_relative,-425.0,625.0,23050,18144,78122,4595,5.568324089050293,0.0003290776803623885
motion_relative,-375.0,625.0,23050,18164,78743,4770,5.8451008796691895,0.0003454346733633429
motion_relative,-325.0,625.0,23050,18178,79618,4884,5.651812553405762,0.000334011681843549
motion_relative,-275.0,625.0,23050,18187,79990,4980,6.285731315612793,0.00037147512193769217
motion_relative,-225.0,625.0,23050,18202,80408,5079,6.885761260986328,0.0004069357819389552
motion_relative,-175.0,625.0,23050,18219,81086,5044,6.9011430740356445,0.0004078448109794408
motion_relative,-125.0,625.0,23050,18232,81622,4991,6.450547218322754,0.0003812154463957995
motion_relative,-75.0,625.0,23050,18256,82444,4734,5.87870979309082,0.00034742089337669313
motion_relative,-25.0,625.0,23050,18256,82787,4519,6.455966949462891,0.00038153573404997587
motion_relative,25.0,625.0,23050,18279,83120,4054,5.6078267097473145,0.00033141221501864493
motion_relative,75.0,625.0,23050,18280,83657,3734,4.798866271972656,0.0002836041385307908
motion_relative,125.0,625.0,23050,18291,84545,3362,4.322881698608398,0.0002554743259679526
motion_relative,175.0,625.0,23050,18291,84810,3033,3.5992674827575684,0.0002127100742654875
motion_relative,225.0,625.0,23050,18296,85640,2715,3.553022861480713,0.00020997709361836314
motion_relative,275.0,625.0,23050,18300,86116,2419,2.9252660274505615,0.0001728778297547251
motion_relative,325.0,625.0,23050,18290,86422,2046,2.514321804046631,0.00014859177463222295
motion_relative,375.0,625.0,23050,18277,87068,1795,2.1069679260253906,0.00012451791553758085
motion_relative,425.0,625.0,23050,18274,87473,1648,1.9628374576568604,0.00011600007564993575
motion_relative,475.0,625.0,23050,18272,88178,1526,2.334151268005371,0.00013794403639622033
motion_relative,525.0,625.0,23050,18249,88410,1436,1.7681857347488403,0.00010449651745148003
motion_relative,575.0,625.0,23050,18229,89030,1461,2.187896966934204,0.00012930067896377295
motion_relative,625.0,625.0,23050,18213,89363,1424,2.466282606124878,0.0001457527541788295
motion_relative,675.0,625.0,23050,18188,89767,1521,3.0903782844543457,0.00018263566016685218
motion_relative,725.0,625.0,23050,18154,90059,1562,5.544233322143555,0.00032765395008027554
motion_relative,775.0,625.0,23050,18093,90333,1627,3.9778640270233154,0.00023508442973252386
motion_relative,825.0,625.0,23050,18041,90358,1750,5.185751438140869,0.00030646834056824446
motion_relative,875.0,625.0,23050,17985,86833,1821,10.761930465698242,0.0006360102561302483
motion_relative,925.0,625.0,23050,10686,13050,310,2.1597611904144287,0.00012763790437020361
motion_relative,975.0,625.0,23050,0,0,0,0.0,0.0
motion_relative,1025.0,625.0,23050,0,0,0,0.0,0.0
motion_relative,1075.0,625.0,23050,0,0,0,0.0,0.0
motion_relative,-1075.0,675.0,23050,0,0,0,0.0,0.0
motion_relative,-1025.0,675.0,23050,0,0,0,0.0,0.0
motion_relative,-975.0,675.0,23050,0,0,0,0.0,0.0
motion_relative,-925.0,675.0,23050,0,0,0,0.0,0.0
motion_relative,-875.0,675.0,23050,17180,27064,826,4.515054702758789,0.000266831397311762
motion_relative,-825.0,675.0,23050,17873,74029,2304,7.929571628570557,0.0004686230677179992
motion_relative,-775.0,675.0,23050,17882,74397,2454,6.260415554046631,0.0003699790104292333
motion_relative,-725.0,675.0,23050,17904,74748,2581,5.004306793212891,0.00029574529617093503
motion_relative,-675.0,675.0,23050,17916,75131,2768,4.743505954742432,0.00028033246053382754
motion_relative,-625.0,675.0,23050,17944,75664,2996,5.197085857391357,0.00030713819433003664
motion_relative,-575.0,675.0,23050,17969,76377,3275,5.063526153564453,0.0002992450608871877
motion_relative,-525.0,675.0,23050,17974,76726,3500,6.4843244552612305,0.00038321161991916597
motion_relative,-475.0,675.0,23050,17995,77338,3788,4.968121528625488,0.00029360680491663516
motion_relative,-425.0,675.0,23050,18013,77693,4016,5.601123809814453,0.0003310160827822983
motion_relative,-375.0,675.0,23050,18022,78353,4128,5.348172664642334,0.0003160671330988407
motion_relative,-325.0,675.0,23050,18027,78797,4199,6.535029888153076,0.0003862082085106522
motion_relative,-275.0,675.0,23050,18027,79087,4230,5.73485803604126,0.00033891951898112893
motion_relative,-225.0,675.0,23050,18053,79821,4332,5.211867809295654,0.00030801177490502596
motion_relative,-175.0,675.0,23050,18076,80470,4387,5.1757121086120605,0.0003058750298805535
motion_relative,-125.0,675.0,23050,18100,81078,4309,6.240390300750732,0.00036879556137137115
motion_relative,-75.0,675.0,23050,18110,81509,4010,5.937749862670898,0.00035091006429865956
motion_relative,-25.0,675.0,23050,18112,82205,3856,6.05991268157959,0.0003581296477932483
motion_relative,25.0,675.0,23050,18118,82605,3695,4.67448091506958,0.00027625320944935083
motion_relative,75.0,675.0,23050,18124,83014,3440,4.172904014587402,0.0002466109290253371
motion_relative,125.0,675.0,23050,18122,83754,3193,3.5386910438537598,0.00020913011394441128
motion_relative,175.0,675.0,23050,18142,84262,2824,3.4131271839141846,0.00020170952484477311
motion_relative,225.0,675.0,23050,18152,84830,2542,3.2189204692840576,0.00019023225468117744
motion_relative,275.0,675.0,23050,18141,85213,2261,3.0999553203582764,0.00018320164235774428
motion_relative,325.0,675.0,23050,18143,85771,1958,2.50227952003479,0.00014788009866606444
motion_relative,375.0,675.0,23050,18126,86324,1818,2.796043872833252,0.00016524102829862386
motion_relative,425.0,675.0,23050,18116,86771,1619,2.203504800796509,0.00013022306666243821
motion_relative,475.0,675.0,23050,18122,87259,1547,2.623995304107666,0.00015507328498642892
motion_relative,525.0,675.0,23050,18103,87811,1459,2.4605631828308105,0.00014541474229190499
motion_relative,575.0,675.0,23050,18089,88052,1443,2.3319764137268066,0.00013781549932900816
motion_relative,625.0,675.0,23050,18053,88581,1538,3.1745076179504395,0.00018760754028335214
motion_relative,675.0,675.0,23050,18022,89000,1629,3.608351469039917,0.00021324690897017717
motion_relative,725.0,675.0,23050,17965,88972,1639,4.311270236968994,0.00025478811585344374
motion_relative,775.0,675.0,23050,17915,89354,1778,5.126481056213379,0.00030296557815745473
motion_relative,825.0,675.0,23050,17861,89536,1896,9.086669921875,0.0005370054277591407
motion_relative,875.0,675.0,23050,17446,32923,757,4.907120704650879,0.00029000177164562047
motion_relative,925.0,675.0,23050,0,0,0,0.0,0.0
motion_relative,975.0,675.0,23050,0,0,0,0.0,0.0
motion_relative,1025.0,675.0,23050,0,0,0,0.0,0.0
motion_relative,1075.0,675.0,23050,0,0,0,0.0,0.0
motion_relative,-1075.0,725.0,23050,0,0,0,0.0,0.0
motion_relative,-1025.0,725.0,23050,0,0,0,0.0,0.0
motion_relative,-975.0,725.0,23050,0,0,0,0.0,0.0
motion_relative,-925.0,725.0,23050,0,0,0,0.0,0.0
motion_relative,-875.0,725.0,23050,0,0,0,0.0,0.0
motion_relative,-825.0,725.0,23050,17726,39564,1194,3.748624086380005,0.00022153677127789706
motion_relative,-775.0,725.0,23050,17752,73719,2250,6.424746513366699,0.0003796906676143408
motion_relative,-725.0,725.0,23050,17761,74248,2386,6.916000843048096,0.0004087229026481509
motion_relative,-675.0,725.0,23050,17787,74689,2501,5.093288898468018,0.0003010039799846709
motion_relative,-625.0,725.0,23050,17793,74919,2658,4.606876850128174,0.0002722579229157418
motion_relative,-575.0,725.0,23050,17806,75507,2742,4.735874652862549,0.00027988146757707
motion_relative,-525.0,725.0,23050,17832,76274,3015,4.632225036621094,0.0002737559552770108
motion_relative,-475.0,725.0,23050,17843,76608,3286,4.795259475708008,0.0002833909820765257
motion_relative,-425.0,725.0,23050,17852,77268,3370,4.323747158050537,0.00025552549050189555
motion_relative,-375.0,725.0,23050,17858,77521,3578,4.602025985717773,0.000271971250185743
motion_relative,-325.0,725.0,23050,17865,77953,3658,5.149133682250977,0.00030430429615080357
motion_relative,-275.0,725.0,23050,17884,78682,3708,4.8194780349731445,0.00028482225025072694
motion_relative,-225.0,725.0,23050,17903,79162,3724,4.478940963745117,0.0002646971552167088
motion_relative,-175.0,725.0,23050,17925,79780,3759,4.260805606842041,0.00025180575903505087
motion_relative,-125.0,725.0,23050,17951,80164,3674,4.893687725067139,0.00028920790646225214
motion_relative,-75.0,725.0,23050,17954,80901,3531,4.546516418457031,0.00026869072462432086
motion_relative,-25.0,725.0,23050,17957,81341,3395,3.9035425186157227,0.00023069216695148498
motion_relative,25.0,725.0,23050,17971,81990,3310,3.70818829536438,0.0002191470848629251
motion_relative,75.0,725.0,23050,17976,82543,3028,3.2843453884124756,0.00019409875676501542
motion_relative,125.0,725.0,23050,17974,82753,2797,3.076570749282837,0.0001818196615204215
motion_relative,175.0,725.0,23050,17980,83614,2603,2.8640499114990234,0.0001692600635578856
motion_relative,225.0,725.0,23050,17984,84082,2353,2.760071277618408,0.00016311512445099652
motion_relative,275.0,725.0,23050,17990,84557,2143,2.7616381645202637,0.00016320771828759462
motion_relative,325.0,725.0,23050,17986,84950,1946,2.7503249645233154,0.0001625391305424273
motion_relative,375.0,725.0,23050,17975,85346,1725,3.384638547897339,0.00020002589735668153
motion_relative,425.0,725.0,23050,17959,86197,1655,3.5250844955444336,0.00020832598966080695
motion_relative,475.0,725.0,23050,17949,86427,1508,2.870004177093506,0.00016961195797193795
motion_relative,525.0,725.0,23050,17914,86712,1518,2.992565870285034,0.00017685511556919664
motion_relative,575.0,725.0,23050,17894,87192,1534,2.7531023025512695,0.00016270326159428805
motion_relative,625.0,725.0,23050,17878,87625,1609,3.206592559814453,0.00018950369849335402
motion_relative,675.0,725.0,23050,17843,88066,1712,4.280015468597412,0.0002529410121496767
motion_relative,725.0,725.0,23050,17798,88018,1739,6.048099040985107,0.00035743150510825217
motion_relative,775.0,725.0,23050,17748,88321,1880,8.522884368896484,0.0005036867223680019
motion_relative,825.0,725.0,23050,17673,48097,1084,6.600552558898926,0.0003900804731529206
motion_relative,875.0,725.0,23050,0,0,0,0.0,0.0
motion_relative,925.0,725.0,23050,0,0,0,0.0,0.0
motion_relative,975.0,725.0,23050,0,0,0,0.0,0.0
motion_relative,1025.0,725.0,23050,0,0,0,0.0,0.0
motion_relative,1075.0,725.0,23050,0,0,0,0.0,0.0
motion_relative,-1075.0,775.0,23050,0,0,0,0.0,0.0
motion_relative,-1025.0,775.0,23050,0,0,0,0.0,0.0
motion_relative,-975.0,775.0,23050,0,0,0,0.0,0.0
motion_relative,-925.0,775.0,23050,0,0,0,0.0,0.0
motion_relative,-875.0,775.0,23050,0,0,0,0.0,0.0
motion_relative,-825.0,775.0,23050,344,344,11,0.010547826997935772,6.233570957192569e-07
motion_relative,-775.0,775.0,23050,17607,44093,1271,5.098440170288086,0.0003013084060512483
motion_relative,-725.0,775.0,23050,17621,73380,2112,7.504022598266602,0.00044347389484755695
motion_relative,-675.0,775.0,23050,17633,74072,2214,4.867902755737305,0.000287684059003368
motion_relative,-625.0,775.0,23050,17646,74519,2344,4.102072238922119,0.00024242489598691463
motion_relative,-575.0,775.0,23050,17662,75053,2498,4.091845512390137,0.0002418205258436501
motion_relative,-525.0,775.0,23050,17680,75207,2625,3.906238555908203,0.00023085149587132037
motion_relative,-475.0,775.0,23050,17697,75986,2818,4.938569068908691,0.000291860313154757
motion_relative,-425.0,775.0,23050,17713,76395,2934,4.263638973236084,0.00025197319337166846
motion_relative,-375.0,775.0,23050,17729,77040,3099,4.035069465637207,0.0002384651597822085
motion_relative,-325.0,775.0,23050,17722,77391,3115,4.3721232414245605,0.0002583844179753214
motion_relative,-275.0,775.0,23050,17733,77751,3157,4.122411251068115,0.00024362689873669297
motion_relative,-225.0,775.0,23050,17753,78502,3254,3.9611151218414307,0.00023409459390677512
motion_relative,-175.0,775.0,23050,17768,78789,3200,3.8686273097991943,0.00022862873447593302
motion_relative,-125.0,775.0,23050,17775,79544,3250,4.860091686248779,0.00028722244314849377
motion_relative,-75.0,775.0,23050,17791,80063,3191,4.329700469970703,0.00025587729760445654
motion_relative,-25.0,775.0,23050,17797,80501,2995,3.7489237785339355,0.00022155448095872998
motion_relative,25.0,775.0,23050,17801,81021,2926,3.5547735691070557,0.00021008055773563683
motion_relative,75.0,775.0,23050,17805,81684,2804,3.7723124027252197,0.00022293670917861164
motion_relative,125.0,775.0,23050,17810,82188,2517,3.4123778343200684,0.00020166522881481797
motion_relative,175.0,775.0,23050,17808,82691,2382,2.7332332134246826,0.00016152903845068067
motion_relative,225.0,775.0,23050,17821,83217,2219,2.707003593444824,0.00015997892478480935
motion_relative,275.0,775.0,23050,17820,83706,2008,2.7536518573760986,0.00016273574146907777
motion_relative,325.0,775.0,23050,17809,84232,1945,2.903221368789673,0.00017157502588815987
motion_relative,375.0,775.0,23050,17796,84723,1804,2.852606773376465,0.0001685837924014777
motion_relative,425.0,775.0,23050,17790,85061,1651,2.604482650756836,0.00015392011846415699
motion_relative,475.0,775.0,23050,17766,85351,1542,2.907790422439575,0.00017184505122713745
motion_relative,525.0,775.0,23050,17745,85785,1560,3.1688525676727295,0.00018727334099821746
motion_relative,575.0,775.0,23050,17712,86486,1567,3.711294651031494,0.0002193306718254462
motion_relative,625.0,775.0,23050,17699,86561,1642,4.103366851806641,0.0002425014099571854
motion_relative,675.0,775.0,23050,17646,86584,1835,5.413630962371826,0.00031993561424314976
motion_relative,725.0,775.0,23050,17616,87150,1820,7.826480865478516,0.0004625305882655084
motion_relative,775.0,775.0,23050,17552,52878,1110,7.7161054611206055,0.0004560076049529016
motion_relative,825.0,775.0,23050,369,369,8,0.024160360917448997,1.4278327853389783e-06
motion_relative,875.0,775.0,23050,0,0,0,0.0,0.0
motion_relative,925.0,775.0,23050,0,0,0,0.0,0.0
motion_relative,975.0,775.0,23050,0,0,0,0.0,0.0
motion_relative,1025.0,775.0,23050,0,0,0,0.0,0.0
motion_relative,1075.0,775.0,23050,0,0,0,0.0,0.0
motion_relative,-1075.0,825.0,23050,0,0,0,0.0,0.0
motion_relative,-1025.0,825.0,23050,0,0,0,0.0,0.0
motion_relative,-975.0,825.0,23050,0,0,0,0.0,0.0
motion_relative,-925.0,825.0,23050,0,0,0,0.0,0.0
motion_relative,-875.0,825.0,23050,0,0,0,0.0,0.0
motion_relative,-825.0,825.0,23050,0,0,0,0.0,0.0
motion_relative,-775.0,825.0,23050,309,309,9,0.013722098432481289,8.10950723462156e-07
motion_relative,-725.0,825.0,23050,17455,39428,1076,5.387462139129639,0.0003183890657965094
motion_relative,-675.0,825.0,23050,17472,73164,2049,5.473091125488281,0.00032344958162866533
motion_relative,-625.0,825.0,23050,17493,74017,2158,4.2968854904174805,0.00025393799296580255
motion_relative,-575.0,825.0,23050,17509,74342,2177,4.048091888427734,0.00023923476692289114
motion_relative,-525.0,825.0,23050,17532,74620,2308,4.705770492553711,0.00027810235042124987
motion_relative,-475.0,825.0,23050,17544,75161,2484,4.452552795410156,0.00026313765556551516
motion_relative,-425.0,825.0,23050,17555,75893,2575,4.408994197845459,0.00026056342176161706
motion_relative,-375.0,825.0,23050,17562,76254,2678,3.897564172744751,0.00023033884644974023
motion_relative,-325.0,825.0,23050,17579,77003,2738,3.688904047012329,0.0002180074225179851
motion_relative,-275.0,825.0,23050,17571,76956,2811,3.5804524421691895,0.00021159813331905752
motion_relative,-225.0,825.0,23050,17590,77534,2867,3.772914171218872,0.00022297227405942976
motion_relative,-175.0,825.0,23050,17603,78333,2830,3.615936040878296,0.00021369515161495656
motion_relative,-125.0,825.0,23050,17613,79033,2858,4.232548236846924,0.0002501357812434435
motion_relative,-75.0,825.0,23050,17627,79345,2826,3.71655011177063,0.00021964125335216522
motion_relative,-25.0,825.0,23050,17629,79571,2725,4.007757663726807,0.0002368510904489085
motion_relative,25.0,825.0,23050,17637,80320,2687,3.3693435192108154,0.0001991219905903563
motion_relative,75.0,825.0,23050,17642,80785,2555,3.518237352371216,0.00020792133000213653
motion_relative,125.0,825.0,23050,17648,81538,2338,3.20870041847229,0.00018962827743962407
motion_relative,175.0,825.0,23050,17654,81737,2147,2.83847975730896,0.00016774891992099583
motion_relative,225.0,825.0,23050,17647,82072,2125,2.9033985137939453,0.0001715855032671243
motion_relative,275.0,825.0,23050,17635,82719,2029,3.2517874240875244,0.00019217464432585984
motion_relative,325.0,825.0,23050,17640,83307,1911,2.865165948867798,0.00016932602738961577
motion_relative,375.0,825.0,23050,17630,83845,1835,3.0742883682250977,0.00018168476526625454
motion_relative,425.0,825.0,23050,17600,83867,1700,2.749248504638672,0.00016247550956904888
motion_relative,475.0,825.0,23050,17584,84522,1656,3.241206645965576,0.0001915493339765817
motion_relative,525.0,825.0,23050,17562,84996,1583,3.403815984725952,0.00020115924417041242
motion_relative,575.0,825.0,23050,17537,85219,1615,4.352128028869629,0.0002572027442511171
motion_relative,625.0,825.0,23050,17503,85656,1765,5.578061103820801,0.00032965312129817903
motion_relative,675.0,825.0,23050,17454,85815,1913,8.40714168548584,0.0004968465655110776
motion_relative,725.0,825.0,23050,17410,46684,1067,5.445058345794678,0.0003217929042875767
motion_relative,775.0,825.0,23050,418,418,9,0.011003680527210236,6.502972382804728e-07
motion_relative,825.0,825.0,23050,0,0,0,0.0,0.0
motion_relative,875.0,825.0,23050,0,0,0,0.0,0.0
motion_relative,925.0,825.0,23050,0,0,0,0.0,0.0
motion_relative,975.0,825.0,23050,0,0,0,0.0,0.0
motion_relative,1025.0,825.0,23050,0,0,0,0.0,0.0
motion_relative,1075.0,825.0,23050,0,0,0,0.0,0.0
motion_relative,-1075.0,875.0,23050,0,0,0,0.0,0.0
motion_relative,-1025.0,875.0,23050,0,0,0,0.0,0.0
motion_relative,-975.0,875.0,23050,0,0,0,0.0,0.0
motion_relative,-925.0,875.0,23050,0,0,0,0.0,0.0
motion_relative,-875.0,875.0,23050,0,0,0,0.0,0.0
motion_relative,-825.0,875.0,23050,0,0,0,0.0,0.0
motion_relative,-775.0,875.0,23050,0,0,0,0.0,0.0
motion_relative,-725.0,875.0,23050,0,0,0,0.0,0.0
motion_relative,-675.0,875.0,23050,16831,26770,713,2.1226813793182373,0.0001254465605597943
motion_relative,-625.0,875.0,23050,17340,70036,1872,6.084362983703613,0.00035957462387159467
motion_relative,-575.0,875.0,23050,17354,73653,1992,5.948335647583008,0.00035153565113432705
motion_relative,-525.0,875.0,23050,17368,74023,2101,5.185628890991211,0.00030646109371446073
motion_relative,-475.0,875.0,23050,17392,74405,2186,4.9840593338012695,0.0002945487212855369
motion_relative,-425.0,875.0,23050,17401,74992,2305,4.090322494506836,0.00024173050769604743
motion_relative,-375.0,875.0,23050,17406,75635,2359,5.210082054138184,0.00030790624441578984
motion_relative,-325.0,875.0,23050,17411,75951,2500,4.678901195526123,0.0002765144163277
motion_relative,-275.0,875.0,23050,17430,76418,2515,3.4945154190063477,0.0002065194130409509
motion_relative,-225.0,875.0,23050,17446,76896,2513,3.5099215507507324,0.00020742988272104412
motion_relative,-175.0,875.0,23050,17450,77636,2598,3.7858848571777344,0.00022373881074599922
motion_relative,-125.0,875.0,23050,17464,78242,2581,5.114087104797363,0.0003022331220563501
motion_relative,-75.0,875.0,23050,17468,78459,2552,3.434208631515503,0.00020295540161896497
motion_relative,-25.0,875.0,23050,17467,78859,2466,3.5026028156280518,0.0002069973706966266
motion_relative,25.0,875.0,23050,17476,79409,2433,3.2870781421661377,0.00019426025392021984
motion_relative,75.0,875.0,23050,17483,80220,2345,3.594611883163452,0.00021243492665234953
motion_relative,125.0,875.0,23050,17494,80633,2202,3.435999870300293,0.0002030612522503361
motion_relative,175.0,875.0,23050,17483,81067,2126,2.8569741249084473,0.00016884189972188324
motion_relative,225.0,875.0,23050,17481,81281,2070,3.571965217590332,0.00021109655790496618
motion_relative,275.0,875.0,23050,17474,82057,2031,3.339456081390381,0.00019735569367185235
motion_relative,325.0,875.0,23050,17471,82463,1925,2.910289764404297,0.00017199275316670537
motion_relative,375.0,875.0,23050,17451,82990,1895,3.29339599609375,0.00019463362696114928
motion_relative,425.0,875.0,23050,17424,83150,1792,3.7032084465026855,0.00021885278692934662
motion_relative,475.0,875.0,23050,17400,83369,1671,3.4072153568267822,0.00020136014791205525
motion_relative,525.0,875.0,23050,17386,83988,1649,4.23551607131958,0.0002503111900296062
motion_relative,575.0,875.0,23050,17349,84381,1706,5.082582473754883,0.00030037123360671103
motion_relative,625.0,875.0,23050,17325,80943,1736,9.141131401062012,0.0005402240203693509
motion_relative,675.0,875.0,23050,16980,31175,666,4.989655494689941,0.00029487942811101675
motion_relative,725.0,875.0,23050,0,0,0,0.0,0.0
motion_relative,775.0,875.0,23050,0,0,0,0.0,0.0
motion_relative,825.0,875.0,23050,0,0,0,0.0,0.0
motion_relative,875.0,875.0,23050,0,0,0,0.0,0.0
motion_relative,925.0,875.0,23050,0,0,0,0.0,0.0
motion_relative,975.0,875.0,23050,0,0,0,0.0,0.0
motion_relative,1025.0,875.0,23050,0,0,0,0.0,0.0
motion_relative,1075.0,875.0,23050,0,0,0,0.0,0.0
motion_relative,-1075.0,925.0,23050,0,0,0,0.0,0.0
motion_relative,-1025.0,925.0,23050,0,0,0,0.0,0.0
motion_relative,-975.0,925.0,23050,0,0,0,0.0,0.0
motion_relative,-925.0,925.0,23050,0,0,0,0.0,0.0
motion_relative,-875.0,925.0,23050,0,0,0,0.0,0.0
motion_relative,-825.0,925.0,23050,0,0,0,0.0,0.0
motion_relative,-775.0,925.0,23050,0,0,0,0.0,0.0
motion_relative,-725.0,925.0,23050,0,0,0,0.0,0.0
motion_relative,-675.0,925.0,23050,0,0,0,0.0,0.0
motion_relative,-625.0,925.0,23050,10059,10515,256,1.116921067237854,6.600797496503219e-05
motion_relative,-575.0,925.0,23050,17200,54887,1422,5.682173728942871,0.00033580599119886756
motion_relative,-525.0,925.0,23050,17224,73372,1917,5.304405212402344,0.00031348055927082896
motion_relative,-475.0,925.0,23050,17233,73738,1972,4.605314254760742,0.0002721655764617026
motion_relative,-425.0,925.0,23050,17239,74428,2048,4.172450542449951,0.00024658412439748645
motion_relative,-375.0,925.0,23050,17255,74908,2124,4.447287559509277,0.00026282647741027176
motion_relative,-325.0,925.0,23050,17262,75383,2224,5.015902042388916,0.00029643054585903883
motion_relative,-275.0,925.0,23050,17279,75774,2195,4.088973045349121,0.00024165076320059597
motion_relative,-225.0,925.0,23050,17296,76310,2296,3.5388193130493164,0.00020913769549224526
motion_relative,-175.0,925.0,23050,17296,76867,2281,4.050699234008789,0.00023938885715324432
motion_relative,-125.0,925.0,23050,17295,77329,2341,3.816450595855713,0.00022554518363904208
motion_relative,-75.0,925.0,23050,17303,77714,2329,4.670409202575684,0.00027601257897913456
motion_relative,-25.0,925.0,23050,17289,78114,2284,3.4650490283966064,0.00020477799989748746
motion_relative,25.0,925.0,23050,17309,78625,2246,3.716451644897461,0.00021963543258607388
motion_relative,75.0,925.0,23050,17302,79100,2236,4.066040515899658,0.00024029549967963248
motion_relative,125.0,925.0,23050,17302,79466,2204,3.4980149269104004,0.00020672622486017644
motion_relative,175.0,925.0,23050,17308,80225,2095,3.7691445350646973,0.00022274948423728347
motion_relative,225.0,925.0,23050,17309,80219,2077,4.564877033233643,0.00026977580273523927
motion_relative,275.0,925.0,23050,17297,80873,2060,4.312488555908203,0.0002548601187299937
motion_relative,325.0,925.0,23050,17284,81706,1957,3.746793746948242,0.00022142859234008938
motion_relative,375.0,925.0,23050,17262,81964,1815,3.591817855834961,0.00021226980607025325
motion_relative,425.0,925.0,23050,17238,82351,1783,3.837294578552246,0.0002267770323669538
motion_relative,475.0,925.0,23050,17233,82543,1753,5.123991966247559,0.00030281845829449594
motion_relative,525.0,925.0,23050,17217,83123,1681,6.921085357666016,0.00040902337059378624
motion_relative,575.0,925.0,23050,17177,62805,1305,7.658352851867676,0.00045259451144374907
motion_relative,625.0,925.0,23050,10841,12030,281,1.1968846321105957,7.073367305565625e-05
motion_relative,675.0,925.0,23050,0,0,0,0.0,0.0
motion_relative,725.0,925.0,23050,0,0,0,0.0,0.0
motion_relative,775.0,925.0,23050,0,0,0,0.0,0.0
motion_relative,825.0,925.0,23050,0,0,0,0.0,0.0
motion_relative,875.0,925.0,23050,0,0,0,0.0,0.0
motion_relative,925.0,925.0,23050,0,0,0,0.0,0.0
motion_relative,975.0,925.0,23050,0,0,0,0.0,0.0
motion_relative,1025.0,925.0,23050,0,0,0,0.0,0.0
motion_relative,1075.0,925.0,23050,0,0,0,0.0,0.0
motion_relative,-1075.0,975.0,23050,0,0,0,0.0,0.0
motion_relative,-1025.0,975.0,23050,0,0,0,0.0,0.0
motion_relative,-975.0,975.0,23050,0,0,0,0.0,0.0
motion_relative,-925.0,975.0,23050,0,0,0,0.0,0.0
motion_relative,-875.0,975.0,23050,0,0,0,0.0,0.0
motion_relative,-825.0,975.0,23050,0,0,0,0.0,0.0
motion_relative,-775.0,975.0,23050,0,0,0,0.0,0.0
motion_relative,-725.0,975.0,23050,0,0,0,0.0,0.0
motion_relative,-675.0,975.0,23050,0,0,0,0.0,0.0
motion_relative,-625.0,975.0,23050,0,0,0,0.0,0.0
motion_relative,-575.0,975.0,23050,174,174,5,0.003443922381848097,2.035294528468512e-07
motion_relative,-525.0,975.0,23050,16049,24197,570,1.4999337196350098,8.864331903168932e-05
motion_relative,-475.0,975.0,23050,17076,61210,1548,4.356441974639893,0.0002574576938059181
motion_relative,-425.0,975.0,23050,17083,73558,1767,3.7760000228881836,0.00022315463866107166
motion_relative,-375.0,975.0,23050,17088,74259,1914,3.792666435241699,0.00022413958504330367
motion_relative,-325.0,975.0,23050,17108,74798,1932,4.696244239807129,0.0002775393659248948
motion_relative,-275.0,975.0,23050,17127,75069,1935,3.945713520050049,0.000233184386161156
motion_relative,-225.0,975.0,23050,17127,75450,2028,3.5436830520629883,0.00020942512492183596
motion_relative,-175.0,975.0,23050,17138,75888,2115,4.045632839202881,0.00023908943694550544
motion_relative,-125.0,975.0,23050,17145,76624,2154,3.8187761306762695,0.000225682626478374
motion_relative,-75.0,975.0,23050,17150,77111,2173,4.180703639984131,0.00024707187549211085
motion_relative,-25.0,975.0,23050,17137,77437,2112,3.592026948928833,0.00021228216064628214
motion_relative,25.0,975.0,23050,17138,77758,2089,5.096115589141846,0.00030117103597149253
motion_relative,75.0,975.0,23050,17119,78327,2150,4.39681339263916,0.0002598435676191002
motion_relative,125.0,975.0,23050,17115,78751,2168,4.247185707092285,0.000251000834396109
motion_relative,175.0,975.0,23050,17115,79050,2117,3.9210500717163086,0.0002317268226761371
motion_relative,225.0,975.0,23050,17123,79848,2084,3.9240918159484863,0.0002319065824849531
motion_relative,275.0,975.0,23050,17111,80034,2076,5.143436908721924,0.00030396762304008007
motion_relative,325.0,975.0,23050,17104,80585,1977,5.2458600997924805,0.000310020666802302
motion_relative,375.0,975.0,23050,17097,81098,1820,5.341053485870361,0.00031564640812575817
motion_relative,425.0,975.0,23050,17074,81572,1792,7.205176830291748,0.00042581267189234495
motion_relative,475.0,975.0,23050,17054,68069,1521,7.560462951660156,0.0004468094266485423
motion_relative,525.0,975.0,23050,16387,27267,574,2.7324488162994385,0.00016148269060067832
motion_relative,575.0,975.0,23050,171,171,1,0.0010672358330339193,6.307166700025846e-08
motion_relative,625.0,975.0,23050,0,0,0,0.0,0.0
motion_relative,675.0,975.0,23050,0,0,0,0.0,0.0
motion_relative,725.0,975.0,23050,0,0,0,0.0,0.0
motion_relative,775.0,975.0,23050,0,0,0,0.0,0.0
motion_relative,825.0,975.0,23050,0,0,0,0.0,0.0
motion_relative,875.0,975.0,23050,0,0,0,0.0,0.0
motion_relative,925.0,975.0,23050,0,0,0,0.0,0.0
motion_relative,975.0,975.0,23050,0,0,0,0.0,0.0
motion_relative,1025.0,975.0,23050,0,0,0,0.0,0.0
motion_relative,1075.0,975.0,23050,0,0,0,0.0,0.0
motion_relative,-1075.0,1025.0,23050,0,0,0,0.0,0.0
motion_relative,-1025.0,1025.0,23050,0,0,0,0.0,0.0
motion_relative,-975.0,1025.0,23050,0,0,0,0.0,0.0
motion_relative,-925.0,1025.0,23050,0,0,0,0.0,0.0
motion_relative,-875.0,1025.0,23050,0,0,0,0.0,0.0
motion_relative,-825.0,1025.0,23050,0,0,0,0.0,0.0
motion_relative,-775.0,1025.0,23050,0,0,0,0.0,0.0
motion_relative,-725.0,1025.0,23050,0,0,0,0.0,0.0
motion_relative,-675.0,1025.0,23050,0,0,0,0.0,0.0
motion_relative,-625.0,1025.0,23050,0,0,0,0.0,0.0
motion_relative,-575.0,1025.0,23050,0,0,0,0.0,0.0
motion_relative,-525.0,1025.0,23050,0,0,0,0.0,0.0
motion_relative,-475.0,1025.0,23050,459,459,14,0.024664195254445076,1.457608391319809e-06
motion_relative,-425.0,1025.0,23050,15107,21195,522,1.2061575651168823,7.128168363124132e-05
motion_relative,-375.0,1025.0,23050,16941,49879,1223,3.5298099517822266,0.00020860525546595454
motion_relative,-325.0,1025.0,23050,16944,71549,1799,4.682277679443359,0.00027671398129314184
motion_relative,-275.0,1025.0,23050,16958,74280,1819,4.127198219299316,0.00024390980252064764
motion_relative,-225.0,1025.0,23050,16967,74929,1894,4.470717430114746,0.0002642111503519118
motion_relative,-175.0,1025.0,23050,16965,75268,2002,4.205939292907715,0.00024856324307620525
motion_relative,-125.0,1025.0,23050,16972,75533,2042,4.3892998695373535,0.0002593995304778218
motion_relative,-75.0,1025.0,23050,16968,76254,2022,4.669833660125732,0.00027597855660133064
motion_relative,-25.0,1025.0,23050,16978,76639,2060,4.853431224822998,0.0002868288429453969
motion_relative,25.0,1025.0,23050,16971,77094,2049,4.735513687133789,0.0002798601344693452
motion_relative,75.0,1025.0,23050,16961,77457,2134,5.1775970458984375,0.00030598643934354186
motion_relative,125.0,1025.0,23050,16960,77834,2111,5.455503940582275,0.00032241022563539445
motion_relative,175.0,1025.0,23050,16949,78735,2113,5.746321201324463,0.0003395969688426703
motion_relative,225.0,1025.0,23050,16952,78671,2100,5.454348564147949,0.00032234194804914296
motion_relative,275.0,1025.0,23050,16949,79414,2053,5.825794219970703,0.0003442936867941171
motion_relative,325.0,1025.0,23050,16947,77358,1980,9.58137321472168,0.0005662415060214698
motion_relative,375.0,1025.0,23050,16937,54546,1288,6.482387065887451,0.0003830971254501492
motion_relative,425.0,1025.0,23050,15564,23366,502,2.5929453372955322,0.00015323828847613186
motion_relative,475.0,1025.0,23050,504,504,11,0.18559223413467407,1.0968158676405437e-05
motion_relative,525.0,1025.0,23050,0,0,0,0.0,0.0
motion_relative,575.0,1025.0,23050,0,0,0,0.0,0.0
motion_relative,625.0,1025.0,23050,0,0,0,0.0,0.0
motion_relative,675.0,1025.0,23050,0,0,0,0.0,0.0
motion_relative,725.0,1025.0,23050,0,0,0,0.0,0.0
motion_relative,775.0,1025.0,23050,0,0,0,0.0,0.0
motion_relative,825.0,1025.0,23050,0,0,0,0.0,0.0
motion_relative,875.0,1025.0,23050,0,0,0,0.0,0.0
motion_relative,925.0,1025.0,23050,0,0,0,0.0,0.0
motion_relative,975.0,1025.0,23050,0,0,0,0.0,0.0
motion_relative,1025.0,1025.0,23050,0,0,0,0.0,0.0
motion_relative,1075.0,1025.0,23050,0,0,0,0.0,0.0
motion_relative,-1075.0,1075.0,23050,0,0,0,0.0,0.0
motion_relative,-1025.0,1075.0,23050,0,0,0,0.0,0.0
motion_relative,-975.0,1075.0,23050,0,0,0,0.0,0.0
motion_relative,-925.0,1075.0,23050,0,0,0,0.0,0.0
motion_relative,-875.0,1075.0,23050,0,0,0,0.0,0.0
motion_relative,-825.0,1075.0,23050,0,0,0,0.0,0.0
motion_relative,-775.0,1075.0,23050,0,0,0,0.0,0.0
motion_relative,-725.0,1075.0,23050,0,0,0,0.0,0.0
motion_relative,-675.0,1075.0,23050,0,0,0,0.0,0.0
motion_relative,-625.0,1075.0,23050,0,0,0,0.0,0.0
motion_relative,-575.0,1075.0,23050,0,0,0,0.0,0.0
motion_relative,-525.0,1075.0,23050,0,0,0,0.0,0.0
motion_relative,-475.0,1075.0,23050,0,0,0,0.0,0.0
motion_relative,-425.0,1075.0,23050,0,0,0,0.0,0.0
motion_relative,-375.0,1075.0,23050,0,0,0,0.0,0.0
motion_relative,-325.0,1075.0,23050,3557,3568,95,0.2082837074995041,1.230918314831797e-05
motion_relative,-275.0,1075.0,23050,15082,22085,522,2.243511199951172,0.0001325873745372519
motion_relative,-225.0,1075.0,23050,16804,39617,990,3.3131022453308105,0.0001957982312887907
motion_relative,-175.0,1075.0,23050,16805,53677,1382,3.961496591567993,0.00023411713482346386
motion_relative,-125.0,1075.0,23050,16812,64150,1697,5.52237606048584,0.0003263622347731143
motion_relative,-75.0,1075.0,23050,16805,71262,1888,5.5715155601501465,0.0003292663022875786
motion_relative,-25.0,1075.0,23050,16805,75193,2030,8.273961067199707,0.0004889758420176804
motion_relative,25.0,1075.0,23050,16795,75937,2021,7.938654899597168,0.0004691598587669432
motion_relative,75.0,1075.0,23050,16782,72639,1928,5.8026885986328125,0.00034292819327674806
motion_relative,125.0,1075.0,23050,16788,65837,1789,8.902985572814941,0.0005261500482447445
motion_relative,175.0,1075.0,23050,16786,55760,1466,5.339721202850342,0.0003155676822643727
motion_relative,225.0,1075.0,23050,16786,41733,1093,3.933335304260254,0.000232452861382626
motion_relative,275.0,1075.0,23050,15365,23518,613,3.6951842308044434,0.0002183785691158846
motion_relative,325.0,1075.0,23050,3796,3821,98,0.27950969338417053,1.6518506527063437e-05
motion_relative,375.0,1075.0,23050,0,0,0,0.0,0.0
motion_relative,425.0,1075.0,23050,0,0,0,0.0,0.0
motion_relative,475.0,1075.0,23050,0,0,0,0.0,0.0
motion_relative,525.0,1075.0,23050,0,0,0,0.0,0.0
motion_relative,575.0,1075.0,23050,0,0,0,0.0,0.0
motion_relative,625.0,1075.0,23050,0,0,0,0.0,0.0
motion_relative,675.0,1075.0,23050,0,0,0,0.0,0.0
motion_relative,725.0,1075.0,23050,0,0,0,0.0,0.0
motion_relative,775.0,1075.0,23050,0,0,0,0.0,0.0
motion_relative,825.0,1075.0,23050,0,0,0,0.0,0.0
motion_relative,875.0,1075.0,23050,0,0,0,0.0,0.0
motion_relative,925.0,1075.0,23050,0,0,0,0.0,0.0
motion_relative,975.0,1075.0,23050,0,0,0,0.0,0.0
motion_relative,1025.0,1075.0,23050,0,0,0,0.0,0.0
motion_relative,1075.0,1075.0,23050,0,0,0,0.0,0.0
