replicate,contrast,metric,difference
1,centered_equal_cyclone_minus_equal_state,entropy_nats,0.0010404586791992188
2,centered_equal_cyclone_minus_equal_state,entropy_nats,0.0017857551574707031
3,centered_equal_cyclone_minus_equal_state,entropy_nats,0.008408546447753906
4,centered_equal_cyclone_minus_equal_state,entropy_nats,0.0016951560974121094
5,centered_equal_cyclone_minus_equal_state,entropy_nats,0.0013041496276855469
6,centered_equal_cyclone_minus_equal_state,entropy_nats,0.005782604217529297
7,centered_equal_cyclone_minus_equal_state,entropy_nats,0.006131172180175781
8,centered_equal_cyclone_minus_equal_state,entropy_nats,0.009963512420654297
9,centered_equal_cyclone_minus_equal_state,entropy_nats,-0.0023789405822753906
10,centered_equal_cyclone_minus_equal_state,entropy_nats,-0.0043048858642578125
11,centered_equal_cyclone_minus_equal_state,entropy_nats,0.003364086151123047
12,centered_equal_cyclone_minus_equal_state,entropy_nats,0.006205081939697266
13,centered_equal_cyclone_minus_equal_state,entropy_nats,-0.001255035400390625
14,centered_equal_cyclone_minus_equal_state,entropy_nats,0.012714385986328125
15,centered_equal_cyclone_minus_equal_state,entropy_nats,-0.004397392272949219
16,centered_equal_cyclone_minus_equal_state,entropy_nats,0.006222248077392578
17,centered_equal_cyclone_minus_equal_state,entropy_nats,0.005148410797119141
18,centered_equal_cyclone_minus_equal_state,entropy_nats,0.004863262176513672
19,centered_equal_cyclone_minus_equal_state,entropy_nats,0.003940105438232422
20,centered_equal_cyclone_minus_equal_state,entropy_nats,0.0019125938415527344
21,centered_equal_cyclone_minus_equal_state,entropy_nats,0.0039196014404296875
22,centered_equal_cyclone_minus_equal_state,entropy_nats,0.00214385986328125
23,centered_equal_cyclone_minus_equal_state,entropy_nats,0.0023488998413085938
24,centered_equal_cyclone_minus_equal_state,entropy_nats,0.012503623962402344
25,centered_equal_cyclone_minus_equal_state,entropy_nats,0.0018253326416015625
26,centered_equal_cyclone_minus_equal_state,entropy_nats,0.004309654235839844
27,centered_equal_cyclone_minus_equal_state,entropy_nats,0.0025076866149902344
28,centered_equal_cyclone_minus_equal_state,entropy_nats,0.009451866149902344
29,centered_equal_cyclone_minus_equal_state,entropy_nats,0.0027866363525390625
30,centered_equal_cyclone_minus_equal_state,entropy_nats,0.0074291229248046875
31,centered_equal_cyclone_minus_equal_state,entropy_nats,0.0035767555236816406
32,centered_equal_cyclone_minus_equal_state,entropy_nats,0.004497528076171875
33,centered_equal_cyclone_minus_equal_state,entropy_nats,0.00498199462890625
34,centered_equal_cyclone_minus_equal_state,entropy_nats,-0.000179290771484375
35,centered_equal_cyclone_minus_equal_state,entropy_nats,0.0023345947265625
36,centered_equal_cyclone_minus_equal_state,entropy_nats,0.01092386245727539
37,centered_equal_cyclone_minus_equal_state,entropy_nats,0.005566120147705078
38,centered_equal_cyclone_minus_equal_state,entropy_nats,0.008420944213867188
39,centered_equal_cyclone_minus_equal_state,entropy_nats,0.010112762451171875
40,centered_equal_cyclone_minus_equal_state,entropy_nats,-0.0018110275268554688
41,centered_equal_cyclone_minus_equal_state,entropy_nats,0.007609367370605469
42,centered_equal_cyclone_minus_equal_state,entropy_nats,0.004958152770996094
43,centered_equal_cyclone_minus_equal_state,entropy_nats,-0.0017466545104980469
44,centered_equal_cyclone_minus_equal_state,entropy_nats,0.009329795837402344
45,centered_equal_cyclone_minus_equal_state,entropy_nats,0.0085601806640625
46,centered_equal_cyclone_minus_equal_state,entropy_nats,0.007212638854980469
47,centered_equal_cyclone_minus_equal_state,entropy_nats,0.00400543212890625
48,centered_equal_cyclone_minus_equal_state,entropy_nats,0.004326820373535156
49,centered_equal_cyclone_minus_equal_state,entropy_nats,0.00717926025390625
50,centered_equal_cyclone_minus_equal_state,entropy_nats,-0.0003218650817871094
51,centered_equal_cyclone_minus_equal_state,entropy_nats,-0.0027976036071777344
52,centered_equal_cyclone_minus_equal_state,entropy_nats,-0.0006418228149414062
53,centered_equal_cyclone_minus_equal_state,entropy_nats,0.004885673522949219
54,centered_equal_cyclone_minus_equal_state,entropy_nats,0.0019435882568359375
55,centered_equal_cyclone_minus_equal_state,entropy_nats,0.006633758544921875
56,centered_equal_cyclone_minus_equal_state,entropy_nats,-0.0015859603881835938
57,centered_equal_cyclone_minus_equal_state,entropy_nats,0.006692409515380859
58,centered_equal_cyclone_minus_equal_state,entropy_nats,0.00452423095703125
59,centered_equal_cyclone_minus_equal_state,entropy_nats,0.0021333694458007812
60,centered_equal_cyclone_minus_equal_state,entropy_nats,0.008562088012695312
61,centered_equal_cyclone_minus_equal_state,entropy_nats,0.010286331176757812
62,centered_equal_cyclone_minus_equal_state,entropy_nats,0.0072002410888671875
63,centered_equal_cyclone_minus_equal_state,entropy_nats,0.01107645034790039
64,centered_equal_cyclone_minus_equal_state,entropy_nats,0.0025634765625
65,centered_equal_cyclone_minus_equal_state,entropy_nats,0.00542449951171875
66,centered_equal_cyclone_minus_equal_state,entropy_nats,0.003914833068847656
67,centered_equal_cyclone_minus_equal_state,entropy_nats,0.003952503204345703
68,centered_equal_cyclone_minus_equal_state,entropy_nats,-0.003421306610107422
69,centered_equal_cyclone_minus_equal_state,entropy_nats,-0.003108978271484375
70,centered_equal_cyclone_minus_equal_state,entropy_nats,0.0020923614501953125
71,centered_equal_cyclone_minus_equal_state,entropy_nats,0.007712841033935547
72,centered_equal_cyclone_minus_equal_state,entropy_nats,0.013754844665527344
73,centered_equal_cyclone_minus_equal_state,entropy_nats,0.01131582260131836
74,centered_equal_cyclone_minus_equal_state,entropy_nats,0.004623889923095703
75,centered_equal_cyclone_minus_equal_state,entropy_nats,0.005248546600341797
76,centered_equal_cyclone_minus_equal_state,entropy_nats,0.005217552185058594
77,centered_equal_cyclone_minus_equal_state,entropy_nats,0.009232521057128906
78,centered_equal_cyclone_minus_equal_state,entropy_nats,-0.0007271766662597656
79,centered_equal_cyclone_minus_equal_state,entropy_nats,-0.0019431114196777344
80,centered_equal_cyclone_minus_equal_state,entropy_nats,0.00047779083251953125
81,centered_equal_cyclone_minus_equal_state,entropy_nats,0.0037512779235839844
82,centered_equal_cyclone_minus_equal_state,entropy_nats,-0.001949310302734375
83,centered_equal_cyclone_minus_equal_state,entropy_nats,0.005951404571533203
84,centered_equal_cyclone_minus_equal_state,entropy_nats,-0.00244903564453125
85,centered_equal_cyclone_minus_equal_state,entropy_nats,0.0049915313720703125
86,centered_equal_cyclone_minus_equal_state,entropy_nats,0.0045909881591796875
87,centered_equal_cyclone_minus_equal_state,entropy_nats,0.003964900970458984
88,centered_equal_cyclone_minus_equal_state,entropy_nats,0.0001125335693359375
89,centered_equal_cyclone_minus_equal_state,entropy_nats,0.004319190979003906
90,centered_equal_cyclone_minus_equal_state,entropy_nats,-0.0017223358154296875
91,centered_equal_cyclone_minus_equal_state,entropy_nats,0.003428936004638672
92,centered_equal_cyclone_minus_equal_state,entropy_nats,0.003184795379638672
93,centered_equal_cyclone_minus_equal_state,entropy_nats,0.0038285255432128906
94,centered_equal_cyclone_minus_equal_state,entropy_nats,-0.0012960433959960938
95,centered_equal_cyclone_minus_equal_state,entropy_nats,-0.003959178924560547
96,centered_equal_cyclone_minus_equal_state,entropy_nats,0.000598907470703125
97,centered_equal_cyclone_minus_equal_state,entropy_nats,0.005954742431640625
98,centered_equal_cyclone_minus_equal_state,entropy_nats,0.0012083053588867188
99,centered_equal_cyclone_minus_equal_state,entropy_nats,0.00040435791015625
100,centered_equal_cyclone_minus_equal_state,entropy_nats,0.0036230087280273438
101,centered_equal_cyclone_minus_equal_state,entropy_nats,0.007258415222167969
102,centered_equal_cyclone_minus_equal_state,entropy_nats,0.0034651756286621094
103,centered_equal_cyclone_minus_equal_state,entropy_nats,0.0032706260681152344
104,centered_equal_cyclone_minus_equal_state,entropy_nats,-0.002640247344970703
105,centered_equal_cyclone_minus_equal_state,entropy_nats,0.0037078857421875
106,centered_equal_cyclone_minus_equal_state,entropy_nats,0.001708984375
107,centered_equal_cyclone_minus_equal_state,entropy_nats,0.011148929595947266
108,centered_equal_cyclone_minus_equal_state,entropy_nats,-0.0005340576171875
109,centered_equal_cyclone_minus_equal_state,entropy_nats,0.006747245788574219
110,centered_equal_cyclone_minus_equal_state,entropy_nats,0.001964092254638672
111,centered_equal_cyclone_minus_equal_state,entropy_nats,0.004952430725097656
112,centered_equal_cyclone_minus_equal_state,entropy_nats,0.0018396377563476562
113,centered_equal_cyclone_minus_equal_state,entropy_nats,0.002154827117919922
114,centered_equal_cyclone_minus_equal_state,entropy_nats,0.0057811737060546875
115,centered_equal_cyclone_minus_equal_state,entropy_nats,-0.0017175674438476562
116,centered_equal_cyclone_minus_equal_state,entropy_nats,0.0033407211303710938
117,centered_equal_cyclone_minus_equal_state,entropy_nats,0.0045948028564453125
118,centered_equal_cyclone_minus_equal_state,entropy_nats,-0.0007271766662597656
119,centered_equal_cyclone_minus_equal_state,entropy_nats,0.0033431053161621094
120,centered_equal_cyclone_minus_equal_state,entropy_nats,-7.963180541992188e-05
121,centered_equal_cyclone_minus_equal_state,entropy_nats,0.003345489501953125
122,centered_equal_cyclone_minus_equal_state,entropy_nats,0.003811359405517578
123,centered_equal_cyclone_minus_equal_state,entropy_nats,0.009651660919189453
124,centered_equal_cyclone_minus_equal_state,entropy_nats,-0.0007338523864746094
125,centered_equal_cyclone_minus_equal_state,entropy_nats,0.0068340301513671875
126,centered_equal_cyclone_minus_equal_state,entropy_nats,0.010287761688232422
127,centered_equal_cyclone_minus_equal_state,entropy_nats,0.0033655166625976562
128,centered_equal_cyclone_minus_equal_state,entropy_nats,0.008425235748291016
129,centered_equal_cyclone_minus_equal_state,entropy_nats,0.008724212646484375
130,centered_equal_cyclone_minus_equal_state,entropy_nats,0.0038313865661621094
131,centered_equal_cyclone_minus_equal_state,entropy_nats,-0.008602619171142578
132,centered_equal_cyclone_minus_equal_state,entropy_nats,0.005381584167480469
133,centered_equal_cyclone_minus_equal_state,entropy_nats,0.004940032958984375
134,centered_equal_cyclone_minus_equal_state,entropy_nats,0.008073806762695312
135,centered_equal_cyclone_minus_equal_state,entropy_nats,0.010951042175292969
136,centered_equal_cyclone_minus_equal_state,entropy_nats,0.0062694549560546875
137,centered_equal_cyclone_minus_equal_state,entropy_nats,0.0008187294006347656
138,centered_equal_cyclone_minus_equal_state,entropy_nats,0.0059223175048828125
139,centered_equal_cyclone_minus_equal_state,entropy_nats,0.0027112960815429688
140,centered_equal_cyclone_minus_equal_state,entropy_nats,0.0038604736328125
141,centered_equal_cyclone_minus_equal_state,entropy_nats,0.00550079345703125
142,centered_equal_cyclone_minus_equal_state,entropy_nats,-0.0006971359252929688
143,centered_equal_cyclone_minus_equal_state,entropy_nats,-0.0027294158935546875
144,centered_equal_cyclone_minus_equal_state,entropy_nats,0.0045032501220703125
145,centered_equal_cyclone_minus_equal_state,entropy_nats,0.0020952224731445312
146,centered_equal_cyclone_minus_equal_state,entropy_nats,0.008118152618408203
147,centered_equal_cyclone_minus_equal_state,entropy_nats,0.003257274627685547
148,centered_equal_cyclone_minus_equal_state,entropy_nats,0.009252548217773438
149,centered_equal_cyclone_minus_equal_state,entropy_nats,0.0024824142456054688
150,centered_equal_cyclone_minus_equal_state,entropy_nats,-0.0007777214050292969
151,centered_equal_cyclone_minus_equal_state,entropy_nats,0.0031194686889648438
152,centered_equal_cyclone_minus_equal_state,entropy_nats,0.001956462860107422
153,centered_equal_cyclone_minus_equal_state,entropy_nats,0.0019321441650390625
154,centered_equal_cyclone_minus_equal_state,entropy_nats,0.0021572113037109375
155,centered_equal_cyclone_minus_equal_state,entropy_nats,0.006608486175537109
156,centered_equal_cyclone_minus_equal_state,entropy_nats,-0.0015778541564941406
157,centered_equal_cyclone_minus_equal_state,entropy_nats,-0.008197307586669922
158,centered_equal_cyclone_minus_equal_state,entropy_nats,0.007878303527832031
159,centered_equal_cyclone_minus_equal_state,entropy_nats,0.007380485534667969
160,centered_equal_cyclone_minus_equal_state,entropy_nats,0.007129192352294922
161,centered_equal_cyclone_minus_equal_state,entropy_nats,0.006150722503662109
162,centered_equal_cyclone_minus_equal_state,entropy_nats,0.0027375221252441406
163,centered_equal_cyclone_minus_equal_state,entropy_nats,0.0019669532775878906
164,centered_equal_cyclone_minus_equal_state,entropy_nats,0.0006537437438964844
165,centered_equal_cyclone_minus_equal_state,entropy_nats,0.005327701568603516
166,centered_equal_cyclone_minus_equal_state,entropy_nats,-0.0016660690307617188
167,centered_equal_cyclone_minus_equal_state,entropy_nats,-0.005245685577392578
168,centered_equal_cyclone_minus_equal_state,entropy_nats,0.002986431121826172
169,centered_equal_cyclone_minus_equal_state,entropy_nats,0.0033740997314453125
170,centered_equal_cyclone_minus_equal_state,entropy_nats,0.003726482391357422
171,centered_equal_cyclone_minus_equal_state,entropy_nats,0.009976863861083984
172,centered_equal_cyclone_minus_equal_state,entropy_nats,0.0034685134887695312
173,centered_equal_cyclone_minus_equal_state,entropy_nats,-0.004834175109863281
174,centered_equal_cyclone_minus_equal_state,entropy_nats,0.006504535675048828
175,centered_equal_cyclone_minus_equal_state,entropy_nats,0.0063877105712890625
176,centered_equal_cyclone_minus_equal_state,entropy_nats,-0.0008654594421386719
177,centered_equal_cyclone_minus_equal_state,entropy_nats,0.0050067901611328125
178,centered_equal_cyclone_minus_equal_state,entropy_nats,0.006506919860839844
179,centered_equal_cyclone_minus_equal_state,entropy_nats,0.001674652099609375
180,centered_equal_cyclone_minus_equal_state,entropy_nats,0.009989738464355469
181,centered_equal_cyclone_minus_equal_state,entropy_nats,0.0032644271850585938
182,centered_equal_cyclone_minus_equal_state,entropy_nats,0.007094383239746094
183,centered_equal_cyclone_minus_equal_state,entropy_nats,0.008338451385498047
184,centered_equal_cyclone_minus_equal_state,entropy_nats,0.006291389465332031
185,centered_equal_cyclone_minus_equal_state,entropy_nats,0.0021071434020996094
186,centered_equal_cyclone_minus_equal_state,entropy_nats,-0.000751495361328125
187,centered_equal_cyclone_minus_equal_state,entropy_nats,0.0012364387512207031
188,centered_equal_cyclone_minus_equal_state,entropy_nats,0.005260944366455078
189,centered_equal_cyclone_minus_equal_state,entropy_nats,0.006371498107910156
190,centered_equal_cyclone_minus_equal_state,entropy_nats,-0.0033478736877441406
191,centered_equal_cyclone_minus_equal_state,entropy_nats,0.00494384765625
192,centered_equal_cyclone_minus_equal_state,entropy_nats,0.004497051239013672
193,centered_equal_cyclone_minus_equal_state,entropy_nats,0.0014829635620117188
194,centered_equal_cyclone_minus_equal_state,entropy_nats,0.006562709808349609
195,centered_equal_cyclone_minus_equal_state,entropy_nats,0.003934383392333984
196,centered_equal_cyclone_minus_equal_state,entropy_nats,0.0027360916137695312
197,centered_equal_cyclone_minus_equal_state,entropy_nats,0.008901119232177734
198,centered_equal_cyclone_minus_equal_state,entropy_nats,-0.010519027709960938
199,centered_equal_cyclone_minus_equal_state,entropy_nats,0.0029883384704589844
200,centered_equal_cyclone_minus_equal_state,entropy_nats,-0.00011730194091796875
201,centered_equal_cyclone_minus_equal_state,entropy_nats,0.0059146881103515625
202,centered_equal_cyclone_minus_equal_state,entropy_nats,0.007151126861572266
203,centered_equal_cyclone_minus_equal_state,entropy_nats,0.005694389343261719
204,centered_equal_cyclone_minus_equal_state,entropy_nats,0.0074863433837890625
205,centered_equal_cyclone_minus_equal_state,entropy_nats,0.002811431884765625
206,centered_equal_cyclone_minus_equal_state,entropy_nats,0.0011186599731445312
207,centered_equal_cyclone_minus_equal_state,entropy_nats,0.01057291030883789
208,centered_equal_cyclone_minus_equal_state,entropy_nats,-0.0024900436401367188
209,centered_equal_cyclone_minus_equal_state,entropy_nats,0.001163482666015625
210,centered_equal_cyclone_minus_equal_state,entropy_nats,0.0032100677490234375
211,centered_equal_cyclone_minus_equal_state,entropy_nats,0.0015892982482910156
212,centered_equal_cyclone_minus_equal_state,entropy_nats,0.0024733543395996094
213,centered_equal_cyclone_minus_equal_state,entropy_nats,-0.0010113716125488281
214,centered_equal_cyclone_minus_equal_state,entropy_nats,0.0021123886108398438
215,centered_equal_cyclone_minus_equal_state,entropy_nats,0.0032949447631835938
216,centered_equal_cyclone_minus_equal_state,entropy_nats,0.011607646942138672
217,centered_equal_cyclone_minus_equal_state,entropy_nats,0.006537914276123047
218,centered_equal_cyclone_minus_equal_state,entropy_nats,0.0029587745666503906
219,centered_equal_cyclone_minus_equal_state,entropy_nats,0.008731842041015625
220,centered_equal_cyclone_minus_equal_state,entropy_nats,5.340576171875e-05
221,centered_equal_cyclone_minus_equal_state,entropy_nats,0.009033203125
222,centered_equal_cyclone_minus_equal_state,entropy_nats,0.005170345306396484
223,centered_equal_cyclone_minus_equal_state,entropy_nats,-3.1948089599609375e-05
224,centered_equal_cyclone_minus_equal_state,entropy_nats,4.1961669921875e-05
225,centered_equal_cyclone_minus_equal_state,entropy_nats,0.004525661468505859
226,centered_equal_cyclone_minus_equal_state,entropy_nats,0.0013613700866699219
227,centered_equal_cyclone_minus_equal_state,entropy_nats,0.0032644271850585938
228,centered_equal_cyclone_minus_equal_state,entropy_nats,0.004271984100341797
229,centered_equal_cyclone_minus_equal_state,entropy_nats,0.006642341613769531
230,centered_equal_cyclone_minus_equal_state,entropy_nats,0.006385326385498047
231,centered_equal_cyclone_minus_equal_state,entropy_nats,-0.001667022705078125
232,centered_equal_cyclone_minus_equal_state,entropy_nats,0.012227058410644531
233,centered_equal_cyclone_minus_equal_state,entropy_nats,0.006099224090576172
234,centered_equal_cyclone_minus_equal_state,entropy_nats,-0.0015292167663574219
235,centered_equal_cyclone_minus_equal_state,entropy_nats,-0.0009741783142089844
236,centered_equal_cyclone_minus_equal_state,entropy_nats,0.0042514801025390625
237,centered_equal_cyclone_minus_equal_state,entropy_nats,-0.0007572174072265625
238,centered_equal_cyclone_minus_equal_state,entropy_nats,0.004442691802978516
239,centered_equal_cyclone_minus_equal_state,entropy_nats,-0.004582881927490234
240,centered_equal_cyclone_minus_equal_state,entropy_nats,0.007228851318359375
241,centered_equal_cyclone_minus_equal_state,entropy_nats,-0.003300189971923828
242,centered_equal_cyclone_minus_equal_state,entropy_nats,0.008036613464355469
243,centered_equal_cyclone_minus_equal_state,entropy_nats,0.005628108978271484
244,centered_equal_cyclone_minus_equal_state,entropy_nats,0.005841732025146484
245,centered_equal_cyclone_minus_equal_state,entropy_nats,0.0080718994140625
246,centered_equal_cyclone_minus_equal_state,entropy_nats,0.0057659149169921875
247,centered_equal_cyclone_minus_equal_state,entropy_nats,0.009093761444091797
248,centered_equal_cyclone_minus_equal_state,entropy_nats,0.002246379852294922
249,centered_equal_cyclone_minus_equal_state,entropy_nats,0.006309032440185547
250,centered_equal_cyclone_minus_equal_state,entropy_nats,0.003976345062255859
251,centered_equal_cyclone_minus_equal_state,entropy_nats,0.004220485687255859
252,centered_equal_cyclone_minus_equal_state,entropy_nats,0.005196094512939453
253,centered_equal_cyclone_minus_equal_state,entropy_nats,-0.0004863739013671875
254,centered_equal_cyclone_minus_equal_state,entropy_nats,0.007892131805419922
255,centered_equal_cyclone_minus_equal_state,entropy_nats,0.004748821258544922
256,centered_equal_cyclone_minus_equal_state,entropy_nats,0.008419036865234375
257,centered_equal_cyclone_minus_equal_state,entropy_nats,0.002094268798828125
258,centered_equal_cyclone_minus_equal_state,entropy_nats,0.0016160011291503906
259,centered_equal_cyclone_minus_equal_state,entropy_nats,-0.0006814002990722656
260,centered_equal_cyclone_minus_equal_state,entropy_nats,0.005187034606933594
261,centered_equal_cyclone_minus_equal_state,entropy_nats,0.007428169250488281
262,centered_equal_cyclone_minus_equal_state,entropy_nats,0.005563259124755859
263,centered_equal_cyclone_minus_equal_state,entropy_nats,0.001338958740234375
264,centered_equal_cyclone_minus_equal_state,entropy_nats,0.0065593719482421875
265,centered_equal_cyclone_minus_equal_state,entropy_nats,0.0032663345336914062
266,centered_equal_cyclone_minus_equal_state,entropy_nats,0.0038013458251953125
267,centered_equal_cyclone_minus_equal_state,entropy_nats,-3.9577484130859375e-05
268,centered_equal_cyclone_minus_equal_state,entropy_nats,0.003082275390625
269,centered_equal_cyclone_minus_equal_state,entropy_nats,0.0007190704345703125
270,centered_equal_cyclone_minus_equal_state,entropy_nats,0.0020437240600585938
271,centered_equal_cyclone_minus_equal_state,entropy_nats,0.005245685577392578
272,centered_equal_cyclone_minus_equal_state,entropy_nats,0.003459453582763672
273,centered_equal_cyclone_minus_equal_state,entropy_nats,0.014975547790527344
274,centered_equal_cyclone_minus_equal_state,entropy_nats,0.00809478759765625
275,centered_equal_cyclone_minus_equal_state,entropy_nats,0.0038309097290039062
276,centered_equal_cyclone_minus_equal_state,entropy_nats,0.004574298858642578
277,centered_equal_cyclone_minus_equal_state,entropy_nats,0.004172801971435547
278,centered_equal_cyclone_minus_equal_state,entropy_nats,0.002448558807373047
279,centered_equal_cyclone_minus_equal_state,entropy_nats,0.006955623626708984
280,centered_equal_cyclone_minus_equal_state,entropy_nats,0.0065898895263671875
281,centered_equal_cyclone_minus_equal_state,entropy_nats,0.004109859466552734
282,centered_equal_cyclone_minus_equal_state,entropy_nats,0.0014314651489257812
283,centered_equal_cyclone_minus_equal_state,entropy_nats,0.009669780731201172
284,centered_equal_cyclone_minus_equal_state,entropy_nats,0.0009207725524902344
285,centered_equal_cyclone_minus_equal_state,entropy_nats,0.00276947021484375
286,centered_equal_cyclone_minus_equal_state,entropy_nats,0.002246856689453125
287,centered_equal_cyclone_minus_equal_state,entropy_nats,0.005176067352294922
288,centered_equal_cyclone_minus_equal_state,entropy_nats,0.010456562042236328
289,centered_equal_cyclone_minus_equal_state,entropy_nats,-0.0018262863159179688
290,centered_equal_cyclone_minus_equal_state,entropy_nats,0.00011920928955078125
291,centered_equal_cyclone_minus_equal_state,entropy_nats,0.007616519927978516
292,centered_equal_cyclone_minus_equal_state,entropy_nats,0.0029735565185546875
293,centered_equal_cyclone_minus_equal_state,entropy_nats,-0.002139568328857422
294,centered_equal_cyclone_minus_equal_state,entropy_nats,0.0015106201171875
295,centered_equal_cyclone_minus_equal_state,entropy_nats,0.0007300376892089844
296,centered_equal_cyclone_minus_equal_state,entropy_nats,0.011137962341308594
297,centered_equal_cyclone_minus_equal_state,entropy_nats,0.008870124816894531
298,centered_equal_cyclone_minus_equal_state,entropy_nats,0.0037140846252441406
299,centered_equal_cyclone_minus_equal_state,entropy_nats,0.0062236785888671875
300,centered_equal_cyclone_minus_equal_state,entropy_nats,0.008681297302246094
301,centered_equal_cyclone_minus_equal_state,entropy_nats,0.004245758056640625
302,centered_equal_cyclone_minus_equal_state,entropy_nats,0.004373073577880859
303,centered_equal_cyclone_minus_equal_state,entropy_nats,-0.0029358863830566406
304,centered_equal_cyclone_minus_equal_state,entropy_nats,-0.0044708251953125
305,centered_equal_cyclone_minus_equal_state,entropy_nats,0.0056285858154296875
306,centered_equal_cyclone_minus_equal_state,entropy_nats,0.0033769607543945312
307,centered_equal_cyclone_minus_equal_state,entropy_nats,0.0075550079345703125
308,centered_equal_cyclone_minus_equal_state,entropy_nats,0.0068206787109375
309,centered_equal_cyclone_minus_equal_state,entropy_nats,-0.0037326812744140625
310,centered_equal_cyclone_minus_equal_state,entropy_nats,0.0009055137634277344
311,centered_equal_cyclone_minus_equal_state,entropy_nats,0.005278110504150391
312,centered_equal_cyclone_minus_equal_state,entropy_nats,0.002327442169189453
313,centered_equal_cyclone_minus_equal_state,entropy_nats,-0.0034532546997070312
314,centered_equal_cyclone_minus_equal_state,entropy_nats,0.004899501800537109
315,centered_equal_cyclone_minus_equal_state,entropy_nats,0.0038781166076660156
316,centered_equal_cyclone_minus_equal_state,entropy_nats,0.004221439361572266
317,centered_equal_cyclone_minus_equal_state,entropy_nats,0.008462905883789062
318,centered_equal_cyclone_minus_equal_state,entropy_nats,0.008742332458496094
319,centered_equal_cyclone_minus_equal_state,entropy_nats,0.0018410682678222656
320,centered_equal_cyclone_minus_equal_state,entropy_nats,0.003211498260498047
321,centered_equal_cyclone_minus_equal_state,entropy_nats,0.0034122467041015625
322,centered_equal_cyclone_minus_equal_state,entropy_nats,0.0023832321166992188
323,centered_equal_cyclone_minus_equal_state,entropy_nats,0.003192901611328125
324,centered_equal_cyclone_minus_equal_state,entropy_nats,0.0009207725524902344
325,centered_equal_cyclone_minus_equal_state,entropy_nats,-0.0032248497009277344
326,centered_equal_cyclone_minus_equal_state,entropy_nats,0.004939079284667969
327,centered_equal_cyclone_minus_equal_state,entropy_nats,-0.00037670135498046875
328,centered_equal_cyclone_minus_equal_state,entropy_nats,-0.0023932456970214844
329,centered_equal_cyclone_minus_equal_state,entropy_nats,-0.0006947517395019531
330,centered_equal_cyclone_minus_equal_state,entropy_nats,0.005934715270996094
331,centered_equal_cyclone_minus_equal_state,entropy_nats,0.003601551055908203
332,centered_equal_cyclone_minus_equal_state,entropy_nats,0.008033275604248047
333,centered_equal_cyclone_minus_equal_state,entropy_nats,0.012658119201660156
334,centered_equal_cyclone_minus_equal_state,entropy_nats,0.0018820762634277344
335,centered_equal_cyclone_minus_equal_state,entropy_nats,0.010403156280517578
336,centered_equal_cyclone_minus_equal_state,entropy_nats,0.006486415863037109
337,centered_equal_cyclone_minus_equal_state,entropy_nats,0.006592750549316406
338,centered_equal_cyclone_minus_equal_state,entropy_nats,0.005851268768310547
339,centered_equal_cyclone_minus_equal_state,entropy_nats,0.008458614349365234
340,centered_equal_cyclone_minus_equal_state,entropy_nats,-0.0046539306640625
341,centered_equal_cyclone_minus_equal_state,entropy_nats,0.008758544921875
342,centered_equal_cyclone_minus_equal_state,entropy_nats,-0.001953601837158203
343,centered_equal_cyclone_minus_equal_state,entropy_nats,0.006899356842041016
344,centered_equal_cyclone_minus_equal_state,entropy_nats,0.005817413330078125
345,centered_equal_cyclone_minus_equal_state,entropy_nats,0.0015020370483398438
346,centered_equal_cyclone_minus_equal_state,entropy_nats,-0.0024728775024414062
347,centered_equal_cyclone_minus_equal_state,entropy_nats,0.0024127960205078125
348,centered_equal_cyclone_minus_equal_state,entropy_nats,0.007951736450195312
349,centered_equal_cyclone_minus_equal_state,entropy_nats,-0.0036597251892089844
350,centered_equal_cyclone_minus_equal_state,entropy_nats,-0.003448009490966797
351,centered_equal_cyclone_minus_equal_state,entropy_nats,0.005069255828857422
352,centered_equal_cyclone_minus_equal_state,entropy_nats,0.002773761749267578
353,centered_equal_cyclone_minus_equal_state,entropy_nats,0.002471446990966797
354,centered_equal_cyclone_minus_equal_state,entropy_nats,-0.0008916854858398438
355,centered_equal_cyclone_minus_equal_state,entropy_nats,0.0039768218994140625
356,centered_equal_cyclone_minus_equal_state,entropy_nats,0.005031585693359375
357,centered_equal_cyclone_minus_equal_state,entropy_nats,-0.0002460479736328125
358,centered_equal_cyclone_minus_equal_state,entropy_nats,0.0012912750244140625
359,centered_equal_cyclone_minus_equal_state,entropy_nats,0.004086971282958984
360,centered_equal_cyclone_minus_equal_state,entropy_nats,0.005015373229980469
361,centered_equal_cyclone_minus_equal_state,entropy_nats,0.0011310577392578125
362,centered_equal_cyclone_minus_equal_state,entropy_nats,0.007423877716064453
363,centered_equal_cyclone_minus_equal_state,entropy_nats,-0.008446216583251953
364,centered_equal_cyclone_minus_equal_state,entropy_nats,0.00751495361328125
365,centered_equal_cyclone_minus_equal_state,entropy_nats,-0.0002980232238769531
366,centered_equal_cyclone_minus_equal_state,entropy_nats,0.010586261749267578
367,centered_equal_cyclone_minus_equal_state,entropy_nats,0.007218360900878906
368,centered_equal_cyclone_minus_equal_state,entropy_nats,0.0040740966796875
369,centered_equal_cyclone_minus_equal_state,entropy_nats,0.006254673004150391
370,centered_equal_cyclone_minus_equal_state,entropy_nats,0.004107475280761719
371,centered_equal_cyclone_minus_equal_state,entropy_nats,-0.0020542144775390625
372,centered_equal_cyclone_minus_equal_state,entropy_nats,0.005835533142089844
373,centered_equal_cyclone_minus_equal_state,entropy_nats,0.0002079010009765625
374,centered_equal_cyclone_minus_equal_state,entropy_nats,0.004627227783203125
375,centered_equal_cyclone_minus_equal_state,entropy_nats,0.0022678375244140625
376,centered_equal_cyclone_minus_equal_state,entropy_nats,0.004742145538330078
377,centered_equal_cyclone_minus_equal_state,entropy_nats,0.010339736938476562
378,centered_equal_cyclone_minus_equal_state,entropy_nats,0.006593227386474609
379,centered_equal_cyclone_minus_equal_state,entropy_nats,0.006846427917480469
380,centered_equal_cyclone_minus_equal_state,entropy_nats,0.005359649658203125
381,centered_equal_cyclone_minus_equal_state,entropy_nats,0.007275581359863281
382,centered_equal_cyclone_minus_equal_state,entropy_nats,0.006621837615966797
383,centered_equal_cyclone_minus_equal_state,entropy_nats,0.005589485168457031
384,centered_equal_cyclone_minus_equal_state,entropy_nats,0.0007920265197753906
385,centered_equal_cyclone_minus_equal_state,entropy_nats,-0.0041675567626953125
386,centered_equal_cyclone_minus_equal_state,entropy_nats,0.0007505416870117188
387,centered_equal_cyclone_minus_equal_state,entropy_nats,0.007605075836181641
388,centered_equal_cyclone_minus_equal_state,entropy_nats,0.007171630859375
389,centered_equal_cyclone_minus_equal_state,entropy_nats,0.012106895446777344
390,centered_equal_cyclone_minus_equal_state,entropy_nats,-0.0019669532775878906
391,centered_equal_cyclone_minus_equal_state,entropy_nats,0.005923271179199219
392,centered_equal_cyclone_minus_equal_state,entropy_nats,0.003529071807861328
393,centered_equal_cyclone_minus_equal_state,entropy_nats,0.004164695739746094
394,centered_equal_cyclone_minus_equal_state,entropy_nats,0.0034127235412597656
395,centered_equal_cyclone_minus_equal_state,entropy_nats,0.004619121551513672
396,centered_equal_cyclone_minus_equal_state,entropy_nats,0.0002579689025878906
397,centered_equal_cyclone_minus_equal_state,entropy_nats,-0.004611968994140625
398,centered_equal_cyclone_minus_equal_state,entropy_nats,0.004050731658935547
399,centered_equal_cyclone_minus_equal_state,entropy_nats,-0.0008945465087890625
400,centered_equal_cyclone_minus_equal_state,entropy_nats,-0.0009465217590332031
401,centered_equal_cyclone_minus_equal_state,entropy_nats,0.0021028518676757812
402,centered_equal_cyclone_minus_equal_state,entropy_nats,0.010277271270751953
403,centered_equal_cyclone_minus_equal_state,entropy_nats,-0.0019903182983398438
404,centered_equal_cyclone_minus_equal_state,entropy_nats,0.0022230148315429688
405,centered_equal_cyclone_minus_equal_state,entropy_nats,0.00096893310546875
406,centered_equal_cyclone_minus_equal_state,entropy_nats,0.0005154609680175781
407,centered_equal_cyclone_minus_equal_state,entropy_nats,-0.002822399139404297
408,centered_equal_cyclone_minus_equal_state,entropy_nats,0.006016731262207031
409,centered_equal_cyclone_minus_equal_state,entropy_nats,0.0004553794860839844
410,centered_equal_cyclone_minus_equal_state,entropy_nats,0.004807949066162109
411,centered_equal_cyclone_minus_equal_state,entropy_nats,0.004303932189941406
412,centered_equal_cyclone_minus_equal_state,entropy_nats,0.008589744567871094
413,centered_equal_cyclone_minus_equal_state,entropy_nats,0.010401725769042969
414,centered_equal_cyclone_minus_equal_state,entropy_nats,-0.0015835762023925781
415,centered_equal_cyclone_minus_equal_state,entropy_nats,0.002948284149169922
416,centered_equal_cyclone_minus_equal_state,entropy_nats,0.0033736228942871094
417,centered_equal_cyclone_minus_equal_state,entropy_nats,0.004916667938232422
418,centered_equal_cyclone_minus_equal_state,entropy_nats,0.0033020973205566406
419,centered_equal_cyclone_minus_equal_state,entropy_nats,0.0067119598388671875
420,centered_equal_cyclone_minus_equal_state,entropy_nats,0.0004963874816894531
421,centered_equal_cyclone_minus_equal_state,entropy_nats,0.005908012390136719
422,centered_equal_cyclone_minus_equal_state,entropy_nats,-0.0004496574401855469
423,centered_equal_cyclone_minus_equal_state,entropy_nats,0.0012717247009277344
424,centered_equal_cyclone_minus_equal_state,entropy_nats,0.011504173278808594
425,centered_equal_cyclone_minus_equal_state,entropy_nats,0.0028977394104003906
426,centered_equal_cyclone_minus_equal_state,entropy_nats,0.013010501861572266
427,centered_equal_cyclone_minus_equal_state,entropy_nats,0.00115966796875
428,centered_equal_cyclone_minus_equal_state,entropy_nats,0.001293182373046875
429,centered_equal_cyclone_minus_equal_state,entropy_nats,0.007241725921630859
430,centered_equal_cyclone_minus_equal_state,entropy_nats,0.006938457489013672
431,centered_equal_cyclone_minus_equal_state,entropy_nats,0.005151271820068359
432,centered_equal_cyclone_minus_equal_state,entropy_nats,0.010750770568847656
433,centered_equal_cyclone_minus_equal_state,entropy_nats,0.006865024566650391
434,centered_equal_cyclone_minus_equal_state,entropy_nats,0.005847930908203125
435,centered_equal_cyclone_minus_equal_state,entropy_nats,-0.0027260780334472656
436,centered_equal_cyclone_minus_equal_state,entropy_nats,0.013011455535888672
437,centered_equal_cyclone_minus_equal_state,entropy_nats,-0.0028476715087890625
438,centered_equal_cyclone_minus_equal_state,entropy_nats,-0.005411624908447266
439,centered_equal_cyclone_minus_equal_state,entropy_nats,0.016043663024902344
440,centered_equal_cyclone_minus_equal_state,entropy_nats,0.00988912582397461
441,centered_equal_cyclone_minus_equal_state,entropy_nats,-0.005220890045166016
442,centered_equal_cyclone_minus_equal_state,entropy_nats,0.0020761489868164062
443,centered_equal_cyclone_minus_equal_state,entropy_nats,-0.0011048316955566406
444,centered_equal_cyclone_minus_equal_state,entropy_nats,0.0057201385498046875
445,centered_equal_cyclone_minus_equal_state,entropy_nats,0.005444526672363281
446,centered_equal_cyclone_minus_equal_state,entropy_nats,-0.0021829605102539062
447,centered_equal_cyclone_minus_equal_state,entropy_nats,0.002315521240234375
448,centered_equal_cyclone_minus_equal_state,entropy_nats,-0.0008111000061035156
449,centered_equal_cyclone_minus_equal_state,entropy_nats,-0.0018105506896972656
450,centered_equal_cyclone_minus_equal_state,entropy_nats,-0.0006256103515625
451,centered_equal_cyclone_minus_equal_state,entropy_nats,-0.0023293495178222656
452,centered_equal_cyclone_minus_equal_state,entropy_nats,0.007798194885253906
453,centered_equal_cyclone_minus_equal_state,entropy_nats,-0.0018157958984375
454,centered_equal_cyclone_minus_equal_state,entropy_nats,0.00208282470703125
455,centered_equal_cyclone_minus_equal_state,entropy_nats,0.005867958068847656
456,centered_equal_cyclone_minus_equal_state,entropy_nats,0.0055255889892578125
457,centered_equal_cyclone_minus_equal_state,entropy_nats,0.0016407966613769531
458,centered_equal_cyclone_minus_equal_state,entropy_nats,0.008173942565917969
459,centered_equal_cyclone_minus_equal_state,entropy_nats,0.00130462646484375
460,centered_equal_cyclone_minus_equal_state,entropy_nats,0.005087375640869141
461,centered_equal_cyclone_minus_equal_state,entropy_nats,-0.005829811096191406
462,centered_equal_cyclone_minus_equal_state,entropy_nats,0.0023369789123535156
463,centered_equal_cyclone_minus_equal_state,entropy_nats,0.01188802719116211
464,centered_equal_cyclone_minus_equal_state,entropy_nats,-0.0013651847839355469
465,centered_equal_cyclone_minus_equal_state,entropy_nats,0.005259990692138672
466,centered_equal_cyclone_minus_equal_state,entropy_nats,0.0035910606384277344
467,centered_equal_cyclone_minus_equal_state,entropy_nats,-0.004021644592285156
468,centered_equal_cyclone_minus_equal_state,entropy_nats,0.0023221969604492188
469,centered_equal_cyclone_minus_equal_state,entropy_nats,0.0019989013671875
470,centered_equal_cyclone_minus_equal_state,entropy_nats,-0.0012831687927246094
471,centered_equal_cyclone_minus_equal_state,entropy_nats,0.0012717247009277344
472,centered_equal_cyclone_minus_equal_state,entropy_nats,0.0016222000122070312
473,centered_equal_cyclone_minus_equal_state,entropy_nats,0.008725643157958984
474,centered_equal_cyclone_minus_equal_state,entropy_nats,-0.00024318695068359375
475,centered_equal_cyclone_minus_equal_state,entropy_nats,0.009005546569824219
476,centered_equal_cyclone_minus_equal_state,entropy_nats,0.004369258880615234
477,centered_equal_cyclone_minus_equal_state,entropy_nats,0.0020165443420410156
478,centered_equal_cyclone_minus_equal_state,entropy_nats,0.0037717819213867188
479,centered_equal_cyclone_minus_equal_state,entropy_nats,0.002117633819580078
480,centered_equal_cyclone_minus_equal_state,entropy_nats,-0.0016388893127441406
481,centered_equal_cyclone_minus_equal_state,entropy_nats,0.005717754364013672
482,centered_equal_cyclone_minus_equal_state,entropy_nats,0.005508899688720703
483,centered_equal_cyclone_minus_equal_state,entropy_nats,0.0025076866149902344
484,centered_equal_cyclone_minus_equal_state,entropy_nats,-0.0003833770751953125
485,centered_equal_cyclone_minus_equal_state,entropy_nats,-0.0037164688110351562
486,centered_equal_cyclone_minus_equal_state,entropy_nats,0.005883693695068359
487,centered_equal_cyclone_minus_equal_state,entropy_nats,0.00023937225341796875
488,centered_equal_cyclone_minus_equal_state,entropy_nats,0.004618644714355469
489,centered_equal_cyclone_minus_equal_state,entropy_nats,-0.0016102790832519531
490,centered_equal_cyclone_minus_equal_state,entropy_nats,0.006575584411621094
491,centered_equal_cyclone_minus_equal_state,entropy_nats,0.011904239654541016
492,centered_equal_cyclone_minus_equal_state,entropy_nats,0.0040493011474609375
493,centered_equal_cyclone_minus_equal_state,entropy_nats,0.0071620941162109375
494,centered_equal_cyclone_minus_equal_state,entropy_nats,0.004171848297119141
495,centered_equal_cyclone_minus_equal_state,entropy_nats,0.004736423492431641
496,centered_equal_cyclone_minus_equal_state,entropy_nats,0.004700183868408203
497,centered_equal_cyclone_minus_equal_state,entropy_nats,-0.0004863739013671875
498,centered_equal_cyclone_minus_equal_state,entropy_nats,-0.002624034881591797
499,centered_equal_cyclone_minus_equal_state,entropy_nats,-0.0006046295166015625
500,centered_equal_cyclone_minus_equal_state,entropy_nats,0.003924369812011719
1,centered_equal_cyclone_minus_equal_state,area50_km2,-5000.0
2,centered_equal_cyclone_minus_equal_state,area50_km2,0.0
3,centered_equal_cyclone_minus_equal_state,area50_km2,15000.0
4,centered_equal_cyclone_minus_equal_state,area50_km2,2500.0
5,centered_equal_cyclone_minus_equal_state,area50_km2,0.0
6,centered_equal_cyclone_minus_equal_state,area50_km2,7500.0
7,centered_equal_cyclone_minus_equal_state,area50_km2,2500.0
8,centered_equal_cyclone_minus_equal_state,area50_km2,17500.0
9,centered_equal_cyclone_minus_equal_state,area50_km2,5000.0
10,centered_equal_cyclone_minus_equal_state,area50_km2,-10000.0
11,centered_equal_cyclone_minus_equal_state,area50_km2,5000.0
12,centered_equal_cyclone_minus_equal_state,area50_km2,7500.0
13,centered_equal_cyclone_minus_equal_state,area50_km2,-2500.0
14,centered_equal_cyclone_minus_equal_state,area50_km2,17500.0
15,centered_equal_cyclone_minus_equal_state,area50_km2,-12500.0
16,centered_equal_cyclone_minus_equal_state,area50_km2,2500.0
17,centered_equal_cyclone_minus_equal_state,area50_km2,7500.0
18,centered_equal_cyclone_minus_equal_state,area50_km2,10000.0
19,centered_equal_cyclone_minus_equal_state,area50_km2,2500.0
20,centered_equal_cyclone_minus_equal_state,area50_km2,-5000.0
21,centered_equal_cyclone_minus_equal_state,area50_km2,5000.0
22,centered_equal_cyclone_minus_equal_state,area50_km2,0.0
23,centered_equal_cyclone_minus_equal_state,area50_km2,2500.0
24,centered_equal_cyclone_minus_equal_state,area50_km2,27500.0
25,centered_equal_cyclone_minus_equal_state,area50_km2,0.0
26,centered_equal_cyclone_minus_equal_state,area50_km2,5000.0
27,centered_equal_cyclone_minus_equal_state,area50_km2,0.0
28,centered_equal_cyclone_minus_equal_state,area50_km2,10000.0
29,centered_equal_cyclone_minus_equal_state,area50_km2,-5000.0
30,centered_equal_cyclone_minus_equal_state,area50_km2,10000.0
31,centered_equal_cyclone_minus_equal_state,area50_km2,0.0
32,centered_equal_cyclone_minus_equal_state,area50_km2,-2500.0
33,centered_equal_cyclone_minus_equal_state,area50_km2,0.0
34,centered_equal_cyclone_minus_equal_state,area50_km2,-5000.0
35,centered_equal_cyclone_minus_equal_state,area50_km2,2500.0
36,centered_equal_cyclone_minus_equal_state,area50_km2,12500.0
37,centered_equal_cyclone_minus_equal_state,area50_km2,7500.0
38,centered_equal_cyclone_minus_equal_state,area50_km2,12500.0
39,centered_equal_cyclone_minus_equal_state,area50_km2,12500.0
40,centered_equal_cyclone_minus_equal_state,area50_km2,-5000.0
41,centered_equal_cyclone_minus_equal_state,area50_km2,10000.0
42,centered_equal_cyclone_minus_equal_state,area50_km2,2500.0
43,centered_equal_cyclone_minus_equal_state,area50_km2,-2500.0
44,centered_equal_cyclone_minus_equal_state,area50_km2,10000.0
45,centered_equal_cyclone_minus_equal_state,area50_km2,10000.0
46,centered_equal_cyclone_minus_equal_state,area50_km2,10000.0
47,centered_equal_cyclone_minus_equal_state,area50_km2,2500.0
48,centered_equal_cyclone_minus_equal_state,area50_km2,10000.0
49,centered_equal_cyclone_minus_equal_state,area50_km2,10000.0
50,centered_equal_cyclone_minus_equal_state,area50_km2,0.0
51,centered_equal_cyclone_minus_equal_state,area50_km2,-10000.0
52,centered_equal_cyclone_minus_equal_state,area50_km2,-2500.0
53,centered_equal_cyclone_minus_equal_state,area50_km2,7500.0
54,centered_equal_cyclone_minus_equal_state,area50_km2,2500.0
55,centered_equal_cyclone_minus_equal_state,area50_km2,5000.0
56,centered_equal_cyclone_minus_equal_state,area50_km2,-2500.0
57,centered_equal_cyclone_minus_equal_state,area50_km2,5000.0
58,centered_equal_cyclone_minus_equal_state,area50_km2,7500.0
59,centered_equal_cyclone_minus_equal_state,area50_km2,5000.0
60,centered_equal_cyclone_minus_equal_state,area50_km2,7500.0
61,centered_equal_cyclone_minus_equal_state,area50_km2,12500.0
62,centered_equal_cyclone_minus_equal_state,area50_km2,12500.0
63,centered_equal_cyclone_minus_equal_state,area50_km2,20000.0
64,centered_equal_cyclone_minus_equal_state,area50_km2,-2500.0
65,centered_equal_cyclone_minus_equal_state,area50_km2,7500.0
66,centered_equal_cyclone_minus_equal_state,area50_km2,2500.0
67,centered_equal_cyclone_minus_equal_state,area50_km2,0.0
68,centered_equal_cyclone_minus_equal_state,area50_km2,-7500.0
69,centered_equal_cyclone_minus_equal_state,area50_km2,-7500.0
70,centered_equal_cyclone_minus_equal_state,area50_km2,2500.0
71,centered_equal_cyclone_minus_equal_state,area50_km2,10000.0
72,centered_equal_cyclone_minus_equal_state,area50_km2,17500.0
73,centered_equal_cyclone_minus_equal_state,area50_km2,20000.0
74,centered_equal_cyclone_minus_equal_state,area50_km2,5000.0
75,centered_equal_cyclone_minus_equal_state,area50_km2,10000.0
76,centered_equal_cyclone_minus_equal_state,area50_km2,7500.0
77,centered_equal_cyclone_minus_equal_state,area50_km2,12500.0
78,centered_equal_cyclone_minus_equal_state,area50_km2,0.0
79,centered_equal_cyclone_minus_equal_state,area50_km2,-7500.0
80,centered_equal_cyclone_minus_equal_state,area50_km2,7500.0
81,centered_equal_cyclone_minus_equal_state,area50_km2,2500.0
82,centered_equal_cyclone_minus_equal_state,area50_km2,-7500.0
83,centered_equal_cyclone_minus_equal_state,area50_km2,5000.0
84,centered_equal_cyclone_minus_equal_state,area50_km2,-2500.0
85,centered_equal_cyclone_minus_equal_state,area50_km2,7500.0
86,centered_equal_cyclone_minus_equal_state,area50_km2,7500.0
87,centered_equal_cyclone_minus_equal_state,area50_km2,2500.0
88,centered_equal_cyclone_minus_equal_state,area50_km2,-7500.0
89,centered_equal_cyclone_minus_equal_state,area50_km2,2500.0
90,centered_equal_cyclone_minus_equal_state,area50_km2,-10000.0
91,centered_equal_cyclone_minus_equal_state,area50_km2,0.0
92,centered_equal_cyclone_minus_equal_state,area50_km2,5000.0
93,centered_equal_cyclone_minus_equal_state,area50_km2,2500.0
94,centered_equal_cyclone_minus_equal_state,area50_km2,-5000.0
95,centered_equal_cyclone_minus_equal_state,area50_km2,-10000.0
96,centered_equal_cyclone_minus_equal_state,area50_km2,2500.0
97,centered_equal_cyclone_minus_equal_state,area50_km2,0.0
98,centered_equal_cyclone_minus_equal_state,area50_km2,2500.0
99,centered_equal_cyclone_minus_equal_state,area50_km2,-2500.0
100,centered_equal_cyclone_minus_equal_state,area50_km2,0.0
101,centered_equal_cyclone_minus_equal_state,area50_km2,7500.0
102,centered_equal_cyclone_minus_equal_state,area50_km2,7500.0
103,centered_equal_cyclone_minus_equal_state,area50_km2,0.0
104,centered_equal_cyclone_minus_equal_state,area50_km2,-5000.0
105,centered_equal_cyclone_minus_equal_state,area50_km2,5000.0
106,centered_equal_cyclone_minus_equal_state,area50_km2,0.0
107,centered_equal_cyclone_minus_equal_state,area50_km2,22500.0
108,centered_equal_cyclone_minus_equal_state,area50_km2,-5000.0
109,centered_equal_cyclone_minus_equal_state,area50_km2,7500.0
110,centered_equal_cyclone_minus_equal_state,area50_km2,-2500.0
111,centered_equal_cyclone_minus_equal_state,area50_km2,7500.0
112,centered_equal_cyclone_minus_equal_state,area50_km2,-7500.0
113,centered_equal_cyclone_minus_equal_state,area50_km2,7500.0
114,centered_equal_cyclone_minus_equal_state,area50_km2,10000.0
115,centered_equal_cyclone_minus_equal_state,area50_km2,-2500.0
116,centered_equal_cyclone_minus_equal_state,area50_km2,7500.0
117,centered_equal_cyclone_minus_equal_state,area50_km2,0.0
118,centered_equal_cyclone_minus_equal_state,area50_km2,-5000.0
119,centered_equal_cyclone_minus_equal_state,area50_km2,-2500.0
120,centered_equal_cyclone_minus_equal_state,area50_km2,-2500.0
121,centered_equal_cyclone_minus_equal_state,area50_km2,5000.0
122,centered_equal_cyclone_minus_equal_state,area50_km2,2500.0
123,centered_equal_cyclone_minus_equal_state,area50_km2,17500.0
124,centered_equal_cyclone_minus_equal_state,area50_km2,-5000.0
125,centered_equal_cyclone_minus_equal_state,area50_km2,10000.0
126,centered_equal_cyclone_minus_equal_state,area50_km2,17500.0
127,centered_equal_cyclone_minus_equal_state,area50_km2,2500.0
128,centered_equal_cyclone_minus_equal_state,area50_km2,17500.0
129,centered_equal_cyclone_minus_equal_state,area50_km2,12500.0
130,centered_equal_cyclone_minus_equal_state,area50_km2,2500.0
131,centered_equal_cyclone_minus_equal_state,area50_km2,-15000.0
132,centered_equal_cyclone_minus_equal_state,area50_km2,7500.0
133,centered_equal_cyclone_minus_equal_state,area50_km2,2500.0
134,centered_equal_cyclone_minus_equal_state,area50_km2,12500.0
135,centered_equal_cyclone_minus_equal_state,area50_km2,17500.0
136,centered_equal_cyclone_minus_equal_state,area50_km2,2500.0
137,centered_equal_cyclone_minus_equal_state,area50_km2,0.0
138,centered_equal_cyclone_minus_equal_state,area50_km2,7500.0
139,centered_equal_cyclone_minus_equal_state,area50_km2,5000.0
140,centered_equal_cyclone_minus_equal_state,area50_km2,10000.0
141,centered_equal_cyclone_minus_equal_state,area50_km2,5000.0
142,centered_equal_cyclone_minus_equal_state,area50_km2,-2500.0
143,centered_equal_cyclone_minus_equal_state,area50_km2,-5000.0
144,centered_equal_cyclone_minus_equal_state,area50_km2,7500.0
145,centered_equal_cyclone_minus_equal_state,area50_km2,5000.0
146,centered_equal_cyclone_minus_equal_state,area50_km2,10000.0
147,centered_equal_cyclone_minus_equal_state,area50_km2,0.0
148,centered_equal_cyclone_minus_equal_state,area50_km2,15000.0
149,centered_equal_cyclone_minus_equal_state,area50_km2,5000.0
150,centered_equal_cyclone_minus_equal_state,area50_km2,-7500.0
151,centered_equal_cyclone_minus_equal_state,area50_km2,7500.0
152,centered_equal_cyclone_minus_equal_state,area50_km2,2500.0
153,centered_equal_cyclone_minus_equal_state,area50_km2,-5000.0
154,centered_equal_cyclone_minus_equal_state,area50_km2,5000.0
155,centered_equal_cyclone_minus_equal_state,area50_km2,10000.0
156,centered_equal_cyclone_minus_equal_state,area50_km2,-7500.0
157,centered_equal_cyclone_minus_equal_state,area50_km2,-15000.0
158,centered_equal_cyclone_minus_equal_state,area50_km2,10000.0
159,centered_equal_cyclone_minus_equal_state,area50_km2,12500.0
160,centered_equal_cyclone_minus_equal_state,area50_km2,7500.0
161,centered_equal_cyclone_minus_equal_state,area50_km2,7500.0
162,centered_equal_cyclone_minus_equal_state,area50_km2,0.0
163,centered_equal_cyclone_minus_equal_state,area50_km2,0.0
164,centered_equal_cyclone_minus_equal_state,area50_km2,-2500.0
165,centered_equal_cyclone_minus_equal_state,area50_km2,7500.0
166,centered_equal_cyclone_minus_equal_state,area50_km2,-10000.0
167,centered_equal_cyclone_minus_equal_state,area50_km2,-17500.0
168,centered_equal_cyclone_minus_equal_state,area50_km2,-7500.0
169,centered_equal_cyclone_minus_equal_state,area50_km2,2500.0
170,centered_equal_cyclone_minus_equal_state,area50_km2,-2500.0
171,centered_equal_cyclone_minus_equal_state,area50_km2,12500.0
172,centered_equal_cyclone_minus_equal_state,area50_km2,-2500.0
173,centered_equal_cyclone_minus_equal_state,area50_km2,-10000.0
174,centered_equal_cyclone_minus_equal_state,area50_km2,7500.0
175,centered_equal_cyclone_minus_equal_state,area50_km2,7500.0
176,centered_equal_cyclone_minus_equal_state,area50_km2,-7500.0
177,centered_equal_cyclone_minus_equal_state,area50_km2,5000.0
178,centered_equal_cyclone_minus_equal_state,area50_km2,10000.0
179,centered_equal_cyclone_minus_equal_state,area50_km2,0.0
180,centered_equal_cyclone_minus_equal_state,area50_km2,17500.0
181,centered_equal_cyclone_minus_equal_state,area50_km2,10000.0
182,centered_equal_cyclone_minus_equal_state,area50_km2,7500.0
183,centered_equal_cyclone_minus_equal_state,area50_km2,12500.0
184,centered_equal_cyclone_minus_equal_state,area50_km2,5000.0
185,centered_equal_cyclone_minus_equal_state,area50_km2,5000.0
186,centered_equal_cyclone_minus_equal_state,area50_km2,-7500.0
187,centered_equal_cyclone_minus_equal_state,area50_km2,0.0
188,centered_equal_cyclone_minus_equal_state,area50_km2,2500.0
189,centered_equal_cyclone_minus_equal_state,area50_km2,2500.0
190,centered_equal_cyclone_minus_equal_state,area50_km2,-10000.0
191,centered_equal_cyclone_minus_equal_state,area50_km2,7500.0
192,centered_equal_cyclone_minus_equal_state,area50_km2,7500.0
193,centered_equal_cyclone_minus_equal_state,area50_km2,5000.0
194,centered_equal_cyclone_minus_equal_state,area50_km2,5000.0
195,centered_equal_cyclone_minus_equal_state,area50_km2,10000.0
196,centered_equal_cyclone_minus_equal_state,area50_km2,0.0
197,centered_equal_cyclone_minus_equal_state,area50_km2,15000.0
198,centered_equal_cyclone_minus_equal_state,area50_km2,-22500.0
199,centered_equal_cyclone_minus_equal_state,area50_km2,5000.0
200,centered_equal_cyclone_minus_equal_state,area50_km2,-2500.0
201,centered_equal_cyclone_minus_equal_state,area50_km2,12500.0
202,centered_equal_cyclone_minus_equal_state,area50_km2,15000.0
203,centered_equal_cyclone_minus_equal_state,area50_km2,7500.0
204,centered_equal_cyclone_minus_equal_state,area50_km2,15000.0
205,centered_equal_cyclone_minus_equal_state,area50_km2,0.0
206,centered_equal_cyclone_minus_equal_state,area50_km2,-2500.0
207,centered_equal_cyclone_minus_equal_state,area50_km2,25000.0
208,centered_equal_cyclone_minus_equal_state,area50_km2,-12500.0
209,centered_equal_cyclone_minus_equal_state,area50_km2,-7500.0
210,centered_equal_cyclone_minus_equal_state,area50_km2,5000.0
211,centered_equal_cyclone_minus_equal_state,area50_km2,0.0
212,centered_equal_cyclone_minus_equal_state,area50_km2,2500.0
213,centered_equal_cyclone_minus_equal_state,area50_km2,-2500.0
214,centered_equal_cyclone_minus_equal_state,area50_km2,2500.0
215,centered_equal_cyclone_minus_equal_state,area50_km2,2500.0
216,centered_equal_cyclone_minus_equal_state,area50_km2,17500.0
217,centered_equal_cyclone_minus_equal_state,area50_km2,10000.0
218,centered_equal_cyclone_minus_equal_state,area50_km2,2500.0
219,centered_equal_cyclone_minus_equal_state,area50_km2,12500.0
220,centered_equal_cyclone_minus_equal_state,area50_km2,2500.0
221,centered_equal_cyclone_minus_equal_state,area50_km2,12500.0
222,centered_equal_cyclone_minus_equal_state,area50_km2,2500.0
223,centered_equal_cyclone_minus_equal_state,area50_km2,-2500.0
224,centered_equal_cyclone_minus_equal_state,area50_km2,2500.0
225,centered_equal_cyclone_minus_equal_state,area50_km2,2500.0
226,centered_equal_cyclone_minus_equal_state,area50_km2,0.0
227,centered_equal_cyclone_minus_equal_state,area50_km2,10000.0
228,centered_equal_cyclone_minus_equal_state,area50_km2,7500.0
229,centered_equal_cyclone_minus_equal_state,area50_km2,7500.0
230,centered_equal_cyclone_minus_equal_state,area50_km2,10000.0
231,centered_equal_cyclone_minus_equal_state,area50_km2,-7500.0
232,centered_equal_cyclone_minus_equal_state,area50_km2,15000.0
233,centered_equal_cyclone_minus_equal_state,area50_km2,12500.0
234,centered_equal_cyclone_minus_equal_state,area50_km2,-2500.0
235,centered_equal_cyclone_minus_equal_state,area50_km2,-12500.0
236,centered_equal_cyclone_minus_equal_state,area50_km2,2500.0
237,centered_equal_cyclone_minus_equal_state,area50_km2,-7500.0
238,centered_equal_cyclone_minus_equal_state,area50_km2,7500.0
239,centered_equal_cyclone_minus_equal_state,area50_km2,-7500.0
240,centered_equal_cyclone_minus_equal_state,area50_km2,7500.0
241,centered_equal_cyclone_minus_equal_state,area50_km2,-10000.0
242,centered_equal_cyclone_minus_equal_state,area50_km2,17500.0
243,centered_equal_cyclone_minus_equal_state,area50_km2,7500.0
244,centered_equal_cyclone_minus_equal_state,area50_km2,0.0
245,centered_equal_cyclone_minus_equal_state,area50_km2,12500.0
246,centered_equal_cyclone_minus_equal_state,area50_km2,12500.0
247,centered_equal_cyclone_minus_equal_state,area50_km2,17500.0
248,centered_equal_cyclone_minus_equal_state,area50_km2,-5000.0
249,centered_equal_cyclone_minus_equal_state,area50_km2,7500.0
250,centered_equal_cyclone_minus_equal_state,area50_km2,5000.0
251,centered_equal_cyclone_minus_equal_state,area50_km2,5000.0
252,centered_equal_cyclone_minus_equal_state,area50_km2,2500.0
253,centered_equal_cyclone_minus_equal_state,area50_km2,-2500.0
254,centered_equal_cyclone_minus_equal_state,area50_km2,12500.0
255,centered_equal_cyclone_minus_equal_state,area50_km2,7500.0
256,centered_equal_cyclone_minus_equal_state,area50_km2,12500.0
257,centered_equal_cyclone_minus_equal_state,area50_km2,0.0
258,centered_equal_cyclone_minus_equal_state,area50_km2,-2500.0
259,centered_equal_cyclone_minus_equal_state,area50_km2,-7500.0
260,centered_equal_cyclone_minus_equal_state,area50_km2,2500.0
261,centered_equal_cyclone_minus_equal_state,area50_km2,15000.0
262,centered_equal_cyclone_minus_equal_state,area50_km2,5000.0
263,centered_equal_cyclone_minus_equal_state,area50_km2,-2500.0
264,centered_equal_cyclone_minus_equal_state,area50_km2,10000.0
265,centered_equal_cyclone_minus_equal_state,area50_km2,2500.0
266,centered_equal_cyclone_minus_equal_state,area50_km2,2500.0
267,centered_equal_cyclone_minus_equal_state,area50_km2,-5000.0
268,centered_equal_cyclone_minus_equal_state,area50_km2,5000.0
269,centered_equal_cyclone_minus_equal_state,area50_km2,-5000.0
270,centered_equal_cyclone_minus_equal_state,area50_km2,5000.0
271,centered_equal_cyclone_minus_equal_state,area50_km2,0.0
272,centered_equal_cyclone_minus_equal_state,area50_km2,7500.0
273,centered_equal_cyclone_minus_equal_state,area50_km2,25000.0
274,centered_equal_cyclone_minus_equal_state,area50_km2,12500.0
275,centered_equal_cyclone_minus_equal_state,area50_km2,5000.0
276,centered_equal_cyclone_minus_equal_state,area50_km2,7500.0
277,centered_equal_cyclone_minus_equal_state,area50_km2,2500.0
278,centered_equal_cyclone_minus_equal_state,area50_km2,0.0
279,centered_equal_cyclone_minus_equal_state,area50_km2,15000.0
280,centered_equal_cyclone_minus_equal_state,area50_km2,12500.0
281,centered_equal_cyclone_minus_equal_state,area50_km2,0.0
282,centered_equal_cyclone_minus_equal_state,area50_km2,-5000.0
283,centered_equal_cyclone_minus_equal_state,area50_km2,15000.0
284,centered_equal_cyclone_minus_equal_state,area50_km2,-2500.0
285,centered_equal_cyclone_minus_equal_state,area50_km2,2500.0
286,centered_equal_cyclone_minus_equal_state,area50_km2,0.0
287,centered_equal_cyclone_minus_equal_state,area50_km2,7500.0
288,centered_equal_cyclone_minus_equal_state,area50_km2,12500.0
289,centered_equal_cyclone_minus_equal_state,area50_km2,-5000.0
290,centered_equal_cyclone_minus_equal_state,area50_km2,2500.0
291,centered_equal_cyclone_minus_equal_state,area50_km2,7500.0
292,centered_equal_cyclone_minus_equal_state,area50_km2,5000.0
293,centered_equal_cyclone_minus_equal_state,area50_km2,-2500.0
294,centered_equal_cyclone_minus_equal_state,area50_km2,2500.0
295,centered_equal_cyclone_minus_equal_state,area50_km2,5000.0
296,centered_equal_cyclone_minus_equal_state,area50_km2,20000.0
297,centered_equal_cyclone_minus_equal_state,area50_km2,7500.0
298,centered_equal_cyclone_minus_equal_state,area50_km2,0.0
299,centered_equal_cyclone_minus_equal_state,area50_km2,12500.0
300,centered_equal_cyclone_minus_equal_state,area50_km2,12500.0
301,centered_equal_cyclone_minus_equal_state,area50_km2,12500.0
302,centered_equal_cyclone_minus_equal_state,area50_km2,2500.0
303,centered_equal_cyclone_minus_equal_state,area50_km2,-10000.0
304,centered_equal_cyclone_minus_equal_state,area50_km2,-5000.0
305,centered_equal_cyclone_minus_equal_state,area50_km2,7500.0
306,centered_equal_cyclone_minus_equal_state,area50_km2,7500.0
307,centered_equal_cyclone_minus_equal_state,area50_km2,7500.0
308,centered_equal_cyclone_minus_equal_state,area50_km2,5000.0
309,centered_equal_cyclone_minus_equal_state,area50_km2,-7500.0
310,centered_equal_cyclone_minus_equal_state,area50_km2,-5000.0
311,centered_equal_cyclone_minus_equal_state,area50_km2,12500.0
312,centered_equal_cyclone_minus_equal_state,area50_km2,0.0
313,centered_equal_cyclone_minus_equal_state,area50_km2,-12500.0
314,centered_equal_cyclone_minus_equal_state,area50_km2,2500.0
315,centered_equal_cyclone_minus_equal_state,area50_km2,0.0
316,centered_equal_cyclone_minus_equal_state,area50_km2,2500.0
317,centered_equal_cyclone_minus_equal_state,area50_km2,12500.0
318,centered_equal_cyclone_minus_equal_state,area50_km2,10000.0
319,centered_equal_cyclone_minus_equal_state,area50_km2,-5000.0
320,centered_equal_cyclone_minus_equal_state,area50_km2,10000.0
321,centered_equal_cyclone_minus_equal_state,area50_km2,5000.0
322,centered_equal_cyclone_minus_equal_state,area50_km2,2500.0
323,centered_equal_cyclone_minus_equal_state,area50_km2,7500.0
324,centered_equal_cyclone_minus_equal_state,area50_km2,-2500.0
325,centered_equal_cyclone_minus_equal_state,area50_km2,-7500.0
326,centered_equal_cyclone_minus_equal_state,area50_km2,7500.0
327,centered_equal_cyclone_minus_equal_state,area50_km2,-10000.0
328,centered_equal_cyclone_minus_equal_state,area50_km2,-10000.0
329,centered_equal_cyclone_minus_equal_state,area50_km2,-5000.0
330,centered_equal_cyclone_minus_equal_state,area50_km2,2500.0
331,centered_equal_cyclone_minus_equal_state,area50_km2,5000.0
332,centered_equal_cyclone_minus_equal_state,area50_km2,7500.0
333,centered_equal_cyclone_minus_equal_state,area50_km2,22500.0
334,centered_equal_cyclone_minus_equal_state,area50_km2,-2500.0
335,centered_equal_cyclone_minus_equal_state,area50_km2,15000.0
336,centered_equal_cyclone_minus_equal_state,area50_km2,10000.0
337,centered_equal_cyclone_minus_equal_state,area50_km2,7500.0
338,centered_equal_cyclone_minus_equal_state,area50_km2,7500.0
339,centered_equal_cyclone_minus_equal_state,area50_km2,7500.0
340,centered_equal_cyclone_minus_equal_state,area50_km2,-12500.0
341,centered_equal_cyclone_minus_equal_state,area50_km2,17500.0
342,centered_equal_cyclone_minus_equal_state,area50_km2,-2500.0
343,centered_equal_cyclone_minus_equal_state,area50_km2,10000.0
344,centered_equal_cyclone_minus_equal_state,area50_km2,5000.0
345,centered_equal_cyclone_minus_equal_state,area50_km2,0.0
346,centered_equal_cyclone_minus_equal_state,area50_km2,-12500.0
347,centered_equal_cyclone_minus_equal_state,area50_km2,-2500.0
348,centered_equal_cyclone_minus_equal_state,area50_km2,7500.0
349,centered_equal_cyclone_minus_equal_state,area50_km2,0.0
350,centered_equal_cyclone_minus_equal_state,area50_km2,-10000.0
351,centered_equal_cyclone_minus_equal_state,area50_km2,5000.0
352,centered_equal_cyclone_minus_equal_state,area50_km2,-2500.0
353,centered_equal_cyclone_minus_equal_state,area50_km2,0.0
354,centered_equal_cyclone_minus_equal_state,area50_km2,-2500.0
355,centered_equal_cyclone_minus_equal_state,area50_km2,10000.0
356,centered_equal_cyclone_minus_equal_state,area50_km2,7500.0
357,centered_equal_cyclone_minus_equal_state,area50_km2,-7500.0
358,centered_equal_cyclone_minus_equal_state,area50_km2,-12500.0
359,centered_equal_cyclone_minus_equal_state,area50_km2,5000.0
360,centered_equal_cyclone_minus_equal_state,area50_km2,10000.0
361,centered_equal_cyclone_minus_equal_state,area50_km2,2500.0
362,centered_equal_cyclone_minus_equal_state,area50_km2,7500.0
363,centered_equal_cyclone_minus_equal_state,area50_km2,-17500.0
364,centered_equal_cyclone_minus_equal_state,area50_km2,12500.0
365,centered_equal_cyclone_minus_equal_state,area50_km2,-12500.0
366,centered_equal_cyclone_minus_equal_state,area50_km2,17500.0
367,centered_equal_cyclone_minus_equal_state,area50_km2,12500.0
368,centered_equal_cyclone_minus_equal_state,area50_km2,7500.0
369,centered_equal_cyclone_minus_equal_state,area50_km2,7500.0
370,centered_equal_cyclone_minus_equal_state,area50_km2,10000.0
371,centered_equal_cyclone_minus_equal_state,area50_km2,-2500.0
372,centered_equal_cyclone_minus_equal_state,area50_km2,5000.0
373,centered_equal_cyclone_minus_equal_state,area50_km2,-5000.0
374,centered_equal_cyclone_minus_equal_state,area50_km2,7500.0
375,centered_equal_cyclone_minus_equal_state,area50_km2,2500.0
376,centered_equal_cyclone_minus_equal_state,area50_km2,12500.0
377,centered_equal_cyclone_minus_equal_state,area50_km2,20000.0
378,centered_equal_cyclone_minus_equal_state,area50_km2,7500.0
379,centered_equal_cyclone_minus_equal_state,area50_km2,10000.0
380,centered_equal_cyclone_minus_equal_state,area50_km2,5000.0
381,centered_equal_cyclone_minus_equal_state,area50_km2,5000.0
382,centered_equal_cyclone_minus_equal_state,area50_km2,7500.0
383,centered_equal_cyclone_minus_equal_state,area50_km2,7500.0
384,centered_equal_cyclone_minus_equal_state,area50_km2,0.0
385,centered_equal_cyclone_minus_equal_state,area50_km2,-15000.0
386,centered_equal_cyclone_minus_equal_state,area50_km2,-5000.0
387,centered_equal_cyclone_minus_equal_state,area50_km2,15000.0
388,centered_equal_cyclone_minus_equal_state,area50_km2,2500.0
389,centered_equal_cyclone_minus_equal_state,area50_km2,20000.0
390,centered_equal_cyclone_minus_equal_state,area50_km2,-15000.0
391,centered_equal_cyclone_minus_equal_state,area50_km2,5000.0
392,centered_equal_cyclone_minus_equal_state,area50_km2,0.0
393,centered_equal_cyclone_minus_equal_state,area50_km2,2500.0
394,centered_equal_cyclone_minus_equal_state,area50_km2,2500.0
395,centered_equal_cyclone_minus_equal_state,area50_km2,12500.0
396,centered_equal_cyclone_minus_equal_state,area50_km2,-5000.0
397,centered_equal_cyclone_minus_equal_state,area50_km2,-12500.0
398,centered_equal_cyclone_minus_equal_state,area50_km2,-2500.0
399,centered_equal_cyclone_minus_equal_state,area50_km2,-2500.0
400,centered_equal_cyclone_minus_equal_state,area50_km2,-12500.0
401,centered_equal_cyclone_minus_equal_state,area50_km2,0.0
402,centered_equal_cyclone_minus_equal_state,area50_km2,15000.0
403,centered_equal_cyclone_minus_equal_state,area50_km2,-10000.0
404,centered_equal_cyclone_minus_equal_state,area50_km2,-2500.0
405,centered_equal_cyclone_minus_equal_state,area50_km2,0.0
406,centered_equal_cyclone_minus_equal_state,area50_km2,-7500.0
407,centered_equal_cyclone_minus_equal_state,area50_km2,-7500.0
408,centered_equal_cyclone_minus_equal_state,area50_km2,10000.0
409,centered_equal_cyclone_minus_equal_state,area50_km2,-2500.0
410,centered_equal_cyclone_minus_equal_state,area50_km2,2500.0
411,centered_equal_cyclone_minus_equal_state,area50_km2,0.0
412,centered_equal_cyclone_minus_equal_state,area50_km2,10000.0
413,centered_equal_cyclone_minus_equal_state,area50_km2,17500.0
414,centered_equal_cyclone_minus_equal_state,area50_km2,-2500.0
415,centered_equal_cyclone_minus_equal_state,area50_km2,-2500.0
416,centered_equal_cyclone_minus_equal_state,area50_km2,-2500.0
417,centered_equal_cyclone_minus_equal_state,area50_km2,2500.0
418,centered_equal_cyclone_minus_equal_state,area50_km2,7500.0
419,centered_equal_cyclone_minus_equal_state,area50_km2,5000.0
420,centered_equal_cyclone_minus_equal_state,area50_km2,-2500.0
421,centered_equal_cyclone_minus_equal_state,area50_km2,2500.0
422,centered_equal_cyclone_minus_equal_state,area50_km2,-7500.0
423,centered_equal_cyclone_minus_equal_state,area50_km2,-2500.0
424,centered_equal_cyclone_minus_equal_state,area50_km2,30000.0
425,centered_equal_cyclone_minus_equal_state,area50_km2,-5000.0
426,centered_equal_cyclone_minus_equal_state,area50_km2,22500.0
427,centered_equal_cyclone_minus_equal_state,area50_km2,2500.0
428,centered_equal_cyclone_minus_equal_state,area50_km2,-2500.0
429,centered_equal_cyclone_minus_equal_state,area50_km2,7500.0
430,centered_equal_cyclone_minus_equal_state,area50_km2,5000.0
431,centered_equal_cyclone_minus_equal_state,area50_km2,10000.0
432,centered_equal_cyclone_minus_equal_state,area50_km2,20000.0
433,centered_equal_cyclone_minus_equal_state,area50_km2,7500.0
434,centered_equal_cyclone_minus_equal_state,area50_km2,10000.0
435,centered_equal_cyclone_minus_equal_state,area50_km2,-15000.0
436,centered_equal_cyclone_minus_equal_state,area50_km2,22500.0
437,centered_equal_cyclone_minus_equal_state,area50_km2,-2500.0
438,centered_equal_cyclone_minus_equal_state,area50_km2,-10000.0
439,centered_equal_cyclone_minus_equal_state,area50_km2,27500.0
440,centered_equal_cyclone_minus_equal_state,area50_km2,12500.0
441,centered_equal_cyclone_minus_equal_state,area50_km2,-15000.0
442,centered_equal_cyclone_minus_equal_state,area50_km2,2500.0
443,centered_equal_cyclone_minus_equal_state,area50_km2,-7500.0
444,centered_equal_cyclone_minus_equal_state,area50_km2,2500.0
445,centered_equal_cyclone_minus_equal_state,area50_km2,2500.0
446,centered_equal_cyclone_minus_equal_state,area50_km2,-10000.0
447,centered_equal_cyclone_minus_equal_state,area50_km2,5000.0
448,centered_equal_cyclone_minus_equal_state,area50_km2,-5000.0
449,centered_equal_cyclone_minus_equal_state,area50_km2,-5000.0
450,centered_equal_cyclone_minus_equal_state,area50_km2,-5000.0
451,centered_equal_cyclone_minus_equal_state,area50_km2,-5000.0
452,centered_equal_cyclone_minus_equal_state,area50_km2,7500.0
453,centered_equal_cyclone_minus_equal_state,area50_km2,-10000.0
454,centered_equal_cyclone_minus_equal_state,area50_km2,-7500.0
455,centered_equal_cyclone_minus_equal_state,area50_km2,2500.0
456,centered_equal_cyclone_minus_equal_state,area50_km2,7500.0
457,centered_equal_cyclone_minus_equal_state,area50_km2,0.0
458,centered_equal_cyclone_minus_equal_state,area50_km2,12500.0
459,centered_equal_cyclone_minus_equal_state,area50_km2,0.0
460,centered_equal_cyclone_minus_equal_state,area50_km2,5000.0
461,centered_equal_cyclone_minus_equal_state,area50_km2,-12500.0
462,centered_equal_cyclone_minus_equal_state,area50_km2,0.0
463,centered_equal_cyclone_minus_equal_state,area50_km2,20000.0
464,centered_equal_cyclone_minus_equal_state,area50_km2,-7500.0
465,centered_equal_cyclone_minus_equal_state,area50_km2,7500.0
466,centered_equal_cyclone_minus_equal_state,area50_km2,0.0
467,centered_equal_cyclone_minus_equal_state,area50_km2,-12500.0
468,centered_equal_cyclone_minus_equal_state,area50_km2,0.0
469,centered_equal_cyclone_minus_equal_state,area50_km2,-2500.0
470,centered_equal_cyclone_minus_equal_state,area50_km2,-5000.0
471,centered_equal_cyclone_minus_equal_state,area50_km2,2500.0
472,centered_equal_cyclone_minus_equal_state,area50_km2,2500.0
473,centered_equal_cyclone_minus_equal_state,area50_km2,10000.0
474,centered_equal_cyclone_minus_equal_state,area50_km2,-2500.0
475,centered_equal_cyclone_minus_equal_state,area50_km2,10000.0
476,centered_equal_cyclone_minus_equal_state,area50_km2,7500.0
477,centered_equal_cyclone_minus_equal_state,area50_km2,-2500.0
478,centered_equal_cyclone_minus_equal_state,area50_km2,0.0
479,centered_equal_cyclone_minus_equal_state,area50_km2,2500.0
480,centered_equal_cyclone_minus_equal_state,area50_km2,-2500.0
481,centered_equal_cyclone_minus_equal_state,area50_km2,5000.0
482,centered_equal_cyclone_minus_equal_state,area50_km2,5000.0
483,centered_equal_cyclone_minus_equal_state,area50_km2,5000.0
484,centered_equal_cyclone_minus_equal_state,area50_km2,-2500.0
485,centered_equal_cyclone_minus_equal_state,area50_km2,0.0
486,centered_equal_cyclone_minus_equal_state,area50_km2,2500.0
487,centered_equal_cyclone_minus_equal_state,area50_km2,-7500.0
488,centered_equal_cyclone_minus_equal_state,area50_km2,2500.0
489,centered_equal_cyclone_minus_equal_state,area50_km2,-5000.0
490,centered_equal_cyclone_minus_equal_state,area50_km2,10000.0
491,centered_equal_cyclone_minus_equal_state,area50_km2,15000.0
492,centered_equal_cyclone_minus_equal_state,area50_km2,7500.0
493,centered_equal_cyclone_minus_equal_state,area50_km2,10000.0
494,centered_equal_cyclone_minus_equal_state,area50_km2,0.0
495,centered_equal_cyclone_minus_equal_state,area50_km2,2500.0
496,centered_equal_cyclone_minus_equal_state,area50_km2,5000.0
497,centered_equal_cyclone_minus_equal_state,area50_km2,0.0
498,centered_equal_cyclone_minus_equal_state,area50_km2,-2500.0
499,centered_equal_cyclone_minus_equal_state,area50_km2,-7500.0
500,centered_equal_cyclone_minus_equal_state,area50_km2,5000.0
1,centered_equal_cyclone_minus_equal_state,area75_km2,5000.0
2,centered_equal_cyclone_minus_equal_state,area75_km2,15000.0
3,centered_equal_cyclone_minus_equal_state,area75_km2,25000.0
4,centered_equal_cyclone_minus_equal_state,area75_km2,12500.0
5,centered_equal_cyclone_minus_equal_state,area75_km2,10000.0
6,centered_equal_cyclone_minus_equal_state,area75_km2,0.0
7,centered_equal_cyclone_minus_equal_state,area75_km2,20000.0
8,centered_equal_cyclone_minus_equal_state,area75_km2,25000.0
9,centered_equal_cyclone_minus_equal_state,area75_km2,-17500.0
10,centered_equal_cyclone_minus_equal_state,area75_km2,-10000.0
11,centered_equal_cyclone_minus_equal_state,area75_km2,15000.0
12,centered_equal_cyclone_minus_equal_state,area75_km2,17500.0
13,centered_equal_cyclone_minus_equal_state,area75_km2,2500.0
14,centered_equal_cyclone_minus_equal_state,area75_km2,32500.0
15,centered_equal_cyclone_minus_equal_state,area75_km2,-2500.0
16,centered_equal_cyclone_minus_equal_state,area75_km2,10000.0
17,centered_equal_cyclone_minus_equal_state,area75_km2,17500.0
18,centered_equal_cyclone_minus_equal_state,area75_km2,7500.0
19,centered_equal_cyclone_minus_equal_state,area75_km2,15000.0
20,centered_equal_cyclone_minus_equal_state,area75_km2,7500.0
21,centered_equal_cyclone_minus_equal_state,area75_km2,15000.0
22,centered_equal_cyclone_minus_equal_state,area75_km2,10000.0
23,centered_equal_cyclone_minus_equal_state,area75_km2,15000.0
24,centered_equal_cyclone_minus_equal_state,area75_km2,35000.0
25,centered_equal_cyclone_minus_equal_state,area75_km2,5000.0
26,centered_equal_cyclone_minus_equal_state,area75_km2,10000.0
27,centered_equal_cyclone_minus_equal_state,area75_km2,5000.0
28,centered_equal_cyclone_minus_equal_state,area75_km2,30000.0
29,centered_equal_cyclone_minus_equal_state,area75_km2,7500.0
30,centered_equal_cyclone_minus_equal_state,area75_km2,25000.0
31,centered_equal_cyclone_minus_equal_state,area75_km2,17500.0
32,centered_equal_cyclone_minus_equal_state,area75_km2,22500.0
33,centered_equal_cyclone_minus_equal_state,area75_km2,15000.0
34,centered_equal_cyclone_minus_equal_state,area75_km2,15000.0
35,centered_equal_cyclone_minus_equal_state,area75_km2,7500.0
36,centered_equal_cyclone_minus_equal_state,area75_km2,35000.0
37,centered_equal_cyclone_minus_equal_state,area75_km2,7500.0
38,centered_equal_cyclone_minus_equal_state,area75_km2,22500.0
39,centered_equal_cyclone_minus_equal_state,area75_km2,25000.0
40,centered_equal_cyclone_minus_equal_state,area75_km2,2500.0
41,centered_equal_cyclone_minus_equal_state,area75_km2,20000.0
42,centered_equal_cyclone_minus_equal_state,area75_km2,25000.0
43,centered_equal_cyclone_minus_equal_state,area75_km2,7500.0
44,centered_equal_cyclone_minus_equal_state,area75_km2,27500.0
45,centered_equal_cyclone_minus_equal_state,area75_km2,20000.0
46,centered_equal_cyclone_minus_equal_state,area75_km2,32500.0
47,centered_equal_cyclone_minus_equal_state,area75_km2,10000.0
48,centered_equal_cyclone_minus_equal_state,area75_km2,20000.0
49,centered_equal_cyclone_minus_equal_state,area75_km2,12500.0
50,centered_equal_cyclone_minus_equal_state,area75_km2,5000.0
51,centered_equal_cyclone_minus_equal_state,area75_km2,0.0
52,centered_equal_cyclone_minus_equal_state,area75_km2,12500.0
53,centered_equal_cyclone_minus_equal_state,area75_km2,7500.0
54,centered_equal_cyclone_minus_equal_state,area75_km2,5000.0
55,centered_equal_cyclone_minus_equal_state,area75_km2,17500.0
56,centered_equal_cyclone_minus_equal_state,area75_km2,5000.0
57,centered_equal_cyclone_minus_equal_state,area75_km2,17500.0
58,centered_equal_cyclone_minus_equal_state,area75_km2,17500.0
59,centered_equal_cyclone_minus_equal_state,area75_km2,7500.0
60,centered_equal_cyclone_minus_equal_state,area75_km2,27500.0
61,centered_equal_cyclone_minus_equal_state,area75_km2,25000.0
62,centered_equal_cyclone_minus_equal_state,area75_km2,22500.0
63,centered_equal_cyclone_minus_equal_state,area75_km2,37500.0
64,centered_equal_cyclone_minus_equal_state,area75_km2,10000.0
65,centered_equal_cyclone_minus_equal_state,area75_km2,15000.0
66,centered_equal_cyclone_minus_equal_state,area75_km2,10000.0
67,centered_equal_cyclone_minus_equal_state,area75_km2,20000.0
68,centered_equal_cyclone_minus_equal_state,area75_km2,0.0
69,centered_equal_cyclone_minus_equal_state,area75_km2,5000.0
70,centered_equal_cyclone_minus_equal_state,area75_km2,15000.0
71,centered_equal_cyclone_minus_equal_state,area75_km2,20000.0
72,centered_equal_cyclone_minus_equal_state,area75_km2,32500.0
73,centered_equal_cyclone_minus_equal_state,area75_km2,37500.0
74,centered_equal_cyclone_minus_equal_state,area75_km2,15000.0
75,centered_equal_cyclone_minus_equal_state,area75_km2,10000.0
76,centered_equal_cyclone_minus_equal_state,area75_km2,12500.0
77,centered_equal_cyclone_minus_equal_state,area75_km2,22500.0
78,centered_equal_cyclone_minus_equal_state,area75_km2,2500.0
79,centered_equal_cyclone_minus_equal_state,area75_km2,5000.0
80,centered_equal_cyclone_minus_equal_state,area75_km2,7500.0
81,centered_equal_cyclone_minus_equal_state,area75_km2,17500.0
82,centered_equal_cyclone_minus_equal_state,area75_km2,2500.0
83,centered_equal_cyclone_minus_equal_state,area75_km2,20000.0
84,centered_equal_cyclone_minus_equal_state,area75_km2,-7500.0
85,centered_equal_cyclone_minus_equal_state,area75_km2,12500.0
86,centered_equal_cyclone_minus_equal_state,area75_km2,15000.0
87,centered_equal_cyclone_minus_equal_state,area75_km2,7500.0
88,centered_equal_cyclone_minus_equal_state,area75_km2,-5000.0
89,centered_equal_cyclone_minus_equal_state,area75_km2,10000.0
90,centered_equal_cyclone_minus_equal_state,area75_km2,0.0
91,centered_equal_cyclone_minus_equal_state,area75_km2,5000.0
92,centered_equal_cyclone_minus_equal_state,area75_km2,2500.0
93,centered_equal_cyclone_minus_equal_state,area75_km2,5000.0
94,centered_equal_cyclone_minus_equal_state,area75_km2,-2500.0
95,centered_equal_cyclone_minus_equal_state,area75_km2,-5000.0
96,centered_equal_cyclone_minus_equal_state,area75_km2,7500.0
97,centered_equal_cyclone_minus_equal_state,area75_km2,12500.0
98,centered_equal_cyclone_minus_equal_state,area75_km2,5000.0
99,centered_equal_cyclone_minus_equal_state,area75_km2,10000.0
100,centered_equal_cyclone_minus_equal_state,area75_km2,12500.0
101,centered_equal_cyclone_minus_equal_state,area75_km2,22500.0
102,centered_equal_cyclone_minus_equal_state,area75_km2,20000.0
103,centered_equal_cyclone_minus_equal_state,area75_km2,5000.0
104,centered_equal_cyclone_minus_equal_state,area75_km2,-10000.0
105,centered_equal_cyclone_minus_equal_state,area75_km2,15000.0
106,centered_equal_cyclone_minus_equal_state,area75_km2,10000.0
107,centered_equal_cyclone_minus_equal_state,area75_km2,25000.0
108,centered_equal_cyclone_minus_equal_state,area75_km2,-17500.0
109,centered_equal_cyclone_minus_equal_state,area75_km2,25000.0
110,centered_equal_cyclone_minus_equal_state,area75_km2,7500.0
111,centered_equal_cyclone_minus_equal_state,area75_km2,15000.0
112,centered_equal_cyclone_minus_equal_state,area75_km2,10000.0
113,centered_equal_cyclone_minus_equal_state,area75_km2,10000.0
114,centered_equal_cyclone_minus_equal_state,area75_km2,10000.0
115,centered_equal_cyclone_minus_equal_state,area75_km2,5000.0
116,centered_equal_cyclone_minus_equal_state,area75_km2,10000.0
117,centered_equal_cyclone_minus_equal_state,area75_km2,12500.0
118,centered_equal_cyclone_minus_equal_state,area75_km2,5000.0
119,centered_equal_cyclone_minus_equal_state,area75_km2,-2500.0
120,centered_equal_cyclone_minus_equal_state,area75_km2,2500.0
121,centered_equal_cyclone_minus_equal_state,area75_km2,12500.0
122,centered_equal_cyclone_minus_equal_state,area75_km2,12500.0
123,centered_equal_cyclone_minus_equal_state,area75_km2,27500.0
124,centered_equal_cyclone_minus_equal_state,area75_km2,-5000.0
125,centered_equal_cyclone_minus_equal_state,area75_km2,27500.0
126,centered_equal_cyclone_minus_equal_state,area75_km2,40000.0
127,centered_equal_cyclone_minus_equal_state,area75_km2,12500.0
128,centered_equal_cyclone_minus_equal_state,area75_km2,25000.0
129,centered_equal_cyclone_minus_equal_state,area75_km2,20000.0
130,centered_equal_cyclone_minus_equal_state,area75_km2,15000.0
131,centered_equal_cyclone_minus_equal_state,area75_km2,-27500.0
132,centered_equal_cyclone_minus_equal_state,area75_km2,17500.0
133,centered_equal_cyclone_minus_equal_state,area75_km2,10000.0
134,centered_equal_cyclone_minus_equal_state,area75_km2,15000.0
135,centered_equal_cyclone_minus_equal_state,area75_km2,37500.0
136,centered_equal_cyclone_minus_equal_state,area75_km2,20000.0
137,centered_equal_cyclone_minus_equal_state,area75_km2,5000.0
138,centered_equal_cyclone_minus_equal_state,area75_km2,12500.0
139,centered_equal_cyclone_minus_equal_state,area75_km2,5000.0
140,centered_equal_cyclone_minus_equal_state,area75_km2,5000.0
141,centered_equal_cyclone_minus_equal_state,area75_km2,17500.0
142,centered_equal_cyclone_minus_equal_state,area75_km2,7500.0
143,centered_equal_cyclone_minus_equal_state,area75_km2,-5000.0
144,centered_equal_cyclone_minus_equal_state,area75_km2,17500.0
145,centered_equal_cyclone_minus_equal_state,area75_km2,10000.0
146,centered_equal_cyclone_minus_equal_state,area75_km2,25000.0
147,centered_equal_cyclone_minus_equal_state,area75_km2,12500.0
148,centered_equal_cyclone_minus_equal_state,area75_km2,27500.0
149,centered_equal_cyclone_minus_equal_state,area75_km2,7500.0
150,centered_equal_cyclone_minus_equal_state,area75_km2,5000.0
151,centered_equal_cyclone_minus_equal_state,area75_km2,10000.0
152,centered_equal_cyclone_minus_equal_state,area75_km2,10000.0
153,centered_equal_cyclone_minus_equal_state,area75_km2,7500.0
154,centered_equal_cyclone_minus_equal_state,area75_km2,0.0
155,centered_equal_cyclone_minus_equal_state,area75_km2,15000.0
156,centered_equal_cyclone_minus_equal_state,area75_km2,0.0
157,centered_equal_cyclone_minus_equal_state,area75_km2,-15000.0
158,centered_equal_cyclone_minus_equal_state,area75_km2,22500.0
159,centered_equal_cyclone_minus_equal_state,area75_km2,20000.0
160,centered_equal_cyclone_minus_equal_state,area75_km2,17500.0
161,centered_equal_cyclone_minus_equal_state,area75_km2,17500.0
162,centered_equal_cyclone_minus_equal_state,area75_km2,10000.0
163,centered_equal_cyclone_minus_equal_state,area75_km2,0.0
164,centered_equal_cyclone_minus_equal_state,area75_km2,5000.0
165,centered_equal_cyclone_minus_equal_state,area75_km2,20000.0
166,centered_equal_cyclone_minus_equal_state,area75_km2,5000.0
167,centered_equal_cyclone_minus_equal_state,area75_km2,2500.0
168,centered_equal_cyclone_minus_equal_state,area75_km2,17500.0
169,centered_equal_cyclone_minus_equal_state,area75_km2,10000.0
170,centered_equal_cyclone_minus_equal_state,area75_km2,10000.0
171,centered_equal_cyclone_minus_equal_state,area75_km2,17500.0
172,centered_equal_cyclone_minus_equal_state,area75_km2,5000.0
173,centered_equal_cyclone_minus_equal_state,area75_km2,-7500.0
174,centered_equal_cyclone_minus_equal_state,area75_km2,17500.0
175,centered_equal_cyclone_minus_equal_state,area75_km2,17500.0
176,centered_equal_cyclone_minus_equal_state,area75_km2,0.0
177,centered_equal_cyclone_minus_equal_state,area75_km2,15000.0
178,centered_equal_cyclone_minus_equal_state,area75_km2,10000.0
179,centered_equal_cyclone_minus_equal_state,area75_km2,5000.0
180,centered_equal_cyclone_minus_equal_state,area75_km2,27500.0
181,centered_equal_cyclone_minus_equal_state,area75_km2,10000.0
182,centered_equal_cyclone_minus_equal_state,area75_km2,20000.0
183,centered_equal_cyclone_minus_equal_state,area75_km2,30000.0
184,centered_equal_cyclone_minus_equal_state,area75_km2,15000.0
185,centered_equal_cyclone_minus_equal_state,area75_km2,2500.0
186,centered_equal_cyclone_minus_equal_state,area75_km2,0.0
187,centered_equal_cyclone_minus_equal_state,area75_km2,2500.0
188,centered_equal_cyclone_minus_equal_state,area75_km2,15000.0
189,centered_equal_cyclone_minus_equal_state,area75_km2,17500.0
190,centered_equal_cyclone_minus_equal_state,area75_km2,-2500.0
191,centered_equal_cyclone_minus_equal_state,area75_km2,12500.0
192,centered_equal_cyclone_minus_equal_state,area75_km2,20000.0
193,centered_equal_cyclone_minus_equal_state,area75_km2,2500.0
194,centered_equal_cyclone_minus_equal_state,area75_km2,17500.0
195,centered_equal_cyclone_minus_equal_state,area75_km2,15000.0
196,centered_equal_cyclone_minus_equal_state,area75_km2,25000.0
197,centered_equal_cyclone_minus_equal_state,area75_km2,32500.0
198,centered_equal_cyclone_minus_equal_state,area75_km2,-20000.0
199,centered_equal_cyclone_minus_equal_state,area75_km2,17500.0
200,centered_equal_cyclone_minus_equal_state,area75_km2,10000.0
201,centered_equal_cyclone_minus_equal_state,area75_km2,15000.0
202,centered_equal_cyclone_minus_equal_state,area75_km2,12500.0
203,centered_equal_cyclone_minus_equal_state,area75_km2,20000.0
204,centered_equal_cyclone_minus_equal_state,area75_km2,15000.0
205,centered_equal_cyclone_minus_equal_state,area75_km2,15000.0
206,centered_equal_cyclone_minus_equal_state,area75_km2,0.0
207,centered_equal_cyclone_minus_equal_state,area75_km2,25000.0
208,centered_equal_cyclone_minus_equal_state,area75_km2,0.0
209,centered_equal_cyclone_minus_equal_state,area75_km2,0.0
210,centered_equal_cyclone_minus_equal_state,area75_km2,7500.0
211,centered_equal_cyclone_minus_equal_state,area75_km2,7500.0
212,centered_equal_cyclone_minus_equal_state,area75_km2,10000.0
213,centered_equal_cyclone_minus_equal_state,area75_km2,0.0
214,centered_equal_cyclone_minus_equal_state,area75_km2,5000.0
215,centered_equal_cyclone_minus_equal_state,area75_km2,7500.0
216,centered_equal_cyclone_minus_equal_state,area75_km2,35000.0
217,centered_equal_cyclone_minus_equal_state,area75_km2,17500.0
218,centered_equal_cyclone_minus_equal_state,area75_km2,2500.0
219,centered_equal_cyclone_minus_equal_state,area75_km2,22500.0
220,centered_equal_cyclone_minus_equal_state,area75_km2,-2500.0
221,centered_equal_cyclone_minus_equal_state,area75_km2,27500.0
222,centered_equal_cyclone_minus_equal_state,area75_km2,15000.0
223,centered_equal_cyclone_minus_equal_state,area75_km2,2500.0
224,centered_equal_cyclone_minus_equal_state,area75_km2,7500.0
225,centered_equal_cyclone_minus_equal_state,area75_km2,17500.0
226,centered_equal_cyclone_minus_equal_state,area75_km2,7500.0
227,centered_equal_cyclone_minus_equal_state,area75_km2,7500.0
228,centered_equal_cyclone_minus_equal_state,area75_km2,10000.0
229,centered_equal_cyclone_minus_equal_state,area75_km2,27500.0
230,centered_equal_cyclone_minus_equal_state,area75_km2,17500.0
231,centered_equal_cyclone_minus_equal_state,area75_km2,0.0
232,centered_equal_cyclone_minus_equal_state,area75_km2,27500.0
233,centered_equal_cyclone_minus_equal_state,area75_km2,20000.0
234,centered_equal_cyclone_minus_equal_state,area75_km2,-10000.0
235,centered_equal_cyclone_minus_equal_state,area75_km2,7500.0
236,centered_equal_cyclone_minus_equal_state,area75_km2,17500.0
237,centered_equal_cyclone_minus_equal_state,area75_km2,0.0
238,centered_equal_cyclone_minus_equal_state,area75_km2,7500.0
239,centered_equal_cyclone_minus_equal_state,area75_km2,-2500.0
240,centered_equal_cyclone_minus_equal_state,area75_km2,17500.0
241,centered_equal_cyclone_minus_equal_state,area75_km2,-15000.0
242,centered_equal_cyclone_minus_equal_state,area75_km2,22500.0
243,centered_equal_cyclone_minus_equal_state,area75_km2,10000.0
244,centered_equal_cyclone_minus_equal_state,area75_km2,20000.0
245,centered_equal_cyclone_minus_equal_state,area75_km2,22500.0
246,centered_equal_cyclone_minus_equal_state,area75_km2,7500.0
247,centered_equal_cyclone_minus_equal_state,area75_km2,17500.0
248,centered_equal_cyclone_minus_equal_state,area75_km2,10000.0
249,centered_equal_cyclone_minus_equal_state,area75_km2,20000.0
250,centered_equal_cyclone_minus_equal_state,area75_km2,7500.0
251,centered_equal_cyclone_minus_equal_state,area75_km2,10000.0
252,centered_equal_cyclone_minus_equal_state,area75_km2,15000.0
253,centered_equal_cyclone_minus_equal_state,area75_km2,0.0
254,centered_equal_cyclone_minus_equal_state,area75_km2,27500.0
255,centered_equal_cyclone_minus_equal_state,area75_km2,15000.0
256,centered_equal_cyclone_minus_equal_state,area75_km2,30000.0
257,centered_equal_cyclone_minus_equal_state,area75_km2,17500.0
258,centered_equal_cyclone_minus_equal_state,area75_km2,10000.0
259,centered_equal_cyclone_minus_equal_state,area75_km2,0.0
260,centered_equal_cyclone_minus_equal_state,area75_km2,17500.0
261,centered_equal_cyclone_minus_equal_state,area75_km2,30000.0
262,centered_equal_cyclone_minus_equal_state,area75_km2,17500.0
263,centered_equal_cyclone_minus_equal_state,area75_km2,10000.0
264,centered_equal_cyclone_minus_equal_state,area75_km2,20000.0
265,centered_equal_cyclone_minus_equal_state,area75_km2,10000.0
266,centered_equal_cyclone_minus_equal_state,area75_km2,12500.0
267,centered_equal_cyclone_minus_equal_state,area75_km2,0.0
268,centered_equal_cyclone_minus_equal_state,area75_km2,10000.0
269,centered_equal_cyclone_minus_equal_state,area75_km2,7500.0
270,centered_equal_cyclone_minus_equal_state,area75_km2,10000.0
271,centered_equal_cyclone_minus_equal_state,area75_km2,20000.0
272,centered_equal_cyclone_minus_equal_state,area75_km2,15000.0
273,centered_equal_cyclone_minus_equal_state,area75_km2,42500.0
274,centered_equal_cyclone_minus_equal_state,area75_km2,17500.0
275,centered_equal_cyclone_minus_equal_state,area75_km2,15000.0
276,centered_equal_cyclone_minus_equal_state,area75_km2,22500.0
277,centered_equal_cyclone_minus_equal_state,area75_km2,17500.0
278,centered_equal_cyclone_minus_equal_state,area75_km2,5000.0
279,centered_equal_cyclone_minus_equal_state,area75_km2,25000.0
280,centered_equal_cyclone_minus_equal_state,area75_km2,15000.0
281,centered_equal_cyclone_minus_equal_state,area75_km2,12500.0
282,centered_equal_cyclone_minus_equal_state,area75_km2,17500.0
283,centered_equal_cyclone_minus_equal_state,area75_km2,22500.0
284,centered_equal_cyclone_minus_equal_state,area75_km2,2500.0
285,centered_equal_cyclone_minus_equal_state,area75_km2,7500.0
286,centered_equal_cyclone_minus_equal_state,area75_km2,7500.0
287,centered_equal_cyclone_minus_equal_state,area75_km2,12500.0
288,centered_equal_cyclone_minus_equal_state,area75_km2,32500.0
289,centered_equal_cyclone_minus_equal_state,area75_km2,-5000.0
290,centered_equal_cyclone_minus_equal_state,area75_km2,5000.0
291,centered_equal_cyclone_minus_equal_state,area75_km2,30000.0
292,centered_equal_cyclone_minus_equal_state,area75_km2,7500.0
293,centered_equal_cyclone_minus_equal_state,area75_km2,-2500.0
294,centered_equal_cyclone_minus_equal_state,area75_km2,10000.0
295,centered_equal_cyclone_minus_equal_state,area75_km2,7500.0
296,centered_equal_cyclone_minus_equal_state,area75_km2,27500.0
297,centered_equal_cyclone_minus_equal_state,area75_km2,12500.0
298,centered_equal_cyclone_minus_equal_state,area75_km2,10000.0
299,centered_equal_cyclone_minus_equal_state,area75_km2,12500.0
300,centered_equal_cyclone_minus_equal_state,area75_km2,27500.0
301,centered_equal_cyclone_minus_equal_state,area75_km2,17500.0
302,centered_equal_cyclone_minus_equal_state,area75_km2,7500.0
303,centered_equal_cyclone_minus_equal_state,area75_km2,-7500.0
304,centered_equal_cyclone_minus_equal_state,area75_km2,-7500.0
305,centered_equal_cyclone_minus_equal_state,area75_km2,20000.0
306,centered_equal_cyclone_minus_equal_state,area75_km2,17500.0
307,centered_equal_cyclone_minus_equal_state,area75_km2,20000.0
308,centered_equal_cyclone_minus_equal_state,area75_km2,17500.0
309,centered_equal_cyclone_minus_equal_state,area75_km2,-10000.0
310,centered_equal_cyclone_minus_equal_state,area75_km2,10000.0
311,centered_equal_cyclone_minus_equal_state,area75_km2,27500.0
312,centered_equal_cyclone_minus_equal_state,area75_km2,7500.0
313,centered_equal_cyclone_minus_equal_state,area75_km2,-2500.0
314,centered_equal_cyclone_minus_equal_state,area75_km2,15000.0
315,centered_equal_cyclone_minus_equal_state,area75_km2,17500.0
316,centered_equal_cyclone_minus_equal_state,area75_km2,12500.0
317,centered_equal_cyclone_minus_equal_state,area75_km2,27500.0
318,centered_equal_cyclone_minus_equal_state,area75_km2,22500.0
319,centered_equal_cyclone_minus_equal_state,area75_km2,2500.0
320,centered_equal_cyclone_minus_equal_state,area75_km2,5000.0
321,centered_equal_cyclone_minus_equal_state,area75_km2,12500.0
322,centered_equal_cyclone_minus_equal_state,area75_km2,15000.0
323,centered_equal_cyclone_minus_equal_state,area75_km2,15000.0
324,centered_equal_cyclone_minus_equal_state,area75_km2,2500.0
325,centered_equal_cyclone_minus_equal_state,area75_km2,-7500.0
326,centered_equal_cyclone_minus_equal_state,area75_km2,17500.0
327,centered_equal_cyclone_minus_equal_state,area75_km2,10000.0
328,centered_equal_cyclone_minus_equal_state,area75_km2,5000.0
329,centered_equal_cyclone_minus_equal_state,area75_km2,-2500.0
330,centered_equal_cyclone_minus_equal_state,area75_km2,12500.0
331,centered_equal_cyclone_minus_equal_state,area75_km2,15000.0
332,centered_equal_cyclone_minus_equal_state,area75_km2,25000.0
333,centered_equal_cyclone_minus_equal_state,area75_km2,40000.0
334,centered_equal_cyclone_minus_equal_state,area75_km2,2500.0
335,centered_equal_cyclone_minus_equal_state,area75_km2,25000.0
336,centered_equal_cyclone_minus_equal_state,area75_km2,22500.0
337,centered_equal_cyclone_minus_equal_state,area75_km2,22500.0
338,centered_equal_cyclone_minus_equal_state,area75_km2,17500.0
339,centered_equal_cyclone_minus_equal_state,area75_km2,22500.0
340,centered_equal_cyclone_minus_equal_state,area75_km2,-2500.0
341,centered_equal_cyclone_minus_equal_state,area75_km2,27500.0
342,centered_equal_cyclone_minus_equal_state,area75_km2,-2500.0
343,centered_equal_cyclone_minus_equal_state,area75_km2,10000.0
344,centered_equal_cyclone_minus_equal_state,area75_km2,25000.0
345,centered_equal_cyclone_minus_equal_state,area75_km2,5000.0
346,centered_equal_cyclone_minus_equal_state,area75_km2,0.0
347,centered_equal_cyclone_minus_equal_state,area75_km2,10000.0
348,centered_equal_cyclone_minus_equal_state,area75_km2,17500.0
349,centered_equal_cyclone_minus_equal_state,area75_km2,-5000.0
350,centered_equal_cyclone_minus_equal_state,area75_km2,2500.0
351,centered_equal_cyclone_minus_equal_state,area75_km2,20000.0
352,centered_equal_cyclone_minus_equal_state,area75_km2,7500.0
353,centered_equal_cyclone_minus_equal_state,area75_km2,7500.0
354,centered_equal_cyclone_minus_equal_state,area75_km2,10000.0
355,centered_equal_cyclone_minus_equal_state,area75_km2,12500.0
356,centered_equal_cyclone_minus_equal_state,area75_km2,20000.0
357,centered_equal_cyclone_minus_equal_state,area75_km2,-5000.0
358,centered_equal_cyclone_minus_equal_state,area75_km2,7500.0
359,centered_equal_cyclone_minus_equal_state,area75_km2,7500.0
360,centered_equal_cyclone_minus_equal_state,area75_km2,22500.0
361,centered_equal_cyclone_minus_equal_state,area75_km2,5000.0
362,centered_equal_cyclone_minus_equal_state,area75_km2,12500.0
363,centered_equal_cyclone_minus_equal_state,area75_km2,-17500.0
364,centered_equal_cyclone_minus_equal_state,area75_km2,22500.0
365,centered_equal_cyclone_minus_equal_state,area75_km2,0.0
366,centered_equal_cyclone_minus_equal_state,area75_km2,20000.0
367,centered_equal_cyclone_minus_equal_state,area75_km2,20000.0
368,centered_equal_cyclone_minus_equal_state,area75_km2,12500.0
369,centered_equal_cyclone_minus_equal_state,area75_km2,17500.0
370,centered_equal_cyclone_minus_equal_state,area75_km2,15000.0
371,centered_equal_cyclone_minus_equal_state,area75_km2,-2500.0
372,centered_equal_cyclone_minus_equal_state,area75_km2,15000.0
373,centered_equal_cyclone_minus_equal_state,area75_km2,0.0
374,centered_equal_cyclone_minus_equal_state,area75_km2,20000.0
375,centered_equal_cyclone_minus_equal_state,area75_km2,7500.0
376,centered_equal_cyclone_minus_equal_state,area75_km2,20000.0
377,centered_equal_cyclone_minus_equal_state,area75_km2,17500.0
378,centered_equal_cyclone_minus_equal_state,area75_km2,25000.0
379,centered_equal_cyclone_minus_equal_state,area75_km2,20000.0
380,centered_equal_cyclone_minus_equal_state,area75_km2,15000.0
381,centered_equal_cyclone_minus_equal_state,area75_km2,27500.0
382,centered_equal_cyclone_minus_equal_state,area75_km2,15000.0
383,centered_equal_cyclone_minus_equal_state,area75_km2,15000.0
384,centered_equal_cyclone_minus_equal_state,area75_km2,5000.0
385,centered_equal_cyclone_minus_equal_state,area75_km2,-5000.0
386,centered_equal_cyclone_minus_equal_state,area75_km2,5000.0
387,centered_equal_cyclone_minus_equal_state,area75_km2,20000.0
388,centered_equal_cyclone_minus_equal_state,area75_km2,27500.0
389,centered_equal_cyclone_minus_equal_state,area75_km2,37500.0
390,centered_equal_cyclone_minus_equal_state,area75_km2,0.0
391,centered_equal_cyclone_minus_equal_state,area75_km2,15000.0
392,centered_equal_cyclone_minus_equal_state,area75_km2,7500.0
393,centered_equal_cyclone_minus_equal_state,area75_km2,17500.0
394,centered_equal_cyclone_minus_equal_state,area75_km2,17500.0
395,centered_equal_cyclone_minus_equal_state,area75_km2,17500.0
396,centered_equal_cyclone_minus_equal_state,area75_km2,10000.0
397,centered_equal_cyclone_minus_equal_state,area75_km2,-2500.0
398,centered_equal_cyclone_minus_equal_state,area75_km2,15000.0
399,centered_equal_cyclone_minus_equal_state,area75_km2,5000.0
400,centered_equal_cyclone_minus_equal_state,area75_km2,12500.0
401,centered_equal_cyclone_minus_equal_state,area75_km2,15000.0
402,centered_equal_cyclone_minus_equal_state,area75_km2,25000.0
403,centered_equal_cyclone_minus_equal_state,area75_km2,2500.0
404,centered_equal_cyclone_minus_equal_state,area75_km2,22500.0
405,centered_equal_cyclone_minus_equal_state,area75_km2,5000.0
406,centered_equal_cyclone_minus_equal_state,area75_km2,17500.0
407,centered_equal_cyclone_minus_equal_state,area75_km2,2500.0
408,centered_equal_cyclone_minus_equal_state,area75_km2,10000.0
409,centered_equal_cyclone_minus_equal_state,area75_km2,2500.0
410,centered_equal_cyclone_minus_equal_state,area75_km2,7500.0
411,centered_equal_cyclone_minus_equal_state,area75_km2,10000.0
412,centered_equal_cyclone_minus_equal_state,area75_km2,25000.0
413,centered_equal_cyclone_minus_equal_state,area75_km2,20000.0
414,centered_equal_cyclone_minus_equal_state,area75_km2,-5000.0
415,centered_equal_cyclone_minus_equal_state,area75_km2,15000.0
416,centered_equal_cyclone_minus_equal_state,area75_km2,7500.0
417,centered_equal_cyclone_minus_equal_state,area75_km2,22500.0
418,centered_equal_cyclone_minus_equal_state,area75_km2,15000.0
419,centered_equal_cyclone_minus_equal_state,area75_km2,20000.0
420,centered_equal_cyclone_minus_equal_state,area75_km2,2500.0
421,centered_equal_cyclone_minus_equal_state,area75_km2,22500.0
422,centered_equal_cyclone_minus_equal_state,area75_km2,2500.0
423,centered_equal_cyclone_minus_equal_state,area75_km2,10000.0
424,centered_equal_cyclone_minus_equal_state,area75_km2,30000.0
425,centered_equal_cyclone_minus_equal_state,area75_km2,7500.0
426,centered_equal_cyclone_minus_equal_state,area75_km2,22500.0
427,centered_equal_cyclone_minus_equal_state,area75_km2,-5000.0
428,centered_equal_cyclone_minus_equal_state,area75_km2,7500.0
429,centered_equal_cyclone_minus_equal_state,area75_km2,20000.0
430,centered_equal_cyclone_minus_equal_state,area75_km2,22500.0
431,centered_equal_cyclone_minus_equal_state,area75_km2,17500.0
432,centered_equal_cyclone_minus_equal_state,area75_km2,30000.0
433,centered_equal_cyclone_minus_equal_state,area75_km2,20000.0
434,centered_equal_cyclone_minus_equal_state,area75_km2,12500.0
435,centered_equal_cyclone_minus_equal_state,area75_km2,-2500.0
436,centered_equal_cyclone_minus_equal_state,area75_km2,30000.0
437,centered_equal_cyclone_minus_equal_state,area75_km2,-10000.0
438,centered_equal_cyclone_minus_equal_state,area75_km2,-5000.0
439,centered_equal_cyclone_minus_equal_state,area75_km2,42500.0
440,centered_equal_cyclone_minus_equal_state,area75_km2,32500.0
441,centered_equal_cyclone_minus_equal_state,area75_km2,-5000.0
442,centered_equal_cyclone_minus_equal_state,area75_km2,15000.0
443,centered_equal_cyclone_minus_equal_state,area75_km2,12500.0
444,centered_equal_cyclone_minus_equal_state,area75_km2,17500.0
445,centered_equal_cyclone_minus_equal_state,area75_km2,20000.0
446,centered_equal_cyclone_minus_equal_state,area75_km2,-12500.0
447,centered_equal_cyclone_minus_equal_state,area75_km2,2500.0
448,centered_equal_cyclone_minus_equal_state,area75_km2,-2500.0
449,centered_equal_cyclone_minus_equal_state,area75_km2,-2500.0
450,centered_equal_cyclone_minus_equal_state,area75_km2,-5000.0
451,centered_equal_cyclone_minus_equal_state,area75_km2,-2500.0
452,centered_equal_cyclone_minus_equal_state,area75_km2,32500.0
453,centered_equal_cyclone_minus_equal_state,area75_km2,0.0
454,centered_equal_cyclone_minus_equal_state,area75_km2,7500.0
455,centered_equal_cyclone_minus_equal_state,area75_km2,15000.0
456,centered_equal_cyclone_minus_equal_state,area75_km2,15000.0
457,centered_equal_cyclone_minus_equal_state,area75_km2,2500.0
458,centered_equal_cyclone_minus_equal_state,area75_km2,20000.0
459,centered_equal_cyclone_minus_equal_state,area75_km2,15000.0
460,centered_equal_cyclone_minus_equal_state,area75_km2,22500.0
461,centered_equal_cyclone_minus_equal_state,area75_km2,-15000.0
462,centered_equal_cyclone_minus_equal_state,area75_km2,12500.0
463,centered_equal_cyclone_minus_equal_state,area75_km2,20000.0
464,centered_equal_cyclone_minus_equal_state,area75_km2,7500.0
465,centered_equal_cyclone_minus_equal_state,area75_km2,25000.0
466,centered_equal_cyclone_minus_equal_state,area75_km2,15000.0
467,centered_equal_cyclone_minus_equal_state,area75_km2,2500.0
468,centered_equal_cyclone_minus_equal_state,area75_km2,17500.0
469,centered_equal_cyclone_minus_equal_state,area75_km2,10000.0
470,centered_equal_cyclone_minus_equal_state,area75_km2,2500.0
471,centered_equal_cyclone_minus_equal_state,area75_km2,5000.0
472,centered_equal_cyclone_minus_equal_state,area75_km2,5000.0
473,centered_equal_cyclone_minus_equal_state,area75_km2,17500.0
474,centered_equal_cyclone_minus_equal_state,area75_km2,5000.0
475,centered_equal_cyclone_minus_equal_state,area75_km2,25000.0
476,centered_equal_cyclone_minus_equal_state,area75_km2,12500.0
477,centered_equal_cyclone_minus_equal_state,area75_km2,17500.0
478,centered_equal_cyclone_minus_equal_state,area75_km2,10000.0
479,centered_equal_cyclone_minus_equal_state,area75_km2,10000.0
480,centered_equal_cyclone_minus_equal_state,area75_km2,7500.0
481,centered_equal_cyclone_minus_equal_state,area75_km2,25000.0
482,centered_equal_cyclone_minus_equal_state,area75_km2,22500.0
483,centered_equal_cyclone_minus_equal_state,area75_km2,10000.0
484,centered_equal_cyclone_minus_equal_state,area75_km2,5000.0
485,centered_equal_cyclone_minus_equal_state,area75_km2,-15000.0
486,centered_equal_cyclone_minus_equal_state,area75_km2,10000.0
487,centered_equal_cyclone_minus_equal_state,area75_km2,5000.0
488,centered_equal_cyclone_minus_equal_state,area75_km2,20000.0
489,centered_equal_cyclone_minus_equal_state,area75_km2,0.0
490,centered_equal_cyclone_minus_equal_state,area75_km2,5000.0
491,centered_equal_cyclone_minus_equal_state,area75_km2,27500.0
492,centered_equal_cyclone_minus_equal_state,area75_km2,12500.0
493,centered_equal_cyclone_minus_equal_state,area75_km2,30000.0
494,centered_equal_cyclone_minus_equal_state,area75_km2,12500.0
495,centered_equal_cyclone_minus_equal_state,area75_km2,20000.0
496,centered_equal_cyclone_minus_equal_state,area75_km2,17500.0
497,centered_equal_cyclone_minus_equal_state,area75_km2,-7500.0
498,centered_equal_cyclone_minus_equal_state,area75_km2,-2500.0
499,centered_equal_cyclone_minus_equal_state,area75_km2,7500.0
500,centered_equal_cyclone_minus_equal_state,area75_km2,12500.0
1,centered_equal_cyclone_minus_equal_state,area90_km2,20000.0
2,centered_equal_cyclone_minus_equal_state,area90_km2,-5000.0
3,centered_equal_cyclone_minus_equal_state,area90_km2,15000.0
4,centered_equal_cyclone_minus_equal_state,area90_km2,0.0
5,centered_equal_cyclone_minus_equal_state,area90_km2,-5000.0
6,centered_equal_cyclone_minus_equal_state,area90_km2,7500.0
7,centered_equal_cyclone_minus_equal_state,area90_km2,12500.0
8,centered_equal_cyclone_minus_equal_state,area90_km2,12500.0
9,centered_equal_cyclone_minus_equal_state,area90_km2,-25000.0
10,centered_equal_cyclone_minus_equal_state,area90_km2,2500.0
11,centered_equal_cyclone_minus_equal_state,area90_km2,5000.0
12,centered_equal_cyclone_minus_equal_state,area90_km2,17500.0
13,centered_equal_cyclone_minus_equal_state,area90_km2,-7500.0
14,centered_equal_cyclone_minus_equal_state,area90_km2,32500.0
15,centered_equal_cyclone_minus_equal_state,area90_km2,-22500.0
16,centered_equal_cyclone_minus_equal_state,area90_km2,15000.0
17,centered_equal_cyclone_minus_equal_state,area90_km2,5000.0
18,centered_equal_cyclone_minus_equal_state,area90_km2,2500.0
19,centered_equal_cyclone_minus_equal_state,area90_km2,7500.0
20,centered_equal_cyclone_minus_equal_state,area90_km2,7500.0
21,centered_equal_cyclone_minus_equal_state,area90_km2,10000.0
22,centered_equal_cyclone_minus_equal_state,area90_km2,5000.0
23,centered_equal_cyclone_minus_equal_state,area90_km2,5000.0
24,centered_equal_cyclone_minus_equal_state,area90_km2,10000.0
25,centered_equal_cyclone_minus_equal_state,area90_km2,2500.0
26,centered_equal_cyclone_minus_equal_state,area90_km2,5000.0
27,centered_equal_cyclone_minus_equal_state,area90_km2,2500.0
28,centered_equal_cyclone_minus_equal_state,area90_km2,27500.0
29,centered_equal_cyclone_minus_equal_state,area90_km2,10000.0
30,centered_equal_cyclone_minus_equal_state,area90_km2,15000.0
31,centered_equal_cyclone_minus_equal_state,area90_km2,15000.0
32,centered_equal_cyclone_minus_equal_state,area90_km2,20000.0
33,centered_equal_cyclone_minus_equal_state,area90_km2,7500.0
34,centered_equal_cyclone_minus_equal_state,area90_km2,5000.0
35,centered_equal_cyclone_minus_equal_state,area90_km2,2500.0
36,centered_equal_cyclone_minus_equal_state,area90_km2,32500.0
37,centered_equal_cyclone_minus_equal_state,area90_km2,-2500.0
38,centered_equal_cyclone_minus_equal_state,area90_km2,20000.0
39,centered_equal_cyclone_minus_equal_state,area90_km2,27500.0
40,centered_equal_cyclone_minus_equal_state,area90_km2,-5000.0
41,centered_equal_cyclone_minus_equal_state,area90_km2,17500.0
42,centered_equal_cyclone_minus_equal_state,area90_km2,10000.0
43,centered_equal_cyclone_minus_equal_state,area90_km2,2500.0
44,centered_equal_cyclone_minus_equal_state,area90_km2,25000.0
45,centered_equal_cyclone_minus_equal_state,area90_km2,22500.0
46,centered_equal_cyclone_minus_equal_state,area90_km2,12500.0
47,centered_equal_cyclone_minus_equal_state,area90_km2,10000.0
48,centered_equal_cyclone_minus_equal_state,area90_km2,7500.0
49,centered_equal_cyclone_minus_equal_state,area90_km2,15000.0
50,centered_equal_cyclone_minus_equal_state,area90_km2,-12500.0
51,centered_equal_cyclone_minus_equal_state,area90_km2,-2500.0
52,centered_equal_cyclone_minus_equal_state,area90_km2,-2500.0
53,centered_equal_cyclone_minus_equal_state,area90_km2,-5000.0
54,centered_equal_cyclone_minus_equal_state,area90_km2,-5000.0
55,centered_equal_cyclone_minus_equal_state,area90_km2,22500.0
56,centered_equal_cyclone_minus_equal_state,area90_km2,2500.0
57,centered_equal_cyclone_minus_equal_state,area90_km2,17500.0
58,centered_equal_cyclone_minus_equal_state,area90_km2,10000.0
59,centered_equal_cyclone_minus_equal_state,area90_km2,-5000.0
60,centered_equal_cyclone_minus_equal_state,area90_km2,30000.0
61,centered_equal_cyclone_minus_equal_state,area90_km2,30000.0
62,centered_equal_cyclone_minus_equal_state,area90_km2,10000.0
63,centered_equal_cyclone_minus_equal_state,area90_km2,22500.0
64,centered_equal_cyclone_minus_equal_state,area90_km2,20000.0
65,centered_equal_cyclone_minus_equal_state,area90_km2,10000.0
66,centered_equal_cyclone_minus_equal_state,area90_km2,2500.0
67,centered_equal_cyclone_minus_equal_state,area90_km2,25000.0
68,centered_equal_cyclone_minus_equal_state,area90_km2,-12500.0
69,centered_equal_cyclone_minus_equal_state,area90_km2,-7500.0
70,centered_equal_cyclone_minus_equal_state,area90_km2,7500.0
71,centered_equal_cyclone_minus_equal_state,area90_km2,17500.0
72,centered_equal_cyclone_minus_equal_state,area90_km2,40000.0
73,centered_equal_cyclone_minus_equal_state,area90_km2,32500.0
74,centered_equal_cyclone_minus_equal_state,area90_km2,10000.0
75,centered_equal_cyclone_minus_equal_state,area90_km2,2500.0
76,centered_equal_cyclone_minus_equal_state,area90_km2,10000.0
77,centered_equal_cyclone_minus_equal_state,area90_km2,7500.0
78,centered_equal_cyclone_minus_equal_state,area90_km2,-7500.0
79,centered_equal_cyclone_minus_equal_state,area90_km2,5000.0
80,centered_equal_cyclone_minus_equal_state,area90_km2,-2500.0
81,centered_equal_cyclone_minus_equal_state,area90_km2,15000.0
82,centered_equal_cyclone_minus_equal_state,area90_km2,-12500.0
83,centered_equal_cyclone_minus_equal_state,area90_km2,17500.0
84,centered_equal_cyclone_minus_equal_state,area90_km2,-17500.0
85,centered_equal_cyclone_minus_equal_state,area90_km2,7500.0
86,centered_equal_cyclone_minus_equal_state,area90_km2,2500.0
87,centered_equal_cyclone_minus_equal_state,area90_km2,15000.0
88,centered_equal_cyclone_minus_equal_state,area90_km2,7500.0
89,centered_equal_cyclone_minus_equal_state,area90_km2,7500.0
90,centered_equal_cyclone_minus_equal_state,area90_km2,0.0
91,centered_equal_cyclone_minus_equal_state,area90_km2,7500.0
92,centered_equal_cyclone_minus_equal_state,area90_km2,-10000.0
93,centered_equal_cyclone_minus_equal_state,area90_km2,0.0
94,centered_equal_cyclone_minus_equal_state,area90_km2,5000.0
95,centered_equal_cyclone_minus_equal_state,area90_km2,-17500.0
96,centered_equal_cyclone_minus_equal_state,area90_km2,10000.0
97,centered_equal_cyclone_minus_equal_state,area90_km2,25000.0
98,centered_equal_cyclone_minus_equal_state,area90_km2,-5000.0
99,centered_equal_cyclone_minus_equal_state,area90_km2,5000.0
100,centered_equal_cyclone_minus_equal_state,area90_km2,17500.0
101,centered_equal_cyclone_minus_equal_state,area90_km2,12500.0
102,centered_equal_cyclone_minus_equal_state,area90_km2,5000.0
103,centered_equal_cyclone_minus_equal_state,area90_km2,10000.0
104,centered_equal_cyclone_minus_equal_state,area90_km2,2500.0
105,centered_equal_cyclone_minus_equal_state,area90_km2,10000.0
106,centered_equal_cyclone_minus_equal_state,area90_km2,-7500.0
107,centered_equal_cyclone_minus_equal_state,area90_km2,15000.0
108,centered_equal_cyclone_minus_equal_state,area90_km2,-7500.0
109,centered_equal_cyclone_minus_equal_state,area90_km2,12500.0
110,centered_equal_cyclone_minus_equal_state,area90_km2,5000.0
111,centered_equal_cyclone_minus_equal_state,area90_km2,15000.0
112,centered_equal_cyclone_minus_equal_state,area90_km2,10000.0
113,centered_equal_cyclone_minus_equal_state,area90_km2,2500.0
114,centered_equal_cyclone_minus_equal_state,area90_km2,10000.0
115,centered_equal_cyclone_minus_equal_state,area90_km2,5000.0
116,centered_equal_cyclone_minus_equal_state,area90_km2,5000.0
117,centered_equal_cyclone_minus_equal_state,area90_km2,17500.0
118,centered_equal_cyclone_minus_equal_state,area90_km2,5000.0
119,centered_equal_cyclone_minus_equal_state,area90_km2,15000.0
120,centered_equal_cyclone_minus_equal_state,area90_km2,5000.0
121,centered_equal_cyclone_minus_equal_state,area90_km2,2500.0
122,centered_equal_cyclone_minus_equal_state,area90_km2,5000.0
123,centered_equal_cyclone_minus_equal_state,area90_km2,12500.0
124,centered_equal_cyclone_minus_equal_state,area90_km2,-5000.0
125,centered_equal_cyclone_minus_equal_state,area90_km2,25000.0
126,centered_equal_cyclone_minus_equal_state,area90_km2,17500.0
127,centered_equal_cyclone_minus_equal_state,area90_km2,5000.0
128,centered_equal_cyclone_minus_equal_state,area90_km2,7500.0
129,centered_equal_cyclone_minus_equal_state,area90_km2,15000.0
130,centered_equal_cyclone_minus_equal_state,area90_km2,15000.0
131,centered_equal_cyclone_minus_equal_state,area90_km2,-32500.0
132,centered_equal_cyclone_minus_equal_state,area90_km2,0.0
133,centered_equal_cyclone_minus_equal_state,area90_km2,12500.0
134,centered_equal_cyclone_minus_equal_state,area90_km2,20000.0
135,centered_equal_cyclone_minus_equal_state,area90_km2,30000.0
136,centered_equal_cyclone_minus_equal_state,area90_km2,20000.0
137,centered_equal_cyclone_minus_equal_state,area90_km2,-7500.0
138,centered_equal_cyclone_minus_equal_state,area90_km2,17500.0
139,centered_equal_cyclone_minus_equal_state,area90_km2,-2500.0
140,centered_equal_cyclone_minus_equal_state,area90_km2,-7500.0
141,centered_equal_cyclone_minus_equal_state,area90_km2,22500.0
142,centered_equal_cyclone_minus_equal_state,area90_km2,-2500.0
143,centered_equal_cyclone_minus_equal_state,area90_km2,-15000.0
144,centered_equal_cyclone_minus_equal_state,area90_km2,10000.0
145,centered_equal_cyclone_minus_equal_state,area90_km2,0.0
146,centered_equal_cyclone_minus_equal_state,area90_km2,20000.0
147,centered_equal_cyclone_minus_equal_state,area90_km2,5000.0
148,centered_equal_cyclone_minus_equal_state,area90_km2,15000.0
149,centered_equal_cyclone_minus_equal_state,area90_km2,-7500.0
150,centered_equal_cyclone_minus_equal_state,area90_km2,2500.0
151,centered_equal_cyclone_minus_equal_state,area90_km2,10000.0
152,centered_equal_cyclone_minus_equal_state,area90_km2,-2500.0
153,centered_equal_cyclone_minus_equal_state,area90_km2,12500.0
154,centered_equal_cyclone_minus_equal_state,area90_km2,2500.0
155,centered_equal_cyclone_minus_equal_state,area90_km2,10000.0
156,centered_equal_cyclone_minus_equal_state,area90_km2,-5000.0
157,centered_equal_cyclone_minus_equal_state,area90_km2,-30000.0
158,centered_equal_cyclone_minus_equal_state,area90_km2,10000.0
159,centered_equal_cyclone_minus_equal_state,area90_km2,7500.0
160,centered_equal_cyclone_minus_equal_state,area90_km2,15000.0
161,centered_equal_cyclone_minus_equal_state,area90_km2,12500.0
162,centered_equal_cyclone_minus_equal_state,area90_km2,5000.0
163,centered_equal_cyclone_minus_equal_state,area90_km2,-12500.0
164,centered_equal_cyclone_minus_equal_state,area90_km2,-2500.0
165,centered_equal_cyclone_minus_equal_state,area90_km2,10000.0
166,centered_equal_cyclone_minus_equal_state,area90_km2,2500.0
167,centered_equal_cyclone_minus_equal_state,area90_km2,2500.0
168,centered_equal_cyclone_minus_equal_state,area90_km2,15000.0
169,centered_equal_cyclone_minus_equal_state,area90_km2,5000.0
170,centered_equal_cyclone_minus_equal_state,area90_km2,15000.0
171,centered_equal_cyclone_minus_equal_state,area90_km2,22500.0
172,centered_equal_cyclone_minus_equal_state,area90_km2,10000.0
173,centered_equal_cyclone_minus_equal_state,area90_km2,-17500.0
174,centered_equal_cyclone_minus_equal_state,area90_km2,17500.0
175,centered_equal_cyclone_minus_equal_state,area90_km2,12500.0
176,centered_equal_cyclone_minus_equal_state,area90_km2,-7500.0
177,centered_equal_cyclone_minus_equal_state,area90_km2,17500.0
178,centered_equal_cyclone_minus_equal_state,area90_km2,20000.0
179,centered_equal_cyclone_minus_equal_state,area90_km2,-2500.0
180,centered_equal_cyclone_minus_equal_state,area90_km2,20000.0
181,centered_equal_cyclone_minus_equal_state,area90_km2,-10000.0
182,centered_equal_cyclone_minus_equal_state,area90_km2,27500.0
183,centered_equal_cyclone_minus_equal_state,area90_km2,15000.0
184,centered_equal_cyclone_minus_equal_state,area90_km2,10000.0
185,centered_equal_cyclone_minus_equal_state,area90_km2,0.0
186,centered_equal_cyclone_minus_equal_state,area90_km2,-7500.0
187,centered_equal_cyclone_minus_equal_state,area90_km2,0.0
188,centered_equal_cyclone_minus_equal_state,area90_km2,20000.0
189,centered_equal_cyclone_minus_equal_state,area90_km2,22500.0
190,centered_equal_cyclone_minus_equal_state,area90_km2,-2500.0
191,centered_equal_cyclone_minus_equal_state,area90_km2,12500.0
192,centered_equal_cyclone_minus_equal_state,area90_km2,7500.0
193,centered_equal_cyclone_minus_equal_state,area90_km2,-17500.0
194,centered_equal_cyclone_minus_equal_state,area90_km2,10000.0
195,centered_equal_cyclone_minus_equal_state,area90_km2,12500.0
196,centered_equal_cyclone_minus_equal_state,area90_km2,7500.0
197,centered_equal_cyclone_minus_equal_state,area90_km2,15000.0
198,centered_equal_cyclone_minus_equal_state,area90_km2,-10000.0
199,centered_equal_cyclone_minus_equal_state,area90_km2,5000.0
200,centered_equal_cyclone_minus_equal_state,area90_km2,10000.0
201,centered_equal_cyclone_minus_equal_state,area90_km2,22500.0
202,centered_equal_cyclone_minus_equal_state,area90_km2,10000.0
203,centered_equal_cyclone_minus_equal_state,area90_km2,12500.0
204,centered_equal_cyclone_minus_equal_state,area90_km2,7500.0
205,centered_equal_cyclone_minus_equal_state,area90_km2,15000.0
206,centered_equal_cyclone_minus_equal_state,area90_km2,5000.0
207,centered_equal_cyclone_minus_equal_state,area90_km2,2500.0
208,centered_equal_cyclone_minus_equal_state,area90_km2,0.0
209,centered_equal_cyclone_minus_equal_state,area90_km2,10000.0
210,centered_equal_cyclone_minus_equal_state,area90_km2,7500.0
211,centered_equal_cyclone_minus_equal_state,area90_km2,0.0
212,centered_equal_cyclone_minus_equal_state,area90_km2,-7500.0
213,centered_equal_cyclone_minus_equal_state,area90_km2,-15000.0
214,centered_equal_cyclone_minus_equal_state,area90_km2,2500.0
215,centered_equal_cyclone_minus_equal_state,area90_km2,5000.0
216,centered_equal_cyclone_minus_equal_state,area90_km2,20000.0
217,centered_equal_cyclone_minus_equal_state,area90_km2,12500.0
218,centered_equal_cyclone_minus_equal_state,area90_km2,5000.0
219,centered_equal_cyclone_minus_equal_state,area90_km2,22500.0
220,centered_equal_cyclone_minus_equal_state,area90_km2,0.0
221,centered_equal_cyclone_minus_equal_state,area90_km2,30000.0
222,centered_equal_cyclone_minus_equal_state,area90_km2,12500.0
223,centered_equal_cyclone_minus_equal_state,area90_km2,5000.0
224,centered_equal_cyclone_minus_equal_state,area90_km2,0.0
225,centered_equal_cyclone_minus_equal_state,area90_km2,12500.0
226,centered_equal_cyclone_minus_equal_state,area90_km2,2500.0
227,centered_equal_cyclone_minus_equal_state,area90_km2,-7500.0
228,centered_equal_cyclone_minus_equal_state,area90_km2,10000.0
229,centered_equal_cyclone_minus_equal_state,area90_km2,20000.0
230,centered_equal_cyclone_minus_equal_state,area90_km2,10000.0
231,centered_equal_cyclone_minus_equal_state,area90_km2,-2500.0
232,centered_equal_cyclone_minus_equal_state,area90_km2,27500.0
233,centered_equal_cyclone_minus_equal_state,area90_km2,15000.0
234,centered_equal_cyclone_minus_equal_state,area90_km2,-17500.0
235,centered_equal_cyclone_minus_equal_state,area90_km2,10000.0
236,centered_equal_cyclone_minus_equal_state,area90_km2,22500.0
237,centered_equal_cyclone_minus_equal_state,area90_km2,-2500.0
238,centered_equal_cyclone_minus_equal_state,area90_km2,-2500.0
239,centered_equal_cyclone_minus_equal_state,area90_km2,-12500.0
240,centered_equal_cyclone_minus_equal_state,area90_km2,15000.0
241,centered_equal_cyclone_minus_equal_state,area90_km2,-10000.0
242,centered_equal_cyclone_minus_equal_state,area90_km2,7500.0
243,centered_equal_cyclone_minus_equal_state,area90_km2,15000.0
244,centered_equal_cyclone_minus_equal_state,area90_km2,7500.0
245,centered_equal_cyclone_minus_equal_state,area90_km2,12500.0
246,centered_equal_cyclone_minus_equal_state,area90_km2,5000.0
247,centered_equal_cyclone_minus_equal_state,area90_km2,7500.0
248,centered_equal_cyclone_minus_equal_state,area90_km2,7500.0
249,centered_equal_cyclone_minus_equal_state,area90_km2,20000.0
250,centered_equal_cyclone_minus_equal_state,area90_km2,-7500.0
251,centered_equal_cyclone_minus_equal_state,area90_km2,5000.0
252,centered_equal_cyclone_minus_equal_state,area90_km2,12500.0
253,centered_equal_cyclone_minus_equal_state,area90_km2,-2500.0
254,centered_equal_cyclone_minus_equal_state,area90_km2,0.0
255,centered_equal_cyclone_minus_equal_state,area90_km2,10000.0
256,centered_equal_cyclone_minus_equal_state,area90_km2,32500.0
257,centered_equal_cyclone_minus_equal_state,area90_km2,5000.0
258,centered_equal_cyclone_minus_equal_state,area90_km2,5000.0
259,centered_equal_cyclone_minus_equal_state,area90_km2,10000.0
260,centered_equal_cyclone_minus_equal_state,area90_km2,10000.0
261,centered_equal_cyclone_minus_equal_state,area90_km2,20000.0
262,centered_equal_cyclone_minus_equal_state,area90_km2,27500.0
263,centered_equal_cyclone_minus_equal_state,area90_km2,10000.0
264,centered_equal_cyclone_minus_equal_state,area90_km2,7500.0
265,centered_equal_cyclone_minus_equal_state,area90_km2,7500.0
266,centered_equal_cyclone_minus_equal_state,area90_km2,7500.0
267,centered_equal_cyclone_minus_equal_state,area90_km2,0.0
268,centered_equal_cyclone_minus_equal_state,area90_km2,10000.0
269,centered_equal_cyclone_minus_equal_state,area90_km2,5000.0
270,centered_equal_cyclone_minus_equal_state,area90_km2,5000.0
271,centered_equal_cyclone_minus_equal_state,area90_km2,15000.0
272,centered_equal_cyclone_minus_equal_state,area90_km2,5000.0
273,centered_equal_cyclone_minus_equal_state,area90_km2,30000.0
274,centered_equal_cyclone_minus_equal_state,area90_km2,15000.0
275,centered_equal_cyclone_minus_equal_state,area90_km2,2500.0
276,centered_equal_cyclone_minus_equal_state,area90_km2,10000.0
277,centered_equal_cyclone_minus_equal_state,area90_km2,15000.0
278,centered_equal_cyclone_minus_equal_state,area90_km2,2500.0
279,centered_equal_cyclone_minus_equal_state,area90_km2,10000.0
280,centered_equal_cyclone_minus_equal_state,area90_km2,5000.0
281,centered_equal_cyclone_minus_equal_state,area90_km2,12500.0
282,centered_equal_cyclone_minus_equal_state,area90_km2,10000.0
283,centered_equal_cyclone_minus_equal_state,area90_km2,25000.0
284,centered_equal_cyclone_minus_equal_state,area90_km2,-12500.0
285,centered_equal_cyclone_minus_equal_state,area90_km2,5000.0
286,centered_equal_cyclone_minus_equal_state,area90_km2,5000.0
287,centered_equal_cyclone_minus_equal_state,area90_km2,20000.0
288,centered_equal_cyclone_minus_equal_state,area90_km2,27500.0
289,centered_equal_cyclone_minus_equal_state,area90_km2,-5000.0
290,centered_equal_cyclone_minus_equal_state,area90_km2,10000.0
291,centered_equal_cyclone_minus_equal_state,area90_km2,25000.0
292,centered_equal_cyclone_minus_equal_state,area90_km2,12500.0
293,centered_equal_cyclone_minus_equal_state,area90_km2,-27500.0
294,centered_equal_cyclone_minus_equal_state,area90_km2,5000.0
295,centered_equal_cyclone_minus_equal_state,area90_km2,-7500.0
296,centered_equal_cyclone_minus_equal_state,area90_km2,5000.0
297,centered_equal_cyclone_minus_equal_state,area90_km2,15000.0
298,centered_equal_cyclone_minus_equal_state,area90_km2,22500.0
299,centered_equal_cyclone_minus_equal_state,area90_km2,12500.0
300,centered_equal_cyclone_minus_equal_state,area90_km2,25000.0
301,centered_equal_cyclone_minus_equal_state,area90_km2,0.0
302,centered_equal_cyclone_minus_equal_state,area90_km2,12500.0
303,centered_equal_cyclone_minus_equal_state,area90_km2,-15000.0
304,centered_equal_cyclone_minus_equal_state,area90_km2,-17500.0
305,centered_equal_cyclone_minus_equal_state,area90_km2,10000.0
306,centered_equal_cyclone_minus_equal_state,area90_km2,-7500.0
307,centered_equal_cyclone_minus_equal_state,area90_km2,25000.0
308,centered_equal_cyclone_minus_equal_state,area90_km2,12500.0
309,centered_equal_cyclone_minus_equal_state,area90_km2,-12500.0
310,centered_equal_cyclone_minus_equal_state,area90_km2,-2500.0
311,centered_equal_cyclone_minus_equal_state,area90_km2,12500.0
312,centered_equal_cyclone_minus_equal_state,area90_km2,5000.0
313,centered_equal_cyclone_minus_equal_state,area90_km2,-5000.0
314,centered_equal_cyclone_minus_equal_state,area90_km2,7500.0
315,centered_equal_cyclone_minus_equal_state,area90_km2,12500.0
316,centered_equal_cyclone_minus_equal_state,area90_km2,10000.0
317,centered_equal_cyclone_minus_equal_state,area90_km2,20000.0
318,centered_equal_cyclone_minus_equal_state,area90_km2,20000.0
319,centered_equal_cyclone_minus_equal_state,area90_km2,10000.0
320,centered_equal_cyclone_minus_equal_state,area90_km2,2500.0
321,centered_equal_cyclone_minus_equal_state,area90_km2,-7500.0
322,centered_equal_cyclone_minus_equal_state,area90_km2,10000.0
323,centered_equal_cyclone_minus_equal_state,area90_km2,12500.0
324,centered_equal_cyclone_minus_equal_state,area90_km2,-2500.0
325,centered_equal_cyclone_minus_equal_state,area90_km2,-2500.0
326,centered_equal_cyclone_minus_equal_state,area90_km2,15000.0
327,centered_equal_cyclone_minus_equal_state,area90_km2,5000.0
328,centered_equal_cyclone_minus_equal_state,area90_km2,-5000.0
329,centered_equal_cyclone_minus_equal_state,area90_km2,-10000.0
330,centered_equal_cyclone_minus_equal_state,area90_km2,12500.0
331,centered_equal_cyclone_minus_equal_state,area90_km2,7500.0
332,centered_equal_cyclone_minus_equal_state,area90_km2,22500.0
333,centered_equal_cyclone_minus_equal_state,area90_km2,17500.0
334,centered_equal_cyclone_minus_equal_state,area90_km2,15000.0
335,centered_equal_cyclone_minus_equal_state,area90_km2,20000.0
336,centered_equal_cyclone_minus_equal_state,area90_km2,0.0
337,centered_equal_cyclone_minus_equal_state,area90_km2,20000.0
338,centered_equal_cyclone_minus_equal_state,area90_km2,20000.0
339,centered_equal_cyclone_minus_equal_state,area90_km2,22500.0
340,centered_equal_cyclone_minus_equal_state,area90_km2,-10000.0
341,centered_equal_cyclone_minus_equal_state,area90_km2,12500.0
342,centered_equal_cyclone_minus_equal_state,area90_km2,-12500.0
343,centered_equal_cyclone_minus_equal_state,area90_km2,7500.0
344,centered_equal_cyclone_minus_equal_state,area90_km2,15000.0
345,centered_equal_cyclone_minus_equal_state,area90_km2,-2500.0
346,centered_equal_cyclone_minus_equal_state,area90_km2,-2500.0
347,centered_equal_cyclone_minus_equal_state,area90_km2,10000.0
348,centered_equal_cyclone_minus_equal_state,area90_km2,22500.0
349,centered_equal_cyclone_minus_equal_state,area90_km2,-10000.0
350,centered_equal_cyclone_minus_equal_state,area90_km2,-2500.0
351,centered_equal_cyclone_minus_equal_state,area90_km2,20000.0
352,centered_equal_cyclone_minus_equal_state,area90_km2,5000.0
353,centered_equal_cyclone_minus_equal_state,area90_km2,0.0
354,centered_equal_cyclone_minus_equal_state,area90_km2,2500.0
355,centered_equal_cyclone_minus_equal_state,area90_km2,-2500.0
356,centered_equal_cyclone_minus_equal_state,area90_km2,12500.0
357,centered_equal_cyclone_minus_equal_state,area90_km2,0.0
358,centered_equal_cyclone_minus_equal_state,area90_km2,20000.0
359,centered_equal_cyclone_minus_equal_state,area90_km2,-2500.0
360,centered_equal_cyclone_minus_equal_state,area90_km2,10000.0
361,centered_equal_cyclone_minus_equal_state,area90_km2,0.0
362,centered_equal_cyclone_minus_equal_state,area90_km2,5000.0
363,centered_equal_cyclone_minus_equal_state,area90_km2,-22500.0
364,centered_equal_cyclone_minus_equal_state,area90_km2,0.0
365,centered_equal_cyclone_minus_equal_state,area90_km2,12500.0
366,centered_equal_cyclone_minus_equal_state,area90_km2,25000.0
367,centered_equal_cyclone_minus_equal_state,area90_km2,17500.0
368,centered_equal_cyclone_minus_equal_state,area90_km2,17500.0
369,centered_equal_cyclone_minus_equal_state,area90_km2,12500.0
370,centered_equal_cyclone_minus_equal_state,area90_km2,5000.0
371,centered_equal_cyclone_minus_equal_state,area90_km2,-2500.0
372,centered_equal_cyclone_minus_equal_state,area90_km2,12500.0
373,centered_equal_cyclone_minus_equal_state,area90_km2,-2500.0
374,centered_equal_cyclone_minus_equal_state,area90_km2,5000.0
375,centered_equal_cyclone_minus_equal_state,area90_km2,0.0
376,centered_equal_cyclone_minus_equal_state,area90_km2,7500.0
377,centered_equal_cyclone_minus_equal_state,area90_km2,5000.0
378,centered_equal_cyclone_minus_equal_state,area90_km2,15000.0
379,centered_equal_cyclone_minus_equal_state,area90_km2,15000.0
380,centered_equal_cyclone_minus_equal_state,area90_km2,12500.0
381,centered_equal_cyclone_minus_equal_state,area90_km2,20000.0
382,centered_equal_cyclone_minus_equal_state,area90_km2,12500.0
383,centered_equal_cyclone_minus_equal_state,area90_km2,7500.0
384,centered_equal_cyclone_minus_equal_state,area90_km2,0.0
385,centered_equal_cyclone_minus_equal_state,area90_km2,-2500.0
386,centered_equal_cyclone_minus_equal_state,area90_km2,2500.0
387,centered_equal_cyclone_minus_equal_state,area90_km2,10000.0
388,centered_equal_cyclone_minus_equal_state,area90_km2,20000.0
389,centered_equal_cyclone_minus_equal_state,area90_km2,20000.0
390,centered_equal_cyclone_minus_equal_state,area90_km2,10000.0
391,centered_equal_cyclone_minus_equal_state,area90_km2,7500.0
392,centered_equal_cyclone_minus_equal_state,area90_km2,5000.0
393,centered_equal_cyclone_minus_equal_state,area90_km2,10000.0
394,centered_equal_cyclone_minus_equal_state,area90_km2,5000.0
395,centered_equal_cyclone_minus_equal_state,area90_km2,-5000.0
396,centered_equal_cyclone_minus_equal_state,area90_km2,0.0
397,centered_equal_cyclone_minus_equal_state,area90_km2,-12500.0
398,centered_equal_cyclone_minus_equal_state,area90_km2,17500.0
399,centered_equal_cyclone_minus_equal_state,area90_km2,-2500.0
400,centered_equal_cyclone_minus_equal_state,area90_km2,12500.0
401,centered_equal_cyclone_minus_equal_state,area90_km2,7500.0
402,centered_equal_cyclone_minus_equal_state,area90_km2,20000.0
403,centered_equal_cyclone_minus_equal_state,area90_km2,-5000.0
404,centered_equal_cyclone_minus_equal_state,area90_km2,10000.0
405,centered_equal_cyclone_minus_equal_state,area90_km2,2500.0
406,centered_equal_cyclone_minus_equal_state,area90_km2,12500.0
407,centered_equal_cyclone_minus_equal_state,area90_km2,-15000.0
408,centered_equal_cyclone_minus_equal_state,area90_km2,15000.0
409,centered_equal_cyclone_minus_equal_state,area90_km2,5000.0
410,centered_equal_cyclone_minus_equal_state,area90_km2,-2500.0
411,centered_equal_cyclone_minus_equal_state,area90_km2,12500.0
412,centered_equal_cyclone_minus_equal_state,area90_km2,22500.0
413,centered_equal_cyclone_minus_equal_state,area90_km2,15000.0
414,centered_equal_cyclone_minus_equal_state,area90_km2,-7500.0
415,centered_equal_cyclone_minus_equal_state,area90_km2,10000.0
416,centered_equal_cyclone_minus_equal_state,area90_km2,7500.0
417,centered_equal_cyclone_minus_equal_state,area90_km2,7500.0
418,centered_equal_cyclone_minus_equal_state,area90_km2,0.0
419,centered_equal_cyclone_minus_equal_state,area90_km2,20000.0
420,centered_equal_cyclone_minus_equal_state,area90_km2,5000.0
421,centered_equal_cyclone_minus_equal_state,area90_km2,7500.0
422,centered_equal_cyclone_minus_equal_state,area90_km2,-7500.0
423,centered_equal_cyclone_minus_equal_state,area90_km2,5000.0
424,centered_equal_cyclone_minus_equal_state,area90_km2,10000.0
425,centered_equal_cyclone_minus_equal_state,area90_km2,15000.0
426,centered_equal_cyclone_minus_equal_state,area90_km2,5000.0
427,centered_equal_cyclone_minus_equal_state,area90_km2,-2500.0
428,centered_equal_cyclone_minus_equal_state,area90_km2,10000.0
429,centered_equal_cyclone_minus_equal_state,area90_km2,10000.0
430,centered_equal_cyclone_minus_equal_state,area90_km2,17500.0
431,centered_equal_cyclone_minus_equal_state,area90_km2,12500.0
432,centered_equal_cyclone_minus_equal_state,area90_km2,17500.0
433,centered_equal_cyclone_minus_equal_state,area90_km2,12500.0
434,centered_equal_cyclone_minus_equal_state,area90_km2,15000.0
435,centered_equal_cyclone_minus_equal_state,area90_km2,2500.0
436,centered_equal_cyclone_minus_equal_state,area90_km2,25000.0
437,centered_equal_cyclone_minus_equal_state,area90_km2,-7500.0
438,centered_equal_cyclone_minus_equal_state,area90_km2,-12500.0
439,centered_equal_cyclone_minus_equal_state,area90_km2,35000.0
440,centered_equal_cyclone_minus_equal_state,area90_km2,20000.0
441,centered_equal_cyclone_minus_equal_state,area90_km2,-17500.0
442,centered_equal_cyclone_minus_equal_state,area90_km2,-2500.0
443,centered_equal_cyclone_minus_equal_state,area90_km2,0.0
444,centered_equal_cyclone_minus_equal_state,area90_km2,22500.0
445,centered_equal_cyclone_minus_equal_state,area90_km2,10000.0
446,centered_equal_cyclone_minus_equal_state,area90_km2,0.0
447,centered_equal_cyclone_minus_equal_state,area90_km2,7500.0
448,centered_equal_cyclone_minus_equal_state,area90_km2,-5000.0
449,centered_equal_cyclone_minus_equal_state,area90_km2,-7500.0
450,centered_equal_cyclone_minus_equal_state,area90_km2,-2500.0
451,centered_equal_cyclone_minus_equal_state,area90_km2,5000.0
452,centered_equal_cyclone_minus_equal_state,area90_km2,27500.0
453,centered_equal_cyclone_minus_equal_state,area90_km2,2500.0
454,centered_equal_cyclone_minus_equal_state,area90_km2,7500.0
455,centered_equal_cyclone_minus_equal_state,area90_km2,10000.0
456,centered_equal_cyclone_minus_equal_state,area90_km2,15000.0
457,centered_equal_cyclone_minus_equal_state,area90_km2,12500.0
458,centered_equal_cyclone_minus_equal_state,area90_km2,12500.0
459,centered_equal_cyclone_minus_equal_state,area90_km2,12500.0
460,centered_equal_cyclone_minus_equal_state,area90_km2,32500.0
461,centered_equal_cyclone_minus_equal_state,area90_km2,-17500.0
462,centered_equal_cyclone_minus_equal_state,area90_km2,-5000.0
463,centered_equal_cyclone_minus_equal_state,area90_km2,27500.0
464,centered_equal_cyclone_minus_equal_state,area90_km2,12500.0
465,centered_equal_cyclone_minus_equal_state,area90_km2,12500.0
466,centered_equal_cyclone_minus_equal_state,area90_km2,17500.0
467,centered_equal_cyclone_minus_equal_state,area90_km2,-2500.0
468,centered_equal_cyclone_minus_equal_state,area90_km2,7500.0
469,centered_equal_cyclone_minus_equal_state,area90_km2,10000.0
470,centered_equal_cyclone_minus_equal_state,area90_km2,0.0
471,centered_equal_cyclone_minus_equal_state,area90_km2,0.0
472,centered_equal_cyclone_minus_equal_state,area90_km2,-5000.0
473,centered_equal_cyclone_minus_equal_state,area90_km2,22500.0
474,centered_equal_cyclone_minus_equal_state,area90_km2,0.0
475,centered_equal_cyclone_minus_equal_state,area90_km2,20000.0
476,centered_equal_cyclone_minus_equal_state,area90_km2,7500.0
477,centered_equal_cyclone_minus_equal_state,area90_km2,10000.0
478,centered_equal_cyclone_minus_equal_state,area90_km2,5000.0
479,centered_equal_cyclone_minus_equal_state,area90_km2,10000.0
480,centered_equal_cyclone_minus_equal_state,area90_km2,0.0
481,centered_equal_cyclone_minus_equal_state,area90_km2,12500.0
482,centered_equal_cyclone_minus_equal_state,area90_km2,10000.0
483,centered_equal_cyclone_minus_equal_state,area90_km2,10000.0
484,centered_equal_cyclone_minus_equal_state,area90_km2,0.0
485,centered_equal_cyclone_minus_equal_state,area90_km2,-10000.0
486,centered_equal_cyclone_minus_equal_state,area90_km2,17500.0
487,centered_equal_cyclone_minus_equal_state,area90_km2,-2500.0
488,centered_equal_cyclone_minus_equal_state,area90_km2,15000.0
489,centered_equal_cyclone_minus_equal_state,area90_km2,-2500.0
490,centered_equal_cyclone_minus_equal_state,area90_km2,2500.0
491,centered_equal_cyclone_minus_equal_state,area90_km2,17500.0
492,centered_equal_cyclone_minus_equal_state,area90_km2,-2500.0
493,centered_equal_cyclone_minus_equal_state,area90_km2,30000.0
494,centered_equal_cyclone_minus_equal_state,area90_km2,15000.0
495,centered_equal_cyclone_minus_equal_state,area90_km2,12500.0
496,centered_equal_cyclone_minus_equal_state,area90_km2,5000.0
497,centered_equal_cyclone_minus_equal_state,area90_km2,-15000.0
498,centered_equal_cyclone_minus_equal_state,area90_km2,-20000.0
499,centered_equal_cyclone_minus_equal_state,area90_km2,2500.0
500,centered_equal_cyclone_minus_equal_state,area90_km2,5000.0
1,centered_equal_cyclone_minus_equal_state,rms_about_centroid_km,38.71545626219074
2,centered_equal_cyclone_minus_equal_state,rms_about_centroid_km,38.90010019348642
3,centered_equal_cyclone_minus_equal_state,rms_about_centroid_km,43.51997663800728
4,centered_equal_cyclone_minus_equal_state,rms_about_centroid_km,40.96395106238617
5,centered_equal_cyclone_minus_equal_state,rms_about_centroid_km,41.56880976423531
6,centered_equal_cyclone_minus_equal_state,rms_about_centroid_km,43.70316798395902
7,centered_equal_cyclone_minus_equal_state,rms_about_centroid_km,43.3377601874123
8,centered_equal_cyclone_minus_equal_state,rms_about_centroid_km,41.54091860498511
9,centered_equal_cyclone_minus_equal_state,rms_about_centroid_km,39.68969148024735
10,centered_equal_cyclone_minus_equal_state,rms_about_centroid_km,45.34787149617716
11,centered_equal_cyclone_minus_equal_state,rms_about_centroid_km,38.84519488320154
12,centered_equal_cyclone_minus_equal_state,rms_about_centroid_km,39.884513779492636
13,centered_equal_cyclone_minus_equal_state,rms_about_centroid_km,37.88936901600539
14,centered_equal_cyclone_minus_equal_state,rms_about_centroid_km,41.67354601896295
15,centered_equal_cyclone_minus_equal_state,rms_about_centroid_km,39.547032051988026
16,centered_equal_cyclone_minus_equal_state,rms_about_centroid_km,41.52917717574337
17,centered_equal_cyclone_minus_equal_state,rms_about_centroid_km,44.53214552290399
18,centered_equal_cyclone_minus_equal_state,rms_about_centroid_km,42.02024287460665
19,centered_equal_cyclone_minus_equal_state,rms_about_centroid_km,41.90175357226133
20,centered_equal_cyclone_minus_equal_state,rms_about_centroid_km,38.462917328828894
21,centered_equal_cyclone_minus_equal_state,rms_about_centroid_km,39.95023285902505
22,centered_equal_cyclone_minus_equal_state,rms_about_centroid_km,38.71175268325578
23,centered_equal_cyclone_minus_equal_state,rms_about_centroid_km,43.00703410841072
24,centered_equal_cyclone_minus_equal_state,rms_about_centroid_km,38.95484071912233
25,centered_equal_cyclone_minus_equal_state,rms_about_centroid_km,41.412229693885706
26,centered_equal_cyclone_minus_equal_state,rms_about_centroid_km,38.19360217756798
27,centered_equal_cyclone_minus_equal_state,rms_about_centroid_km,41.185117980835116
28,centered_equal_cyclone_minus_equal_state,rms_about_centroid_km,39.92592428408352
29,centered_equal_cyclone_minus_equal_state,rms_about_centroid_km,43.77187624966598
30,centered_equal_cyclone_minus_equal_state,rms_about_centroid_km,40.27811172662655
31,centered_equal_cyclone_minus_equal_state,rms_about_centroid_km,40.043390181465725
32,centered_equal_cyclone_minus_equal_state,rms_about_centroid_km,37.506939245240005
33,centered_equal_cyclone_minus_equal_state,rms_about_centroid_km,44.744485118728335
34,centered_equal_cyclone_minus_equal_state,rms_about_centroid_km,41.34668129299132
35,centered_equal_cyclone_minus_equal_state,rms_about_centroid_km,41.7178030630115
36,centered_equal_cyclone_minus_equal_state,rms_about_centroid_km,41.75746499813272
37,centered_equal_cyclone_minus_equal_state,rms_about_centroid_km,36.914363444079754
38,centered_equal_cyclone_minus_equal_state,rms_about_centroid_km,42.94561800267729
39,centered_equal_cyclone_minus_equal_state,rms_about_centroid_km,42.05656077313529
40,centered_equal_cyclone_minus_equal_state,rms_about_centroid_km,41.032199793150426
41,centered_equal_cyclone_minus_equal_state,rms_about_centroid_km,39.744082867645716
42,centered_equal_cyclone_minus_equal_state,rms_about_centroid_km,41.192277603738034
43,centered_equal_cyclone_minus_equal_state,rms_about_centroid_km,43.94464515791162
44,centered_equal_cyclone_minus_equal_state,rms_about_centroid_km,39.45512637378545
45,centered_equal_cyclone_minus_equal_state,rms_about_centroid_km,41.49492689870635
46,centered_equal_cyclone_minus_equal_state,rms_about_centroid_km,42.593746195847075
47,centered_equal_cyclone_minus_equal_state,rms_about_centroid_km,43.169031796992044
48,centered_equal_cyclone_minus_equal_state,rms_about_centroid_km,41.34768497655614
49,centered_equal_cyclone_minus_equal_state,rms_about_centroid_km,41.48663273598663
50,centered_equal_cyclone_minus_equal_state,rms_about_centroid_km,40.45565361913623
51,centered_equal_cyclone_minus_equal_state,rms_about_centroid_km,40.703011364247004
52,centered_equal_cyclone_minus_equal_state,rms_about_centroid_km,44.71970202141688
53,centered_equal_cyclone_minus_equal_state,rms_about_centroid_km,42.38427256158809
54,centered_equal_cyclone_minus_equal_state,rms_about_centroid_km,36.29797684084042
55,centered_equal_cyclone_minus_equal_state,rms_about_centroid_km,43.00085672586499
56,centered_equal_cyclone_minus_equal_state,rms_about_centroid_km,34.12000670818463
57,centered_equal_cyclone_minus_equal_state,rms_about_centroid_km,40.284718718191016
58,centered_equal_cyclone_minus_equal_state,rms_about_centroid_km,41.83900995979889
59,centered_equal_cyclone_minus_equal_state,rms_about_centroid_km,38.07961064469214
60,centered_equal_cyclone_minus_equal_state,rms_about_centroid_km,45.43859613779318
61,centered_equal_cyclone_minus_equal_state,rms_about_centroid_km,47.16947243538425
62,centered_equal_cyclone_minus_equal_state,rms_about_centroid_km,43.505842217025815
63,centered_equal_cyclone_minus_equal_state,rms_about_centroid_km,40.79320569753361
64,centered_equal_cyclone_minus_equal_state,rms_about_centroid_km,38.89479121360284
65,centered_equal_cyclone_minus_equal_state,rms_about_centroid_km,38.663301038783175
66,centered_equal_cyclone_minus_equal_state,rms_about_centroid_km,37.318000290770215
67,centered_equal_cyclone_minus_equal_state,rms_about_centroid_km,43.62714799136597
68,centered_equal_cyclone_minus_equal_state,rms_about_centroid_km,39.568877722419074
69,centered_equal_cyclone_minus_equal_state,rms_about_centroid_km,40.531042257137415
70,centered_equal_cyclone_minus_equal_state,rms_about_centroid_km,43.50610448354075
71,centered_equal_cyclone_minus_equal_state,rms_about_centroid_km,44.825460825105324
72,centered_equal_cyclone_minus_equal_state,rms_about_centroid_km,41.111275116060256
73,centered_equal_cyclone_minus_equal_state,rms_about_centroid_km,43.83860605513655
74,centered_equal_cyclone_minus_equal_state,rms_about_centroid_km,43.26884699877928
75,centered_equal_cyclone_minus_equal_state,rms_about_centroid_km,44.191360108921344
76,centered_equal_cyclone_minus_equal_state,rms_about_centroid_km,42.95191791686682
77,centered_equal_cyclone_minus_equal_state,rms_about_centroid_km,40.40455301005511
78,centered_equal_cyclone_minus_equal_state,rms_about_centroid_km,36.371925729857935
79,centered_equal_cyclone_minus_equal_state,rms_about_centroid_km,37.977567326035796
80,centered_equal_cyclone_minus_equal_state,rms_about_centroid_km,39.78916124531452
81,centered_equal_cyclone_minus_equal_state,rms_about_centroid_km,42.2395103275677
82,centered_equal_cyclone_minus_equal_state,rms_about_centroid_km,46.08001608784912
83,centered_equal_cyclone_minus_equal_state,rms_about_centroid_km,37.77183950417668
84,centered_equal_cyclone_minus_equal_state,rms_about_centroid_km,42.456613147522944
85,centered_equal_cyclone_minus_equal_state,rms_about_centroid_km,42.54809854922621
86,centered_equal_cyclone_minus_equal_state,rms_about_centroid_km,42.26114922460329
87,centered_equal_cyclone_minus_equal_state,rms_about_centroid_km,38.68290522409677
88,centered_equal_cyclone_minus_equal_state,rms_about_centroid_km,44.015162189591365
89,centered_equal_cyclone_minus_equal_state,rms_about_centroid_km,40.052653279189144
90,centered_equal_cyclone_minus_equal_state,rms_about_centroid_km,40.1318804916516
91,centered_equal_cyclone_minus_equal_state,rms_about_centroid_km,38.3592037962286
92,centered_equal_cyclone_minus_equal_state,rms_about_centroid_km,40.222094645445054
93,centered_equal_cyclone_minus_equal_state,rms_about_centroid_km,41.882371912146255
94,centered_equal_cyclone_minus_equal_state,rms_about_centroid_km,37.42935793652839
95,centered_equal_cyclone_minus_equal_state,rms_about_centroid_km,41.15230578277658
96,centered_equal_cyclone_minus_equal_state,rms_about_centroid_km,41.63392498809685
97,centered_equal_cyclone_minus_equal_state,rms_about_centroid_km,38.82837457732717
98,centered_equal_cyclone_minus_equal_state,rms_about_centroid_km,43.19065285150157
99,centered_equal_cyclone_minus_equal_state,rms_about_centroid_km,38.301920365077876
100,centered_equal_cyclone_minus_equal_state,rms_about_centroid_km,36.44654119810377
101,centered_equal_cyclone_minus_equal_state,rms_about_centroid_km,40.663658645584064
102,centered_equal_cyclone_minus_equal_state,rms_about_centroid_km,37.783385906781064
103,centered_equal_cyclone_minus_equal_state,rms_about_centroid_km,42.95010551803853
104,centered_equal_cyclone_minus_equal_state,rms_about_centroid_km,44.387936709510086
105,centered_equal_cyclone_minus_equal_state,rms_about_centroid_km,40.980812886624335
106,centered_equal_cyclone_minus_equal_state,rms_about_centroid_km,43.02181054607365
107,centered_equal_cyclone_minus_equal_state,rms_about_centroid_km,39.265417184109765
108,centered_equal_cyclone_minus_equal_state,rms_about_centroid_km,40.43822202339345
109,centered_equal_cyclone_minus_equal_state,rms_about_centroid_km,41.42899737705375
110,centered_equal_cyclone_minus_equal_state,rms_about_centroid_km,38.00087886066933
111,centered_equal_cyclone_minus_equal_state,rms_about_centroid_km,42.07936257870983
112,centered_equal_cyclone_minus_equal_state,rms_about_centroid_km,38.28066512465978
113,centered_equal_cyclone_minus_equal_state,rms_about_centroid_km,40.47365703685034
114,centered_equal_cyclone_minus_equal_state,rms_about_centroid_km,36.94244436236443
115,centered_equal_cyclone_minus_equal_state,rms_about_centroid_km,40.814510933523934
116,centered_equal_cyclone_minus_equal_state,rms_about_centroid_km,39.721934839587675
117,centered_equal_cyclone_minus_equal_state,rms_about_centroid_km,38.57463668370872
118,centered_equal_cyclone_minus_equal_state,rms_about_centroid_km,42.14013390787977
119,centered_equal_cyclone_minus_equal_state,rms_about_centroid_km,37.071529128134216
120,centered_equal_cyclone_minus_equal_state,rms_about_centroid_km,37.88096601108634
121,centered_equal_cyclone_minus_equal_state,rms_about_centroid_km,39.675919223536425
122,centered_equal_cyclone_minus_equal_state,rms_about_centroid_km,40.75430162097314
123,centered_equal_cyclone_minus_equal_state,rms_about_centroid_km,38.76549475184618
124,centered_equal_cyclone_minus_equal_state,rms_about_centroid_km,37.21599399612319
125,centered_equal_cyclone_minus_equal_state,rms_about_centroid_km,43.665534482999874
126,centered_equal_cyclone_minus_equal_state,rms_about_centroid_km,41.748834617564626
127,centered_equal_cyclone_minus_equal_state,rms_about_centroid_km,36.31999735359602
128,centered_equal_cyclone_minus_equal_state,rms_about_centroid_km,41.96244025582473
129,centered_equal_cyclone_minus_equal_state,rms_about_centroid_km,42.207466224010204
130,centered_equal_cyclone_minus_equal_state,rms_about_centroid_km,45.09116201278539
131,centered_equal_cyclone_minus_equal_state,rms_about_centroid_km,35.22501722706386
132,centered_equal_cyclone_minus_equal_state,rms_about_centroid_km,41.29763897743953
133,centered_equal_cyclone_minus_equal_state,rms_about_centroid_km,41.81486672547396
134,centered_equal_cyclone_minus_equal_state,rms_about_centroid_km,40.29197881642904
135,centered_equal_cyclone_minus_equal_state,rms_about_centroid_km,43.675871735092414
136,centered_equal_cyclone_minus_equal_state,rms_about_centroid_km,42.13885152597766
137,centered_equal_cyclone_minus_equal_state,rms_about_centroid_km,38.27826468174919
138,centered_equal_cyclone_minus_equal_state,rms_about_centroid_km,45.25544132451523
139,centered_equal_cyclone_minus_equal_state,rms_about_centroid_km,39.90324130367685
140,centered_equal_cyclone_minus_equal_state,rms_about_centroid_km,39.59333408472787
141,centered_equal_cyclone_minus_equal_state,rms_about_centroid_km,43.821261914428305
142,centered_equal_cyclone_minus_equal_state,rms_about_centroid_km,39.85405961397214
143,centered_equal_cyclone_minus_equal_state,rms_about_centroid_km,38.80542859401453
144,centered_equal_cyclone_minus_equal_state,rms_about_centroid_km,38.03995239875178
145,centered_equal_cyclone_minus_equal_state,rms_about_centroid_km,38.41394142839226
146,centered_equal_cyclone_minus_equal_state,rms_about_centroid_km,37.29240219855626
147,centered_equal_cyclone_minus_equal_state,rms_about_centroid_km,42.09257864644974
148,centered_equal_cyclone_minus_equal_state,rms_about_centroid_km,39.78310255040924
149,centered_equal_cyclone_minus_equal_state,rms_about_centroid_km,39.79987014432038
150,centered_equal_cyclone_minus_equal_state,rms_about_centroid_km,38.40320091674175
151,centered_equal_cyclone_minus_equal_state,rms_about_centroid_km,36.571328751994656
152,centered_equal_cyclone_minus_equal_state,rms_about_centroid_km,41.563989666250336
153,centered_equal_cyclone_minus_equal_state,rms_about_centroid_km,42.151351747817216
154,centered_equal_cyclone_minus_equal_state,rms_about_centroid_km,42.905943163508255
155,centered_equal_cyclone_minus_equal_state,rms_about_centroid_km,42.85798834142133
156,centered_equal_cyclone_minus_equal_state,rms_about_centroid_km,38.745748947218885
157,centered_equal_cyclone_minus_equal_state,rms_about_centroid_km,38.12121734089419
158,centered_equal_cyclone_minus_equal_state,rms_about_centroid_km,43.39588572725381
159,centered_equal_cyclone_minus_equal_state,rms_about_centroid_km,40.68395167303083
160,centered_equal_cyclone_minus_equal_state,rms_about_centroid_km,42.9939350703977
161,centered_equal_cyclone_minus_equal_state,rms_about_centroid_km,40.123641009691596
162,centered_equal_cyclone_minus_equal_state,rms_about_centroid_km,38.082484913804706
163,centered_equal_cyclone_minus_equal_state,rms_about_centroid_km,40.196811065204315
164,centered_equal_cyclone_minus_equal_state,rms_about_centroid_km,40.894531610421154
165,centered_equal_cyclone_minus_equal_state,rms_about_centroid_km,42.13016919016445
166,centered_equal_cyclone_minus_equal_state,rms_about_centroid_km,40.60436658452011
167,centered_equal_cyclone_minus_equal_state,rms_about_centroid_km,39.880081183523885
168,centered_equal_cyclone_minus_equal_state,rms_about_centroid_km,40.05503867082632
169,centered_equal_cyclone_minus_equal_state,rms_about_centroid_km,43.441483575592315
170,centered_equal_cyclone_minus_equal_state,rms_about_centroid_km,42.79360350660693
171,centered_equal_cyclone_minus_equal_state,rms_about_centroid_km,42.59879885726491
172,centered_equal_cyclone_minus_equal_state,rms_about_centroid_km,41.5116337535851
173,centered_equal_cyclone_minus_equal_state,rms_about_centroid_km,40.027627612204014
174,centered_equal_cyclone_minus_equal_state,rms_about_centroid_km,42.231962977057265
175,centered_equal_cyclone_minus_equal_state,rms_about_centroid_km,41.79652293856782
176,centered_equal_cyclone_minus_equal_state,rms_about_centroid_km,40.25627755496225
177,centered_equal_cyclone_minus_equal_state,rms_about_centroid_km,42.73090773051865
178,centered_equal_cyclone_minus_equal_state,rms_about_centroid_km,42.53505442179198
179,centered_equal_cyclone_minus_equal_state,rms_about_centroid_km,37.45631077922542
180,centered_equal_cyclone_minus_equal_state,rms_about_centroid_km,41.86648070532215
181,centered_equal_cyclone_minus_equal_state,rms_about_centroid_km,41.82440414523694
182,centered_equal_cyclone_minus_equal_state,rms_about_centroid_km,39.65367428099637
183,centered_equal_cyclone_minus_equal_state,rms_about_centroid_km,40.74100637189156
184,centered_equal_cyclone_minus_equal_state,rms_about_centroid_km,41.786798302423335
185,centered_equal_cyclone_minus_equal_state,rms_about_centroid_km,41.032750507200376
186,centered_equal_cyclone_minus_equal_state,rms_about_centroid_km,43.52543665694611
187,centered_equal_cyclone_minus_equal_state,rms_about_centroid_km,41.90071390815967
188,centered_equal_cyclone_minus_equal_state,rms_about_centroid_km,42.409536803017545
189,centered_equal_cyclone_minus_equal_state,rms_about_centroid_km,41.15842704588454
190,centered_equal_cyclone_minus_equal_state,rms_about_centroid_km,42.89677033783107
191,centered_equal_cyclone_minus_equal_state,rms_about_centroid_km,42.545790968390975
192,centered_equal_cyclone_minus_equal_state,rms_about_centroid_km,39.23050323660891
193,centered_equal_cyclone_minus_equal_state,rms_about_centroid_km,39.63272165856756
194,centered_equal_cyclone_minus_equal_state,rms_about_centroid_km,46.0086560238251
195,centered_equal_cyclone_minus_equal_state,rms_about_centroid_km,40.65842762821342
196,centered_equal_cyclone_minus_equal_state,rms_about_centroid_km,40.84316921391542
197,centered_equal_cyclone_minus_equal_state,rms_about_centroid_km,46.54745620413178
198,centered_equal_cyclone_minus_equal_state,rms_about_centroid_km,39.305777953854204
199,centered_equal_cyclone_minus_equal_state,rms_about_centroid_km,46.67147460985848
200,centered_equal_cyclone_minus_equal_state,rms_about_centroid_km,41.57392931201457
201,centered_equal_cyclone_minus_equal_state,rms_about_centroid_km,41.21492843606677
202,centered_equal_cyclone_minus_equal_state,rms_about_centroid_km,40.12586464797778
203,centered_equal_cyclone_minus_equal_state,rms_about_centroid_km,37.67008378557364
204,centered_equal_cyclone_minus_equal_state,rms_about_centroid_km,39.014193621462596
205,centered_equal_cyclone_minus_equal_state,rms_about_centroid_km,44.381330932888204
206,centered_equal_cyclone_minus_equal_state,rms_about_centroid_km,40.44129926318908
207,centered_equal_cyclone_minus_equal_state,rms_about_centroid_km,42.45970443288252
208,centered_equal_cyclone_minus_equal_state,rms_about_centroid_km,43.85796325088438
209,centered_equal_cyclone_minus_equal_state,rms_about_centroid_km,41.18001826963916
210,centered_equal_cyclone_minus_equal_state,rms_about_centroid_km,41.70401497308285
211,centered_equal_cyclone_minus_equal_state,rms_about_centroid_km,41.34545212329283
212,centered_equal_cyclone_minus_equal_state,rms_about_centroid_km,40.39494383177316
213,centered_equal_cyclone_minus_equal_state,rms_about_centroid_km,38.90279351895617
214,centered_equal_cyclone_minus_equal_state,rms_about_centroid_km,41.57160955084737
215,centered_equal_cyclone_minus_equal_state,rms_about_centroid_km,40.57172384069008
216,centered_equal_cyclone_minus_equal_state,rms_about_centroid_km,43.73548293769829
217,centered_equal_cyclone_minus_equal_state,rms_about_centroid_km,37.90582069603431
218,centered_equal_cyclone_minus_equal_state,rms_about_centroid_km,40.71652637417333
219,centered_equal_cyclone_minus_equal_state,rms_about_centroid_km,41.73262677755406
220,centered_equal_cyclone_minus_equal_state,rms_about_centroid_km,40.66373678129878
221,centered_equal_cyclone_minus_equal_state,rms_about_centroid_km,45.27730789741486
222,centered_equal_cyclone_minus_equal_state,rms_about_centroid_km,45.625524245965266
223,centered_equal_cyclone_minus_equal_state,rms_about_centroid_km,40.84985091409203
224,centered_equal_cyclone_minus_equal_state,rms_about_centroid_km,47.13111564454414
225,centered_equal_cyclone_minus_equal_state,rms_about_centroid_km,39.18937458638186
226,centered_equal_cyclone_minus_equal_state,rms_about_centroid_km,42.98155307610534
227,centered_equal_cyclone_minus_equal_state,rms_about_centroid_km,42.74763842024231
228,centered_equal_cyclone_minus_equal_state,rms_about_centroid_km,40.931074397386396
229,centered_equal_cyclone_minus_equal_state,rms_about_centroid_km,41.594330402017476
230,centered_equal_cyclone_minus_equal_state,rms_about_centroid_km,44.18764377265484
231,centered_equal_cyclone_minus_equal_state,rms_about_centroid_km,39.635289057583236
232,centered_equal_cyclone_minus_equal_state,rms_about_centroid_km,41.230505524911564
233,centered_equal_cyclone_minus_equal_state,rms_about_centroid_km,43.764335641858224
234,centered_equal_cyclone_minus_equal_state,rms_about_centroid_km,41.84442148676055
235,centered_equal_cyclone_minus_equal_state,rms_about_centroid_km,43.10062737677447
236,centered_equal_cyclone_minus_equal_state,rms_about_centroid_km,41.8337395617707
237,centered_equal_cyclone_minus_equal_state,rms_about_centroid_km,35.75995439005203
238,centered_equal_cyclone_minus_equal_state,rms_about_centroid_km,38.897246229577604
239,centered_equal_cyclone_minus_equal_state,rms_about_centroid_km,39.48448106993658
240,centered_equal_cyclone_minus_equal_state,rms_about_centroid_km,42.03760025831161
241,centered_equal_cyclone_minus_equal_state,rms_about_centroid_km,41.98486856415377
242,centered_equal_cyclone_minus_equal_state,rms_about_centroid_km,42.802765705596926
243,centered_equal_cyclone_minus_equal_state,rms_about_centroid_km,41.53806785922052
244,centered_equal_cyclone_minus_equal_state,rms_about_centroid_km,39.38620563648885
245,centered_equal_cyclone_minus_equal_state,rms_about_centroid_km,39.8187364372269
246,centered_equal_cyclone_minus_equal_state,rms_about_centroid_km,43.31621417321719
247,centered_equal_cyclone_minus_equal_state,rms_about_centroid_km,44.612400732575566
248,centered_equal_cyclone_minus_equal_state,rms_about_centroid_km,36.50423920095409
249,centered_equal_cyclone_minus_equal_state,rms_about_centroid_km,44.30939914818009
250,centered_equal_cyclone_minus_equal_state,rms_about_centroid_km,38.97021385356254
251,centered_equal_cyclone_minus_equal_state,rms_about_centroid_km,41.46777490490831
252,centered_equal_cyclone_minus_equal_state,rms_about_centroid_km,40.81735641659611
253,centered_equal_cyclone_minus_equal_state,rms_about_centroid_km,45.58465253747795
254,centered_equal_cyclone_minus_equal_state,rms_about_centroid_km,47.48519443144153
255,centered_equal_cyclone_minus_equal_state,rms_about_centroid_km,40.714172228557004
256,centered_equal_cyclone_minus_equal_state,rms_about_centroid_km,39.7028219746544
257,centered_equal_cyclone_minus_equal_state,rms_about_centroid_km,42.38927120646497
258,centered_equal_cyclone_minus_equal_state,rms_about_centroid_km,41.54797118260876
259,centered_equal_cyclone_minus_equal_state,rms_about_centroid_km,44.28192833561934
260,centered_equal_cyclone_minus_equal_state,rms_about_centroid_km,40.57338833815993
261,centered_equal_cyclone_minus_equal_state,rms_about_centroid_km,45.707383970281285
262,centered_equal_cyclone_minus_equal_state,rms_about_centroid_km,41.16417521257665
263,centered_equal_cyclone_minus_equal_state,rms_about_centroid_km,39.57764659767122
264,centered_equal_cyclone_minus_equal_state,rms_about_centroid_km,40.60142821668319
265,centered_equal_cyclone_minus_equal_state,rms_about_centroid_km,40.4276903562469
266,centered_equal_cyclone_minus_equal_state,rms_about_centroid_km,38.68165440492851
267,centered_equal_cyclone_minus_equal_state,rms_about_centroid_km,40.68208643602475
268,centered_equal_cyclone_minus_equal_state,rms_about_centroid_km,39.25495625493386
269,centered_equal_cyclone_minus_equal_state,rms_about_centroid_km,40.80998779469985
270,centered_equal_cyclone_minus_equal_state,rms_about_centroid_km,42.731335364978804
271,centered_equal_cyclone_minus_equal_state,rms_about_centroid_km,38.08103915468712
272,centered_equal_cyclone_minus_equal_state,rms_about_centroid_km,41.04749913387445
273,centered_equal_cyclone_minus_equal_state,rms_about_centroid_km,45.69226460515222
274,centered_equal_cyclone_minus_equal_state,rms_about_centroid_km,40.968424504833706
275,centered_equal_cyclone_minus_equal_state,rms_about_centroid_km,41.92715685732867
276,centered_equal_cyclone_minus_equal_state,rms_about_centroid_km,39.98033245095803
277,centered_equal_cyclone_minus_equal_state,rms_about_centroid_km,40.845929747554806
278,centered_equal_cyclone_minus_equal_state,rms_about_centroid_km,39.965479323754835
279,centered_equal_cyclone_minus_equal_state,rms_about_centroid_km,44.58229060763858
280,centered_equal_cyclone_minus_equal_state,rms_about_centroid_km,40.20430295906385
281,centered_equal_cyclone_minus_equal_state,rms_about_centroid_km,40.595914397224874
282,centered_equal_cyclone_minus_equal_state,rms_about_centroid_km,41.5249337426435
283,centered_equal_cyclone_minus_equal_state,rms_about_centroid_km,41.68664270851548
284,centered_equal_cyclone_minus_equal_state,rms_about_centroid_km,37.98664163304625
285,centered_equal_cyclone_minus_equal_state,rms_about_centroid_km,39.43658013641027
286,centered_equal_cyclone_minus_equal_state,rms_about_centroid_km,41.51482120992421
287,centered_equal_cyclone_minus_equal_state,rms_about_centroid_km,38.56477458389395
288,centered_equal_cyclone_minus_equal_state,rms_about_centroid_km,44.86502052687672
289,centered_equal_cyclone_minus_equal_state,rms_about_centroid_km,39.82866011182534
290,centered_equal_cyclone_minus_equal_state,rms_about_centroid_km,39.015299659029665
291,centered_equal_cyclone_minus_equal_state,rms_about_centroid_km,41.2890500119363
292,centered_equal_cyclone_minus_equal_state,rms_about_centroid_km,40.66665338012615
293,centered_equal_cyclone_minus_equal_state,rms_about_centroid_km,41.15625831378679
294,centered_equal_cyclone_minus_equal_state,rms_about_centroid_km,38.215964960185374
295,centered_equal_cyclone_minus_equal_state,rms_about_centroid_km,43.160535759511276
296,centered_equal_cyclone_minus_equal_state,rms_about_centroid_km,43.60443168483221
297,centered_equal_cyclone_minus_equal_state,rms_about_centroid_km,41.831034204014145
298,centered_equal_cyclone_minus_equal_state,rms_about_centroid_km,39.25839430231474
299,centered_equal_cyclone_minus_equal_state,rms_about_centroid_km,38.102995717404156
300,centered_equal_cyclone_minus_equal_state,rms_about_centroid_km,43.25558493421431
301,centered_equal_cyclone_minus_equal_state,rms_about_centroid_km,42.942582646819574
302,centered_equal_cyclone_minus_equal_state,rms_about_centroid_km,38.36175896640566
303,centered_equal_cyclone_minus_equal_state,rms_about_centroid_km,38.60414827897887
304,centered_equal_cyclone_minus_equal_state,rms_about_centroid_km,40.261750830809774
305,centered_equal_cyclone_minus_equal_state,rms_about_centroid_km,38.175566115362926
306,centered_equal_cyclone_minus_equal_state,rms_about_centroid_km,40.82190118119627
307,centered_equal_cyclone_minus_equal_state,rms_about_centroid_km,41.862629561068275
308,centered_equal_cyclone_minus_equal_state,rms_about_centroid_km,40.66205335412826
309,centered_equal_cyclone_minus_equal_state,rms_about_centroid_km,37.38026765505026
310,centered_equal_cyclone_minus_equal_state,rms_about_centroid_km,43.22695882574669
311,centered_equal_cyclone_minus_equal_state,rms_about_centroid_km,41.7478743781171
312,centered_equal_cyclone_minus_equal_state,rms_about_centroid_km,43.96973930166928
313,centered_equal_cyclone_minus_equal_state,rms_about_centroid_km,42.466750200888896
314,centered_equal_cyclone_minus_equal_state,rms_about_centroid_km,44.37199460846682
315,centered_equal_cyclone_minus_equal_state,rms_about_centroid_km,42.04046376721362
316,centered_equal_cyclone_minus_equal_state,rms_about_centroid_km,39.39007026254956
317,centered_equal_cyclone_minus_equal_state,rms_about_centroid_km,44.207238335868055
318,centered_equal_cyclone_minus_equal_state,rms_about_centroid_km,45.02055382395383
319,centered_equal_cyclone_minus_equal_state,rms_about_centroid_km,35.740380973380525
320,centered_equal_cyclone_minus_equal_state,rms_about_centroid_km,41.28026230432283
321,centered_equal_cyclone_minus_equal_state,rms_about_centroid_km,39.79870162193947
322,centered_equal_cyclone_minus_equal_state,rms_about_centroid_km,39.263618714895756
323,centered_equal_cyclone_minus_equal_state,rms_about_centroid_km,39.308159708001654
324,centered_equal_cyclone_minus_equal_state,rms_about_centroid_km,37.052514736708076
325,centered_equal_cyclone_minus_equal_state,rms_about_centroid_km,39.86993364108366
326,centered_equal_cyclone_minus_equal_state,rms_about_centroid_km,41.50748138591962
327,centered_equal_cyclone_minus_equal_state,rms_about_centroid_km,39.636230111052896
328,centered_equal_cyclone_minus_equal_state,rms_about_centroid_km,40.25219145305732
329,centered_equal_cyclone_minus_equal_state,rms_about_centroid_km,39.716039497565134
330,centered_equal_cyclone_minus_equal_state,rms_about_centroid_km,44.48113994380117
331,centered_equal_cyclone_minus_equal_state,rms_about_centroid_km,44.19748804347489
332,centered_equal_cyclone_minus_equal_state,rms_about_centroid_km,42.03402410426088
333,centered_equal_cyclone_minus_equal_state,rms_about_centroid_km,44.89383086286068
334,centered_equal_cyclone_minus_equal_state,rms_about_centroid_km,39.97764258548443
335,centered_equal_cyclone_minus_equal_state,rms_about_centroid_km,43.840820054107894
336,centered_equal_cyclone_minus_equal_state,rms_about_centroid_km,44.0391448953452
337,centered_equal_cyclone_minus_equal_state,rms_about_centroid_km,42.53190052842399
338,centered_equal_cyclone_minus_equal_state,rms_about_centroid_km,41.77688880043161
339,centered_equal_cyclone_minus_equal_state,rms_about_centroid_km,43.40210719398897
340,centered_equal_cyclone_minus_equal_state,rms_about_centroid_km,40.056022223848686
341,centered_equal_cyclone_minus_equal_state,rms_about_centroid_km,43.317417615561226
342,centered_equal_cyclone_minus_equal_state,rms_about_centroid_km,37.02433958505276
343,centered_equal_cyclone_minus_equal_state,rms_about_centroid_km,41.26349495761144
344,centered_equal_cyclone_minus_equal_state,rms_about_centroid_km,39.56287509372942
345,centered_equal_cyclone_minus_equal_state,rms_about_centroid_km,36.94008514182235
346,centered_equal_cyclone_minus_equal_state,rms_about_centroid_km,37.23130937606675
347,centered_equal_cyclone_minus_equal_state,rms_about_centroid_km,43.26002103101189
348,centered_equal_cyclone_minus_equal_state,rms_about_centroid_km,42.350217721658055
349,centered_equal_cyclone_minus_equal_state,rms_about_centroid_km,39.370756167433115
350,centered_equal_cyclone_minus_equal_state,rms_about_centroid_km,34.70003222896537
351,centered_equal_cyclone_minus_equal_state,rms_about_centroid_km,43.33538494728077
352,centered_equal_cyclone_minus_equal_state,rms_about_centroid_km,40.32613741999296
353,centered_equal_cyclone_minus_equal_state,rms_about_centroid_km,42.664830686676964
354,centered_equal_cyclone_minus_equal_state,rms_about_centroid_km,39.83634072196662
355,centered_equal_cyclone_minus_equal_state,rms_about_centroid_km,42.78680607817921
356,centered_equal_cyclone_minus_equal_state,rms_about_centroid_km,40.86042180500715
357,centered_equal_cyclone_minus_equal_state,rms_about_centroid_km,40.449793062937374
358,centered_equal_cyclone_minus_equal_state,rms_about_centroid_km,43.51318204670099
359,centered_equal_cyclone_minus_equal_state,rms_about_centroid_km,44.920749510522114
360,centered_equal_cyclone_minus_equal_state,rms_about_centroid_km,44.051131689384306
361,centered_equal_cyclone_minus_equal_state,rms_about_centroid_km,38.279460350377576
362,centered_equal_cyclone_minus_equal_state,rms_about_centroid_km,41.62270875597551
363,centered_equal_cyclone_minus_equal_state,rms_about_centroid_km,36.34212235528037
364,centered_equal_cyclone_minus_equal_state,rms_about_centroid_km,43.02149229274892
365,centered_equal_cyclone_minus_equal_state,rms_about_centroid_km,42.71708737925405
366,centered_equal_cyclone_minus_equal_state,rms_about_centroid_km,46.8408010553552
367,centered_equal_cyclone_minus_equal_state,rms_about_centroid_km,42.37451528625786
368,centered_equal_cyclone_minus_equal_state,rms_about_centroid_km,44.49972773920365
369,centered_equal_cyclone_minus_equal_state,rms_about_centroid_km,43.4210272486697
370,centered_equal_cyclone_minus_equal_state,rms_about_centroid_km,40.01372256387515
371,centered_equal_cyclone_minus_equal_state,rms_about_centroid_km,35.304469794742204
372,centered_equal_cyclone_minus_equal_state,rms_about_centroid_km,40.71850666667558
373,centered_equal_cyclone_minus_equal_state,rms_about_centroid_km,37.79662858359984
374,centered_equal_cyclone_minus_equal_state,rms_about_centroid_km,40.91435479136476
375,centered_equal_cyclone_minus_equal_state,rms_about_centroid_km,39.41050923689647
376,centered_equal_cyclone_minus_equal_state,rms_about_centroid_km,45.69843976841173
377,centered_equal_cyclone_minus_equal_state,rms_about_centroid_km,42.75343150183858
378,centered_equal_cyclone_minus_equal_state,rms_about_centroid_km,37.04947291504686
379,centered_equal_cyclone_minus_equal_state,rms_about_centroid_km,41.227982037559514
380,centered_equal_cyclone_minus_equal_state,rms_about_centroid_km,39.73696626388028
381,centered_equal_cyclone_minus_equal_state,rms_about_centroid_km,41.00982817150248
382,centered_equal_cyclone_minus_equal_state,rms_about_centroid_km,46.62150750679416
383,centered_equal_cyclone_minus_equal_state,rms_about_centroid_km,40.66333706188084
384,centered_equal_cyclone_minus_equal_state,rms_about_centroid_km,39.36828678724771
385,centered_equal_cyclone_minus_equal_state,rms_about_centroid_km,37.04714833586445
386,centered_equal_cyclone_minus_equal_state,rms_about_centroid_km,39.283450385769584
387,centered_equal_cyclone_minus_equal_state,rms_about_centroid_km,43.052362976919994
388,centered_equal_cyclone_minus_equal_state,rms_about_centroid_km,43.188564549115426
389,centered_equal_cyclone_minus_equal_state,rms_about_centroid_km,40.083674100071676
390,centered_equal_cyclone_minus_equal_state,rms_about_centroid_km,38.999634181858596
391,centered_equal_cyclone_minus_equal_state,rms_about_centroid_km,45.42722514770162
392,centered_equal_cyclone_minus_equal_state,rms_about_centroid_km,43.635158182613736
393,centered_equal_cyclone_minus_equal_state,rms_about_centroid_km,38.94473708018893
394,centered_equal_cyclone_minus_equal_state,rms_about_centroid_km,40.626877916289345
395,centered_equal_cyclone_minus_equal_state,rms_about_centroid_km,44.1119372457033
396,centered_equal_cyclone_minus_equal_state,rms_about_centroid_km,40.52004286213412
397,centered_equal_cyclone_minus_equal_state,rms_about_centroid_km,35.56451300887488
398,centered_equal_cyclone_minus_equal_state,rms_about_centroid_km,43.90064283139907
399,centered_equal_cyclone_minus_equal_state,rms_about_centroid_km,39.52228212893522
400,centered_equal_cyclone_minus_equal_state,rms_about_centroid_km,39.557387538395915
401,centered_equal_cyclone_minus_equal_state,rms_about_centroid_km,45.88852848290628
402,centered_equal_cyclone_minus_equal_state,rms_about_centroid_km,42.3004448773504
403,centered_equal_cyclone_minus_equal_state,rms_about_centroid_km,38.239715353607835
404,centered_equal_cyclone_minus_equal_state,rms_about_centroid_km,38.29990973811607
405,centered_equal_cyclone_minus_equal_state,rms_about_centroid_km,44.169470339391864
406,centered_equal_cyclone_minus_equal_state,rms_about_centroid_km,42.56674384966607
407,centered_equal_cyclone_minus_equal_state,rms_about_centroid_km,43.741648603536305
408,centered_equal_cyclone_minus_equal_state,rms_about_centroid_km,41.99199233810111
409,centered_equal_cyclone_minus_equal_state,rms_about_centroid_km,37.17078578045732
410,centered_equal_cyclone_minus_equal_state,rms_about_centroid_km,40.81203693116379
411,centered_equal_cyclone_minus_equal_state,rms_about_centroid_km,37.77132145298765
412,centered_equal_cyclone_minus_equal_state,rms_about_centroid_km,45.35822797043534
413,centered_equal_cyclone_minus_equal_state,rms_about_centroid_km,39.504276519011114
414,centered_equal_cyclone_minus_equal_state,rms_about_centroid_km,37.355209406368886
415,centered_equal_cyclone_minus_equal_state,rms_about_centroid_km,44.1980117543186
416,centered_equal_cyclone_minus_equal_state,rms_about_centroid_km,41.97669484917992
417,centered_equal_cyclone_minus_equal_state,rms_about_centroid_km,43.60696667758168
418,centered_equal_cyclone_minus_equal_state,rms_about_centroid_km,41.61736944856318
419,centered_equal_cyclone_minus_equal_state,rms_about_centroid_km,39.606575309909886
420,centered_equal_cyclone_minus_equal_state,rms_about_centroid_km,40.440274065422386
421,centered_equal_cyclone_minus_equal_state,rms_about_centroid_km,40.285436930706624
422,centered_equal_cyclone_minus_equal_state,rms_about_centroid_km,43.71645385984186
423,centered_equal_cyclone_minus_equal_state,rms_about_centroid_km,42.81298728733702
424,centered_equal_cyclone_minus_equal_state,rms_about_centroid_km,44.23596986370262
425,centered_equal_cyclone_minus_equal_state,rms_about_centroid_km,39.16054683636355
426,centered_equal_cyclone_minus_equal_state,rms_about_centroid_km,43.4853827555753
427,centered_equal_cyclone_minus_equal_state,rms_about_centroid_km,42.31090669152843
428,centered_equal_cyclone_minus_equal_state,rms_about_centroid_km,37.26290711026559
429,centered_equal_cyclone_minus_equal_state,rms_about_centroid_km,40.67126887866493
430,centered_equal_cyclone_minus_equal_state,rms_about_centroid_km,38.07130760698419
431,centered_equal_cyclone_minus_equal_state,rms_about_centroid_km,44.1259549959542
432,centered_equal_cyclone_minus_equal_state,rms_about_centroid_km,46.03655656173453
433,centered_equal_cyclone_minus_equal_state,rms_about_centroid_km,40.03522538982497
434,centered_equal_cyclone_minus_equal_state,rms_about_centroid_km,40.07268911972392
435,centered_equal_cyclone_minus_equal_state,rms_about_centroid_km,38.227962828025284
436,centered_equal_cyclone_minus_equal_state,rms_about_centroid_km,46.44492449424331
437,centered_equal_cyclone_minus_equal_state,rms_about_centroid_km,34.84103165287286
438,centered_equal_cyclone_minus_equal_state,rms_about_centroid_km,36.18156791456147
439,centered_equal_cyclone_minus_equal_state,rms_about_centroid_km,42.65569794273608
440,centered_equal_cyclone_minus_equal_state,rms_about_centroid_km,43.71474173908018
441,centered_equal_cyclone_minus_equal_state,rms_about_centroid_km,37.28917574950947
442,centered_equal_cyclone_minus_equal_state,rms_about_centroid_km,42.986188436363705
443,centered_equal_cyclone_minus_equal_state,rms_about_centroid_km,42.174122245859735
444,centered_equal_cyclone_minus_equal_state,rms_about_centroid_km,39.656394840930375
445,centered_equal_cyclone_minus_equal_state,rms_about_centroid_km,39.84951290797562
446,centered_equal_cyclone_minus_equal_state,rms_about_centroid_km,43.398700641822415
447,centered_equal_cyclone_minus_equal_state,rms_about_centroid_km,40.93430731382398
448,centered_equal_cyclone_minus_equal_state,rms_about_centroid_km,37.507521702922986
449,centered_equal_cyclone_minus_equal_state,rms_about_centroid_km,43.67923235681167
450,centered_equal_cyclone_minus_equal_state,rms_about_centroid_km,39.701620873313345
451,centered_equal_cyclone_minus_equal_state,rms_about_centroid_km,37.63473009943061
452,centered_equal_cyclone_minus_equal_state,rms_about_centroid_km,44.94877596903507
453,centered_equal_cyclone_minus_equal_state,rms_about_centroid_km,39.76130021381982
454,centered_equal_cyclone_minus_equal_state,rms_about_centroid_km,39.0245445190011
455,centered_equal_cyclone_minus_equal_state,rms_about_centroid_km,38.634977436916415
456,centered_equal_cyclone_minus_equal_state,rms_about_centroid_km,42.94836898614892
457,centered_equal_cyclone_minus_equal_state,rms_about_centroid_km,41.697291791108455
458,centered_equal_cyclone_minus_equal_state,rms_about_centroid_km,42.242828836472654
459,centered_equal_cyclone_minus_equal_state,rms_about_centroid_km,42.1183252373321
460,centered_equal_cyclone_minus_equal_state,rms_about_centroid_km,47.40308386928177
461,centered_equal_cyclone_minus_equal_state,rms_about_centroid_km,44.39363981321833
462,centered_equal_cyclone_minus_equal_state,rms_about_centroid_km,42.51616929193199
463,centered_equal_cyclone_minus_equal_state,rms_about_centroid_km,38.6694572810444
464,centered_equal_cyclone_minus_equal_state,rms_about_centroid_km,36.17284063940917
465,centered_equal_cyclone_minus_equal_state,rms_about_centroid_km,41.7273237493539
466,centered_equal_cyclone_minus_equal_state,rms_about_centroid_km,38.151744610754236
467,centered_equal_cyclone_minus_equal_state,rms_about_centroid_km,38.48620379407305
468,centered_equal_cyclone_minus_equal_state,rms_about_centroid_km,40.13280139970459
469,centered_equal_cyclone_minus_equal_state,rms_about_centroid_km,37.98823748690984
470,centered_equal_cyclone_minus_equal_state,rms_about_centroid_km,37.32566788924942
471,centered_equal_cyclone_minus_equal_state,rms_about_centroid_km,40.69171654056697
472,centered_equal_cyclone_minus_equal_state,rms_about_centroid_km,39.841086947537406
473,centered_equal_cyclone_minus_equal_state,rms_about_centroid_km,40.16259738360702
474,centered_equal_cyclone_minus_equal_state,rms_about_centroid_km,37.29966947429489
475,centered_equal_cyclone_minus_equal_state,rms_about_centroid_km,41.59269851495469
476,centered_equal_cyclone_minus_equal_state,rms_about_centroid_km,40.53494853531993
477,centered_equal_cyclone_minus_equal_state,rms_about_centroid_km,40.90060286243329
478,centered_equal_cyclone_minus_equal_state,rms_about_centroid_km,37.6669236456803
479,centered_equal_cyclone_minus_equal_state,rms_about_centroid_km,40.74026181027136
480,centered_equal_cyclone_minus_equal_state,rms_about_centroid_km,41.959020264022115
481,centered_equal_cyclone_minus_equal_state,rms_about_centroid_km,40.20671095030457
482,centered_equal_cyclone_minus_equal_state,rms_about_centroid_km,45.391040443052816
483,centered_equal_cyclone_minus_equal_state,rms_about_centroid_km,39.94225868601211
484,centered_equal_cyclone_minus_equal_state,rms_about_centroid_km,39.92181528749563
485,centered_equal_cyclone_minus_equal_state,rms_about_centroid_km,39.56640133733981
486,centered_equal_cyclone_minus_equal_state,rms_about_centroid_km,40.3367250651653
487,centered_equal_cyclone_minus_equal_state,rms_about_centroid_km,38.77492230324606
488,centered_equal_cyclone_minus_equal_state,rms_about_centroid_km,43.81530263805291
489,centered_equal_cyclone_minus_equal_state,rms_about_centroid_km,37.72022739863485
490,centered_equal_cyclone_minus_equal_state,rms_about_centroid_km,43.0193150360077
491,centered_equal_cyclone_minus_equal_state,rms_about_centroid_km,44.53612268014513
492,centered_equal_cyclone_minus_equal_state,rms_about_centroid_km,40.35378986248338
493,centered_equal_cyclone_minus_equal_state,rms_about_centroid_km,37.81043459213538
494,centered_equal_cyclone_minus_equal_state,rms_about_centroid_km,41.33792963496012
495,centered_equal_cyclone_minus_equal_state,rms_about_centroid_km,41.622993498071764
496,centered_equal_cyclone_minus_equal_state,rms_about_centroid_km,37.24659683457037
497,centered_equal_cyclone_minus_equal_state,rms_about_centroid_km,40.418916026742636
498,centered_equal_cyclone_minus_equal_state,rms_about_centroid_km,37.261471282098796
499,centered_equal_cyclone_minus_equal_state,rms_about_centroid_km,39.58583066101278
500,centered_equal_cyclone_minus_equal_state,rms_about_centroid_km,41.95835424316158
1,motion_equal_cyclone_minus_equal_state,entropy_nats,0.0025224685668945312
2,motion_equal_cyclone_minus_equal_state,entropy_nats,0.0011730194091796875
3,motion_equal_cyclone_minus_equal_state,entropy_nats,0.010639190673828125
4,motion_equal_cyclone_minus_equal_state,entropy_nats,0.004088401794433594
5,motion_equal_cyclone_minus_equal_state,entropy_nats,0.00067901611328125
6,motion_equal_cyclone_minus_equal_state,entropy_nats,0.01030874252319336
7,motion_equal_cyclone_minus_equal_state,entropy_nats,0.00942850112915039
8,motion_equal_cyclone_minus_equal_state,entropy_nats,0.010219573974609375
9,motion_equal_cyclone_minus_equal_state,entropy_nats,0.0030994415283203125
10,motion_equal_cyclone_minus_equal_state,entropy_nats,-0.0013942718505859375
11,motion_equal_cyclone_minus_equal_state,entropy_nats,0.004717350006103516
12,motion_equal_cyclone_minus_equal_state,entropy_nats,0.0062618255615234375
13,motion_equal_cyclone_minus_equal_state,entropy_nats,0.00653076171875
14,motion_equal_cyclone_minus_equal_state,entropy_nats,0.01384735107421875
15,motion_equal_cyclone_minus_equal_state,entropy_nats,-0.0018873214721679688
16,motion_equal_cyclone_minus_equal_state,entropy_nats,0.004726886749267578
17,motion_equal_cyclone_minus_equal_state,entropy_nats,0.006842613220214844
18,motion_equal_cyclone_minus_equal_state,entropy_nats,0.005062103271484375
19,motion_equal_cyclone_minus_equal_state,entropy_nats,0.004946231842041016
20,motion_equal_cyclone_minus_equal_state,entropy_nats,0.002689361572265625
21,motion_equal_cyclone_minus_equal_state,entropy_nats,0.006918907165527344
22,motion_equal_cyclone_minus_equal_state,entropy_nats,0.00556182861328125
23,motion_equal_cyclone_minus_equal_state,entropy_nats,0.006396770477294922
24,motion_equal_cyclone_minus_equal_state,entropy_nats,0.010465145111083984
25,motion_equal_cyclone_minus_equal_state,entropy_nats,-6.532669067382812e-05
26,motion_equal_cyclone_minus_equal_state,entropy_nats,0.006344795227050781
27,motion_equal_cyclone_minus_equal_state,entropy_nats,0.004575252532958984
28,motion_equal_cyclone_minus_equal_state,entropy_nats,0.008753299713134766
29,motion_equal_cyclone_minus_equal_state,entropy_nats,0.0007114410400390625
30,motion_equal_cyclone_minus_equal_state,entropy_nats,0.00888967514038086
31,motion_equal_cyclone_minus_equal_state,entropy_nats,0.004666805267333984
32,motion_equal_cyclone_minus_equal_state,entropy_nats,0.009080886840820312
33,motion_equal_cyclone_minus_equal_state,entropy_nats,0.006303310394287109
34,motion_equal_cyclone_minus_equal_state,entropy_nats,0.0008759498596191406
35,motion_equal_cyclone_minus_equal_state,entropy_nats,0.005431652069091797
36,motion_equal_cyclone_minus_equal_state,entropy_nats,0.011889457702636719
37,motion_equal_cyclone_minus_equal_state,entropy_nats,0.006255626678466797
38,motion_equal_cyclone_minus_equal_state,entropy_nats,0.0068759918212890625
39,motion_equal_cyclone_minus_equal_state,entropy_nats,0.009229660034179688
40,motion_equal_cyclone_minus_equal_state,entropy_nats,-0.0012211799621582031
41,motion_equal_cyclone_minus_equal_state,entropy_nats,0.011161327362060547
42,motion_equal_cyclone_minus_equal_state,entropy_nats,0.004638671875
43,motion_equal_cyclone_minus_equal_state,entropy_nats,0.0029845237731933594
44,motion_equal_cyclone_minus_equal_state,entropy_nats,0.011048316955566406
45,motion_equal_cyclone_minus_equal_state,entropy_nats,0.010372161865234375
46,motion_equal_cyclone_minus_equal_state,entropy_nats,0.005679130554199219
47,motion_equal_cyclone_minus_equal_state,entropy_nats,0.0030045509338378906
48,motion_equal_cyclone_minus_equal_state,entropy_nats,0.0031342506408691406
49,motion_equal_cyclone_minus_equal_state,entropy_nats,0.0069713592529296875
50,motion_equal_cyclone_minus_equal_state,entropy_nats,0.0050067901611328125
51,motion_equal_cyclone_minus_equal_state,entropy_nats,0.004433155059814453
52,motion_equal_cyclone_minus_equal_state,entropy_nats,0.0019145011901855469
53,motion_equal_cyclone_minus_equal_state,entropy_nats,0.010406970977783203
54,motion_equal_cyclone_minus_equal_state,entropy_nats,0.006059169769287109
55,motion_equal_cyclone_minus_equal_state,entropy_nats,0.004312038421630859
56,motion_equal_cyclone_minus_equal_state,entropy_nats,-0.0014085769653320312
57,motion_equal_cyclone_minus_equal_state,entropy_nats,0.007984638214111328
58,motion_equal_cyclone_minus_equal_state,entropy_nats,0.0034394264221191406
59,motion_equal_cyclone_minus_equal_state,entropy_nats,0.009999275207519531
60,motion_equal_cyclone_minus_equal_state,entropy_nats,0.008805274963378906
61,motion_equal_cyclone_minus_equal_state,entropy_nats,0.008222579956054688
62,motion_equal_cyclone_minus_equal_state,entropy_nats,0.009121417999267578
63,motion_equal_cyclone_minus_equal_state,entropy_nats,0.013234138488769531
64,motion_equal_cyclone_minus_equal_state,entropy_nats,0.0037059783935546875
65,motion_equal_cyclone_minus_equal_state,entropy_nats,0.007048606872558594
66,motion_equal_cyclone_minus_equal_state,entropy_nats,0.005093574523925781
67,motion_equal_cyclone_minus_equal_state,entropy_nats,0.004567623138427734
68,motion_equal_cyclone_minus_equal_state,entropy_nats,-0.0002803802490234375
69,motion_equal_cyclone_minus_equal_state,entropy_nats,0.0026197433471679688
70,motion_equal_cyclone_minus_equal_state,entropy_nats,0.005717277526855469
71,motion_equal_cyclone_minus_equal_state,entropy_nats,0.009005546569824219
72,motion_equal_cyclone_minus_equal_state,entropy_nats,0.014333724975585938
73,motion_equal_cyclone_minus_equal_state,entropy_nats,0.010732650756835938
74,motion_equal_cyclone_minus_equal_state,entropy_nats,0.004189968109130859
75,motion_equal_cyclone_minus_equal_state,entropy_nats,0.007852554321289062
76,motion_equal_cyclone_minus_equal_state,entropy_nats,0.006873607635498047
77,motion_equal_cyclone_minus_equal_state,entropy_nats,0.013988971710205078
78,motion_equal_cyclone_minus_equal_state,entropy_nats,-0.0017614364624023438
79,motion_equal_cyclone_minus_equal_state,entropy_nats,0.0032567977905273438
80,motion_equal_cyclone_minus_equal_state,entropy_nats,0.0038242340087890625
81,motion_equal_cyclone_minus_equal_state,entropy_nats,0.006579399108886719
82,motion_equal_cyclone_minus_equal_state,entropy_nats,-0.0016689300537109375
83,motion_equal_cyclone_minus_equal_state,entropy_nats,-0.0019221305847167969
84,motion_equal_cyclone_minus_equal_state,entropy_nats,0.002994060516357422
85,motion_equal_cyclone_minus_equal_state,entropy_nats,0.010831356048583984
86,motion_equal_cyclone_minus_equal_state,entropy_nats,0.0041522979736328125
87,motion_equal_cyclone_minus_equal_state,entropy_nats,0.0072002410888671875
88,motion_equal_cyclone_minus_equal_state,entropy_nats,-0.0037689208984375
89,motion_equal_cyclone_minus_equal_state,entropy_nats,0.008330821990966797
90,motion_equal_cyclone_minus_equal_state,entropy_nats,0.00017309188842773438
91,motion_equal_cyclone_minus_equal_state,entropy_nats,0.00335693359375
92,motion_equal_cyclone_minus_equal_state,entropy_nats,0.005237579345703125
93,motion_equal_cyclone_minus_equal_state,entropy_nats,0.010150909423828125
94,motion_equal_cyclone_minus_equal_state,entropy_nats,0.010994911193847656
95,motion_equal_cyclone_minus_equal_state,entropy_nats,0.000965118408203125
96,motion_equal_cyclone_minus_equal_state,entropy_nats,0.0009784698486328125
97,motion_equal_cyclone_minus_equal_state,entropy_nats,0.009412765502929688
98,motion_equal_cyclone_minus_equal_state,entropy_nats,0.0012478828430175781
99,motion_equal_cyclone_minus_equal_state,entropy_nats,0.0021200180053710938
100,motion_equal_cyclone_minus_equal_state,entropy_nats,0.006398200988769531
101,motion_equal_cyclone_minus_equal_state,entropy_nats,0.012520790100097656
102,motion_equal_cyclone_minus_equal_state,entropy_nats,0.0046138763427734375
103,motion_equal_cyclone_minus_equal_state,entropy_nats,0.0030603408813476562
104,motion_equal_cyclone_minus_equal_state,entropy_nats,-0.006078243255615234
105,motion_equal_cyclone_minus_equal_state,entropy_nats,0.0014867782592773438
106,motion_equal_cyclone_minus_equal_state,entropy_nats,0.008015155792236328
107,motion_equal_cyclone_minus_equal_state,entropy_nats,0.013152599334716797
108,motion_equal_cyclone_minus_equal_state,entropy_nats,0.0024399757385253906
109,motion_equal_cyclone_minus_equal_state,entropy_nats,0.007908821105957031
110,motion_equal_cyclone_minus_equal_state,entropy_nats,0.006127357482910156
111,motion_equal_cyclone_minus_equal_state,entropy_nats,0.007423877716064453
112,motion_equal_cyclone_minus_equal_state,entropy_nats,0.005673408508300781
113,motion_equal_cyclone_minus_equal_state,entropy_nats,0.004464149475097656
114,motion_equal_cyclone_minus_equal_state,entropy_nats,0.009705066680908203
115,motion_equal_cyclone_minus_equal_state,entropy_nats,0.005997180938720703
116,motion_equal_cyclone_minus_equal_state,entropy_nats,0.00152587890625
117,motion_equal_cyclone_minus_equal_state,entropy_nats,0.005301475524902344
118,motion_equal_cyclone_minus_equal_state,entropy_nats,0.0011954307556152344
119,motion_equal_cyclone_minus_equal_state,entropy_nats,0.0021300315856933594
120,motion_equal_cyclone_minus_equal_state,entropy_nats,0.0024461746215820312
121,motion_equal_cyclone_minus_equal_state,entropy_nats,0.00035953521728515625
122,motion_equal_cyclone_minus_equal_state,entropy_nats,0.002376556396484375
123,motion_equal_cyclone_minus_equal_state,entropy_nats,0.01609516143798828
124,motion_equal_cyclone_minus_equal_state,entropy_nats,0.0022401809692382812
125,motion_equal_cyclone_minus_equal_state,entropy_nats,0.011773109436035156
126,motion_equal_cyclone_minus_equal_state,entropy_nats,0.003177642822265625
127,motion_equal_cyclone_minus_equal_state,entropy_nats,0.006290912628173828
128,motion_equal_cyclone_minus_equal_state,entropy_nats,0.008511543273925781
129,motion_equal_cyclone_minus_equal_state,entropy_nats,0.012288093566894531
130,motion_equal_cyclone_minus_equal_state,entropy_nats,0.0009226799011230469
131,motion_equal_cyclone_minus_equal_state,entropy_nats,-0.002002716064453125
132,motion_equal_cyclone_minus_equal_state,entropy_nats,0.006541252136230469
133,motion_equal_cyclone_minus_equal_state,entropy_nats,0.0017256736755371094
134,motion_equal_cyclone_minus_equal_state,entropy_nats,0.01126861572265625
135,motion_equal_cyclone_minus_equal_state,entropy_nats,0.011761665344238281
136,motion_equal_cyclone_minus_equal_state,entropy_nats,0.010463714599609375
137,motion_equal_cyclone_minus_equal_state,entropy_nats,0.0056552886962890625
138,motion_equal_cyclone_minus_equal_state,entropy_nats,0.0017695426940917969
139,motion_equal_cyclone_minus_equal_state,entropy_nats,0.002372264862060547
140,motion_equal_cyclone_minus_equal_state,entropy_nats,0.0019207000732421875
141,motion_equal_cyclone_minus_equal_state,entropy_nats,0.0012440681457519531
142,motion_equal_cyclone_minus_equal_state,entropy_nats,0.0009455680847167969
143,motion_equal_cyclone_minus_equal_state,entropy_nats,0.002674102783203125
144,motion_equal_cyclone_minus_equal_state,entropy_nats,0.0034394264221191406
145,motion_equal_cyclone_minus_equal_state,entropy_nats,0.004022121429443359
146,motion_equal_cyclone_minus_equal_state,entropy_nats,0.006295204162597656
147,motion_equal_cyclone_minus_equal_state,entropy_nats,0.005612850189208984
148,motion_equal_cyclone_minus_equal_state,entropy_nats,0.011116504669189453
149,motion_equal_cyclone_minus_equal_state,entropy_nats,0.004240989685058594
150,motion_equal_cyclone_minus_equal_state,entropy_nats,0.00649261474609375
151,motion_equal_cyclone_minus_equal_state,entropy_nats,0.002201080322265625
152,motion_equal_cyclone_minus_equal_state,entropy_nats,0.0031824111938476562
153,motion_equal_cyclone_minus_equal_state,entropy_nats,0.003471851348876953
154,motion_equal_cyclone_minus_equal_state,entropy_nats,0.0011382102966308594
155,motion_equal_cyclone_minus_equal_state,entropy_nats,0.013127803802490234
156,motion_equal_cyclone_minus_equal_state,entropy_nats,0.0041713714599609375
157,motion_equal_cyclone_minus_equal_state,entropy_nats,-0.004742622375488281
158,motion_equal_cyclone_minus_equal_state,entropy_nats,0.01167917251586914
159,motion_equal_cyclone_minus_equal_state,entropy_nats,0.010562419891357422
160,motion_equal_cyclone_minus_equal_state,entropy_nats,0.011858940124511719
161,motion_equal_cyclone_minus_equal_state,entropy_nats,0.010410785675048828
162,motion_equal_cyclone_minus_equal_state,entropy_nats,0.00955343246459961
163,motion_equal_cyclone_minus_equal_state,entropy_nats,0.005081653594970703
164,motion_equal_cyclone_minus_equal_state,entropy_nats,0.0026702880859375
165,motion_equal_cyclone_minus_equal_state,entropy_nats,0.009646415710449219
166,motion_equal_cyclone_minus_equal_state,entropy_nats,0.0046062469482421875
167,motion_equal_cyclone_minus_equal_state,entropy_nats,-0.0006651878356933594
168,motion_equal_cyclone_minus_equal_state,entropy_nats,0.0028471946716308594
169,motion_equal_cyclone_minus_equal_state,entropy_nats,0.0061206817626953125
170,motion_equal_cyclone_minus_equal_state,entropy_nats,0.009317874908447266
171,motion_equal_cyclone_minus_equal_state,entropy_nats,0.015351295471191406
172,motion_equal_cyclone_minus_equal_state,entropy_nats,0.0054340362548828125
173,motion_equal_cyclone_minus_equal_state,entropy_nats,-0.0076446533203125
174,motion_equal_cyclone_minus_equal_state,entropy_nats,0.010042667388916016
175,motion_equal_cyclone_minus_equal_state,entropy_nats,0.010508537292480469
176,motion_equal_cyclone_minus_equal_state,entropy_nats,0.0006914138793945312
177,motion_equal_cyclone_minus_equal_state,entropy_nats,0.0088348388671875
178,motion_equal_cyclone_minus_equal_state,entropy_nats,0.005742549896240234
179,motion_equal_cyclone_minus_equal_state,entropy_nats,0.0003447532653808594
180,motion_equal_cyclone_minus_equal_state,entropy_nats,0.009852886199951172
181,motion_equal_cyclone_minus_equal_state,entropy_nats,0.006558418273925781
182,motion_equal_cyclone_minus_equal_state,entropy_nats,0.0034494400024414062
183,motion_equal_cyclone_minus_equal_state,entropy_nats,0.008124828338623047
184,motion_equal_cyclone_minus_equal_state,entropy_nats,0.004885196685791016
185,motion_equal_cyclone_minus_equal_state,entropy_nats,0.007380485534667969
186,motion_equal_cyclone_minus_equal_state,entropy_nats,0.00043392181396484375
187,motion_equal_cyclone_minus_equal_state,entropy_nats,2.9087066650390625e-05
188,motion_equal_cyclone_minus_equal_state,entropy_nats,0.004474639892578125
189,motion_equal_cyclone_minus_equal_state,entropy_nats,0.005549430847167969
190,motion_equal_cyclone_minus_equal_state,entropy_nats,-0.0023603439331054688
191,motion_equal_cyclone_minus_equal_state,entropy_nats,0.009455204010009766
192,motion_equal_cyclone_minus_equal_state,entropy_nats,0.007651805877685547
193,motion_equal_cyclone_minus_equal_state,entropy_nats,0.0055179595947265625
194,motion_equal_cyclone_minus_equal_state,entropy_nats,0.005300045013427734
195,motion_equal_cyclone_minus_equal_state,entropy_nats,0.003994941711425781
196,motion_equal_cyclone_minus_equal_state,entropy_nats,0.0038900375366210938
197,motion_equal_cyclone_minus_equal_state,entropy_nats,0.008580684661865234
198,motion_equal_cyclone_minus_equal_state,entropy_nats,-0.00601959228515625
199,motion_equal_cyclone_minus_equal_state,entropy_nats,0.0032868385314941406
200,motion_equal_cyclone_minus_equal_state,entropy_nats,0.0034079551696777344
201,motion_equal_cyclone_minus_equal_state,entropy_nats,0.003891468048095703
202,motion_equal_cyclone_minus_equal_state,entropy_nats,0.01159524917602539
203,motion_equal_cyclone_minus_equal_state,entropy_nats,0.0076389312744140625
204,motion_equal_cyclone_minus_equal_state,entropy_nats,0.007523536682128906
205,motion_equal_cyclone_minus_equal_state,entropy_nats,0.0012655258178710938
206,motion_equal_cyclone_minus_equal_state,entropy_nats,0.005534172058105469
207,motion_equal_cyclone_minus_equal_state,entropy_nats,0.010973453521728516
208,motion_equal_cyclone_minus_equal_state,entropy_nats,-0.0022711753845214844
209,motion_equal_cyclone_minus_equal_state,entropy_nats,-0.0021452903747558594
210,motion_equal_cyclone_minus_equal_state,entropy_nats,0.006881237030029297
211,motion_equal_cyclone_minus_equal_state,entropy_nats,0.007043361663818359
212,motion_equal_cyclone_minus_equal_state,entropy_nats,0.005950927734375
213,motion_equal_cyclone_minus_equal_state,entropy_nats,0.006170749664306641
214,motion_equal_cyclone_minus_equal_state,entropy_nats,0.001827239990234375
215,motion_equal_cyclone_minus_equal_state,entropy_nats,0.008504390716552734
216,motion_equal_cyclone_minus_equal_state,entropy_nats,0.0071315765380859375
217,motion_equal_cyclone_minus_equal_state,entropy_nats,0.008584976196289062
218,motion_equal_cyclone_minus_equal_state,entropy_nats,0.005761623382568359
219,motion_equal_cyclone_minus_equal_state,entropy_nats,0.011142253875732422
220,motion_equal_cyclone_minus_equal_state,entropy_nats,-0.0001659393310546875
221,motion_equal_cyclone_minus_equal_state,entropy_nats,0.010499954223632812
222,motion_equal_cyclone_minus_equal_state,entropy_nats,0.010569095611572266
223,motion_equal_cyclone_minus_equal_state,entropy_nats,0.0021457672119140625
224,motion_equal_cyclone_minus_equal_state,entropy_nats,0.005004405975341797
225,motion_equal_cyclone_minus_equal_state,entropy_nats,0.007691383361816406
226,motion_equal_cyclone_minus_equal_state,entropy_nats,0.004586696624755859
227,motion_equal_cyclone_minus_equal_state,entropy_nats,-0.0003638267517089844
228,motion_equal_cyclone_minus_equal_state,entropy_nats,0.004546165466308594
229,motion_equal_cyclone_minus_equal_state,entropy_nats,0.007645130157470703
230,motion_equal_cyclone_minus_equal_state,entropy_nats,0.006091594696044922
231,motion_equal_cyclone_minus_equal_state,entropy_nats,-9.202957153320312e-05
232,motion_equal_cyclone_minus_equal_state,entropy_nats,0.009470462799072266
233,motion_equal_cyclone_minus_equal_state,entropy_nats,0.004036426544189453
234,motion_equal_cyclone_minus_equal_state,entropy_nats,0.002337932586669922
235,motion_equal_cyclone_minus_equal_state,entropy_nats,-0.005581855773925781
236,motion_equal_cyclone_minus_equal_state,entropy_nats,0.007876873016357422
237,motion_equal_cyclone_minus_equal_state,entropy_nats,0.0013136863708496094
238,motion_equal_cyclone_minus_equal_state,entropy_nats,0.005999088287353516
239,motion_equal_cyclone_minus_equal_state,entropy_nats,0.004642963409423828
240,motion_equal_cyclone_minus_equal_state,entropy_nats,0.007454872131347656
241,motion_equal_cyclone_minus_equal_state,entropy_nats,-0.0020461082458496094
242,motion_equal_cyclone_minus_equal_state,entropy_nats,0.012582778930664062
243,motion_equal_cyclone_minus_equal_state,entropy_nats,0.006240367889404297
244,motion_equal_cyclone_minus_equal_state,entropy_nats,0.007733345031738281
245,motion_equal_cyclone_minus_equal_state,entropy_nats,0.004799365997314453
246,motion_equal_cyclone_minus_equal_state,entropy_nats,0.0034112930297851562
247,motion_equal_cyclone_minus_equal_state,entropy_nats,0.00782632827758789
248,motion_equal_cyclone_minus_equal_state,entropy_nats,-0.00061798095703125
249,motion_equal_cyclone_minus_equal_state,entropy_nats,0.008861064910888672
250,motion_equal_cyclone_minus_equal_state,entropy_nats,0.010814666748046875
251,motion_equal_cyclone_minus_equal_state,entropy_nats,0.0074253082275390625
252,motion_equal_cyclone_minus_equal_state,entropy_nats,0.008308887481689453
253,motion_equal_cyclone_minus_equal_state,entropy_nats,-2.956390380859375e-05
254,motion_equal_cyclone_minus_equal_state,entropy_nats,0.009007930755615234
255,motion_equal_cyclone_minus_equal_state,entropy_nats,0.003972530364990234
256,motion_equal_cyclone_minus_equal_state,entropy_nats,0.007097721099853516
257,motion_equal_cyclone_minus_equal_state,entropy_nats,-0.00020837783813476562
258,motion_equal_cyclone_minus_equal_state,entropy_nats,0.006382465362548828
259,motion_equal_cyclone_minus_equal_state,entropy_nats,0.0032286643981933594
260,motion_equal_cyclone_minus_equal_state,entropy_nats,0.006258487701416016
261,motion_equal_cyclone_minus_equal_state,entropy_nats,0.0071563720703125
262,motion_equal_cyclone_minus_equal_state,entropy_nats,0.006867408752441406
263,motion_equal_cyclone_minus_equal_state,entropy_nats,0.005410671234130859
264,motion_equal_cyclone_minus_equal_state,entropy_nats,0.007328510284423828
265,motion_equal_cyclone_minus_equal_state,entropy_nats,0.007518768310546875
266,motion_equal_cyclone_minus_equal_state,entropy_nats,0.012491703033447266
267,motion_equal_cyclone_minus_equal_state,entropy_nats,0.0047168731689453125
268,motion_equal_cyclone_minus_equal_state,entropy_nats,0.006381988525390625
269,motion_equal_cyclone_minus_equal_state,entropy_nats,0.0040493011474609375
270,motion_equal_cyclone_minus_equal_state,entropy_nats,-0.00020647048950195312
271,motion_equal_cyclone_minus_equal_state,entropy_nats,0.006617069244384766
272,motion_equal_cyclone_minus_equal_state,entropy_nats,0.0031261444091796875
273,motion_equal_cyclone_minus_equal_state,entropy_nats,0.016950607299804688
274,motion_equal_cyclone_minus_equal_state,entropy_nats,0.0069026947021484375
275,motion_equal_cyclone_minus_equal_state,entropy_nats,0.006689548492431641
276,motion_equal_cyclone_minus_equal_state,entropy_nats,0.004453182220458984
277,motion_equal_cyclone_minus_equal_state,entropy_nats,0.00794839859008789
278,motion_equal_cyclone_minus_equal_state,entropy_nats,0.004047870635986328
279,motion_equal_cyclone_minus_equal_state,entropy_nats,0.012396812438964844
280,motion_equal_cyclone_minus_equal_state,entropy_nats,0.006885528564453125
281,motion_equal_cyclone_minus_equal_state,entropy_nats,0.005974292755126953
282,motion_equal_cyclone_minus_equal_state,entropy_nats,0.002872943878173828
283,motion_equal_cyclone_minus_equal_state,entropy_nats,0.007494449615478516
284,motion_equal_cyclone_minus_equal_state,entropy_nats,0.007546424865722656
285,motion_equal_cyclone_minus_equal_state,entropy_nats,0.00131988525390625
286,motion_equal_cyclone_minus_equal_state,entropy_nats,0.004711627960205078
287,motion_equal_cyclone_minus_equal_state,entropy_nats,0.002960205078125
288,motion_equal_cyclone_minus_equal_state,entropy_nats,0.010827064514160156
289,motion_equal_cyclone_minus_equal_state,entropy_nats,0.003502368927001953
290,motion_equal_cyclone_minus_equal_state,entropy_nats,-0.0003695487976074219
291,motion_equal_cyclone_minus_equal_state,entropy_nats,0.008353233337402344
292,motion_equal_cyclone_minus_equal_state,entropy_nats,0.0026521682739257812
293,motion_equal_cyclone_minus_equal_state,entropy_nats,0.0020904541015625
294,motion_equal_cyclone_minus_equal_state,entropy_nats,0.00334930419921875
295,motion_equal_cyclone_minus_equal_state,entropy_nats,0.0017881393432617188
296,motion_equal_cyclone_minus_equal_state,entropy_nats,0.01516103744506836
297,motion_equal_cyclone_minus_equal_state,entropy_nats,0.012537002563476562
298,motion_equal_cyclone_minus_equal_state,entropy_nats,0.005702018737792969
299,motion_equal_cyclone_minus_equal_state,entropy_nats,0.007421016693115234
300,motion_equal_cyclone_minus_equal_state,entropy_nats,0.010931968688964844
301,motion_equal_cyclone_minus_equal_state,entropy_nats,0.006867408752441406
302,motion_equal_cyclone_minus_equal_state,entropy_nats,0.0017905235290527344
303,motion_equal_cyclone_minus_equal_state,entropy_nats,0.003318309783935547
304,motion_equal_cyclone_minus_equal_state,entropy_nats,0.0002837181091308594
305,motion_equal_cyclone_minus_equal_state,entropy_nats,0.012999534606933594
306,motion_equal_cyclone_minus_equal_state,entropy_nats,0.0005974769592285156
307,motion_equal_cyclone_minus_equal_state,entropy_nats,0.007416248321533203
308,motion_equal_cyclone_minus_equal_state,entropy_nats,0.009254932403564453
309,motion_equal_cyclone_minus_equal_state,entropy_nats,-0.0011119842529296875
310,motion_equal_cyclone_minus_equal_state,entropy_nats,0.003999233245849609
311,motion_equal_cyclone_minus_equal_state,entropy_nats,0.010571956634521484
312,motion_equal_cyclone_minus_equal_state,entropy_nats,0.004310131072998047
313,motion_equal_cyclone_minus_equal_state,entropy_nats,0.0001811981201171875
314,motion_equal_cyclone_minus_equal_state,entropy_nats,0.007013797760009766
315,motion_equal_cyclone_minus_equal_state,entropy_nats,0.006782054901123047
316,motion_equal_cyclone_minus_equal_state,entropy_nats,0.006053924560546875
317,motion_equal_cyclone_minus_equal_state,entropy_nats,0.00481414794921875
318,motion_equal_cyclone_minus_equal_state,entropy_nats,0.015102863311767578
319,motion_equal_cyclone_minus_equal_state,entropy_nats,0.004856586456298828
320,motion_equal_cyclone_minus_equal_state,entropy_nats,0.0012216567993164062
321,motion_equal_cyclone_minus_equal_state,entropy_nats,-0.0005698204040527344
322,motion_equal_cyclone_minus_equal_state,entropy_nats,0.004167079925537109
323,motion_equal_cyclone_minus_equal_state,entropy_nats,0.007537841796875
324,motion_equal_cyclone_minus_equal_state,entropy_nats,0.0024127960205078125
325,motion_equal_cyclone_minus_equal_state,entropy_nats,-0.0016341209411621094
326,motion_equal_cyclone_minus_equal_state,entropy_nats,0.0015192031860351562
327,motion_equal_cyclone_minus_equal_state,entropy_nats,0.0033326148986816406
328,motion_equal_cyclone_minus_equal_state,entropy_nats,-0.0021181106567382812
329,motion_equal_cyclone_minus_equal_state,entropy_nats,0.0010967254638671875
330,motion_equal_cyclone_minus_equal_state,entropy_nats,0.008297443389892578
331,motion_equal_cyclone_minus_equal_state,entropy_nats,0.0033197402954101562
332,motion_equal_cyclone_minus_equal_state,entropy_nats,0.0061931610107421875
333,motion_equal_cyclone_minus_equal_state,entropy_nats,0.012448787689208984
334,motion_equal_cyclone_minus_equal_state,entropy_nats,0.0018100738525390625
335,motion_equal_cyclone_minus_equal_state,entropy_nats,0.014019966125488281
336,motion_equal_cyclone_minus_equal_state,entropy_nats,0.0048465728759765625
337,motion_equal_cyclone_minus_equal_state,entropy_nats,0.0065708160400390625
338,motion_equal_cyclone_minus_equal_state,entropy_nats,0.009340763092041016
339,motion_equal_cyclone_minus_equal_state,entropy_nats,0.014409065246582031
340,motion_equal_cyclone_minus_equal_state,entropy_nats,-0.004968166351318359
341,motion_equal_cyclone_minus_equal_state,entropy_nats,0.004607677459716797
342,motion_equal_cyclone_minus_equal_state,entropy_nats,-0.0002770423889160156
343,motion_equal_cyclone_minus_equal_state,entropy_nats,0.010261058807373047
344,motion_equal_cyclone_minus_equal_state,entropy_nats,0.0041656494140625
345,motion_equal_cyclone_minus_equal_state,entropy_nats,0.004092216491699219
346,motion_equal_cyclone_minus_equal_state,entropy_nats,0.0005545616149902344
347,motion_equal_cyclone_minus_equal_state,entropy_nats,0.0005736351013183594
348,motion_equal_cyclone_minus_equal_state,entropy_nats,0.007606983184814453
349,motion_equal_cyclone_minus_equal_state,entropy_nats,9.965896606445312e-05
350,motion_equal_cyclone_minus_equal_state,entropy_nats,-0.0005621910095214844
351,motion_equal_cyclone_minus_equal_state,entropy_nats,0.005270957946777344
352,motion_equal_cyclone_minus_equal_state,entropy_nats,0.006429195404052734
353,motion_equal_cyclone_minus_equal_state,entropy_nats,0.006861686706542969
354,motion_equal_cyclone_minus_equal_state,entropy_nats,0.007397174835205078
355,motion_equal_cyclone_minus_equal_state,entropy_nats,0.007570743560791016
356,motion_equal_cyclone_minus_equal_state,entropy_nats,0.005053043365478516
357,motion_equal_cyclone_minus_equal_state,entropy_nats,0.0006465911865234375
358,motion_equal_cyclone_minus_equal_state,entropy_nats,0.0031385421752929688
359,motion_equal_cyclone_minus_equal_state,entropy_nats,0.007026195526123047
360,motion_equal_cyclone_minus_equal_state,entropy_nats,0.00839090347290039
361,motion_equal_cyclone_minus_equal_state,entropy_nats,0.003204345703125
362,motion_equal_cyclone_minus_equal_state,entropy_nats,0.0092620849609375
363,motion_equal_cyclone_minus_equal_state,entropy_nats,0.0012688636779785156
364,motion_equal_cyclone_minus_equal_state,entropy_nats,0.008916854858398438
365,motion_equal_cyclone_minus_equal_state,entropy_nats,0.0029091835021972656
366,motion_equal_cyclone_minus_equal_state,entropy_nats,0.010387420654296875
367,motion_equal_cyclone_minus_equal_state,entropy_nats,0.008776664733886719
368,motion_equal_cyclone_minus_equal_state,entropy_nats,0.008748054504394531
369,motion_equal_cyclone_minus_equal_state,entropy_nats,0.005236625671386719
370,motion_equal_cyclone_minus_equal_state,entropy_nats,0.007433891296386719
371,motion_equal_cyclone_minus_equal_state,entropy_nats,-0.0015392303466796875
372,motion_equal_cyclone_minus_equal_state,entropy_nats,0.0061550140380859375
373,motion_equal_cyclone_minus_equal_state,entropy_nats,0.0015578269958496094
374,motion_equal_cyclone_minus_equal_state,entropy_nats,0.004796504974365234
375,motion_equal_cyclone_minus_equal_state,entropy_nats,0.0016560554504394531
376,motion_equal_cyclone_minus_equal_state,entropy_nats,0.001689910888671875
377,motion_equal_cyclone_minus_equal_state,entropy_nats,0.010853290557861328
378,motion_equal_cyclone_minus_equal_state,entropy_nats,0.003258228302001953
379,motion_equal_cyclone_minus_equal_state,entropy_nats,0.006510257720947266
380,motion_equal_cyclone_minus_equal_state,entropy_nats,0.00798797607421875
381,motion_equal_cyclone_minus_equal_state,entropy_nats,0.0014662742614746094
382,motion_equal_cyclone_minus_equal_state,entropy_nats,0.009688854217529297
383,motion_equal_cyclone_minus_equal_state,entropy_nats,0.005877017974853516
384,motion_equal_cyclone_minus_equal_state,entropy_nats,0.006390571594238281
385,motion_equal_cyclone_minus_equal_state,entropy_nats,-0.0024857521057128906
386,motion_equal_cyclone_minus_equal_state,entropy_nats,0.005122184753417969
387,motion_equal_cyclone_minus_equal_state,entropy_nats,0.008292675018310547
388,motion_equal_cyclone_minus_equal_state,entropy_nats,0.007924556732177734
389,motion_equal_cyclone_minus_equal_state,entropy_nats,0.010159492492675781
390,motion_equal_cyclone_minus_equal_state,entropy_nats,0.0038785934448242188
391,motion_equal_cyclone_minus_equal_state,entropy_nats,0.007509708404541016
392,motion_equal_cyclone_minus_equal_state,entropy_nats,0.003909111022949219
393,motion_equal_cyclone_minus_equal_state,entropy_nats,0.0037031173706054688
394,motion_equal_cyclone_minus_equal_state,entropy_nats,0.0019731521606445312
395,motion_equal_cyclone_minus_equal_state,entropy_nats,0.0009131431579589844
396,motion_equal_cyclone_minus_equal_state,entropy_nats,0.004999637603759766
397,motion_equal_cyclone_minus_equal_state,entropy_nats,0.0026493072509765625
398,motion_equal_cyclone_minus_equal_state,entropy_nats,0.005596160888671875
399,motion_equal_cyclone_minus_equal_state,entropy_nats,-0.0007300376892089844
400,motion_equal_cyclone_minus_equal_state,entropy_nats,-0.0010318756103515625
401,motion_equal_cyclone_minus_equal_state,entropy_nats,0.004204273223876953
402,motion_equal_cyclone_minus_equal_state,entropy_nats,0.012137889862060547
403,motion_equal_cyclone_minus_equal_state,entropy_nats,-0.0018944740295410156
404,motion_equal_cyclone_minus_equal_state,entropy_nats,0.002338886260986328
405,motion_equal_cyclone_minus_equal_state,entropy_nats,0.005339622497558594
406,motion_equal_cyclone_minus_equal_state,entropy_nats,-0.0014867782592773438
407,motion_equal_cyclone_minus_equal_state,entropy_nats,-0.0010066032409667969
408,motion_equal_cyclone_minus_equal_state,entropy_nats,0.006685733795166016
409,motion_equal_cyclone_minus_equal_state,entropy_nats,0.0013589859008789062
410,motion_equal_cyclone_minus_equal_state,entropy_nats,0.010721683502197266
411,motion_equal_cyclone_minus_equal_state,entropy_nats,0.008945941925048828
412,motion_equal_cyclone_minus_equal_state,entropy_nats,0.01023101806640625
413,motion_equal_cyclone_minus_equal_state,entropy_nats,0.00988912582397461
414,motion_equal_cyclone_minus_equal_state,entropy_nats,0.0024924278259277344
415,motion_equal_cyclone_minus_equal_state,entropy_nats,0.004413127899169922
416,motion_equal_cyclone_minus_equal_state,entropy_nats,0.004809856414794922
417,motion_equal_cyclone_minus_equal_state,entropy_nats,0.007235050201416016
418,motion_equal_cyclone_minus_equal_state,entropy_nats,0.004553318023681641
419,motion_equal_cyclone_minus_equal_state,entropy_nats,0.005490303039550781
420,motion_equal_cyclone_minus_equal_state,entropy_nats,0.004479408264160156
421,motion_equal_cyclone_minus_equal_state,entropy_nats,0.008051395416259766
422,motion_equal_cyclone_minus_equal_state,entropy_nats,0.007327079772949219
423,motion_equal_cyclone_minus_equal_state,entropy_nats,0.0018672943115234375
424,motion_equal_cyclone_minus_equal_state,entropy_nats,0.0111846923828125
425,motion_equal_cyclone_minus_equal_state,entropy_nats,0.004996776580810547
426,motion_equal_cyclone_minus_equal_state,entropy_nats,0.015238285064697266
427,motion_equal_cyclone_minus_equal_state,entropy_nats,0.007485389709472656
428,motion_equal_cyclone_minus_equal_state,entropy_nats,0.002125263214111328
429,motion_equal_cyclone_minus_equal_state,entropy_nats,0.010567665100097656
430,motion_equal_cyclone_minus_equal_state,entropy_nats,0.007752895355224609
431,motion_equal_cyclone_minus_equal_state,entropy_nats,0.0023331642150878906
432,motion_equal_cyclone_minus_equal_state,entropy_nats,0.010363101959228516
433,motion_equal_cyclone_minus_equal_state,entropy_nats,0.006796836853027344
434,motion_equal_cyclone_minus_equal_state,entropy_nats,0.005576610565185547
435,motion_equal_cyclone_minus_equal_state,entropy_nats,-0.0018544197082519531
436,motion_equal_cyclone_minus_equal_state,entropy_nats,0.010516166687011719
437,motion_equal_cyclone_minus_equal_state,entropy_nats,0.007744789123535156
438,motion_equal_cyclone_minus_equal_state,entropy_nats,-0.003067493438720703
439,motion_equal_cyclone_minus_equal_state,entropy_nats,0.018049240112304688
440,motion_equal_cyclone_minus_equal_state,entropy_nats,0.0090179443359375
441,motion_equal_cyclone_minus_equal_state,entropy_nats,-0.0019745826721191406
442,motion_equal_cyclone_minus_equal_state,entropy_nats,0.002022266387939453
443,motion_equal_cyclone_minus_equal_state,entropy_nats,0.006688594818115234
444,motion_equal_cyclone_minus_equal_state,entropy_nats,0.0035924911499023438
445,motion_equal_cyclone_minus_equal_state,entropy_nats,0.009229183197021484
446,motion_equal_cyclone_minus_equal_state,entropy_nats,0.0011358261108398438
447,motion_equal_cyclone_minus_equal_state,entropy_nats,0.0018224716186523438
448,motion_equal_cyclone_minus_equal_state,entropy_nats,0.005143165588378906
449,motion_equal_cyclone_minus_equal_state,entropy_nats,0.0022039413452148438
450,motion_equal_cyclone_minus_equal_state,entropy_nats,0.0021533966064453125
451,motion_equal_cyclone_minus_equal_state,entropy_nats,-0.006218910217285156
452,motion_equal_cyclone_minus_equal_state,entropy_nats,0.012569427490234375
453,motion_equal_cyclone_minus_equal_state,entropy_nats,-0.00011396408081054688
454,motion_equal_cyclone_minus_equal_state,entropy_nats,0.0002269744873046875
455,motion_equal_cyclone_minus_equal_state,entropy_nats,0.009850502014160156
456,motion_equal_cyclone_minus_equal_state,entropy_nats,0.0053730010986328125
457,motion_equal_cyclone_minus_equal_state,entropy_nats,0.004621028900146484
458,motion_equal_cyclone_minus_equal_state,entropy_nats,0.0012784004211425781
459,motion_equal_cyclone_minus_equal_state,entropy_nats,-0.00241851806640625
460,motion_equal_cyclone_minus_equal_state,entropy_nats,0.00506591796875
461,motion_equal_cyclone_minus_equal_state,entropy_nats,-0.004201412200927734
462,motion_equal_cyclone_minus_equal_state,entropy_nats,0.007354259490966797
463,motion_equal_cyclone_minus_equal_state,entropy_nats,0.01187896728515625
464,motion_equal_cyclone_minus_equal_state,entropy_nats,0.0017437934875488281
465,motion_equal_cyclone_minus_equal_state,entropy_nats,0.005045890808105469
466,motion_equal_cyclone_minus_equal_state,entropy_nats,0.002167224884033203
467,motion_equal_cyclone_minus_equal_state,entropy_nats,0.0013413429260253906
468,motion_equal_cyclone_minus_equal_state,entropy_nats,0.0028619766235351562
469,motion_equal_cyclone_minus_equal_state,entropy_nats,0.004450798034667969
470,motion_equal_cyclone_minus_equal_state,entropy_nats,-0.0029196739196777344
471,motion_equal_cyclone_minus_equal_state,entropy_nats,0.002261638641357422
472,motion_equal_cyclone_minus_equal_state,entropy_nats,0.005694389343261719
473,motion_equal_cyclone_minus_equal_state,entropy_nats,0.005920886993408203
474,motion_equal_cyclone_minus_equal_state,entropy_nats,0.002319812774658203
475,motion_equal_cyclone_minus_equal_state,entropy_nats,0.008986949920654297
476,motion_equal_cyclone_minus_equal_state,entropy_nats,0.003727436065673828
477,motion_equal_cyclone_minus_equal_state,entropy_nats,0.003284931182861328
478,motion_equal_cyclone_minus_equal_state,entropy_nats,0.005550384521484375
479,motion_equal_cyclone_minus_equal_state,entropy_nats,0.009658336639404297
480,motion_equal_cyclone_minus_equal_state,entropy_nats,-9.107589721679688e-05
481,motion_equal_cyclone_minus_equal_state,entropy_nats,0.006846427917480469
482,motion_equal_cyclone_minus_equal_state,entropy_nats,0.008257865905761719
483,motion_equal_cyclone_minus_equal_state,entropy_nats,0.00865793228149414
484,motion_equal_cyclone_minus_equal_state,entropy_nats,0.0024476051330566406
485,motion_equal_cyclone_minus_equal_state,entropy_nats,0.003051280975341797
486,motion_equal_cyclone_minus_equal_state,entropy_nats,0.009506702423095703
487,motion_equal_cyclone_minus_equal_state,entropy_nats,0.0007877349853515625
488,motion_equal_cyclone_minus_equal_state,entropy_nats,0.011647224426269531
489,motion_equal_cyclone_minus_equal_state,entropy_nats,0.0036134719848632812
490,motion_equal_cyclone_minus_equal_state,entropy_nats,0.010713577270507812
491,motion_equal_cyclone_minus_equal_state,entropy_nats,0.015377998352050781
492,motion_equal_cyclone_minus_equal_state,entropy_nats,0.0051097869873046875
493,motion_equal_cyclone_minus_equal_state,entropy_nats,0.006750583648681641
494,motion_equal_cyclone_minus_equal_state,entropy_nats,0.004768848419189453
495,motion_equal_cyclone_minus_equal_state,entropy_nats,0.00888204574584961
496,motion_equal_cyclone_minus_equal_state,entropy_nats,0.007808208465576172
497,motion_equal_cyclone_minus_equal_state,entropy_nats,0.0010819435119628906
498,motion_equal_cyclone_minus_equal_state,entropy_nats,0.0006771087646484375
499,motion_equal_cyclone_minus_equal_state,entropy_nats,-0.0010256767272949219
500,motion_equal_cyclone_minus_equal_state,entropy_nats,0.007675647735595703
1,motion_equal_cyclone_minus_equal_state,area50_km2,2500.0
2,motion_equal_cyclone_minus_equal_state,area50_km2,-2500.0
3,motion_equal_cyclone_minus_equal_state,area50_km2,20000.0
4,motion_equal_cyclone_minus_equal_state,area50_km2,12500.0
5,motion_equal_cyclone_minus_equal_state,area50_km2,0.0
6,motion_equal_cyclone_minus_equal_state,area50_km2,25000.0
7,motion_equal_cyclone_minus_equal_state,area50_km2,17500.0
8,motion_equal_cyclone_minus_equal_state,area50_km2,20000.0
9,motion_equal_cyclone_minus_equal_state,area50_km2,7500.0
10,motion_equal_cyclone_minus_equal_state,area50_km2,2500.0
11,motion_equal_cyclone_minus_equal_state,area50_km2,10000.0
12,motion_equal_cyclone_minus_equal_state,area50_km2,12500.0
13,motion_equal_cyclone_minus_equal_state,area50_km2,15000.0
14,motion_equal_cyclone_minus_equal_state,area50_km2,22500.0
15,motion_equal_cyclone_minus_equal_state,area50_km2,5000.0
16,motion_equal_cyclone_minus_equal_state,area50_km2,15000.0
17,motion_equal_cyclone_minus_equal_state,area50_km2,15000.0
18,motion_equal_cyclone_minus_equal_state,area50_km2,7500.0
19,motion_equal_cyclone_minus_equal_state,area50_km2,10000.0
20,motion_equal_cyclone_minus_equal_state,area50_km2,12500.0
21,motion_equal_cyclone_minus_equal_state,area50_km2,10000.0
22,motion_equal_cyclone_minus_equal_state,area50_km2,10000.0
23,motion_equal_cyclone_minus_equal_state,area50_km2,17500.0
24,motion_equal_cyclone_minus_equal_state,area50_km2,27500.0
25,motion_equal_cyclone_minus_equal_state,area50_km2,-5000.0
26,motion_equal_cyclone_minus_equal_state,area50_km2,15000.0
27,motion_equal_cyclone_minus_equal_state,area50_km2,5000.0
28,motion_equal_cyclone_minus_equal_state,area50_km2,5000.0
29,motion_equal_cyclone_minus_equal_state,area50_km2,-5000.0
30,motion_equal_cyclone_minus_equal_state,area50_km2,12500.0
31,motion_equal_cyclone_minus_equal_state,area50_km2,10000.0
32,motion_equal_cyclone_minus_equal_state,area50_km2,12500.0
33,motion_equal_cyclone_minus_equal_state,area50_km2,7500.0
34,motion_equal_cyclone_minus_equal_state,area50_km2,2500.0
35,motion_equal_cyclone_minus_equal_state,area50_km2,10000.0
36,motion_equal_cyclone_minus_equal_state,area50_km2,25000.0
37,motion_equal_cyclone_minus_equal_state,area50_km2,15000.0
38,motion_equal_cyclone_minus_equal_state,area50_km2,12500.0
39,motion_equal_cyclone_minus_equal_state,area50_km2,20000.0
40,motion_equal_cyclone_minus_equal_state,area50_km2,0.0
41,motion_equal_cyclone_minus_equal_state,area50_km2,17500.0
42,motion_equal_cyclone_minus_equal_state,area50_km2,12500.0
43,motion_equal_cyclone_minus_equal_state,area50_km2,5000.0
44,motion_equal_cyclone_minus_equal_state,area50_km2,17500.0
45,motion_equal_cyclone_minus_equal_state,area50_km2,25000.0
46,motion_equal_cyclone_minus_equal_state,area50_km2,15000.0
47,motion_equal_cyclone_minus_equal_state,area50_km2,7500.0
48,motion_equal_cyclone_minus_equal_state,area50_km2,12500.0
49,motion_equal_cyclone_minus_equal_state,area50_km2,17500.0
50,motion_equal_cyclone_minus_equal_state,area50_km2,7500.0
51,motion_equal_cyclone_minus_equal_state,area50_km2,12500.0
52,motion_equal_cyclone_minus_equal_state,area50_km2,7500.0
53,motion_equal_cyclone_minus_equal_state,area50_km2,20000.0
54,motion_equal_cyclone_minus_equal_state,area50_km2,10000.0
55,motion_equal_cyclone_minus_equal_state,area50_km2,7500.0
56,motion_equal_cyclone_minus_equal_state,area50_km2,0.0
57,motion_equal_cyclone_minus_equal_state,area50_km2,17500.0
58,motion_equal_cyclone_minus_equal_state,area50_km2,10000.0
59,motion_equal_cyclone_minus_equal_state,area50_km2,17500.0
60,motion_equal_cyclone_minus_equal_state,area50_km2,12500.0
61,motion_equal_cyclone_minus_equal_state,area50_km2,15000.0
62,motion_equal_cyclone_minus_equal_state,area50_km2,22500.0
63,motion_equal_cyclone_minus_equal_state,area50_km2,30000.0
64,motion_equal_cyclone_minus_equal_state,area50_km2,10000.0
65,motion_equal_cyclone_minus_equal_state,area50_km2,12500.0
66,motion_equal_cyclone_minus_equal_state,area50_km2,15000.0
67,motion_equal_cyclone_minus_equal_state,area50_km2,7500.0
68,motion_equal_cyclone_minus_equal_state,area50_km2,0.0
69,motion_equal_cyclone_minus_equal_state,area50_km2,10000.0
70,motion_equal_cyclone_minus_equal_state,area50_km2,17500.0
71,motion_equal_cyclone_minus_equal_state,area50_km2,22500.0
72,motion_equal_cyclone_minus_equal_state,area50_km2,17500.0
73,motion_equal_cyclone_minus_equal_state,area50_km2,20000.0
74,motion_equal_cyclone_minus_equal_state,area50_km2,7500.0
75,motion_equal_cyclone_minus_equal_state,area50_km2,17500.0
76,motion_equal_cyclone_minus_equal_state,area50_km2,17500.0
77,motion_equal_cyclone_minus_equal_state,area50_km2,27500.0
78,motion_equal_cyclone_minus_equal_state,area50_km2,2500.0
79,motion_equal_cyclone_minus_equal_state,area50_km2,5000.0
80,motion_equal_cyclone_minus_equal_state,area50_km2,12500.0
81,motion_equal_cyclone_minus_equal_state,area50_km2,10000.0
82,motion_equal_cyclone_minus_equal_state,area50_km2,0.0
83,motion_equal_cyclone_minus_equal_state,area50_km2,-2500.0
84,motion_equal_cyclone_minus_equal_state,area50_km2,5000.0
85,motion_equal_cyclone_minus_equal_state,area50_km2,17500.0
86,motion_equal_cyclone_minus_equal_state,area50_km2,12500.0
87,motion_equal_cyclone_minus_equal_state,area50_km2,12500.0
88,motion_equal_cyclone_minus_equal_state,area50_km2,-7500.0
89,motion_equal_cyclone_minus_equal_state,area50_km2,12500.0
90,motion_equal_cyclone_minus_equal_state,area50_km2,7500.0
91,motion_equal_cyclone_minus_equal_state,area50_km2,10000.0
92,motion_equal_cyclone_minus_equal_state,area50_km2,12500.0
93,motion_equal_cyclone_minus_equal_state,area50_km2,20000.0
94,motion_equal_cyclone_minus_equal_state,area50_km2,22500.0
95,motion_equal_cyclone_minus_equal_state,area50_km2,0.0
96,motion_equal_cyclone_minus_equal_state,area50_km2,5000.0
97,motion_equal_cyclone_minus_equal_state,area50_km2,17500.0
98,motion_equal_cyclone_minus_equal_state,area50_km2,0.0
99,motion_equal_cyclone_minus_equal_state,area50_km2,2500.0
100,motion_equal_cyclone_minus_equal_state,area50_km2,17500.0
101,motion_equal_cyclone_minus_equal_state,area50_km2,22500.0
102,motion_equal_cyclone_minus_equal_state,area50_km2,7500.0
103,motion_equal_cyclone_minus_equal_state,area50_km2,2500.0
104,motion_equal_cyclone_minus_equal_state,area50_km2,-10000.0
105,motion_equal_cyclone_minus_equal_state,area50_km2,2500.0
106,motion_equal_cyclone_minus_equal_state,area50_km2,12500.0
107,motion_equal_cyclone_minus_equal_state,area50_km2,32500.0
108,motion_equal_cyclone_minus_equal_state,area50_km2,5000.0
109,motion_equal_cyclone_minus_equal_state,area50_km2,12500.0
110,motion_equal_cyclone_minus_equal_state,area50_km2,15000.0
111,motion_equal_cyclone_minus_equal_state,area50_km2,17500.0
112,motion_equal_cyclone_minus_equal_state,area50_km2,10000.0
113,motion_equal_cyclone_minus_equal_state,area50_km2,5000.0
114,motion_equal_cyclone_minus_equal_state,area50_km2,20000.0
115,motion_equal_cyclone_minus_equal_state,area50_km2,10000.0
116,motion_equal_cyclone_minus_equal_state,area50_km2,2500.0
117,motion_equal_cyclone_minus_equal_state,area50_km2,7500.0
118,motion_equal_cyclone_minus_equal_state,area50_km2,2500.0
119,motion_equal_cyclone_minus_equal_state,area50_km2,5000.0
120,motion_equal_cyclone_minus_equal_state,area50_km2,5000.0
121,motion_equal_cyclone_minus_equal_state,area50_km2,7500.0
122,motion_equal_cyclone_minus_equal_state,area50_km2,2500.0
123,motion_equal_cyclone_minus_equal_state,area50_km2,32500.0
124,motion_equal_cyclone_minus_equal_state,area50_km2,10000.0
125,motion_equal_cyclone_minus_equal_state,area50_km2,25000.0
126,motion_equal_cyclone_minus_equal_state,area50_km2,2500.0
127,motion_equal_cyclone_minus_equal_state,area50_km2,17500.0
128,motion_equal_cyclone_minus_equal_state,area50_km2,20000.0
129,motion_equal_cyclone_minus_equal_state,area50_km2,22500.0
130,motion_equal_cyclone_minus_equal_state,area50_km2,2500.0
131,motion_equal_cyclone_minus_equal_state,area50_km2,-2500.0
132,motion_equal_cyclone_minus_equal_state,area50_km2,12500.0
133,motion_equal_cyclone_minus_equal_state,area50_km2,10000.0
134,motion_equal_cyclone_minus_equal_state,area50_km2,25000.0
135,motion_equal_cyclone_minus_equal_state,area50_km2,25000.0
136,motion_equal_cyclone_minus_equal_state,area50_km2,20000.0
137,motion_equal_cyclone_minus_equal_state,area50_km2,12500.0
138,motion_equal_cyclone_minus_equal_state,area50_km2,2500.0
139,motion_equal_cyclone_minus_equal_state,area50_km2,7500.0
140,motion_equal_cyclone_minus_equal_state,area50_km2,7500.0
141,motion_equal_cyclone_minus_equal_state,area50_km2,2500.0
142,motion_equal_cyclone_minus_equal_state,area50_km2,5000.0
143,motion_equal_cyclone_minus_equal_state,area50_km2,10000.0
144,motion_equal_cyclone_minus_equal_state,area50_km2,7500.0
145,motion_equal_cyclone_minus_equal_state,area50_km2,7500.0
146,motion_equal_cyclone_minus_equal_state,area50_km2,10000.0
147,motion_equal_cyclone_minus_equal_state,area50_km2,5000.0
148,motion_equal_cyclone_minus_equal_state,area50_km2,25000.0
149,motion_equal_cyclone_minus_equal_state,area50_km2,5000.0
150,motion_equal_cyclone_minus_equal_state,area50_km2,20000.0
151,motion_equal_cyclone_minus_equal_state,area50_km2,5000.0
152,motion_equal_cyclone_minus_equal_state,area50_km2,7500.0
153,motion_equal_cyclone_minus_equal_state,area50_km2,2500.0
154,motion_equal_cyclone_minus_equal_state,area50_km2,2500.0
155,motion_equal_cyclone_minus_equal_state,area50_km2,25000.0
156,motion_equal_cyclone_minus_equal_state,area50_km2,5000.0
157,motion_equal_cyclone_minus_equal_state,area50_km2,-7500.0
158,motion_equal_cyclone_minus_equal_state,area50_km2,22500.0
159,motion_equal_cyclone_minus_equal_state,area50_km2,22500.0
160,motion_equal_cyclone_minus_equal_state,area50_km2,22500.0
161,motion_equal_cyclone_minus_equal_state,area50_km2,20000.0
162,motion_equal_cyclone_minus_equal_state,area50_km2,22500.0
163,motion_equal_cyclone_minus_equal_state,area50_km2,12500.0
164,motion_equal_cyclone_minus_equal_state,area50_km2,7500.0
165,motion_equal_cyclone_minus_equal_state,area50_km2,17500.0
166,motion_equal_cyclone_minus_equal_state,area50_km2,10000.0
167,motion_equal_cyclone_minus_equal_state,area50_km2,-2500.0
168,motion_equal_cyclone_minus_equal_state,area50_km2,-2500.0
169,motion_equal_cyclone_minus_equal_state,area50_km2,10000.0
170,motion_equal_cyclone_minus_equal_state,area50_km2,12500.0
171,motion_equal_cyclone_minus_equal_state,area50_km2,37500.0
172,motion_equal_cyclone_minus_equal_state,area50_km2,10000.0
173,motion_equal_cyclone_minus_equal_state,area50_km2,-20000.0
174,motion_equal_cyclone_minus_equal_state,area50_km2,17500.0
175,motion_equal_cyclone_minus_equal_state,area50_km2,20000.0
176,motion_equal_cyclone_minus_equal_state,area50_km2,-2500.0
177,motion_equal_cyclone_minus_equal_state,area50_km2,15000.0
178,motion_equal_cyclone_minus_equal_state,area50_km2,15000.0
179,motion_equal_cyclone_minus_equal_state,area50_km2,0.0
180,motion_equal_cyclone_minus_equal_state,area50_km2,22500.0
181,motion_equal_cyclone_minus_equal_state,area50_km2,17500.0
182,motion_equal_cyclone_minus_equal_state,area50_km2,12500.0
183,motion_equal_cyclone_minus_equal_state,area50_km2,15000.0
184,motion_equal_cyclone_minus_equal_state,area50_km2,10000.0
185,motion_equal_cyclone_minus_equal_state,area50_km2,15000.0
186,motion_equal_cyclone_minus_equal_state,area50_km2,-5000.0
187,motion_equal_cyclone_minus_equal_state,area50_km2,-2500.0
188,motion_equal_cyclone_minus_equal_state,area50_km2,7500.0
189,motion_equal_cyclone_minus_equal_state,area50_km2,7500.0
190,motion_equal_cyclone_minus_equal_state,area50_km2,-5000.0
191,motion_equal_cyclone_minus_equal_state,area50_km2,15000.0
192,motion_equal_cyclone_minus_equal_state,area50_km2,15000.0
193,motion_equal_cyclone_minus_equal_state,area50_km2,15000.0
194,motion_equal_cyclone_minus_equal_state,area50_km2,10000.0
195,motion_equal_cyclone_minus_equal_state,area50_km2,7500.0
196,motion_equal_cyclone_minus_equal_state,area50_km2,5000.0
197,motion_equal_cyclone_minus_equal_state,area50_km2,17500.0
198,motion_equal_cyclone_minus_equal_state,area50_km2,-15000.0
199,motion_equal_cyclone_minus_equal_state,area50_km2,5000.0
200,motion_equal_cyclone_minus_equal_state,area50_km2,5000.0
201,motion_equal_cyclone_minus_equal_state,area50_km2,15000.0
202,motion_equal_cyclone_minus_equal_state,area50_km2,27500.0
203,motion_equal_cyclone_minus_equal_state,area50_km2,15000.0
204,motion_equal_cyclone_minus_equal_state,area50_km2,12500.0
205,motion_equal_cyclone_minus_equal_state,area50_km2,5000.0
206,motion_equal_cyclone_minus_equal_state,area50_km2,7500.0
207,motion_equal_cyclone_minus_equal_state,area50_km2,25000.0
208,motion_equal_cyclone_minus_equal_state,area50_km2,-2500.0
209,motion_equal_cyclone_minus_equal_state,area50_km2,-2500.0
210,motion_equal_cyclone_minus_equal_state,area50_km2,17500.0
211,motion_equal_cyclone_minus_equal_state,area50_km2,10000.0
212,motion_equal_cyclone_minus_equal_state,area50_km2,12500.0
213,motion_equal_cyclone_minus_equal_state,area50_km2,10000.0
214,motion_equal_cyclone_minus_equal_state,area50_km2,10000.0
215,motion_equal_cyclone_minus_equal_state,area50_km2,20000.0
216,motion_equal_cyclone_minus_equal_state,area50_km2,15000.0
217,motion_equal_cyclone_minus_equal_state,area50_km2,17500.0
218,motion_equal_cyclone_minus_equal_state,area50_km2,10000.0
219,motion_equal_cyclone_minus_equal_state,area50_km2,22500.0
220,motion_equal_cyclone_minus_equal_state,area50_km2,2500.0
221,motion_equal_cyclone_minus_equal_state,area50_km2,12500.0
222,motion_equal_cyclone_minus_equal_state,area50_km2,15000.0
223,motion_equal_cyclone_minus_equal_state,area50_km2,10000.0
224,motion_equal_cyclone_minus_equal_state,area50_km2,10000.0
225,motion_equal_cyclone_minus_equal_state,area50_km2,15000.0
226,motion_equal_cyclone_minus_equal_state,area50_km2,10000.0
227,motion_equal_cyclone_minus_equal_state,area50_km2,-2500.0
228,motion_equal_cyclone_minus_equal_state,area50_km2,20000.0
229,motion_equal_cyclone_minus_equal_state,area50_km2,10000.0
230,motion_equal_cyclone_minus_equal_state,area50_km2,10000.0
231,motion_equal_cyclone_minus_equal_state,area50_km2,-5000.0
232,motion_equal_cyclone_minus_equal_state,area50_km2,20000.0
233,motion_equal_cyclone_minus_equal_state,area50_km2,10000.0
234,motion_equal_cyclone_minus_equal_state,area50_km2,2500.0
235,motion_equal_cyclone_minus_equal_state,area50_km2,-17500.0
236,motion_equal_cyclone_minus_equal_state,area50_km2,20000.0
237,motion_equal_cyclone_minus_equal_state,area50_km2,0.0
238,motion_equal_cyclone_minus_equal_state,area50_km2,15000.0
239,motion_equal_cyclone_minus_equal_state,area50_km2,15000.0
240,motion_equal_cyclone_minus_equal_state,area50_km2,12500.0
241,motion_equal_cyclone_minus_equal_state,area50_km2,-7500.0
242,motion_equal_cyclone_minus_equal_state,area50_km2,27500.0
243,motion_equal_cyclone_minus_equal_state,area50_km2,10000.0
244,motion_equal_cyclone_minus_equal_state,area50_km2,7500.0
245,motion_equal_cyclone_minus_equal_state,area50_km2,10000.0
246,motion_equal_cyclone_minus_equal_state,area50_km2,2500.0
247,motion_equal_cyclone_minus_equal_state,area50_km2,15000.0
248,motion_equal_cyclone_minus_equal_state,area50_km2,-2500.0
249,motion_equal_cyclone_minus_equal_state,area50_km2,15000.0
250,motion_equal_cyclone_minus_equal_state,area50_km2,22500.0
251,motion_equal_cyclone_minus_equal_state,area50_km2,10000.0
252,motion_equal_cyclone_minus_equal_state,area50_km2,17500.0
253,motion_equal_cyclone_minus_equal_state,area50_km2,-5000.0
254,motion_equal_cyclone_minus_equal_state,area50_km2,17500.0
255,motion_equal_cyclone_minus_equal_state,area50_km2,10000.0
256,motion_equal_cyclone_minus_equal_state,area50_km2,12500.0
257,motion_equal_cyclone_minus_equal_state,area50_km2,2500.0
258,motion_equal_cyclone_minus_equal_state,area50_km2,5000.0
259,motion_equal_cyclone_minus_equal_state,area50_km2,2500.0
260,motion_equal_cyclone_minus_equal_state,area50_km2,10000.0
261,motion_equal_cyclone_minus_equal_state,area50_km2,10000.0
262,motion_equal_cyclone_minus_equal_state,area50_km2,12500.0
263,motion_equal_cyclone_minus_equal_state,area50_km2,7500.0
264,motion_equal_cyclone_minus_equal_state,area50_km2,15000.0
265,motion_equal_cyclone_minus_equal_state,area50_km2,12500.0
266,motion_equal_cyclone_minus_equal_state,area50_km2,25000.0
267,motion_equal_cyclone_minus_equal_state,area50_km2,12500.0
268,motion_equal_cyclone_minus_equal_state,area50_km2,15000.0
269,motion_equal_cyclone_minus_equal_state,area50_km2,12500.0
270,motion_equal_cyclone_minus_equal_state,area50_km2,7500.0
271,motion_equal_cyclone_minus_equal_state,area50_km2,7500.0
272,motion_equal_cyclone_minus_equal_state,area50_km2,7500.0
273,motion_equal_cyclone_minus_equal_state,area50_km2,30000.0
274,motion_equal_cyclone_minus_equal_state,area50_km2,10000.0
275,motion_equal_cyclone_minus_equal_state,area50_km2,15000.0
276,motion_equal_cyclone_minus_equal_state,area50_km2,12500.0
277,motion_equal_cyclone_minus_equal_state,area50_km2,15000.0
278,motion_equal_cyclone_minus_equal_state,area50_km2,7500.0
279,motion_equal_cyclone_minus_equal_state,area50_km2,22500.0
280,motion_equal_cyclone_minus_equal_state,area50_km2,20000.0
281,motion_equal_cyclone_minus_equal_state,area50_km2,10000.0
282,motion_equal_cyclone_minus_equal_state,area50_km2,2500.0
283,motion_equal_cyclone_minus_equal_state,area50_km2,15000.0
284,motion_equal_cyclone_minus_equal_state,area50_km2,15000.0
285,motion_equal_cyclone_minus_equal_state,area50_km2,5000.0
286,motion_equal_cyclone_minus_equal_state,area50_km2,12500.0
287,motion_equal_cyclone_minus_equal_state,area50_km2,7500.0
288,motion_equal_cyclone_minus_equal_state,area50_km2,20000.0
289,motion_equal_cyclone_minus_equal_state,area50_km2,2500.0
290,motion_equal_cyclone_minus_equal_state,area50_km2,0.0
291,motion_equal_cyclone_minus_equal_state,area50_km2,15000.0
292,motion_equal_cyclone_minus_equal_state,area50_km2,10000.0
293,motion_equal_cyclone_minus_equal_state,area50_km2,0.0
294,motion_equal_cyclone_minus_equal_state,area50_km2,10000.0
295,motion_equal_cyclone_minus_equal_state,area50_km2,7500.0
296,motion_equal_cyclone_minus_equal_state,area50_km2,32500.0
297,motion_equal_cyclone_minus_equal_state,area50_km2,22500.0
298,motion_equal_cyclone_minus_equal_state,area50_km2,10000.0
299,motion_equal_cyclone_minus_equal_state,area50_km2,15000.0
300,motion_equal_cyclone_minus_equal_state,area50_km2,20000.0
301,motion_equal_cyclone_minus_equal_state,area50_km2,20000.0
302,motion_equal_cyclone_minus_equal_state,area50_km2,7500.0
303,motion_equal_cyclone_minus_equal_state,area50_km2,7500.0
304,motion_equal_cyclone_minus_equal_state,area50_km2,0.0
305,motion_equal_cyclone_minus_equal_state,area50_km2,22500.0
306,motion_equal_cyclone_minus_equal_state,area50_km2,2500.0
307,motion_equal_cyclone_minus_equal_state,area50_km2,12500.0
308,motion_equal_cyclone_minus_equal_state,area50_km2,10000.0
309,motion_equal_cyclone_minus_equal_state,area50_km2,0.0
310,motion_equal_cyclone_minus_equal_state,area50_km2,7500.0
311,motion_equal_cyclone_minus_equal_state,area50_km2,20000.0
312,motion_equal_cyclone_minus_equal_state,area50_km2,2500.0
313,motion_equal_cyclone_minus_equal_state,area50_km2,5000.0
314,motion_equal_cyclone_minus_equal_state,area50_km2,17500.0
315,motion_equal_cyclone_minus_equal_state,area50_km2,12500.0
316,motion_equal_cyclone_minus_equal_state,area50_km2,10000.0
317,motion_equal_cyclone_minus_equal_state,area50_km2,7500.0
318,motion_equal_cyclone_minus_equal_state,area50_km2,25000.0
319,motion_equal_cyclone_minus_equal_state,area50_km2,12500.0
320,motion_equal_cyclone_minus_equal_state,area50_km2,10000.0
321,motion_equal_cyclone_minus_equal_state,area50_km2,0.0
322,motion_equal_cyclone_minus_equal_state,area50_km2,17500.0
323,motion_equal_cyclone_minus_equal_state,area50_km2,10000.0
324,motion_equal_cyclone_minus_equal_state,area50_km2,5000.0
325,motion_equal_cyclone_minus_equal_state,area50_km2,-5000.0
326,motion_equal_cyclone_minus_equal_state,area50_km2,10000.0
327,motion_equal_cyclone_minus_equal_state,area50_km2,15000.0
328,motion_equal_cyclone_minus_equal_state,area50_km2,-10000.0
329,motion_equal_cyclone_minus_equal_state,area50_km2,2500.0
330,motion_equal_cyclone_minus_equal_state,area50_km2,15000.0
331,motion_equal_cyclone_minus_equal_state,area50_km2,0.0
332,motion_equal_cyclone_minus_equal_state,area50_km2,12500.0
333,motion_equal_cyclone_minus_equal_state,area50_km2,25000.0
334,motion_equal_cyclone_minus_equal_state,area50_km2,2500.0
335,motion_equal_cyclone_minus_equal_state,area50_km2,22500.0
336,motion_equal_cyclone_minus_equal_state,area50_km2,5000.0
337,motion_equal_cyclone_minus_equal_state,area50_km2,10000.0
338,motion_equal_cyclone_minus_equal_state,area50_km2,22500.0
339,motion_equal_cyclone_minus_equal_state,area50_km2,25000.0
340,motion_equal_cyclone_minus_equal_state,area50_km2,-7500.0
341,motion_equal_cyclone_minus_equal_state,area50_km2,15000.0
342,motion_equal_cyclone_minus_equal_state,area50_km2,2500.0
343,motion_equal_cyclone_minus_equal_state,area50_km2,22500.0
344,motion_equal_cyclone_minus_equal_state,area50_km2,7500.0
345,motion_equal_cyclone_minus_equal_state,area50_km2,7500.0
346,motion_equal_cyclone_minus_equal_state,area50_km2,0.0
347,motion_equal_cyclone_minus_equal_state,area50_km2,5000.0
348,motion_equal_cyclone_minus_equal_state,area50_km2,20000.0
349,motion_equal_cyclone_minus_equal_state,area50_km2,2500.0
350,motion_equal_cyclone_minus_equal_state,area50_km2,2500.0
351,motion_equal_cyclone_minus_equal_state,area50_km2,15000.0
352,motion_equal_cyclone_minus_equal_state,area50_km2,15000.0
353,motion_equal_cyclone_minus_equal_state,area50_km2,15000.0
354,motion_equal_cyclone_minus_equal_state,area50_km2,15000.0
355,motion_equal_cyclone_minus_equal_state,area50_km2,12500.0
356,motion_equal_cyclone_minus_equal_state,area50_km2,5000.0
357,motion_equal_cyclone_minus_equal_state,area50_km2,-2500.0
358,motion_equal_cyclone_minus_equal_state,area50_km2,10000.0
359,motion_equal_cyclone_minus_equal_state,area50_km2,12500.0
360,motion_equal_cyclone_minus_equal_state,area50_km2,17500.0
361,motion_equal_cyclone_minus_equal_state,area50_km2,5000.0
362,motion_equal_cyclone_minus_equal_state,area50_km2,17500.0
363,motion_equal_cyclone_minus_equal_state,area50_km2,5000.0
364,motion_equal_cyclone_minus_equal_state,area50_km2,22500.0
365,motion_equal_cyclone_minus_equal_state,area50_km2,2500.0
366,motion_equal_cyclone_minus_equal_state,area50_km2,20000.0
367,motion_equal_cyclone_minus_equal_state,area50_km2,20000.0
368,motion_equal_cyclone_minus_equal_state,area50_km2,17500.0
369,motion_equal_cyclone_minus_equal_state,area50_km2,7500.0
370,motion_equal_cyclone_minus_equal_state,area50_km2,15000.0
371,motion_equal_cyclone_minus_equal_state,area50_km2,-2500.0
372,motion_equal_cyclone_minus_equal_state,area50_km2,22500.0
373,motion_equal_cyclone_minus_equal_state,area50_km2,5000.0
374,motion_equal_cyclone_minus_equal_state,area50_km2,12500.0
375,motion_equal_cyclone_minus_equal_state,area50_km2,-2500.0
376,motion_equal_cyclone_minus_equal_state,area50_km2,7500.0
377,motion_equal_cyclone_minus_equal_state,area50_km2,22500.0
378,motion_equal_cyclone_minus_equal_state,area50_km2,5000.0
379,motion_equal_cyclone_minus_equal_state,area50_km2,15000.0
380,motion_equal_cyclone_minus_equal_state,area50_km2,10000.0
381,motion_equal_cyclone_minus_equal_state,area50_km2,5000.0
382,motion_equal_cyclone_minus_equal_state,area50_km2,20000.0
383,motion_equal_cyclone_minus_equal_state,area50_km2,15000.0
384,motion_equal_cyclone_minus_equal_state,area50_km2,17500.0
385,motion_equal_cyclone_minus_equal_state,area50_km2,-7500.0
386,motion_equal_cyclone_minus_equal_state,area50_km2,7500.0
387,motion_equal_cyclone_minus_equal_state,area50_km2,22500.0
388,motion_equal_cyclone_minus_equal_state,area50_km2,15000.0
389,motion_equal_cyclone_minus_equal_state,area50_km2,25000.0
390,motion_equal_cyclone_minus_equal_state,area50_km2,2500.0
391,motion_equal_cyclone_minus_equal_state,area50_km2,12500.0
392,motion_equal_cyclone_minus_equal_state,area50_km2,7500.0
393,motion_equal_cyclone_minus_equal_state,area50_km2,5000.0
394,motion_equal_cyclone_minus_equal_state,area50_km2,2500.0
395,motion_equal_cyclone_minus_equal_state,area50_km2,10000.0
396,motion_equal_cyclone_minus_equal_state,area50_km2,17500.0
397,motion_equal_cyclone_minus_equal_state,area50_km2,7500.0
398,motion_equal_cyclone_minus_equal_state,area50_km2,7500.0
399,motion_equal_cyclone_minus_equal_state,area50_km2,2500.0
400,motion_equal_cyclone_minus_equal_state,area50_km2,-2500.0
401,motion_equal_cyclone_minus_equal_state,area50_km2,7500.0
402,motion_equal_cyclone_minus_equal_state,area50_km2,20000.0
403,motion_equal_cyclone_minus_equal_state,area50_km2,-2500.0
404,motion_equal_cyclone_minus_equal_state,area50_km2,5000.0
405,motion_equal_cyclone_minus_equal_state,area50_km2,10000.0
406,motion_equal_cyclone_minus_equal_state,area50_km2,-10000.0
407,motion_equal_cyclone_minus_equal_state,area50_km2,0.0
408,motion_equal_cyclone_minus_equal_state,area50_km2,15000.0
409,motion_equal_cyclone_minus_equal_state,area50_km2,5000.0
410,motion_equal_cyclone_minus_equal_state,area50_km2,22500.0
411,motion_equal_cyclone_minus_equal_state,area50_km2,15000.0
412,motion_equal_cyclone_minus_equal_state,area50_km2,20000.0
413,motion_equal_cyclone_minus_equal_state,area50_km2,20000.0
414,motion_equal_cyclone_minus_equal_state,area50_km2,10000.0
415,motion_equal_cyclone_minus_equal_state,area50_km2,7500.0
416,motion_equal_cyclone_minus_equal_state,area50_km2,15000.0
417,motion_equal_cyclone_minus_equal_state,area50_km2,15000.0
418,motion_equal_cyclone_minus_equal_state,area50_km2,10000.0
419,motion_equal_cyclone_minus_equal_state,area50_km2,10000.0
420,motion_equal_cyclone_minus_equal_state,area50_km2,7500.0
421,motion_equal_cyclone_minus_equal_state,area50_km2,15000.0
422,motion_equal_cyclone_minus_equal_state,area50_km2,12500.0
423,motion_equal_cyclone_minus_equal_state,area50_km2,15000.0
424,motion_equal_cyclone_minus_equal_state,area50_km2,30000.0
425,motion_equal_cyclone_minus_equal_state,area50_km2,7500.0
426,motion_equal_cyclone_minus_equal_state,area50_km2,32500.0
427,motion_equal_cyclone_minus_equal_state,area50_km2,15000.0
428,motion_equal_cyclone_minus_equal_state,area50_km2,5000.0
429,motion_equal_cyclone_minus_equal_state,area50_km2,22500.0
430,motion_equal_cyclone_minus_equal_state,area50_km2,17500.0
431,motion_equal_cyclone_minus_equal_state,area50_km2,7500.0
432,motion_equal_cyclone_minus_equal_state,area50_km2,27500.0
433,motion_equal_cyclone_minus_equal_state,area50_km2,10000.0
434,motion_equal_cyclone_minus_equal_state,area50_km2,7500.0
435,motion_equal_cyclone_minus_equal_state,area50_km2,-7500.0
436,motion_equal_cyclone_minus_equal_state,area50_km2,25000.0
437,motion_equal_cyclone_minus_equal_state,area50_km2,20000.0
438,motion_equal_cyclone_minus_equal_state,area50_km2,-2500.0
439,motion_equal_cyclone_minus_equal_state,area50_km2,42500.0
440,motion_equal_cyclone_minus_equal_state,area50_km2,17500.0
441,motion_equal_cyclone_minus_equal_state,area50_km2,-5000.0
442,motion_equal_cyclone_minus_equal_state,area50_km2,7500.0
443,motion_equal_cyclone_minus_equal_state,area50_km2,15000.0
444,motion_equal_cyclone_minus_equal_state,area50_km2,12500.0
445,motion_equal_cyclone_minus_equal_state,area50_km2,12500.0
446,motion_equal_cyclone_minus_equal_state,area50_km2,0.0
447,motion_equal_cyclone_minus_equal_state,area50_km2,10000.0
448,motion_equal_cyclone_minus_equal_state,area50_km2,15000.0
449,motion_equal_cyclone_minus_equal_state,area50_km2,7500.0
450,motion_equal_cyclone_minus_equal_state,area50_km2,5000.0
451,motion_equal_cyclone_minus_equal_state,area50_km2,-10000.0
452,motion_equal_cyclone_minus_equal_state,area50_km2,25000.0
453,motion_equal_cyclone_minus_equal_state,area50_km2,0.0
454,motion_equal_cyclone_minus_equal_state,area50_km2,-5000.0
455,motion_equal_cyclone_minus_equal_state,area50_km2,17500.0
456,motion_equal_cyclone_minus_equal_state,area50_km2,10000.0
457,motion_equal_cyclone_minus_equal_state,area50_km2,2500.0
458,motion_equal_cyclone_minus_equal_state,area50_km2,2500.0
459,motion_equal_cyclone_minus_equal_state,area50_km2,-15000.0
460,motion_equal_cyclone_minus_equal_state,area50_km2,7500.0
461,motion_equal_cyclone_minus_equal_state,area50_km2,-2500.0
462,motion_equal_cyclone_minus_equal_state,area50_km2,22500.0
463,motion_equal_cyclone_minus_equal_state,area50_km2,27500.0
464,motion_equal_cyclone_minus_equal_state,area50_km2,0.0
465,motion_equal_cyclone_minus_equal_state,area50_km2,12500.0
466,motion_equal_cyclone_minus_equal_state,area50_km2,-2500.0
467,motion_equal_cyclone_minus_equal_state,area50_km2,0.0
468,motion_equal_cyclone_minus_equal_state,area50_km2,5000.0
469,motion_equal_cyclone_minus_equal_state,area50_km2,10000.0
470,motion_equal_cyclone_minus_equal_state,area50_km2,-5000.0
471,motion_equal_cyclone_minus_equal_state,area50_km2,7500.0
472,motion_equal_cyclone_minus_equal_state,area50_km2,17500.0
473,motion_equal_cyclone_minus_equal_state,area50_km2,12500.0
474,motion_equal_cyclone_minus_equal_state,area50_km2,12500.0
475,motion_equal_cyclone_minus_equal_state,area50_km2,10000.0
476,motion_equal_cyclone_minus_equal_state,area50_km2,12500.0
477,motion_equal_cyclone_minus_equal_state,area50_km2,5000.0
478,motion_equal_cyclone_minus_equal_state,area50_km2,12500.0
479,motion_equal_cyclone_minus_equal_state,area50_km2,10000.0
480,motion_equal_cyclone_minus_equal_state,area50_km2,-5000.0
481,motion_equal_cyclone_minus_equal_state,area50_km2,17500.0
482,motion_equal_cyclone_minus_equal_state,area50_km2,20000.0
483,motion_equal_cyclone_minus_equal_state,area50_km2,17500.0
484,motion_equal_cyclone_minus_equal_state,area50_km2,10000.0
485,motion_equal_cyclone_minus_equal_state,area50_km2,5000.0
486,motion_equal_cyclone_minus_equal_state,area50_km2,12500.0
487,motion_equal_cyclone_minus_equal_state,area50_km2,-2500.0
488,motion_equal_cyclone_minus_equal_state,area50_km2,25000.0
489,motion_equal_cyclone_minus_equal_state,area50_km2,7500.0
490,motion_equal_cyclone_minus_equal_state,area50_km2,25000.0
491,motion_equal_cyclone_minus_equal_state,area50_km2,32500.0
492,motion_equal_cyclone_minus_equal_state,area50_km2,15000.0
493,motion_equal_cyclone_minus_equal_state,area50_km2,12500.0
494,motion_equal_cyclone_minus_equal_state,area50_km2,2500.0
495,motion_equal_cyclone_minus_equal_state,area50_km2,22500.0
496,motion_equal_cyclone_minus_equal_state,area50_km2,17500.0
497,motion_equal_cyclone_minus_equal_state,area50_km2,7500.0
498,motion_equal_cyclone_minus_equal_state,area50_km2,7500.0
499,motion_equal_cyclone_minus_equal_state,area50_km2,-5000.0
500,motion_equal_cyclone_minus_equal_state,area50_km2,10000.0
1,motion_equal_cyclone_minus_equal_state,area75_km2,-17500.0
2,motion_equal_cyclone_minus_equal_state,area75_km2,-7500.0
3,motion_equal_cyclone_minus_equal_state,area75_km2,5000.0
4,motion_equal_cyclone_minus_equal_state,area75_km2,2500.0
5,motion_equal_cyclone_minus_equal_state,area75_km2,-22500.0
6,motion_equal_cyclone_minus_equal_state,area75_km2,5000.0
7,motion_equal_cyclone_minus_equal_state,area75_km2,2500.0
8,motion_equal_cyclone_minus_equal_state,area75_km2,7500.0
9,motion_equal_cyclone_minus_equal_state,area75_km2,-12500.0
10,motion_equal_cyclone_minus_equal_state,area75_km2,-20000.0
11,motion_equal_cyclone_minus_equal_state,area75_km2,-2500.0
12,motion_equal_cyclone_minus_equal_state,area75_km2,-2500.0
13,motion_equal_cyclone_minus_equal_state,area75_km2,5000.0
14,motion_equal_cyclone_minus_equal_state,area75_km2,20000.0
15,motion_equal_cyclone_minus_equal_state,area75_km2,-25000.0
16,motion_equal_cyclone_minus_equal_state,area75_km2,-7500.0
17,motion_equal_cyclone_minus_equal_state,area75_km2,-5000.0
18,motion_equal_cyclone_minus_equal_state,area75_km2,-7500.0
19,motion_equal_cyclone_minus_equal_state,area75_km2,-7500.0
20,motion_equal_cyclone_minus_equal_state,area75_km2,-12500.0
21,motion_equal_cyclone_minus_equal_state,area75_km2,5000.0
22,motion_equal_cyclone_minus_equal_state,area75_km2,-2500.0
23,motion_equal_cyclone_minus_equal_state,area75_km2,-10000.0
24,motion_equal_cyclone_minus_equal_state,area75_km2,10000.0
25,motion_equal_cyclone_minus_equal_state,area75_km2,-17500.0
26,motion_equal_cyclone_minus_equal_state,area75_km2,-2500.0
27,motion_equal_cyclone_minus_equal_state,area75_km2,-2500.0
28,motion_equal_cyclone_minus_equal_state,area75_km2,12500.0
29,motion_equal_cyclone_minus_equal_state,area75_km2,-5000.0
30,motion_equal_cyclone_minus_equal_state,area75_km2,10000.0
31,motion_equal_cyclone_minus_equal_state,area75_km2,2500.0
32,motion_equal_cyclone_minus_equal_state,area75_km2,12500.0
33,motion_equal_cyclone_minus_equal_state,area75_km2,-5000.0
34,motion_equal_cyclone_minus_equal_state,area75_km2,0.0
35,motion_equal_cyclone_minus_equal_state,area75_km2,-5000.0
36,motion_equal_cyclone_minus_equal_state,area75_km2,20000.0
37,motion_equal_cyclone_minus_equal_state,area75_km2,-10000.0
38,motion_equal_cyclone_minus_equal_state,area75_km2,0.0
39,motion_equal_cyclone_minus_equal_state,area75_km2,10000.0
40,motion_equal_cyclone_minus_equal_state,area75_km2,-20000.0
41,motion_equal_cyclone_minus_equal_state,area75_km2,12500.0
42,motion_equal_cyclone_minus_equal_state,area75_km2,-5000.0
43,motion_equal_cyclone_minus_equal_state,area75_km2,-10000.0
44,motion_equal_cyclone_minus_equal_state,area75_km2,12500.0
45,motion_equal_cyclone_minus_equal_state,area75_km2,10000.0
46,motion_equal_cyclone_minus_equal_state,area75_km2,-5000.0
47,motion_equal_cyclone_minus_equal_state,area75_km2,-12500.0
48,motion_equal_cyclone_minus_equal_state,area75_km2,-2500.0
49,motion_equal_cyclone_minus_equal_state,area75_km2,-10000.0
50,motion_equal_cyclone_minus_equal_state,area75_km2,5000.0
51,motion_equal_cyclone_minus_equal_state,area75_km2,-10000.0
52,motion_equal_cyclone_minus_equal_state,area75_km2,-12500.0
53,motion_equal_cyclone_minus_equal_state,area75_km2,0.0
54,motion_equal_cyclone_minus_equal_state,area75_km2,0.0
55,motion_equal_cyclone_minus_equal_state,area75_km2,-7500.0
56,motion_equal_cyclone_minus_equal_state,area75_km2,-17500.0
57,motion_equal_cyclone_minus_equal_state,area75_km2,0.0
58,motion_equal_cyclone_minus_equal_state,area75_km2,-10000.0
59,motion_equal_cyclone_minus_equal_state,area75_km2,12500.0
60,motion_equal_cyclone_minus_equal_state,area75_km2,12500.0
61,motion_equal_cyclone_minus_equal_state,area75_km2,2500.0
62,motion_equal_cyclone_minus_equal_state,area75_km2,-2500.0
63,motion_equal_cyclone_minus_equal_state,area75_km2,25000.0
64,motion_equal_cyclone_minus_equal_state,area75_km2,7500.0
65,motion_equal_cyclone_minus_equal_state,area75_km2,-5000.0
66,motion_equal_cyclone_minus_equal_state,area75_km2,-2500.0
67,motion_equal_cyclone_minus_equal_state,area75_km2,-7500.0
68,motion_equal_cyclone_minus_equal_state,area75_km2,-17500.0
69,motion_equal_cyclone_minus_equal_state,area75_km2,-5000.0
70,motion_equal_cyclone_minus_equal_state,area75_km2,-7500.0
71,motion_equal_cyclone_minus_equal_state,area75_km2,-7500.0
72,motion_equal_cyclone_minus_equal_state,area75_km2,35000.0
73,motion_equal_cyclone_minus_equal_state,area75_km2,20000.0
74,motion_equal_cyclone_minus_equal_state,area75_km2,-7500.0
75,motion_equal_cyclone_minus_equal_state,area75_km2,2500.0
76,motion_equal_cyclone_minus_equal_state,area75_km2,10000.0
77,motion_equal_cyclone_minus_equal_state,area75_km2,12500.0
78,motion_equal_cyclone_minus_equal_state,area75_km2,-27500.0
79,motion_equal_cyclone_minus_equal_state,area75_km2,-7500.0
80,motion_equal_cyclone_minus_equal_state,area75_km2,-15000.0
81,motion_equal_cyclone_minus_equal_state,area75_km2,0.0
82,motion_equal_cyclone_minus_equal_state,area75_km2,-17500.0
83,motion_equal_cyclone_minus_equal_state,area75_km2,-12500.0
84,motion_equal_cyclone_minus_equal_state,area75_km2,-17500.0
85,motion_equal_cyclone_minus_equal_state,area75_km2,10000.0
86,motion_equal_cyclone_minus_equal_state,area75_km2,-7500.0
87,motion_equal_cyclone_minus_equal_state,area75_km2,12500.0
88,motion_equal_cyclone_minus_equal_state,area75_km2,-27500.0
89,motion_equal_cyclone_minus_equal_state,area75_km2,7500.0
90,motion_equal_cyclone_minus_equal_state,area75_km2,-25000.0
91,motion_equal_cyclone_minus_equal_state,area75_km2,-20000.0
92,motion_equal_cyclone_minus_equal_state,area75_km2,-7500.0
93,motion_equal_cyclone_minus_equal_state,area75_km2,0.0
94,motion_equal_cyclone_minus_equal_state,area75_km2,12500.0
95,motion_equal_cyclone_minus_equal_state,area75_km2,-17500.0
96,motion_equal_cyclone_minus_equal_state,area75_km2,-10000.0
97,motion_equal_cyclone_minus_equal_state,area75_km2,12500.0
98,motion_equal_cyclone_minus_equal_state,area75_km2,-20000.0
99,motion_equal_cyclone_minus_equal_state,area75_km2,-17500.0
100,motion_equal_cyclone_minus_equal_state,area75_km2,5000.0
101,motion_equal_cyclone_minus_equal_state,area75_km2,17500.0
102,motion_equal_cyclone_minus_equal_state,area75_km2,7500.0
103,motion_equal_cyclone_minus_equal_state,area75_km2,-7500.0
104,motion_equal_cyclone_minus_equal_state,area75_km2,-25000.0
105,motion_equal_cyclone_minus_equal_state,area75_km2,-10000.0
106,motion_equal_cyclone_minus_equal_state,area75_km2,0.0
107,motion_equal_cyclone_minus_equal_state,area75_km2,12500.0
108,motion_equal_cyclone_minus_equal_state,area75_km2,-22500.0
109,motion_equal_cyclone_minus_equal_state,area75_km2,10000.0
110,motion_equal_cyclone_minus_equal_state,area75_km2,0.0
111,motion_equal_cyclone_minus_equal_state,area75_km2,2500.0
112,motion_equal_cyclone_minus_equal_state,area75_km2,-2500.0
113,motion_equal_cyclone_minus_equal_state,area75_km2,-10000.0
114,motion_equal_cyclone_minus_equal_state,area75_km2,-5000.0
115,motion_equal_cyclone_minus_equal_state,area75_km2,-5000.0
116,motion_equal_cyclone_minus_equal_state,area75_km2,-10000.0
117,motion_equal_cyclone_minus_equal_state,area75_km2,2500.0
118,motion_equal_cyclone_minus_equal_state,area75_km2,-15000.0
119,motion_equal_cyclone_minus_equal_state,area75_km2,-12500.0
120,motion_equal_cyclone_minus_equal_state,area75_km2,-7500.0
121,motion_equal_cyclone_minus_equal_state,area75_km2,-17500.0
122,motion_equal_cyclone_minus_equal_state,area75_km2,-10000.0
123,motion_equal_cyclone_minus_equal_state,area75_km2,25000.0
124,motion_equal_cyclone_minus_equal_state,area75_km2,-15000.0
125,motion_equal_cyclone_minus_equal_state,area75_km2,7500.0
126,motion_equal_cyclone_minus_equal_state,area75_km2,0.0
127,motion_equal_cyclone_minus_equal_state,area75_km2,-2500.0
128,motion_equal_cyclone_minus_equal_state,area75_km2,12500.0
129,motion_equal_cyclone_minus_equal_state,area75_km2,15000.0
130,motion_equal_cyclone_minus_equal_state,area75_km2,-15000.0
131,motion_equal_cyclone_minus_equal_state,area75_km2,-25000.0
132,motion_equal_cyclone_minus_equal_state,area75_km2,-10000.0
133,motion_equal_cyclone_minus_equal_state,area75_km2,-27500.0
134,motion_equal_cyclone_minus_equal_state,area75_km2,17500.0
135,motion_equal_cyclone_minus_equal_state,area75_km2,15000.0
136,motion_equal_cyclone_minus_equal_state,area75_km2,10000.0
137,motion_equal_cyclone_minus_equal_state,area75_km2,-5000.0
138,motion_equal_cyclone_minus_equal_state,area75_km2,-22500.0
139,motion_equal_cyclone_minus_equal_state,area75_km2,-17500.0
140,motion_equal_cyclone_minus_equal_state,area75_km2,-30000.0
141,motion_equal_cyclone_minus_equal_state,area75_km2,-15000.0
142,motion_equal_cyclone_minus_equal_state,area75_km2,-10000.0
143,motion_equal_cyclone_minus_equal_state,area75_km2,-15000.0
144,motion_equal_cyclone_minus_equal_state,area75_km2,2500.0
145,motion_equal_cyclone_minus_equal_state,area75_km2,-5000.0
146,motion_equal_cyclone_minus_equal_state,area75_km2,10000.0
147,motion_equal_cyclone_minus_equal_state,area75_km2,-15000.0
148,motion_equal_cyclone_minus_equal_state,area75_km2,17500.0
149,motion_equal_cyclone_minus_equal_state,area75_km2,-5000.0
150,motion_equal_cyclone_minus_equal_state,area75_km2,5000.0
151,motion_equal_cyclone_minus_equal_state,area75_km2,-15000.0
152,motion_equal_cyclone_minus_equal_state,area75_km2,-15000.0
153,motion_equal_cyclone_minus_equal_state,area75_km2,-5000.0
154,motion_equal_cyclone_minus_equal_state,area75_km2,-22500.0
155,motion_equal_cyclone_minus_equal_state,area75_km2,15000.0
156,motion_equal_cyclone_minus_equal_state,area75_km2,-15000.0
157,motion_equal_cyclone_minus_equal_state,area75_km2,-35000.0
158,motion_equal_cyclone_minus_equal_state,area75_km2,10000.0
159,motion_equal_cyclone_minus_equal_state,area75_km2,2500.0
160,motion_equal_cyclone_minus_equal_state,area75_km2,10000.0
161,motion_equal_cyclone_minus_equal_state,area75_km2,12500.0
162,motion_equal_cyclone_minus_equal_state,area75_km2,7500.0
163,motion_equal_cyclone_minus_equal_state,area75_km2,-12500.0
164,motion_equal_cyclone_minus_equal_state,area75_km2,-5000.0
165,motion_equal_cyclone_minus_equal_state,area75_km2,10000.0
166,motion_equal_cyclone_minus_equal_state,area75_km2,-7500.0
167,motion_equal_cyclone_minus_equal_state,area75_km2,-10000.0
168,motion_equal_cyclone_minus_equal_state,area75_km2,0.0
169,motion_equal_cyclone_minus_equal_state,area75_km2,2500.0
170,motion_equal_cyclone_minus_equal_state,area75_km2,5000.0
171,motion_equal_cyclone_minus_equal_state,area75_km2,5000.0
172,motion_equal_cyclone_minus_equal_state,area75_km2,0.0
173,motion_equal_cyclone_minus_equal_state,area75_km2,-32500.0
174,motion_equal_cyclone_minus_equal_state,area75_km2,12500.0
175,motion_equal_cyclone_minus_equal_state,area75_km2,20000.0
176,motion_equal_cyclone_minus_equal_state,area75_km2,-25000.0
177,motion_equal_cyclone_minus_equal_state,area75_km2,-5000.0
178,motion_equal_cyclone_minus_equal_state,area75_km2,0.0
179,motion_equal_cyclone_minus_equal_state,area75_km2,-27500.0
180,motion_equal_cyclone_minus_equal_state,area75_km2,7500.0
181,motion_equal_cyclone_minus_equal_state,area75_km2,7500.0
182,motion_equal_cyclone_minus_equal_state,area75_km2,2500.0
183,motion_equal_cyclone_minus_equal_state,area75_km2,7500.0
184,motion_equal_cyclone_minus_equal_state,area75_km2,-17500.0
185,motion_equal_cyclone_minus_equal_state,area75_km2,-2500.0
186,motion_equal_cyclone_minus_equal_state,area75_km2,-17500.0
187,motion_equal_cyclone_minus_equal_state,area75_km2,-22500.0
188,motion_equal_cyclone_minus_equal_state,area75_km2,0.0
189,motion_equal_cyclone_minus_equal_state,area75_km2,-5000.0
190,motion_equal_cyclone_minus_equal_state,area75_km2,-20000.0
191,motion_equal_cyclone_minus_equal_state,area75_km2,0.0
192,motion_equal_cyclone_minus_equal_state,area75_km2,10000.0
193,motion_equal_cyclone_minus_equal_state,area75_km2,-7500.0
194,motion_equal_cyclone_minus_equal_state,area75_km2,-7500.0
195,motion_equal_cyclone_minus_equal_state,area75_km2,-2500.0
196,motion_equal_cyclone_minus_equal_state,area75_km2,2500.0
197,motion_equal_cyclone_minus_equal_state,area75_km2,-5000.0
198,motion_equal_cyclone_minus_equal_state,area75_km2,-32500.0
199,motion_equal_cyclone_minus_equal_state,area75_km2,-2500.0
200,motion_equal_cyclone_minus_equal_state,area75_km2,-10000.0
201,motion_equal_cyclone_minus_equal_state,area75_km2,-7500.0
202,motion_equal_cyclone_minus_equal_state,area75_km2,5000.0
203,motion_equal_cyclone_minus_equal_state,area75_km2,2500.0
204,motion_equal_cyclone_minus_equal_state,area75_km2,-5000.0
205,motion_equal_cyclone_minus_equal_state,area75_km2,-7500.0
206,motion_equal_cyclone_minus_equal_state,area75_km2,-10000.0
207,motion_equal_cyclone_minus_equal_state,area75_km2,2500.0
208,motion_equal_cyclone_minus_equal_state,area75_km2,-25000.0
209,motion_equal_cyclone_minus_equal_state,area75_km2,-27500.0
210,motion_equal_cyclone_minus_equal_state,area75_km2,0.0
211,motion_equal_cyclone_minus_equal_state,area75_km2,2500.0
212,motion_equal_cyclone_minus_equal_state,area75_km2,-7500.0
213,motion_equal_cyclone_minus_equal_state,area75_km2,-7500.0
214,motion_equal_cyclone_minus_equal_state,area75_km2,-12500.0
215,motion_equal_cyclone_minus_equal_state,area75_km2,5000.0
216,motion_equal_cyclone_minus_equal_state,area75_km2,0.0
217,motion_equal_cyclone_minus_equal_state,area75_km2,0.0
218,motion_equal_cyclone_minus_equal_state,area75_km2,-5000.0
219,motion_equal_cyclone_minus_equal_state,area75_km2,12500.0
220,motion_equal_cyclone_minus_equal_state,area75_km2,-17500.0
221,motion_equal_cyclone_minus_equal_state,area75_km2,15000.0
222,motion_equal_cyclone_minus_equal_state,area75_km2,10000.0
223,motion_equal_cyclone_minus_equal_state,area75_km2,-7500.0
224,motion_equal_cyclone_minus_equal_state,area75_km2,2500.0
225,motion_equal_cyclone_minus_equal_state,area75_km2,5000.0
226,motion_equal_cyclone_minus_equal_state,area75_km2,-7500.0
227,motion_equal_cyclone_minus_equal_state,area75_km2,-22500.0
228,motion_equal_cyclone_minus_equal_state,area75_km2,-7500.0
229,motion_equal_cyclone_minus_equal_state,area75_km2,12500.0
230,motion_equal_cyclone_minus_equal_state,area75_km2,-10000.0
231,motion_equal_cyclone_minus_equal_state,area75_km2,-17500.0
232,motion_equal_cyclone_minus_equal_state,area75_km2,-5000.0
233,motion_equal_cyclone_minus_equal_state,area75_km2,-10000.0
234,motion_equal_cyclone_minus_equal_state,area75_km2,-25000.0
235,motion_equal_cyclone_minus_equal_state,area75_km2,-27500.0
236,motion_equal_cyclone_minus_equal_state,area75_km2,12500.0
237,motion_equal_cyclone_minus_equal_state,area75_km2,-12500.0
238,motion_equal_cyclone_minus_equal_state,area75_km2,-7500.0
239,motion_equal_cyclone_minus_equal_state,area75_km2,-15000.0
240,motion_equal_cyclone_minus_equal_state,area75_km2,0.0
241,motion_equal_cyclone_minus_equal_state,area75_km2,-32500.0
242,motion_equal_cyclone_minus_equal_state,area75_km2,5000.0
243,motion_equal_cyclone_minus_equal_state,area75_km2,-2500.0
244,motion_equal_cyclone_minus_equal_state,area75_km2,2500.0
245,motion_equal_cyclone_minus_equal_state,area75_km2,2500.0
246,motion_equal_cyclone_minus_equal_state,area75_km2,-10000.0
247,motion_equal_cyclone_minus_equal_state,area75_km2,0.0
248,motion_equal_cyclone_minus_equal_state,area75_km2,-25000.0
249,motion_equal_cyclone_minus_equal_state,area75_km2,-2500.0
250,motion_equal_cyclone_minus_equal_state,area75_km2,7500.0
251,motion_equal_cyclone_minus_equal_state,area75_km2,7500.0
252,motion_equal_cyclone_minus_equal_state,area75_km2,7500.0
253,motion_equal_cyclone_minus_equal_state,area75_km2,-15000.0
254,motion_equal_cyclone_minus_equal_state,area75_km2,2500.0
255,motion_equal_cyclone_minus_equal_state,area75_km2,-12500.0
256,motion_equal_cyclone_minus_equal_state,area75_km2,5000.0
257,motion_equal_cyclone_minus_equal_state,area75_km2,-15000.0
258,motion_equal_cyclone_minus_equal_state,area75_km2,2500.0
259,motion_equal_cyclone_minus_equal_state,area75_km2,-15000.0
260,motion_equal_cyclone_minus_equal_state,area75_km2,5000.0
261,motion_equal_cyclone_minus_equal_state,area75_km2,-5000.0
262,motion_equal_cyclone_minus_equal_state,area75_km2,-2500.0
263,motion_equal_cyclone_minus_equal_state,area75_km2,2500.0
264,motion_equal_cyclone_minus_equal_state,area75_km2,0.0
265,motion_equal_cyclone_minus_equal_state,area75_km2,-7500.0
266,motion_equal_cyclone_minus_equal_state,area75_km2,20000.0
267,motion_equal_cyclone_minus_equal_state,area75_km2,2500.0
268,motion_equal_cyclone_minus_equal_state,area75_km2,-2500.0
269,motion_equal_cyclone_minus_equal_state,area75_km2,-17500.0
270,motion_equal_cyclone_minus_equal_state,area75_km2,-20000.0
271,motion_equal_cyclone_minus_equal_state,area75_km2,7500.0
272,motion_equal_cyclone_minus_equal_state,area75_km2,-5000.0
273,motion_equal_cyclone_minus_equal_state,area75_km2,30000.0
274,motion_equal_cyclone_minus_equal_state,area75_km2,2500.0
275,motion_equal_cyclone_minus_equal_state,area75_km2,0.0
276,motion_equal_cyclone_minus_equal_state,area75_km2,-5000.0
277,motion_equal_cyclone_minus_equal_state,area75_km2,10000.0
278,motion_equal_cyclone_minus_equal_state,area75_km2,-7500.0
279,motion_equal_cyclone_minus_equal_state,area75_km2,17500.0
280,motion_equal_cyclone_minus_equal_state,area75_km2,-2500.0
281,motion_equal_cyclone_minus_equal_state,area75_km2,-7500.0
282,motion_equal_cyclone_minus_equal_state,area75_km2,-5000.0
283,motion_equal_cyclone_minus_equal_state,area75_km2,2500.0
284,motion_equal_cyclone_minus_equal_state,area75_km2,0.0
285,motion_equal_cyclone_minus_equal_state,area75_km2,-10000.0
286,motion_equal_cyclone_minus_equal_state,area75_km2,-12500.0
287,motion_equal_cyclone_minus_equal_state,area75_km2,-12500.0
288,motion_equal_cyclone_minus_equal_state,area75_km2,7500.0
289,motion_equal_cyclone_minus_equal_state,area75_km2,7500.0
290,motion_equal_cyclone_minus_equal_state,area75_km2,-15000.0
291,motion_equal_cyclone_minus_equal_state,area75_km2,2500.0
292,motion_equal_cyclone_minus_equal_state,area75_km2,-10000.0
293,motion_equal_cyclone_minus_equal_state,area75_km2,-10000.0
294,motion_equal_cyclone_minus_equal_state,area75_km2,-5000.0
295,motion_equal_cyclone_minus_equal_state,area75_km2,-20000.0
296,motion_equal_cyclone_minus_equal_state,area75_km2,12500.0
297,motion_equal_cyclone_minus_equal_state,area75_km2,5000.0
298,motion_equal_cyclone_minus_equal_state,area75_km2,10000.0
299,motion_equal_cyclone_minus_equal_state,area75_km2,10000.0
300,motion_equal_cyclone_minus_equal_state,area75_km2,15000.0
301,motion_equal_cyclone_minus_equal_state,area75_km2,5000.0
302,motion_equal_cyclone_minus_equal_state,area75_km2,-12500.0
303,motion_equal_cyclone_minus_equal_state,area75_km2,-12500.0
304,motion_equal_cyclone_minus_equal_state,area75_km2,-22500.0
305,motion_equal_cyclone_minus_equal_state,area75_km2,17500.0
306,motion_equal_cyclone_minus_equal_state,area75_km2,-2500.0
307,motion_equal_cyclone_minus_equal_state,area75_km2,2500.0
308,motion_equal_cyclone_minus_equal_state,area75_km2,10000.0
309,motion_equal_cyclone_minus_equal_state,area75_km2,-15000.0
310,motion_equal_cyclone_minus_equal_state,area75_km2,-17500.0
311,motion_equal_cyclone_minus_equal_state,area75_km2,7500.0
312,motion_equal_cyclone_minus_equal_state,area75_km2,-10000.0
313,motion_equal_cyclone_minus_equal_state,area75_km2,-17500.0
314,motion_equal_cyclone_minus_equal_state,area75_km2,-10000.0
315,motion_equal_cyclone_minus_equal_state,area75_km2,0.0
316,motion_equal_cyclone_minus_equal_state,area75_km2,2500.0
317,motion_equal_cyclone_minus_equal_state,area75_km2,-2500.0
318,motion_equal_cyclone_minus_equal_state,area75_km2,25000.0
319,motion_equal_cyclone_minus_equal_state,area75_km2,-7500.0
320,motion_equal_cyclone_minus_equal_state,area75_km2,-15000.0
321,motion_equal_cyclone_minus_equal_state,area75_km2,-17500.0
322,motion_equal_cyclone_minus_equal_state,area75_km2,-2500.0
323,motion_equal_cyclone_minus_equal_state,area75_km2,5000.0
324,motion_equal_cyclone_minus_equal_state,area75_km2,-15000.0
325,motion_equal_cyclone_minus_equal_state,area75_km2,-25000.0
326,motion_equal_cyclone_minus_equal_state,area75_km2,-22500.0
327,motion_equal_cyclone_minus_equal_state,area75_km2,-17500.0
328,motion_equal_cyclone_minus_equal_state,area75_km2,-27500.0
329,motion_equal_cyclone_minus_equal_state,area75_km2,-10000.0
330,motion_equal_cyclone_minus_equal_state,area75_km2,2500.0
331,motion_equal_cyclone_minus_equal_state,area75_km2,-12500.0
332,motion_equal_cyclone_minus_equal_state,area75_km2,0.0
333,motion_equal_cyclone_minus_equal_state,area75_km2,17500.0
334,motion_equal_cyclone_minus_equal_state,area75_km2,-17500.0
335,motion_equal_cyclone_minus_equal_state,area75_km2,17500.0
336,motion_equal_cyclone_minus_equal_state,area75_km2,-10000.0
337,motion_equal_cyclone_minus_equal_state,area75_km2,2500.0
338,motion_equal_cyclone_minus_equal_state,area75_km2,7500.0
339,motion_equal_cyclone_minus_equal_state,area75_km2,22500.0
340,motion_equal_cyclone_minus_equal_state,area75_km2,-22500.0
341,motion_equal_cyclone_minus_equal_state,area75_km2,-7500.0
342,motion_equal_cyclone_minus_equal_state,area75_km2,-12500.0
343,motion_equal_cyclone_minus_equal_state,area75_km2,2500.0
344,motion_equal_cyclone_minus_equal_state,area75_km2,-10000.0
345,motion_equal_cyclone_minus_equal_state,area75_km2,5000.0
346,motion_equal_cyclone_minus_equal_state,area75_km2,-5000.0
347,motion_equal_cyclone_minus_equal_state,area75_km2,-10000.0
348,motion_equal_cyclone_minus_equal_state,area75_km2,-7500.0
349,motion_equal_cyclone_minus_equal_state,area75_km2,-17500.0
350,motion_equal_cyclone_minus_equal_state,area75_km2,-17500.0
351,motion_equal_cyclone_minus_equal_state,area75_km2,-5000.0
352,motion_equal_cyclone_minus_equal_state,area75_km2,2500.0
353,motion_equal_cyclone_minus_equal_state,area75_km2,-10000.0
354,motion_equal_cyclone_minus_equal_state,area75_km2,2500.0
355,motion_equal_cyclone_minus_equal_state,area75_km2,7500.0
356,motion_equal_cyclone_minus_equal_state,area75_km2,2500.0
357,motion_equal_cyclone_minus_equal_state,area75_km2,-22500.0
358,motion_equal_cyclone_minus_equal_state,area75_km2,-12500.0
359,motion_equal_cyclone_minus_equal_state,area75_km2,-5000.0
360,motion_equal_cyclone_minus_equal_state,area75_km2,0.0
361,motion_equal_cyclone_minus_equal_state,area75_km2,-15000.0
362,motion_equal_cyclone_minus_equal_state,area75_km2,2500.0
363,motion_equal_cyclone_minus_equal_state,area75_km2,-12500.0
364,motion_equal_cyclone_minus_equal_state,area75_km2,5000.0
365,motion_equal_cyclone_minus_equal_state,area75_km2,-12500.0
366,motion_equal_cyclone_minus_equal_state,area75_km2,0.0
367,motion_equal_cyclone_minus_equal_state,area75_km2,5000.0
368,motion_equal_cyclone_minus_equal_state,area75_km2,2500.0
369,motion_equal_cyclone_minus_equal_state,area75_km2,0.0
370,motion_equal_cyclone_minus_equal_state,area75_km2,-2500.0
371,motion_equal_cyclone_minus_equal_state,area75_km2,-12500.0
372,motion_equal_cyclone_minus_equal_state,area75_km2,-5000.0
373,motion_equal_cyclone_minus_equal_state,area75_km2,-20000.0
374,motion_equal_cyclone_minus_equal_state,area75_km2,-2500.0
375,motion_equal_cyclone_minus_equal_state,area75_km2,-15000.0
376,motion_equal_cyclone_minus_equal_state,area75_km2,-10000.0
377,motion_equal_cyclone_minus_equal_state,area75_km2,12500.0
378,motion_equal_cyclone_minus_equal_state,area75_km2,-7500.0
379,motion_equal_cyclone_minus_equal_state,area75_km2,-2500.0
380,motion_equal_cyclone_minus_equal_state,area75_km2,5000.0
381,motion_equal_cyclone_minus_equal_state,area75_km2,-10000.0
382,motion_equal_cyclone_minus_equal_state,area75_km2,0.0
383,motion_equal_cyclone_minus_equal_state,area75_km2,2500.0
384,motion_equal_cyclone_minus_equal_state,area75_km2,-15000.0
385,motion_equal_cyclone_minus_equal_state,area75_km2,-20000.0
386,motion_equal_cyclone_minus_equal_state,area75_km2,-2500.0
387,motion_equal_cyclone_minus_equal_state,area75_km2,0.0
388,motion_equal_cyclone_minus_equal_state,area75_km2,10000.0
389,motion_equal_cyclone_minus_equal_state,area75_km2,12500.0
390,motion_equal_cyclone_minus_equal_state,area75_km2,-5000.0
391,motion_equal_cyclone_minus_equal_state,area75_km2,-5000.0
392,motion_equal_cyclone_minus_equal_state,area75_km2,-12500.0
393,motion_equal_cyclone_minus_equal_state,area75_km2,2500.0
394,motion_equal_cyclone_minus_equal_state,area75_km2,-10000.0
395,motion_equal_cyclone_minus_equal_state,area75_km2,-17500.0
396,motion_equal_cyclone_minus_equal_state,area75_km2,0.0
397,motion_equal_cyclone_minus_equal_state,area75_km2,-10000.0
398,motion_equal_cyclone_minus_equal_state,area75_km2,-7500.0
399,motion_equal_cyclone_minus_equal_state,area75_km2,-10000.0
400,motion_equal_cyclone_minus_equal_state,area75_km2,-15000.0
401,motion_equal_cyclone_minus_equal_state,area75_km2,-10000.0
402,motion_equal_cyclone_minus_equal_state,area75_km2,10000.0
403,motion_equal_cyclone_minus_equal_state,area75_km2,-22500.0
404,motion_equal_cyclone_minus_equal_state,area75_km2,-7500.0
405,motion_equal_cyclone_minus_equal_state,area75_km2,-2500.0
406,motion_equal_cyclone_minus_equal_state,area75_km2,-17500.0
407,motion_equal_cyclone_minus_equal_state,area75_km2,-20000.0
408,motion_equal_cyclone_minus_equal_state,area75_km2,0.0
409,motion_equal_cyclone_minus_equal_state,area75_km2,-7500.0
410,motion_equal_cyclone_minus_equal_state,area75_km2,-2500.0
411,motion_equal_cyclone_minus_equal_state,area75_km2,7500.0
412,motion_equal_cyclone_minus_equal_state,area75_km2,10000.0
413,motion_equal_cyclone_minus_equal_state,area75_km2,10000.0
414,motion_equal_cyclone_minus_equal_state,area75_km2,-27500.0
415,motion_equal_cyclone_minus_equal_state,area75_km2,-5000.0
416,motion_equal_cyclone_minus_equal_state,area75_km2,-15000.0
417,motion_equal_cyclone_minus_equal_state,area75_km2,-5000.0
418,motion_equal_cyclone_minus_equal_state,area75_km2,0.0
419,motion_equal_cyclone_minus_equal_state,area75_km2,2500.0
420,motion_equal_cyclone_minus_equal_state,area75_km2,-2500.0
421,motion_equal_cyclone_minus_equal_state,area75_km2,2500.0
422,motion_equal_cyclone_minus_equal_state,area75_km2,0.0
423,motion_equal_cyclone_minus_equal_state,area75_km2,-5000.0
424,motion_equal_cyclone_minus_equal_state,area75_km2,7500.0
425,motion_equal_cyclone_minus_equal_state,area75_km2,-10000.0
426,motion_equal_cyclone_minus_equal_state,area75_km2,10000.0
427,motion_equal_cyclone_minus_equal_state,area75_km2,-7500.0
428,motion_equal_cyclone_minus_equal_state,area75_km2,-5000.0
429,motion_equal_cyclone_minus_equal_state,area75_km2,20000.0
430,motion_equal_cyclone_minus_equal_state,area75_km2,2500.0
431,motion_equal_cyclone_minus_equal_state,area75_km2,-20000.0
432,motion_equal_cyclone_minus_equal_state,area75_km2,5000.0
433,motion_equal_cyclone_minus_equal_state,area75_km2,0.0
434,motion_equal_cyclone_minus_equal_state,area75_km2,2500.0
435,motion_equal_cyclone_minus_equal_state,area75_km2,-20000.0
436,motion_equal_cyclone_minus_equal_state,area75_km2,0.0
437,motion_equal_cyclone_minus_equal_state,area75_km2,0.0
438,motion_equal_cyclone_minus_equal_state,area75_km2,-7500.0
439,motion_equal_cyclone_minus_equal_state,area75_km2,27500.0
440,motion_equal_cyclone_minus_equal_state,area75_km2,12500.0
441,motion_equal_cyclone_minus_equal_state,area75_km2,-17500.0
442,motion_equal_cyclone_minus_equal_state,area75_km2,-12500.0
443,motion_equal_cyclone_minus_equal_state,area75_km2,7500.0
444,motion_equal_cyclone_minus_equal_state,area75_km2,-7500.0
445,motion_equal_cyclone_minus_equal_state,area75_km2,17500.0
446,motion_equal_cyclone_minus_equal_state,area75_km2,-15000.0
447,motion_equal_cyclone_minus_equal_state,area75_km2,-15000.0
448,motion_equal_cyclone_minus_equal_state,area75_km2,-12500.0
449,motion_equal_cyclone_minus_equal_state,area75_km2,-15000.0
450,motion_equal_cyclone_minus_equal_state,area75_km2,-10000.0
451,motion_equal_cyclone_minus_equal_state,area75_km2,-35000.0
452,motion_equal_cyclone_minus_equal_state,area75_km2,12500.0
453,motion_equal_cyclone_minus_equal_state,area75_km2,-10000.0
454,motion_equal_cyclone_minus_equal_state,area75_km2,-27500.0
455,motion_equal_cyclone_minus_equal_state,area75_km2,0.0
456,motion_equal_cyclone_minus_equal_state,area75_km2,-2500.0
457,motion_equal_cyclone_minus_equal_state,area75_km2,-5000.0
458,motion_equal_cyclone_minus_equal_state,area75_km2,-12500.0
459,motion_equal_cyclone_minus_equal_state,area75_km2,-17500.0
460,motion_equal_cyclone_minus_equal_state,area75_km2,5000.0
461,motion_equal_cyclone_minus_equal_state,area75_km2,-25000.0
462,motion_equal_cyclone_minus_equal_state,area75_km2,2500.0
463,motion_equal_cyclone_minus_equal_state,area75_km2,2500.0
464,motion_equal_cyclone_minus_equal_state,area75_km2,2500.0
465,motion_equal_cyclone_minus_equal_state,area75_km2,12500.0
466,motion_equal_cyclone_minus_equal_state,area75_km2,-2500.0
467,motion_equal_cyclone_minus_equal_state,area75_km2,-7500.0
468,motion_equal_cyclone_minus_equal_state,area75_km2,-7500.0
469,motion_equal_cyclone_minus_equal_state,area75_km2,2500.0
470,motion_equal_cyclone_minus_equal_state,area75_km2,-22500.0
471,motion_equal_cyclone_minus_equal_state,area75_km2,-20000.0
472,motion_equal_cyclone_minus_equal_state,area75_km2,-5000.0
473,motion_equal_cyclone_minus_equal_state,area75_km2,2500.0
474,motion_equal_cyclone_minus_equal_state,area75_km2,-17500.0
475,motion_equal_cyclone_minus_equal_state,area75_km2,5000.0
476,motion_equal_cyclone_minus_equal_state,area75_km2,-12500.0
477,motion_equal_cyclone_minus_equal_state,area75_km2,-5000.0
478,motion_equal_cyclone_minus_equal_state,area75_km2,-2500.0
479,motion_equal_cyclone_minus_equal_state,area75_km2,7500.0
480,motion_equal_cyclone_minus_equal_state,area75_km2,-7500.0
481,motion_equal_cyclone_minus_equal_state,area75_km2,5000.0
482,motion_equal_cyclone_minus_equal_state,area75_km2,-2500.0
483,motion_equal_cyclone_minus_equal_state,area75_km2,7500.0
484,motion_equal_cyclone_minus_equal_state,area75_km2,-12500.0
485,motion_equal_cyclone_minus_equal_state,area75_km2,-20000.0
486,motion_equal_cyclone_minus_equal_state,area75_km2,5000.0
487,motion_equal_cyclone_minus_equal_state,area75_km2,-17500.0
488,motion_equal_cyclone_minus_equal_state,area75_km2,12500.0
489,motion_equal_cyclone_minus_equal_state,area75_km2,-2500.0
490,motion_equal_cyclone_minus_equal_state,area75_km2,-5000.0
491,motion_equal_cyclone_minus_equal_state,area75_km2,20000.0
492,motion_equal_cyclone_minus_equal_state,area75_km2,-10000.0
493,motion_equal_cyclone_minus_equal_state,area75_km2,15000.0
494,motion_equal_cyclone_minus_equal_state,area75_km2,-2500.0
495,motion_equal_cyclone_minus_equal_state,area75_km2,0.0
496,motion_equal_cyclone_minus_equal_state,area75_km2,5000.0
497,motion_equal_cyclone_minus_equal_state,area75_km2,-32500.0
498,motion_equal_cyclone_minus_equal_state,area75_km2,-20000.0
499,motion_equal_cyclone_minus_equal_state,area75_km2,-25000.0
500,motion_equal_cyclone_minus_equal_state,area75_km2,-10000.0
1,motion_equal_cyclone_minus_equal_state,area90_km2,-5000.0
2,motion_equal_cyclone_minus_equal_state,area90_km2,-15000.0
3,motion_equal_cyclone_minus_equal_state,area90_km2,0.0
4,motion_equal_cyclone_minus_equal_state,area90_km2,-12500.0
5,motion_equal_cyclone_minus_equal_state,area90_km2,-22500.0
6,motion_equal_cyclone_minus_equal_state,area90_km2,-7500.0
7,motion_equal_cyclone_minus_equal_state,area90_km2,2500.0
8,motion_equal_cyclone_minus_equal_state,area90_km2,-15000.0
9,motion_equal_cyclone_minus_equal_state,area90_km2,-25000.0
10,motion_equal_cyclone_minus_equal_state,area90_km2,-17500.0
11,motion_equal_cyclone_minus_equal_state,area90_km2,-10000.0
12,motion_equal_cyclone_minus_equal_state,area90_km2,-2500.0
13,motion_equal_cyclone_minus_equal_state,area90_km2,-5000.0
14,motion_equal_cyclone_minus_equal_state,area90_km2,7500.0
15,motion_equal_cyclone_minus_equal_state,area90_km2,-30000.0
16,motion_equal_cyclone_minus_equal_state,area90_km2,-20000.0
17,motion_equal_cyclone_minus_equal_state,area90_km2,-20000.0
18,motion_equal_cyclone_minus_equal_state,area90_km2,-5000.0
19,motion_equal_cyclone_minus_equal_state,area90_km2,-10000.0
20,motion_equal_cyclone_minus_equal_state,area90_km2,-22500.0
21,motion_equal_cyclone_minus_equal_state,area90_km2,7500.0
22,motion_equal_cyclone_minus_equal_state,area90_km2,-5000.0
23,motion_equal_cyclone_minus_equal_state,area90_km2,-7500.0
24,motion_equal_cyclone_minus_equal_state,area90_km2,-2500.0
25,motion_equal_cyclone_minus_equal_state,area90_km2,-17500.0
26,motion_equal_cyclone_minus_equal_state,area90_km2,-15000.0
27,motion_equal_cyclone_minus_equal_state,area90_km2,-10000.0
28,motion_equal_cyclone_minus_equal_state,area90_km2,27500.0
29,motion_equal_cyclone_minus_equal_state,area90_km2,-15000.0
30,motion_equal_cyclone_minus_equal_state,area90_km2,10000.0
31,motion_equal_cyclone_minus_equal_state,area90_km2,-2500.0
32,motion_equal_cyclone_minus_equal_state,area90_km2,10000.0
33,motion_equal_cyclone_minus_equal_state,area90_km2,-2500.0
34,motion_equal_cyclone_minus_equal_state,area90_km2,-5000.0
35,motion_equal_cyclone_minus_equal_state,area90_km2,-10000.0
36,motion_equal_cyclone_minus_equal_state,area90_km2,7500.0
37,motion_equal_cyclone_minus_equal_state,area90_km2,-15000.0
38,motion_equal_cyclone_minus_equal_state,area90_km2,-15000.0
39,motion_equal_cyclone_minus_equal_state,area90_km2,0.0
40,motion_equal_cyclone_minus_equal_state,area90_km2,-30000.0
41,motion_equal_cyclone_minus_equal_state,area90_km2,-2500.0
42,motion_equal_cyclone_minus_equal_state,area90_km2,-12500.0
43,motion_equal_cyclone_minus_equal_state,area90_km2,-10000.0
44,motion_equal_cyclone_minus_equal_state,area90_km2,12500.0
45,motion_equal_cyclone_minus_equal_state,area90_km2,-10000.0
46,motion_equal_cyclone_minus_equal_state,area90_km2,-10000.0
47,motion_equal_cyclone_minus_equal_state,area90_km2,-12500.0
48,motion_equal_cyclone_minus_equal_state,area90_km2,-12500.0
49,motion_equal_cyclone_minus_equal_state,area90_km2,-7500.0
50,motion_equal_cyclone_minus_equal_state,area90_km2,-10000.0
51,motion_equal_cyclone_minus_equal_state,area90_km2,-12500.0
52,motion_equal_cyclone_minus_equal_state,area90_km2,-20000.0
53,motion_equal_cyclone_minus_equal_state,area90_km2,-10000.0
54,motion_equal_cyclone_minus_equal_state,area90_km2,-2500.0
55,motion_equal_cyclone_minus_equal_state,area90_km2,-17500.0
56,motion_equal_cyclone_minus_equal_state,area90_km2,-25000.0
57,motion_equal_cyclone_minus_equal_state,area90_km2,-2500.0
58,motion_equal_cyclone_minus_equal_state,area90_km2,-7500.0
59,motion_equal_cyclone_minus_equal_state,area90_km2,10000.0
60,motion_equal_cyclone_minus_equal_state,area90_km2,17500.0
61,motion_equal_cyclone_minus_equal_state,area90_km2,5000.0
62,motion_equal_cyclone_minus_equal_state,area90_km2,-12500.0
63,motion_equal_cyclone_minus_equal_state,area90_km2,12500.0
64,motion_equal_cyclone_minus_equal_state,area90_km2,-7500.0
65,motion_equal_cyclone_minus_equal_state,area90_km2,2500.0
66,motion_equal_cyclone_minus_equal_state,area90_km2,-15000.0
67,motion_equal_cyclone_minus_equal_state,area90_km2,-2500.0
68,motion_equal_cyclone_minus_equal_state,area90_km2,-25000.0
69,motion_equal_cyclone_minus_equal_state,area90_km2,-10000.0
70,motion_equal_cyclone_minus_equal_state,area90_km2,-17500.0
71,motion_equal_cyclone_minus_equal_state,area90_km2,0.0
72,motion_equal_cyclone_minus_equal_state,area90_km2,12500.0
73,motion_equal_cyclone_minus_equal_state,area90_km2,7500.0
74,motion_equal_cyclone_minus_equal_state,area90_km2,-7500.0
75,motion_equal_cyclone_minus_equal_state,area90_km2,-15000.0
76,motion_equal_cyclone_minus_equal_state,area90_km2,-7500.0
77,motion_equal_cyclone_minus_equal_state,area90_km2,5000.0
78,motion_equal_cyclone_minus_equal_state,area90_km2,-35000.0
79,motion_equal_cyclone_minus_equal_state,area90_km2,-10000.0
80,motion_equal_cyclone_minus_equal_state,area90_km2,-2500.0
81,motion_equal_cyclone_minus_equal_state,area90_km2,0.0
82,motion_equal_cyclone_minus_equal_state,area90_km2,-20000.0
83,motion_equal_cyclone_minus_equal_state,area90_km2,-5000.0
84,motion_equal_cyclone_minus_equal_state,area90_km2,-7500.0
85,motion_equal_cyclone_minus_equal_state,area90_km2,7500.0
86,motion_equal_cyclone_minus_equal_state,area90_km2,-2500.0
87,motion_equal_cyclone_minus_equal_state,area90_km2,2500.0
88,motion_equal_cyclone_minus_equal_state,area90_km2,-32500.0
89,motion_equal_cyclone_minus_equal_state,area90_km2,5000.0
90,motion_equal_cyclone_minus_equal_state,area90_km2,-35000.0
91,motion_equal_cyclone_minus_equal_state,area90_km2,-27500.0
92,motion_equal_cyclone_minus_equal_state,area90_km2,-17500.0
93,motion_equal_cyclone_minus_equal_state,area90_km2,0.0
94,motion_equal_cyclone_minus_equal_state,area90_km2,7500.0
95,motion_equal_cyclone_minus_equal_state,area90_km2,-10000.0
96,motion_equal_cyclone_minus_equal_state,area90_km2,-10000.0
97,motion_equal_cyclone_minus_equal_state,area90_km2,2500.0
98,motion_equal_cyclone_minus_equal_state,area90_km2,-15000.0
99,motion_equal_cyclone_minus_equal_state,area90_km2,-15000.0
100,motion_equal_cyclone_minus_equal_state,area90_km2,0.0
101,motion_equal_cyclone_minus_equal_state,area90_km2,5000.0
102,motion_equal_cyclone_minus_equal_state,area90_km2,0.0
103,motion_equal_cyclone_minus_equal_state,area90_km2,-10000.0
104,motion_equal_cyclone_minus_equal_state,area90_km2,-37500.0
105,motion_equal_cyclone_minus_equal_state,area90_km2,-12500.0
106,motion_equal_cyclone_minus_equal_state,area90_km2,-5000.0
107,motion_equal_cyclone_minus_equal_state,area90_km2,-2500.0
108,motion_equal_cyclone_minus_equal_state,area90_km2,-17500.0
109,motion_equal_cyclone_minus_equal_state,area90_km2,2500.0
110,motion_equal_cyclone_minus_equal_state,area90_km2,-7500.0
111,motion_equal_cyclone_minus_equal_state,area90_km2,-5000.0
112,motion_equal_cyclone_minus_equal_state,area90_km2,0.0
113,motion_equal_cyclone_minus_equal_state,area90_km2,-12500.0
114,motion_equal_cyclone_minus_equal_state,area90_km2,-10000.0
115,motion_equal_cyclone_minus_equal_state,area90_km2,0.0
116,motion_equal_cyclone_minus_equal_state,area90_km2,-20000.0
117,motion_equal_cyclone_minus_equal_state,area90_km2,-5000.0
118,motion_equal_cyclone_minus_equal_state,area90_km2,-17500.0
119,motion_equal_cyclone_minus_equal_state,area90_km2,-15000.0
120,motion_equal_cyclone_minus_equal_state,area90_km2,-10000.0
121,motion_equal_cyclone_minus_equal_state,area90_km2,-25000.0
122,motion_equal_cyclone_minus_equal_state,area90_km2,-17500.0
123,motion_equal_cyclone_minus_equal_state,area90_km2,22500.0
124,motion_equal_cyclone_minus_equal_state,area90_km2,-7500.0
125,motion_equal_cyclone_minus_equal_state,area90_km2,10000.0
126,motion_equal_cyclone_minus_equal_state,area90_km2,-5000.0
127,motion_equal_cyclone_minus_equal_state,area90_km2,-7500.0
128,motion_equal_cyclone_minus_equal_state,area90_km2,-7500.0
129,motion_equal_cyclone_minus_equal_state,area90_km2,12500.0
130,motion_equal_cyclone_minus_equal_state,area90_km2,-25000.0
131,motion_equal_cyclone_minus_equal_state,area90_km2,-32500.0
132,motion_equal_cyclone_minus_equal_state,area90_km2,-10000.0
133,motion_equal_cyclone_minus_equal_state,area90_km2,-12500.0
134,motion_equal_cyclone_minus_equal_state,area90_km2,2500.0
135,motion_equal_cyclone_minus_equal_state,area90_km2,7500.0
136,motion_equal_cyclone_minus_equal_state,area90_km2,7500.0
137,motion_equal_cyclone_minus_equal_state,area90_km2,-12500.0
138,motion_equal_cyclone_minus_equal_state,area90_km2,-27500.0
139,motion_equal_cyclone_minus_equal_state,area90_km2,-20000.0
140,motion_equal_cyclone_minus_equal_state,area90_km2,-32500.0
141,motion_equal_cyclone_minus_equal_state,area90_km2,-2500.0
142,motion_equal_cyclone_minus_equal_state,area90_km2,-20000.0
143,motion_equal_cyclone_minus_equal_state,area90_km2,-15000.0
144,motion_equal_cyclone_minus_equal_state,area90_km2,-12500.0
145,motion_equal_cyclone_minus_equal_state,area90_km2,-5000.0
146,motion_equal_cyclone_minus_equal_state,area90_km2,7500.0
147,motion_equal_cyclone_minus_equal_state,area90_km2,-5000.0
148,motion_equal_cyclone_minus_equal_state,area90_km2,10000.0
149,motion_equal_cyclone_minus_equal_state,area90_km2,-7500.0
150,motion_equal_cyclone_minus_equal_state,area90_km2,-5000.0
151,motion_equal_cyclone_minus_equal_state,area90_km2,-17500.0
152,motion_equal_cyclone_minus_equal_state,area90_km2,-10000.0
153,motion_equal_cyclone_minus_equal_state,area90_km2,-15000.0
154,motion_equal_cyclone_minus_equal_state,area90_km2,-20000.0
155,motion_equal_cyclone_minus_equal_state,area90_km2,-2500.0
156,motion_equal_cyclone_minus_equal_state,area90_km2,-5000.0
157,motion_equal_cyclone_minus_equal_state,area90_km2,-37500.0
158,motion_equal_cyclone_minus_equal_state,area90_km2,2500.0
159,motion_equal_cyclone_minus_equal_state,area90_km2,-12500.0
160,motion_equal_cyclone_minus_equal_state,area90_km2,2500.0
161,motion_equal_cyclone_minus_equal_state,area90_km2,-7500.0
162,motion_equal_cyclone_minus_equal_state,area90_km2,2500.0
163,motion_equal_cyclone_minus_equal_state,area90_km2,-15000.0
164,motion_equal_cyclone_minus_equal_state,area90_km2,-25000.0
165,motion_equal_cyclone_minus_equal_state,area90_km2,7500.0
166,motion_equal_cyclone_minus_equal_state,area90_km2,-15000.0
167,motion_equal_cyclone_minus_equal_state,area90_km2,-5000.0
168,motion_equal_cyclone_minus_equal_state,area90_km2,-7500.0
169,motion_equal_cyclone_minus_equal_state,area90_km2,-2500.0
170,motion_equal_cyclone_minus_equal_state,area90_km2,-2500.0
171,motion_equal_cyclone_minus_equal_state,area90_km2,7500.0
172,motion_equal_cyclone_minus_equal_state,area90_km2,-10000.0
173,motion_equal_cyclone_minus_equal_state,area90_km2,-30000.0
174,motion_equal_cyclone_minus_equal_state,area90_km2,7500.0
175,motion_equal_cyclone_minus_equal_state,area90_km2,-2500.0
176,motion_equal_cyclone_minus_equal_state,area90_km2,-10000.0
177,motion_equal_cyclone_minus_equal_state,area90_km2,-2500.0
178,motion_equal_cyclone_minus_equal_state,area90_km2,-10000.0
179,motion_equal_cyclone_minus_equal_state,area90_km2,-25000.0
180,motion_equal_cyclone_minus_equal_state,area90_km2,0.0
181,motion_equal_cyclone_minus_equal_state,area90_km2,-7500.0
182,motion_equal_cyclone_minus_equal_state,area90_km2,-2500.0
183,motion_equal_cyclone_minus_equal_state,area90_km2,2500.0
184,motion_equal_cyclone_minus_equal_state,area90_km2,-17500.0
185,motion_equal_cyclone_minus_equal_state,area90_km2,-7500.0
186,motion_equal_cyclone_minus_equal_state,area90_km2,0.0
187,motion_equal_cyclone_minus_equal_state,area90_km2,-27500.0
188,motion_equal_cyclone_minus_equal_state,area90_km2,-10000.0
189,motion_equal_cyclone_minus_equal_state,area90_km2,5000.0
190,motion_equal_cyclone_minus_equal_state,area90_km2,-12500.0
191,motion_equal_cyclone_minus_equal_state,area90_km2,7500.0
192,motion_equal_cyclone_minus_equal_state,area90_km2,-2500.0
193,motion_equal_cyclone_minus_equal_state,area90_km2,-17500.0
194,motion_equal_cyclone_minus_equal_state,area90_km2,-17500.0
195,motion_equal_cyclone_minus_equal_state,area90_km2,-12500.0
196,motion_equal_cyclone_minus_equal_state,area90_km2,-7500.0
197,motion_equal_cyclone_minus_equal_state,area90_km2,-10000.0
198,motion_equal_cyclone_minus_equal_state,area90_km2,-25000.0
199,motion_equal_cyclone_minus_equal_state,area90_km2,-15000.0
200,motion_equal_cyclone_minus_equal_state,area90_km2,-15000.0
201,motion_equal_cyclone_minus_equal_state,area90_km2,-7500.0
202,motion_equal_cyclone_minus_equal_state,area90_km2,0.0
203,motion_equal_cyclone_minus_equal_state,area90_km2,-5000.0
204,motion_equal_cyclone_minus_equal_state,area90_km2,-7500.0
205,motion_equal_cyclone_minus_equal_state,area90_km2,-20000.0
206,motion_equal_cyclone_minus_equal_state,area90_km2,-2500.0
207,motion_equal_cyclone_minus_equal_state,area90_km2,-5000.0
208,motion_equal_cyclone_minus_equal_state,area90_km2,-17500.0
209,motion_equal_cyclone_minus_equal_state,area90_km2,-12500.0
210,motion_equal_cyclone_minus_equal_state,area90_km2,-10000.0
211,motion_equal_cyclone_minus_equal_state,area90_km2,2500.0
212,motion_equal_cyclone_minus_equal_state,area90_km2,-17500.0
213,motion_equal_cyclone_minus_equal_state,area90_km2,-5000.0
214,motion_equal_cyclone_minus_equal_state,area90_km2,-20000.0
215,motion_equal_cyclone_minus_equal_state,area90_km2,-2500.0
216,motion_equal_cyclone_minus_equal_state,area90_km2,-10000.0
217,motion_equal_cyclone_minus_equal_state,area90_km2,0.0
218,motion_equal_cyclone_minus_equal_state,area90_km2,-10000.0
219,motion_equal_cyclone_minus_equal_state,area90_km2,0.0
220,motion_equal_cyclone_minus_equal_state,area90_km2,-22500.0
221,motion_equal_cyclone_minus_equal_state,area90_km2,17500.0
222,motion_equal_cyclone_minus_equal_state,area90_km2,10000.0
223,motion_equal_cyclone_minus_equal_state,area90_km2,-17500.0
224,motion_equal_cyclone_minus_equal_state,area90_km2,-2500.0
225,motion_equal_cyclone_minus_equal_state,area90_km2,-2500.0
226,motion_equal_cyclone_minus_equal_state,area90_km2,5000.0
227,motion_equal_cyclone_minus_equal_state,area90_km2,-15000.0
228,motion_equal_cyclone_minus_equal_state,area90_km2,-17500.0
229,motion_equal_cyclone_minus_equal_state,area90_km2,10000.0
230,motion_equal_cyclone_minus_equal_state,area90_km2,-12500.0
231,motion_equal_cyclone_minus_equal_state,area90_km2,-12500.0
232,motion_equal_cyclone_minus_equal_state,area90_km2,5000.0
233,motion_equal_cyclone_minus_equal_state,area90_km2,-15000.0
234,motion_equal_cyclone_minus_equal_state,area90_km2,-22500.0
235,motion_equal_cyclone_minus_equal_state,area90_km2,-22500.0
236,motion_equal_cyclone_minus_equal_state,area90_km2,-2500.0
237,motion_equal_cyclone_minus_equal_state,area90_km2,-10000.0
238,motion_equal_cyclone_minus_equal_state,area90_km2,-15000.0
239,motion_equal_cyclone_minus_equal_state,area90_km2,-15000.0
240,motion_equal_cyclone_minus_equal_state,area90_km2,-5000.0
241,motion_equal_cyclone_minus_equal_state,area90_km2,-12500.0
242,motion_equal_cyclone_minus_equal_state,area90_km2,2500.0
243,motion_equal_cyclone_minus_equal_state,area90_km2,-10000.0
244,motion_equal_cyclone_minus_equal_state,area90_km2,12500.0
245,motion_equal_cyclone_minus_equal_state,area90_km2,-12500.0
246,motion_equal_cyclone_minus_equal_state,area90_km2,-7500.0
247,motion_equal_cyclone_minus_equal_state,area90_km2,-17500.0
248,motion_equal_cyclone_minus_equal_state,area90_km2,-12500.0
249,motion_equal_cyclone_minus_equal_state,area90_km2,5000.0
250,motion_equal_cyclone_minus_equal_state,area90_km2,0.0
251,motion_equal_cyclone_minus_equal_state,area90_km2,0.0
252,motion_equal_cyclone_minus_equal_state,area90_km2,-5000.0
253,motion_equal_cyclone_minus_equal_state,area90_km2,-17500.0
254,motion_equal_cyclone_minus_equal_state,area90_km2,-12500.0
255,motion_equal_cyclone_minus_equal_state,area90_km2,-17500.0
256,motion_equal_cyclone_minus_equal_state,area90_km2,0.0
257,motion_equal_cyclone_minus_equal_state,area90_km2,-10000.0
258,motion_equal_cyclone_minus_equal_state,area90_km2,-7500.0
259,motion_equal_cyclone_minus_equal_state,area90_km2,-10000.0
260,motion_equal_cyclone_minus_equal_state,area90_km2,-17500.0
261,motion_equal_cyclone_minus_equal_state,area90_km2,-2500.0
262,motion_equal_cyclone_minus_equal_state,area90_km2,2500.0
263,motion_equal_cyclone_minus_equal_state,area90_km2,-2500.0
264,motion_equal_cyclone_minus_equal_state,area90_km2,-7500.0
265,motion_equal_cyclone_minus_equal_state,area90_km2,-5000.0
266,motion_equal_cyclone_minus_equal_state,area90_km2,-2500.0
267,motion_equal_cyclone_minus_equal_state,area90_km2,-10000.0
268,motion_equal_cyclone_minus_equal_state,area90_km2,2500.0
269,motion_equal_cyclone_minus_equal_state,area90_km2,-22500.0
270,motion_equal_cyclone_minus_equal_state,area90_km2,-17500.0
271,motion_equal_cyclone_minus_equal_state,area90_km2,-2500.0
272,motion_equal_cyclone_minus_equal_state,area90_km2,-12500.0
273,motion_equal_cyclone_minus_equal_state,area90_km2,10000.0
274,motion_equal_cyclone_minus_equal_state,area90_km2,-2500.0
275,motion_equal_cyclone_minus_equal_state,area90_km2,-17500.0
276,motion_equal_cyclone_minus_equal_state,area90_km2,-7500.0
277,motion_equal_cyclone_minus_equal_state,area90_km2,2500.0
278,motion_equal_cyclone_minus_equal_state,area90_km2,-5000.0
279,motion_equal_cyclone_minus_equal_state,area90_km2,7500.0
280,motion_equal_cyclone_minus_equal_state,area90_km2,-17500.0
281,motion_equal_cyclone_minus_equal_state,area90_km2,-12500.0
282,motion_equal_cyclone_minus_equal_state,area90_km2,-5000.0
283,motion_equal_cyclone_minus_equal_state,area90_km2,-7500.0
284,motion_equal_cyclone_minus_equal_state,area90_km2,-7500.0
285,motion_equal_cyclone_minus_equal_state,area90_km2,-12500.0
286,motion_equal_cyclone_minus_equal_state,area90_km2,-20000.0
287,motion_equal_cyclone_minus_equal_state,area90_km2,-10000.0
288,motion_equal_cyclone_minus_equal_state,area90_km2,-2500.0
289,motion_equal_cyclone_minus_equal_state,area90_km2,-12500.0
290,motion_equal_cyclone_minus_equal_state,area90_km2,-20000.0
291,motion_equal_cyclone_minus_equal_state,area90_km2,5000.0
292,motion_equal_cyclone_minus_equal_state,area90_km2,-22500.0
293,motion_equal_cyclone_minus_equal_state,area90_km2,-22500.0
294,motion_equal_cyclone_minus_equal_state,area90_km2,-15000.0
295,motion_equal_cyclone_minus_equal_state,area90_km2,-27500.0
296,motion_equal_cyclone_minus_equal_state,area90_km2,7500.0
297,motion_equal_cyclone_minus_equal_state,area90_km2,2500.0
298,motion_equal_cyclone_minus_equal_state,area90_km2,-7500.0
299,motion_equal_cyclone_minus_equal_state,area90_km2,2500.0
300,motion_equal_cyclone_minus_equal_state,area90_km2,5000.0
301,motion_equal_cyclone_minus_equal_state,area90_km2,-20000.0
302,motion_equal_cyclone_minus_equal_state,area90_km2,-20000.0
303,motion_equal_cyclone_minus_equal_state,area90_km2,-27500.0
304,motion_equal_cyclone_minus_equal_state,area90_km2,-25000.0
305,motion_equal_cyclone_minus_equal_state,area90_km2,12500.0
306,motion_equal_cyclone_minus_equal_state,area90_km2,-17500.0
307,motion_equal_cyclone_minus_equal_state,area90_km2,-10000.0
308,motion_equal_cyclone_minus_equal_state,area90_km2,10000.0
309,motion_equal_cyclone_minus_equal_state,area90_km2,-27500.0
310,motion_equal_cyclone_minus_equal_state,area90_km2,-15000.0
311,motion_equal_cyclone_minus_equal_state,area90_km2,10000.0
312,motion_equal_cyclone_minus_equal_state,area90_km2,-12500.0
313,motion_equal_cyclone_minus_equal_state,area90_km2,-27500.0
314,motion_equal_cyclone_minus_equal_state,area90_km2,-17500.0
315,motion_equal_cyclone_minus_equal_state,area90_km2,-5000.0
316,motion_equal_cyclone_minus_equal_state,area90_km2,0.0
317,motion_equal_cyclone_minus_equal_state,area90_km2,-7500.0
318,motion_equal_cyclone_minus_equal_state,area90_km2,17500.0
319,motion_equal_cyclone_minus_equal_state,area90_km2,-7500.0
320,motion_equal_cyclone_minus_equal_state,area90_km2,-32500.0
321,motion_equal_cyclone_minus_equal_state,area90_km2,-27500.0
322,motion_equal_cyclone_minus_equal_state,area90_km2,-2500.0
323,motion_equal_cyclone_minus_equal_state,area90_km2,2500.0
324,motion_equal_cyclone_minus_equal_state,area90_km2,-15000.0
325,motion_equal_cyclone_minus_equal_state,area90_km2,-15000.0
326,motion_equal_cyclone_minus_equal_state,area90_km2,-17500.0
327,motion_equal_cyclone_minus_equal_state,area90_km2,-25000.0
328,motion_equal_cyclone_minus_equal_state,area90_km2,-10000.0
329,motion_equal_cyclone_minus_equal_state,area90_km2,-25000.0
330,motion_equal_cyclone_minus_equal_state,area90_km2,-5000.0
331,motion_equal_cyclone_minus_equal_state,area90_km2,5000.0
332,motion_equal_cyclone_minus_equal_state,area90_km2,-7500.0
333,motion_equal_cyclone_minus_equal_state,area90_km2,7500.0
334,motion_equal_cyclone_minus_equal_state,area90_km2,-7500.0
335,motion_equal_cyclone_minus_equal_state,area90_km2,10000.0
336,motion_equal_cyclone_minus_equal_state,area90_km2,-12500.0
337,motion_equal_cyclone_minus_equal_state,area90_km2,5000.0
338,motion_equal_cyclone_minus_equal_state,area90_km2,10000.0
339,motion_equal_cyclone_minus_equal_state,area90_km2,15000.0
340,motion_equal_cyclone_minus_equal_state,area90_km2,-32500.0
341,motion_equal_cyclone_minus_equal_state,area90_km2,-15000.0
342,motion_equal_cyclone_minus_equal_state,area90_km2,-22500.0
343,motion_equal_cyclone_minus_equal_state,area90_km2,0.0
344,motion_equal_cyclone_minus_equal_state,area90_km2,-5000.0
345,motion_equal_cyclone_minus_equal_state,area90_km2,-15000.0
346,motion_equal_cyclone_minus_equal_state,area90_km2,-20000.0
347,motion_equal_cyclone_minus_equal_state,area90_km2,-20000.0
348,motion_equal_cyclone_minus_equal_state,area90_km2,-10000.0
349,motion_equal_cyclone_minus_equal_state,area90_km2,-15000.0
350,motion_equal_cyclone_minus_equal_state,area90_km2,-17500.0
351,motion_equal_cyclone_minus_equal_state,area90_km2,-7500.0
352,motion_equal_cyclone_minus_equal_state,area90_km2,-10000.0
353,motion_equal_cyclone_minus_equal_state,area90_km2,-10000.0
354,motion_equal_cyclone_minus_equal_state,area90_km2,-2500.0
355,motion_equal_cyclone_minus_equal_state,area90_km2,0.0
356,motion_equal_cyclone_minus_equal_state,area90_km2,-2500.0
357,motion_equal_cyclone_minus_equal_state,area90_km2,-10000.0
358,motion_equal_cyclone_minus_equal_state,area90_km2,-10000.0
359,motion_equal_cyclone_minus_equal_state,area90_km2,-10000.0
360,motion_equal_cyclone_minus_equal_state,area90_km2,-7500.0
361,motion_equal_cyclone_minus_equal_state,area90_km2,-15000.0
362,motion_equal_cyclone_minus_equal_state,area90_km2,-15000.0
363,motion_equal_cyclone_minus_equal_state,area90_km2,-25000.0
364,motion_equal_cyclone_minus_equal_state,area90_km2,-12500.0
365,motion_equal_cyclone_minus_equal_state,area90_km2,-5000.0
366,motion_equal_cyclone_minus_equal_state,area90_km2,-2500.0
367,motion_equal_cyclone_minus_equal_state,area90_km2,-10000.0
368,motion_equal_cyclone_minus_equal_state,area90_km2,-2500.0
369,motion_equal_cyclone_minus_equal_state,area90_km2,-10000.0
370,motion_equal_cyclone_minus_equal_state,area90_km2,-5000.0
371,motion_equal_cyclone_minus_equal_state,area90_km2,-22500.0
372,motion_equal_cyclone_minus_equal_state,area90_km2,-15000.0
373,motion_equal_cyclone_minus_equal_state,area90_km2,-20000.0
374,motion_equal_cyclone_minus_equal_state,area90_km2,-15000.0
375,motion_equal_cyclone_minus_equal_state,area90_km2,-22500.0
376,motion_equal_cyclone_minus_equal_state,area90_km2,-12500.0
377,motion_equal_cyclone_minus_equal_state,area90_km2,-5000.0
378,motion_equal_cyclone_minus_equal_state,area90_km2,-15000.0
379,motion_equal_cyclone_minus_equal_state,area90_km2,-17500.0
380,motion_equal_cyclone_minus_equal_state,area90_km2,2500.0
381,motion_equal_cyclone_minus_equal_state,area90_km2,-12500.0
382,motion_equal_cyclone_minus_equal_state,area90_km2,0.0
383,motion_equal_cyclone_minus_equal_state,area90_km2,-10000.0
384,motion_equal_cyclone_minus_equal_state,area90_km2,-5000.0
385,motion_equal_cyclone_minus_equal_state,area90_km2,-25000.0
386,motion_equal_cyclone_minus_equal_state,area90_km2,-7500.0
387,motion_equal_cyclone_minus_equal_state,area90_km2,-10000.0
388,motion_equal_cyclone_minus_equal_state,area90_km2,15000.0
389,motion_equal_cyclone_minus_equal_state,area90_km2,-7500.0
390,motion_equal_cyclone_minus_equal_state,area90_km2,-12500.0
391,motion_equal_cyclone_minus_equal_state,area90_km2,-2500.0
392,motion_equal_cyclone_minus_equal_state,area90_km2,-7500.0
393,motion_equal_cyclone_minus_equal_state,area90_km2,-2500.0
394,motion_equal_cyclone_minus_equal_state,area90_km2,-15000.0
395,motion_equal_cyclone_minus_equal_state,area90_km2,-30000.0
396,motion_equal_cyclone_minus_equal_state,area90_km2,-7500.0
397,motion_equal_cyclone_minus_equal_state,area90_km2,-15000.0
398,motion_equal_cyclone_minus_equal_state,area90_km2,-2500.0
399,motion_equal_cyclone_minus_equal_state,area90_km2,-27500.0
400,motion_equal_cyclone_minus_equal_state,area90_km2,-5000.0
401,motion_equal_cyclone_minus_equal_state,area90_km2,-10000.0
402,motion_equal_cyclone_minus_equal_state,area90_km2,5000.0
403,motion_equal_cyclone_minus_equal_state,area90_km2,-17500.0
404,motion_equal_cyclone_minus_equal_state,area90_km2,-15000.0
405,motion_equal_cyclone_minus_equal_state,area90_km2,0.0
406,motion_equal_cyclone_minus_equal_state,area90_km2,-17500.0
407,motion_equal_cyclone_minus_equal_state,area90_km2,-15000.0
408,motion_equal_cyclone_minus_equal_state,area90_km2,-15000.0
409,motion_equal_cyclone_minus_equal_state,area90_km2,-10000.0
410,motion_equal_cyclone_minus_equal_state,area90_km2,-25000.0
411,motion_equal_cyclone_minus_equal_state,area90_km2,7500.0
412,motion_equal_cyclone_minus_equal_state,area90_km2,0.0
413,motion_equal_cyclone_minus_equal_state,area90_km2,7500.0
414,motion_equal_cyclone_minus_equal_state,area90_km2,-25000.0
415,motion_equal_cyclone_minus_equal_state,area90_km2,-15000.0
416,motion_equal_cyclone_minus_equal_state,area90_km2,-25000.0
417,motion_equal_cyclone_minus_equal_state,area90_km2,-5000.0
418,motion_equal_cyclone_minus_equal_state,area90_km2,-12500.0
419,motion_equal_cyclone_minus_equal_state,area90_km2,-5000.0
420,motion_equal_cyclone_minus_equal_state,area90_km2,0.0
421,motion_equal_cyclone_minus_equal_state,area90_km2,0.0
422,motion_equal_cyclone_minus_equal_state,area90_km2,0.0
423,motion_equal_cyclone_minus_equal_state,area90_km2,-15000.0
424,motion_equal_cyclone_minus_equal_state,area90_km2,-15000.0
425,motion_equal_cyclone_minus_equal_state,area90_km2,-2500.0
426,motion_equal_cyclone_minus_equal_state,area90_km2,2500.0
427,motion_equal_cyclone_minus_equal_state,area90_km2,-5000.0
428,motion_equal_cyclone_minus_equal_state,area90_km2,-15000.0
429,motion_equal_cyclone_minus_equal_state,area90_km2,7500.0
430,motion_equal_cyclone_minus_equal_state,area90_km2,-5000.0
431,motion_equal_cyclone_minus_equal_state,area90_km2,-22500.0
432,motion_equal_cyclone_minus_equal_state,area90_km2,-12500.0
433,motion_equal_cyclone_minus_equal_state,area90_km2,0.0
434,motion_equal_cyclone_minus_equal_state,area90_km2,5000.0
435,motion_equal_cyclone_minus_equal_state,area90_km2,-20000.0
436,motion_equal_cyclone_minus_equal_state,area90_km2,-12500.0
437,motion_equal_cyclone_minus_equal_state,area90_km2,-2500.0
438,motion_equal_cyclone_minus_equal_state,area90_km2,-17500.0
439,motion_equal_cyclone_minus_equal_state,area90_km2,2500.0
440,motion_equal_cyclone_minus_equal_state,area90_km2,0.0
441,motion_equal_cyclone_minus_equal_state,area90_km2,-25000.0
442,motion_equal_cyclone_minus_equal_state,area90_km2,-25000.0
443,motion_equal_cyclone_minus_equal_state,area90_km2,0.0
444,motion_equal_cyclone_minus_equal_state,area90_km2,-17500.0
445,motion_equal_cyclone_minus_equal_state,area90_km2,7500.0
446,motion_equal_cyclone_minus_equal_state,area90_km2,-17500.0
447,motion_equal_cyclone_minus_equal_state,area90_km2,-20000.0
448,motion_equal_cyclone_minus_equal_state,area90_km2,-12500.0
449,motion_equal_cyclone_minus_equal_state,area90_km2,-15000.0
450,motion_equal_cyclone_minus_equal_state,area90_km2,-7500.0
451,motion_equal_cyclone_minus_equal_state,area90_km2,-27500.0
452,motion_equal_cyclone_minus_equal_state,area90_km2,12500.0
453,motion_equal_cyclone_minus_equal_state,area90_km2,-22500.0
454,motion_equal_cyclone_minus_equal_state,area90_km2,-12500.0
455,motion_equal_cyclone_minus_equal_state,area90_km2,2500.0
456,motion_equal_cyclone_minus_equal_state,area90_km2,-10000.0
457,motion_equal_cyclone_minus_equal_state,area90_km2,-5000.0
458,motion_equal_cyclone_minus_equal_state,area90_km2,-12500.0
459,motion_equal_cyclone_minus_equal_state,area90_km2,-2500.0
460,motion_equal_cyclone_minus_equal_state,area90_km2,10000.0
461,motion_equal_cyclone_minus_equal_state,area90_km2,-40000.0
462,motion_equal_cyclone_minus_equal_state,area90_km2,-17500.0
463,motion_equal_cyclone_minus_equal_state,area90_km2,2500.0
464,motion_equal_cyclone_minus_equal_state,area90_km2,5000.0
465,motion_equal_cyclone_minus_equal_state,area90_km2,-5000.0
466,motion_equal_cyclone_minus_equal_state,area90_km2,5000.0
467,motion_equal_cyclone_minus_equal_state,area90_km2,-12500.0
468,motion_equal_cyclone_minus_equal_state,area90_km2,-15000.0
469,motion_equal_cyclone_minus_equal_state,area90_km2,-12500.0
470,motion_equal_cyclone_minus_equal_state,area90_km2,-32500.0
471,motion_equal_cyclone_minus_equal_state,area90_km2,-30000.0
472,motion_equal_cyclone_minus_equal_state,area90_km2,-22500.0
473,motion_equal_cyclone_minus_equal_state,area90_km2,-2500.0
474,motion_equal_cyclone_minus_equal_state,area90_km2,-17500.0
475,motion_equal_cyclone_minus_equal_state,area90_km2,5000.0
476,motion_equal_cyclone_minus_equal_state,area90_km2,-17500.0
477,motion_equal_cyclone_minus_equal_state,area90_km2,-7500.0
478,motion_equal_cyclone_minus_equal_state,area90_km2,-17500.0
479,motion_equal_cyclone_minus_equal_state,area90_km2,5000.0
480,motion_equal_cyclone_minus_equal_state,area90_km2,-10000.0
481,motion_equal_cyclone_minus_equal_state,area90_km2,2500.0
482,motion_equal_cyclone_minus_equal_state,area90_km2,-5000.0
483,motion_equal_cyclone_minus_equal_state,area90_km2,-2500.0
484,motion_equal_cyclone_minus_equal_state,area90_km2,-15000.0
485,motion_equal_cyclone_minus_equal_state,area90_km2,-15000.0
486,motion_equal_cyclone_minus_equal_state,area90_km2,10000.0
487,motion_equal_cyclone_minus_equal_state,area90_km2,-15000.0
488,motion_equal_cyclone_minus_equal_state,area90_km2,5000.0
489,motion_equal_cyclone_minus_equal_state,area90_km2,0.0
490,motion_equal_cyclone_minus_equal_state,area90_km2,-10000.0
491,motion_equal_cyclone_minus_equal_state,area90_km2,15000.0
492,motion_equal_cyclone_minus_equal_state,area90_km2,-17500.0
493,motion_equal_cyclone_minus_equal_state,area90_km2,5000.0
494,motion_equal_cyclone_minus_equal_state,area90_km2,10000.0
495,motion_equal_cyclone_minus_equal_state,area90_km2,-2500.0
496,motion_equal_cyclone_minus_equal_state,area90_km2,-5000.0
497,motion_equal_cyclone_minus_equal_state,area90_km2,-25000.0
498,motion_equal_cyclone_minus_equal_state,area90_km2,-20000.0
499,motion_equal_cyclone_minus_equal_state,area90_km2,-15000.0
500,motion_equal_cyclone_minus_equal_state,area90_km2,-10000.0
1,motion_equal_cyclone_minus_equal_state,rms_about_centroid_km,39.14273433313963
2,motion_equal_cyclone_minus_equal_state,rms_about_centroid_km,39.02843545888277
3,motion_equal_cyclone_minus_equal_state,rms_about_centroid_km,43.34693639790521
4,motion_equal_cyclone_minus_equal_state,rms_about_centroid_km,42.031344123253916
5,motion_equal_cyclone_minus_equal_state,rms_about_centroid_km,39.8980097646521
6,motion_equal_cyclone_minus_equal_state,rms_about_centroid_km,45.94390255530698
7,motion_equal_cyclone_minus_equal_state,rms_about_centroid_km,45.06061501344561
8,motion_equal_cyclone_minus_equal_state,rms_about_centroid_km,41.28448244329354
9,motion_equal_cyclone_minus_equal_state,rms_about_centroid_km,39.66010526866137
10,motion_equal_cyclone_minus_equal_state,rms_about_centroid_km,45.497014196840496
11,motion_equal_cyclone_minus_equal_state,rms_about_centroid_km,38.92464578540546
12,motion_equal_cyclone_minus_equal_state,rms_about_centroid_km,41.20853360408125
13,motion_equal_cyclone_minus_equal_state,rms_about_centroid_km,40.86216634413097
14,motion_equal_cyclone_minus_equal_state,rms_about_centroid_km,42.14411807713475
15,motion_equal_cyclone_minus_equal_state,rms_about_centroid_km,40.29453157133173
16,motion_equal_cyclone_minus_equal_state,rms_about_centroid_km,40.300583090391456
17,motion_equal_cyclone_minus_equal_state,rms_about_centroid_km,44.977519012632
18,motion_equal_cyclone_minus_equal_state,rms_about_centroid_km,42.1598516195736
19,motion_equal_cyclone_minus_equal_state,rms_about_centroid_km,43.049296296512466
20,motion_equal_cyclone_minus_equal_state,rms_about_centroid_km,39.5982839391354
21,motion_equal_cyclone_minus_equal_state,rms_about_centroid_km,42.182639297810624
22,motion_equal_cyclone_minus_equal_state,rms_about_centroid_km,40.14051054850336
23,motion_equal_cyclone_minus_equal_state,rms_about_centroid_km,44.26024455550987
24,motion_equal_cyclone_minus_equal_state,rms_about_centroid_km,38.86490920708377
25,motion_equal_cyclone_minus_equal_state,rms_about_centroid_km,42.614801141500834
26,motion_equal_cyclone_minus_equal_state,rms_about_centroid_km,38.836916131654675
27,motion_equal_cyclone_minus_equal_state,rms_about_centroid_km,41.45805877806845
28,motion_equal_cyclone_minus_equal_state,rms_about_centroid_km,40.533308396663756
29,motion_equal_cyclone_minus_equal_state,rms_about_centroid_km,43.13353924410342
30,motion_equal_cyclone_minus_equal_state,rms_about_centroid_km,41.33398579432992
31,motion_equal_cyclone_minus_equal_state,rms_about_centroid_km,40.29863953686845
32,motion_equal_cyclone_minus_equal_state,rms_about_centroid_km,39.22873921786868
33,motion_equal_cyclone_minus_equal_state,rms_about_centroid_km,44.9287207681557
34,motion_equal_cyclone_minus_equal_state,rms_about_centroid_km,42.0044008135236
35,motion_equal_cyclone_minus_equal_state,rms_about_centroid_km,42.48512909184387
36,motion_equal_cyclone_minus_equal_state,rms_about_centroid_km,42.45022809108298
37,motion_equal_cyclone_minus_equal_state,rms_about_centroid_km,37.39804874999618
38,motion_equal_cyclone_minus_equal_state,rms_about_centroid_km,42.773246031952226
39,motion_equal_cyclone_minus_equal_state,rms_about_centroid_km,42.714182179560794
40,motion_equal_cyclone_minus_equal_state,rms_about_centroid_km,41.255079710645305
41,motion_equal_cyclone_minus_equal_state,rms_about_centroid_km,41.17603105346723
42,motion_equal_cyclone_minus_equal_state,rms_about_centroid_km,41.20457085647911
43,motion_equal_cyclone_minus_equal_state,rms_about_centroid_km,44.63244259904468
44,motion_equal_cyclone_minus_equal_state,rms_about_centroid_km,40.45637197355893
45,motion_equal_cyclone_minus_equal_state,rms_about_centroid_km,43.05626826249306
46,motion_equal_cyclone_minus_equal_state,rms_about_centroid_km,42.54641575956009
47,motion_equal_cyclone_minus_equal_state,rms_about_centroid_km,43.25417796648571
48,motion_equal_cyclone_minus_equal_state,rms_about_centroid_km,40.77327181816713
49,motion_equal_cyclone_minus_equal_state,rms_about_centroid_km,41.21866581231768
50,motion_equal_cyclone_minus_equal_state,rms_about_centroid_km,40.75914489879324
51,motion_equal_cyclone_minus_equal_state,rms_about_centroid_km,43.193607617255566
52,motion_equal_cyclone_minus_equal_state,rms_about_centroid_km,45.38156854166084
53,motion_equal_cyclone_minus_equal_state,rms_about_centroid_km,42.84420394687277
54,motion_equal_cyclone_minus_equal_state,rms_about_centroid_km,39.030397946278754
55,motion_equal_cyclone_minus_equal_state,rms_about_centroid_km,43.131218300072646
56,motion_equal_cyclone_minus_equal_state,rms_about_centroid_km,34.14504881439461
57,motion_equal_cyclone_minus_equal_state,rms_about_centroid_km,41.060877378239525
58,motion_equal_cyclone_minus_equal_state,rms_about_centroid_km,42.19340481839345
59,motion_equal_cyclone_minus_equal_state,rms_about_centroid_km,41.00025564404518
60,motion_equal_cyclone_minus_equal_state,rms_about_centroid_km,45.37213299384189
61,motion_equal_cyclone_minus_equal_state,rms_about_centroid_km,47.706586134851364
62,motion_equal_cyclone_minus_equal_state,rms_about_centroid_km,44.23207134087852
63,motion_equal_cyclone_minus_equal_state,rms_about_centroid_km,41.89064072674864
64,motion_equal_cyclone_minus_equal_state,rms_about_centroid_km,40.426241018747646
65,motion_equal_cyclone_minus_equal_state,rms_about_centroid_km,38.59035100426274
66,motion_equal_cyclone_minus_equal_state,rms_about_centroid_km,38.6677613332962
67,motion_equal_cyclone_minus_equal_state,rms_about_centroid_km,44.80285136556199
68,motion_equal_cyclone_minus_equal_state,rms_about_centroid_km,40.05464933816404
69,motion_equal_cyclone_minus_equal_state,rms_about_centroid_km,42.28381869274881
70,motion_equal_cyclone_minus_equal_state,rms_about_centroid_km,43.79065400294712
71,motion_equal_cyclone_minus_equal_state,rms_about_centroid_km,44.63601587505639
72,motion_equal_cyclone_minus_equal_state,rms_about_centroid_km,41.460007140758535
73,motion_equal_cyclone_minus_equal_state,rms_about_centroid_km,43.533392731400454
74,motion_equal_cyclone_minus_equal_state,rms_about_centroid_km,43.44388228121386
75,motion_equal_cyclone_minus_equal_state,rms_about_centroid_km,45.67007061859499
76,motion_equal_cyclone_minus_equal_state,rms_about_centroid_km,44.41459037601908
77,motion_equal_cyclone_minus_equal_state,rms_about_centroid_km,42.066465774666995
78,motion_equal_cyclone_minus_equal_state,rms_about_centroid_km,36.610861963621915
79,motion_equal_cyclone_minus_equal_state,rms_about_centroid_km,39.14631751128002
80,motion_equal_cyclone_minus_equal_state,rms_about_centroid_km,40.65326310317948
81,motion_equal_cyclone_minus_equal_state,rms_about_centroid_km,42.56067373738051
82,motion_equal_cyclone_minus_equal_state,rms_about_centroid_km,45.31134785851475
83,motion_equal_cyclone_minus_equal_state,rms_about_centroid_km,37.020583090920695
84,motion_equal_cyclone_minus_equal_state,rms_about_centroid_km,43.595568466496616
85,motion_equal_cyclone_minus_equal_state,rms_about_centroid_km,44.917487687936045
86,motion_equal_cyclone_minus_equal_state,rms_about_centroid_km,42.582048691731416
87,motion_equal_cyclone_minus_equal_state,rms_about_centroid_km,39.52604510067704
88,motion_equal_cyclone_minus_equal_state,rms_about_centroid_km,42.23746399881941
89,motion_equal_cyclone_minus_equal_state,rms_about_centroid_km,42.6087495034883
90,motion_equal_cyclone_minus_equal_state,rms_about_centroid_km,40.81988600496095
91,motion_equal_cyclone_minus_equal_state,rms_about_centroid_km,38.632952451520055
92,motion_equal_cyclone_minus_equal_state,rms_about_centroid_km,41.81002778863308
93,motion_equal_cyclone_minus_equal_state,rms_about_centroid_km,42.796606635075364
94,motion_equal_cyclone_minus_equal_state,rms_about_centroid_km,40.2809737534825
95,motion_equal_cyclone_minus_equal_state,rms_about_centroid_km,41.81102073203806
96,motion_equal_cyclone_minus_equal_state,rms_about_centroid_km,41.477062096543364
97,motion_equal_cyclone_minus_equal_state,rms_about_centroid_km,39.69548652371941
98,motion_equal_cyclone_minus_equal_state,rms_about_centroid_km,42.64305853608289
99,motion_equal_cyclone_minus_equal_state,rms_about_centroid_km,40.009580923566546
100,motion_equal_cyclone_minus_equal_state,rms_about_centroid_km,37.455478503735776
101,motion_equal_cyclone_minus_equal_state,rms_about_centroid_km,40.7086643104758
102,motion_equal_cyclone_minus_equal_state,rms_about_centroid_km,38.28534956369526
103,motion_equal_cyclone_minus_equal_state,rms_about_centroid_km,43.094397054085675
104,motion_equal_cyclone_minus_equal_state,rms_about_centroid_km,42.2830618067909
105,motion_equal_cyclone_minus_equal_state,rms_about_centroid_km,39.60165474171845
106,motion_equal_cyclone_minus_equal_state,rms_about_centroid_km,44.30946489240114
107,motion_equal_cyclone_minus_equal_state,rms_about_centroid_km,38.98892975289982
108,motion_equal_cyclone_minus_equal_state,rms_about_centroid_km,41.606275980256555
109,motion_equal_cyclone_minus_equal_state,rms_about_centroid_km,42.286882034411065
110,motion_equal_cyclone_minus_equal_state,rms_about_centroid_km,39.374818049722535
111,motion_equal_cyclone_minus_equal_state,rms_about_centroid_km,42.888472992586685
112,motion_equal_cyclone_minus_equal_state,rms_about_centroid_km,39.880083652220605
113,motion_equal_cyclone_minus_equal_state,rms_about_centroid_km,41.098238537161706
114,motion_equal_cyclone_minus_equal_state,rms_about_centroid_km,38.20544761733072
115,motion_equal_cyclone_minus_equal_state,rms_about_centroid_km,42.967714349414905
116,motion_equal_cyclone_minus_equal_state,rms_about_centroid_km,39.69732812937673
117,motion_equal_cyclone_minus_equal_state,rms_about_centroid_km,39.381987998906425
118,motion_equal_cyclone_minus_equal_state,rms_about_centroid_km,43.62739794931031
119,motion_equal_cyclone_minus_equal_state,rms_about_centroid_km,37.14783445284161
120,motion_equal_cyclone_minus_equal_state,rms_about_centroid_km,38.772251621975784
121,motion_equal_cyclone_minus_equal_state,rms_about_centroid_km,38.350233892748975
122,motion_equal_cyclone_minus_equal_state,rms_about_centroid_km,40.36637797606886
123,motion_equal_cyclone_minus_equal_state,rms_about_centroid_km,40.09323967284922
124,motion_equal_cyclone_minus_equal_state,rms_about_centroid_km,39.06846679287082
125,motion_equal_cyclone_minus_equal_state,rms_about_centroid_km,45.03825476867155
126,motion_equal_cyclone_minus_equal_state,rms_about_centroid_km,39.86215322051862
127,motion_equal_cyclone_minus_equal_state,rms_about_centroid_km,37.84121369140087
128,motion_equal_cyclone_minus_equal_state,rms_about_centroid_km,41.81429555468867
129,motion_equal_cyclone_minus_equal_state,rms_about_centroid_km,44.26012072401602
130,motion_equal_cyclone_minus_equal_state,rms_about_centroid_km,44.102130976813555
131,motion_equal_cyclone_minus_equal_state,rms_about_centroid_km,37.45824665487248
132,motion_equal_cyclone_minus_equal_state,rms_about_centroid_km,41.24041203613035
133,motion_equal_cyclone_minus_equal_state,rms_about_centroid_km,41.51647159350193
134,motion_equal_cyclone_minus_equal_state,rms_about_centroid_km,41.59107016133078
135,motion_equal_cyclone_minus_equal_state,rms_about_centroid_km,44.27331978573682
136,motion_equal_cyclone_minus_equal_state,rms_about_centroid_km,42.48600541002236
137,motion_equal_cyclone_minus_equal_state,rms_about_centroid_km,39.887392226886845
138,motion_equal_cyclone_minus_equal_state,rms_about_centroid_km,44.33032247149424
139,motion_equal_cyclone_minus_equal_state,rms_about_centroid_km,40.02167680418222
140,motion_equal_cyclone_minus_equal_state,rms_about_centroid_km,39.61003450721523
141,motion_equal_cyclone_minus_equal_state,rms_about_centroid_km,42.75679316793958
142,motion_equal_cyclone_minus_equal_state,rms_about_centroid_km,40.125461616401594
143,motion_equal_cyclone_minus_equal_state,rms_about_centroid_km,41.08859885977529
144,motion_equal_cyclone_minus_equal_state,rms_about_centroid_km,38.25108029855494
145,motion_equal_cyclone_minus_equal_state,rms_about_centroid_km,38.834807253249096
146,motion_equal_cyclone_minus_equal_state,rms_about_centroid_km,37.19970285048339
147,motion_equal_cyclone_minus_equal_state,rms_about_centroid_km,42.832113028880144
148,motion_equal_cyclone_minus_equal_state,rms_about_centroid_km,40.89801876160675
149,motion_equal_cyclone_minus_equal_state,rms_about_centroid_km,41.6152907172783
150,motion_equal_cyclone_minus_equal_state,rms_about_centroid_km,40.60157675074663
151,motion_equal_cyclone_minus_equal_state,rms_about_centroid_km,36.448901617629076
152,motion_equal_cyclone_minus_equal_state,rms_about_centroid_km,41.979960517974064
153,motion_equal_cyclone_minus_equal_state,rms_about_centroid_km,42.746306926798525
154,motion_equal_cyclone_minus_equal_state,rms_about_centroid_km,41.821553017020506
155,motion_equal_cyclone_minus_equal_state,rms_about_centroid_km,45.228880075985785
156,motion_equal_cyclone_minus_equal_state,rms_about_centroid_km,40.22604803657225
157,motion_equal_cyclone_minus_equal_state,rms_about_centroid_km,39.811014985886914
158,motion_equal_cyclone_minus_equal_state,rms_about_centroid_km,45.35746147386794
159,motion_equal_cyclone_minus_equal_state,rms_about_centroid_km,42.00279561751552
160,motion_equal_cyclone_minus_equal_state,rms_about_centroid_km,44.08258853294433
161,motion_equal_cyclone_minus_equal_state,rms_about_centroid_km,41.33688707547219
162,motion_equal_cyclone_minus_equal_state,rms_about_centroid_km,39.231057055611245
163,motion_equal_cyclone_minus_equal_state,rms_about_centroid_km,41.60243997718271
164,motion_equal_cyclone_minus_equal_state,rms_about_centroid_km,41.19898091168932
165,motion_equal_cyclone_minus_equal_state,rms_about_centroid_km,43.19515838411985
166,motion_equal_cyclone_minus_equal_state,rms_about_centroid_km,42.125545662663285
167,motion_equal_cyclone_minus_equal_state,rms_about_centroid_km,41.060807948160345
168,motion_equal_cyclone_minus_equal_state,rms_about_centroid_km,39.73361203299078
169,motion_equal_cyclone_minus_equal_state,rms_about_centroid_km,45.237519509022945
170,motion_equal_cyclone_minus_equal_state,rms_about_centroid_km,43.89261407810693
171,motion_equal_cyclone_minus_equal_state,rms_about_centroid_km,43.742561458159
172,motion_equal_cyclone_minus_equal_state,rms_about_centroid_km,42.7989621572807
173,motion_equal_cyclone_minus_equal_state,rms_about_centroid_km,39.74499762847449
174,motion_equal_cyclone_minus_equal_state,rms_about_centroid_km,43.475812176257364
175,motion_equal_cyclone_minus_equal_state,rms_about_centroid_km,43.853980511822556
176,motion_equal_cyclone_minus_equal_state,rms_about_centroid_km,40.97611497048979
177,motion_equal_cyclone_minus_equal_state,rms_about_centroid_km,43.543440307428796
178,motion_equal_cyclone_minus_equal_state,rms_about_centroid_km,42.52886109214967
179,motion_equal_cyclone_minus_equal_state,rms_about_centroid_km,35.39205978705843
180,motion_equal_cyclone_minus_equal_state,rms_about_centroid_km,43.004542597133536
181,motion_equal_cyclone_minus_equal_state,rms_about_centroid_km,42.61087455753284
182,motion_equal_cyclone_minus_equal_state,rms_about_centroid_km,37.759717825204234
183,motion_equal_cyclone_minus_equal_state,rms_about_centroid_km,39.797102253043136
184,motion_equal_cyclone_minus_equal_state,rms_about_centroid_km,41.67910711920001
185,motion_equal_cyclone_minus_equal_state,rms_about_centroid_km,42.66762526246225
186,motion_equal_cyclone_minus_equal_state,rms_about_centroid_km,43.85894794138483
187,motion_equal_cyclone_minus_equal_state,rms_about_centroid_km,41.26618012126721
188,motion_equal_cyclone_minus_equal_state,rms_about_centroid_km,42.54579844799855
189,motion_equal_cyclone_minus_equal_state,rms_about_centroid_km,41.7314408550119
190,motion_equal_cyclone_minus_equal_state,rms_about_centroid_km,42.96914673139247
191,motion_equal_cyclone_minus_equal_state,rms_about_centroid_km,43.80246332811146
192,motion_equal_cyclone_minus_equal_state,rms_about_centroid_km,41.450165581515535
193,motion_equal_cyclone_minus_equal_state,rms_about_centroid_km,41.35050579087647
194,motion_equal_cyclone_minus_equal_state,rms_about_centroid_km,44.72664294718243
195,motion_equal_cyclone_minus_equal_state,rms_about_centroid_km,41.02640335553315
196,motion_equal_cyclone_minus_equal_state,rms_about_centroid_km,40.65249049946647
197,motion_equal_cyclone_minus_equal_state,rms_about_centroid_km,46.2596624447624
198,motion_equal_cyclone_minus_equal_state,rms_about_centroid_km,41.64447840171454
199,motion_equal_cyclone_minus_equal_state,rms_about_centroid_km,46.569302476254165
200,motion_equal_cyclone_minus_equal_state,rms_about_centroid_km,42.780870077004124
201,motion_equal_cyclone_minus_equal_state,rms_about_centroid_km,41.101946479870776
202,motion_equal_cyclone_minus_equal_state,rms_about_centroid_km,41.19653590934854
203,motion_equal_cyclone_minus_equal_state,rms_about_centroid_km,39.03920723390752
204,motion_equal_cyclone_minus_equal_state,rms_about_centroid_km,39.0203296878002
205,motion_equal_cyclone_minus_equal_state,rms_about_centroid_km,42.67817981759765
206,motion_equal_cyclone_minus_equal_state,rms_about_centroid_km,41.511967452404065
207,motion_equal_cyclone_minus_equal_state,rms_about_centroid_km,41.494733520769955
208,motion_equal_cyclone_minus_equal_state,rms_about_centroid_km,43.811305937039606
209,motion_equal_cyclone_minus_equal_state,rms_about_centroid_km,41.3689766678483
210,motion_equal_cyclone_minus_equal_state,rms_about_centroid_km,42.88549657537533
211,motion_equal_cyclone_minus_equal_state,rms_about_centroid_km,42.1415118745997
212,motion_equal_cyclone_minus_equal_state,rms_about_centroid_km,41.05966619649462
213,motion_equal_cyclone_minus_equal_state,rms_about_centroid_km,40.96834544698402
214,motion_equal_cyclone_minus_equal_state,rms_about_centroid_km,40.09518442833121
215,motion_equal_cyclone_minus_equal_state,rms_about_centroid_km,41.444877027712664
216,motion_equal_cyclone_minus_equal_state,rms_about_centroid_km,42.87442182563268
217,motion_equal_cyclone_minus_equal_state,rms_about_centroid_km,39.48409271573928
218,motion_equal_cyclone_minus_equal_state,rms_about_centroid_km,41.38839442756273
219,motion_equal_cyclone_minus_equal_state,rms_about_centroid_km,42.80078811274677
220,motion_equal_cyclone_minus_equal_state,rms_about_centroid_km,39.88501551810623
221,motion_equal_cyclone_minus_equal_state,rms_about_centroid_km,46.45973060398205
222,motion_equal_cyclone_minus_equal_state,rms_about_centroid_km,46.28705046042364
223,motion_equal_cyclone_minus_equal_state,rms_about_centroid_km,41.50003467939803
224,motion_equal_cyclone_minus_equal_state,rms_about_centroid_km,47.570377923356205
225,motion_equal_cyclone_minus_equal_state,rms_about_centroid_km,39.92048330986472
226,motion_equal_cyclone_minus_equal_state,rms_about_centroid_km,43.91556354211525
227,motion_equal_cyclone_minus_equal_state,rms_about_centroid_km,42.84065716952807
228,motion_equal_cyclone_minus_equal_state,rms_about_centroid_km,40.84811880177335
229,motion_equal_cyclone_minus_equal_state,rms_about_centroid_km,43.166343738967726
230,motion_equal_cyclone_minus_equal_state,rms_about_centroid_km,43.26224098403031
231,motion_equal_cyclone_minus_equal_state,rms_about_centroid_km,41.625939112261676
232,motion_equal_cyclone_minus_equal_state,rms_about_centroid_km,40.27827794925122
233,motion_equal_cyclone_minus_equal_state,rms_about_centroid_km,42.65842002450165
234,motion_equal_cyclone_minus_equal_state,rms_about_centroid_km,42.801990036565144
235,motion_equal_cyclone_minus_equal_state,rms_about_centroid_km,43.29537779092004
236,motion_equal_cyclone_minus_equal_state,rms_about_centroid_km,41.349776436417415
237,motion_equal_cyclone_minus_equal_state,rms_about_centroid_km,37.13017767508006
238,motion_equal_cyclone_minus_equal_state,rms_about_centroid_km,38.86314797076966
239,motion_equal_cyclone_minus_equal_state,rms_about_centroid_km,41.528075905900664
240,motion_equal_cyclone_minus_equal_state,rms_about_centroid_km,42.78411049958709
241,motion_equal_cyclone_minus_equal_state,rms_about_centroid_km,42.30598347495845
242,motion_equal_cyclone_minus_equal_state,rms_about_centroid_km,43.63296029471451
243,motion_equal_cyclone_minus_equal_state,rms_about_centroid_km,42.44055330853712
244,motion_equal_cyclone_minus_equal_state,rms_about_centroid_km,40.96646880102469
245,motion_equal_cyclone_minus_equal_state,rms_about_centroid_km,40.29041722752504
246,motion_equal_cyclone_minus_equal_state,rms_about_centroid_km,42.62311618972399
247,motion_equal_cyclone_minus_equal_state,rms_about_centroid_km,43.730139028699
248,motion_equal_cyclone_minus_equal_state,rms_about_centroid_km,36.9710855705913
249,motion_equal_cyclone_minus_equal_state,rms_about_centroid_km,44.555857578630935
250,motion_equal_cyclone_minus_equal_state,rms_about_centroid_km,40.75566718505911
251,motion_equal_cyclone_minus_equal_state,rms_about_centroid_km,43.00471597478656
252,motion_equal_cyclone_minus_equal_state,rms_about_centroid_km,41.068298052997875
253,motion_equal_cyclone_minus_equal_state,rms_about_centroid_km,45.229410001660995
254,motion_equal_cyclone_minus_equal_state,rms_about_centroid_km,47.391479612287185
255,motion_equal_cyclone_minus_equal_state,rms_about_centroid_km,39.92882968356878
256,motion_equal_cyclone_minus_equal_state,rms_about_centroid_km,40.06977060392228
257,motion_equal_cyclone_minus_equal_state,rms_about_centroid_km,41.49476214998208
258,motion_equal_cyclone_minus_equal_state,rms_about_centroid_km,42.53889198965237
259,motion_equal_cyclone_minus_equal_state,rms_about_centroid_km,45.212470055073936
260,motion_equal_cyclone_minus_equal_state,rms_about_centroid_km,42.10335940329901
261,motion_equal_cyclone_minus_equal_state,rms_about_centroid_km,45.38342807189201
262,motion_equal_cyclone_minus_equal_state,rms_about_centroid_km,42.17875995990562
263,motion_equal_cyclone_minus_equal_state,rms_about_centroid_km,40.77429033929877
264,motion_equal_cyclone_minus_equal_state,rms_about_centroid_km,40.85569224026392
265,motion_equal_cyclone_minus_equal_state,rms_about_centroid_km,40.89148173586773
266,motion_equal_cyclone_minus_equal_state,rms_about_centroid_km,41.13171261571756
267,motion_equal_cyclone_minus_equal_state,rms_about_centroid_km,41.755510528627724
268,motion_equal_cyclone_minus_equal_state,rms_about_centroid_km,39.479509747496195
269,motion_equal_cyclone_minus_equal_state,rms_about_centroid_km,42.4814187387135
270,motion_equal_cyclone_minus_equal_state,rms_about_centroid_km,42.40097695558711
271,motion_equal_cyclone_minus_equal_state,rms_about_centroid_km,38.91681762445137
272,motion_equal_cyclone_minus_equal_state,rms_about_centroid_km,41.32139087113728
273,motion_equal_cyclone_minus_equal_state,rms_about_centroid_km,45.92626909317835
274,motion_equal_cyclone_minus_equal_state,rms_about_centroid_km,41.928186232892585
275,motion_equal_cyclone_minus_equal_state,rms_about_centroid_km,42.28696255907005
276,motion_equal_cyclone_minus_equal_state,rms_about_centroid_km,40.18550884297542
277,motion_equal_cyclone_minus_equal_state,rms_about_centroid_km,41.512633197721925
278,motion_equal_cyclone_minus_equal_state,rms_about_centroid_km,41.030201301775946
279,motion_equal_cyclone_minus_equal_state,rms_about_centroid_km,45.293671010911225
280,motion_equal_cyclone_minus_equal_state,rms_about_centroid_km,40.67403931813112
281,motion_equal_cyclone_minus_equal_state,rms_about_centroid_km,41.15996422286605
282,motion_equal_cyclone_minus_equal_state,rms_about_centroid_km,41.863121143783246
283,motion_equal_cyclone_minus_equal_state,rms_about_centroid_km,41.65241307679685
284,motion_equal_cyclone_minus_equal_state,rms_about_centroid_km,39.73067522091935
285,motion_equal_cyclone_minus_equal_state,rms_about_centroid_km,39.499734189817104
286,motion_equal_cyclone_minus_equal_state,rms_about_centroid_km,42.97427118699636
287,motion_equal_cyclone_minus_equal_state,rms_about_centroid_km,39.02989388354763
288,motion_equal_cyclone_minus_equal_state,rms_about_centroid_km,43.96233460916926
289,motion_equal_cyclone_minus_equal_state,rms_about_centroid_km,41.447337787198876
290,motion_equal_cyclone_minus_equal_state,rms_about_centroid_km,38.36731040790971
291,motion_equal_cyclone_minus_equal_state,rms_about_centroid_km,41.09481661306643
292,motion_equal_cyclone_minus_equal_state,rms_about_centroid_km,40.84484303661611
293,motion_equal_cyclone_minus_equal_state,rms_about_centroid_km,41.061001742763665
294,motion_equal_cyclone_minus_equal_state,rms_about_centroid_km,39.36084655488719
295,motion_equal_cyclone_minus_equal_state,rms_about_centroid_km,42.13061833913332
296,motion_equal_cyclone_minus_equal_state,rms_about_centroid_km,43.427224783009365
297,motion_equal_cyclone_minus_equal_state,rms_about_centroid_km,42.802053338889436
298,motion_equal_cyclone_minus_equal_state,rms_about_centroid_km,40.49393614751591
299,motion_equal_cyclone_minus_equal_state,rms_about_centroid_km,39.14593147256039
300,motion_equal_cyclone_minus_equal_state,rms_about_centroid_km,45.255915975212474
301,motion_equal_cyclone_minus_equal_state,rms_about_centroid_km,44.02220836872107
302,motion_equal_cyclone_minus_equal_state,rms_about_centroid_km,38.77154193030901
303,motion_equal_cyclone_minus_equal_state,rms_about_centroid_km,40.3911942892737
304,motion_equal_cyclone_minus_equal_state,rms_about_centroid_km,41.15775986436563
305,motion_equal_cyclone_minus_equal_state,rms_about_centroid_km,39.92934092315545
306,motion_equal_cyclone_minus_equal_state,rms_about_centroid_km,40.013413073932725
307,motion_equal_cyclone_minus_equal_state,rms_about_centroid_km,41.17246927643964
308,motion_equal_cyclone_minus_equal_state,rms_about_centroid_km,41.661106052792206
309,motion_equal_cyclone_minus_equal_state,rms_about_centroid_km,37.43380267418058
310,motion_equal_cyclone_minus_equal_state,rms_about_centroid_km,42.42443355684941
311,motion_equal_cyclone_minus_equal_state,rms_about_centroid_km,43.67447624764475
312,motion_equal_cyclone_minus_equal_state,rms_about_centroid_km,45.372885828596964
313,motion_equal_cyclone_minus_equal_state,rms_about_centroid_km,44.326111151048735
314,motion_equal_cyclone_minus_equal_state,rms_about_centroid_km,44.325626812357314
315,motion_equal_cyclone_minus_equal_state,rms_about_centroid_km,43.645716024329886
316,motion_equal_cyclone_minus_equal_state,rms_about_centroid_km,40.48291956607693
317,motion_equal_cyclone_minus_equal_state,rms_about_centroid_km,43.53112448754848
318,motion_equal_cyclone_minus_equal_state,rms_about_centroid_km,46.066376561983475
319,motion_equal_cyclone_minus_equal_state,rms_about_centroid_km,36.63548924359452
320,motion_equal_cyclone_minus_equal_state,rms_about_centroid_km,41.43522515529605
321,motion_equal_cyclone_minus_equal_state,rms_about_centroid_km,39.23998778389296
322,motion_equal_cyclone_minus_equal_state,rms_about_centroid_km,39.90091646517544
323,motion_equal_cyclone_minus_equal_state,rms_about_centroid_km,40.47490085741731
324,motion_equal_cyclone_minus_equal_state,rms_about_centroid_km,38.199450268358646
325,motion_equal_cyclone_minus_equal_state,rms_about_centroid_km,40.05787404969044
326,motion_equal_cyclone_minus_equal_state,rms_about_centroid_km,40.63662334675132
327,motion_equal_cyclone_minus_equal_state,rms_about_centroid_km,40.11807489935802
328,motion_equal_cyclone_minus_equal_state,rms_about_centroid_km,39.966660913099076
329,motion_equal_cyclone_minus_equal_state,rms_about_centroid_km,40.94178164288314
330,motion_equal_cyclone_minus_equal_state,rms_about_centroid_km,43.8949400121428
331,motion_equal_cyclone_minus_equal_state,rms_about_centroid_km,44.160656956370644
332,motion_equal_cyclone_minus_equal_state,rms_about_centroid_km,41.49302667891379
333,motion_equal_cyclone_minus_equal_state,rms_about_centroid_km,44.6915027209551
334,motion_equal_cyclone_minus_equal_state,rms_about_centroid_km,40.942661515713326
335,motion_equal_cyclone_minus_equal_state,rms_about_centroid_km,44.40745377843143
336,motion_equal_cyclone_minus_equal_state,rms_about_centroid_km,42.69491632408028
337,motion_equal_cyclone_minus_equal_state,rms_about_centroid_km,43.283197428783524
338,motion_equal_cyclone_minus_equal_state,rms_about_centroid_km,43.46727118203444
339,motion_equal_cyclone_minus_equal_state,rms_about_centroid_km,46.34819833275674
340,motion_equal_cyclone_minus_equal_state,rms_about_centroid_km,39.68279414816038
341,motion_equal_cyclone_minus_equal_state,rms_about_centroid_km,42.57580403701388
342,motion_equal_cyclone_minus_equal_state,rms_about_centroid_km,37.761265929791875
343,motion_equal_cyclone_minus_equal_state,rms_about_centroid_km,43.28507888575916
344,motion_equal_cyclone_minus_equal_state,rms_about_centroid_km,39.47730815105217
345,motion_equal_cyclone_minus_equal_state,rms_about_centroid_km,38.757431201557665
346,motion_equal_cyclone_minus_equal_state,rms_about_centroid_km,38.472917943468474
347,motion_equal_cyclone_minus_equal_state,rms_about_centroid_km,42.62967736418261
348,motion_equal_cyclone_minus_equal_state,rms_about_centroid_km,42.67028210047988
349,motion_equal_cyclone_minus_equal_state,rms_about_centroid_km,40.1382130699194
350,motion_equal_cyclone_minus_equal_state,rms_about_centroid_km,36.28767950054623
351,motion_equal_cyclone_minus_equal_state,rms_about_centroid_km,43.174440238226
352,motion_equal_cyclone_minus_equal_state,rms_about_centroid_km,41.85594297978457
353,motion_equal_cyclone_minus_equal_state,rms_about_centroid_km,43.661508878163545
354,motion_equal_cyclone_minus_equal_state,rms_about_centroid_km,42.84175439500041
355,motion_equal_cyclone_minus_equal_state,rms_about_centroid_km,44.337374019050344
356,motion_equal_cyclone_minus_equal_state,rms_about_centroid_km,40.997148782232784
357,motion_equal_cyclone_minus_equal_state,rms_about_centroid_km,41.34997603696752
358,motion_equal_cyclone_minus_equal_state,rms_about_centroid_km,44.27892267852519
359,motion_equal_cyclone_minus_equal_state,rms_about_centroid_km,44.224257930196245
360,motion_equal_cyclone_minus_equal_state,rms_about_centroid_km,43.71995730973629
361,motion_equal_cyclone_minus_equal_state,rms_about_centroid_km,40.48332999709521
362,motion_equal_cyclone_minus_equal_state,rms_about_centroid_km,42.1127675901281
363,motion_equal_cyclone_minus_equal_state,rms_about_centroid_km,39.11905364398581
364,motion_equal_cyclone_minus_equal_state,rms_about_centroid_km,42.80720287481779
365,motion_equal_cyclone_minus_equal_state,rms_about_centroid_km,43.63877513856198
366,motion_equal_cyclone_minus_equal_state,rms_about_centroid_km,46.13225208075903
367,motion_equal_cyclone_minus_equal_state,rms_about_centroid_km,42.30654994101394
368,motion_equal_cyclone_minus_equal_state,rms_about_centroid_km,46.65475198428794
369,motion_equal_cyclone_minus_equal_state,rms_about_centroid_km,42.449443022857395
370,motion_equal_cyclone_minus_equal_state,rms_about_centroid_km,40.155053210722144
371,motion_equal_cyclone_minus_equal_state,rms_about_centroid_km,34.55600055367165
372,motion_equal_cyclone_minus_equal_state,rms_about_centroid_km,41.091090452733056
373,motion_equal_cyclone_minus_equal_state,rms_about_centroid_km,39.24858406925864
374,motion_equal_cyclone_minus_equal_state,rms_about_centroid_km,41.397280823269625
375,motion_equal_cyclone_minus_equal_state,rms_about_centroid_km,39.65457370591878
376,motion_equal_cyclone_minus_equal_state,rms_about_centroid_km,44.53469847189547
377,motion_equal_cyclone_minus_equal_state,rms_about_centroid_km,43.12326247841645
378,motion_equal_cyclone_minus_equal_state,rms_about_centroid_km,36.62425911366279
379,motion_equal_cyclone_minus_equal_state,rms_about_centroid_km,41.003479552739805
380,motion_equal_cyclone_minus_equal_state,rms_about_centroid_km,41.09133722768729
381,motion_equal_cyclone_minus_equal_state,rms_about_centroid_km,39.40734646840565
382,motion_equal_cyclone_minus_equal_state,rms_about_centroid_km,47.13131942458074
383,motion_equal_cyclone_minus_equal_state,rms_about_centroid_km,40.86070446926658
384,motion_equal_cyclone_minus_equal_state,rms_about_centroid_km,40.778075347133836
385,motion_equal_cyclone_minus_equal_state,rms_about_centroid_km,37.6492861072353
386,motion_equal_cyclone_minus_equal_state,rms_about_centroid_km,41.18892615243067
387,motion_equal_cyclone_minus_equal_state,rms_about_centroid_km,42.87471009095452
388,motion_equal_cyclone_minus_equal_state,rms_about_centroid_km,43.07999390318935
389,motion_equal_cyclone_minus_equal_state,rms_about_centroid_km,39.072897367400856
390,motion_equal_cyclone_minus_equal_state,rms_about_centroid_km,39.96333248414692
391,motion_equal_cyclone_minus_equal_state,rms_about_centroid_km,46.069142254112535
392,motion_equal_cyclone_minus_equal_state,rms_about_centroid_km,43.3520082206511
393,motion_equal_cyclone_minus_equal_state,rms_about_centroid_km,40.19022663909084
394,motion_equal_cyclone_minus_equal_state,rms_about_centroid_km,41.0562934355338
395,motion_equal_cyclone_minus_equal_state,rms_about_centroid_km,42.94278768450988
396,motion_equal_cyclone_minus_equal_state,rms_about_centroid_km,41.60369019493794
397,motion_equal_cyclone_minus_equal_state,rms_about_centroid_km,38.111356481092
398,motion_equal_cyclone_minus_equal_state,rms_about_centroid_km,44.08567459168296
399,motion_equal_cyclone_minus_equal_state,rms_about_centroid_km,40.29270857072618
400,motion_equal_cyclone_minus_equal_state,rms_about_centroid_km,40.17592195300324
401,motion_equal_cyclone_minus_equal_state,rms_about_centroid_km,46.506192861337354
402,motion_equal_cyclone_minus_equal_state,rms_about_centroid_km,42.81595453687157
403,motion_equal_cyclone_minus_equal_state,rms_about_centroid_km,38.263636709715456
404,motion_equal_cyclone_minus_equal_state,rms_about_centroid_km,37.86874765918981
405,motion_equal_cyclone_minus_equal_state,rms_about_centroid_km,44.840081464614855
406,motion_equal_cyclone_minus_equal_state,rms_about_centroid_km,42.22165869062235
407,motion_equal_cyclone_minus_equal_state,rms_about_centroid_km,43.643563820870895
408,motion_equal_cyclone_minus_equal_state,rms_about_centroid_km,41.548857375635066
409,motion_equal_cyclone_minus_equal_state,rms_about_centroid_km,37.16891030271006
410,motion_equal_cyclone_minus_equal_state,rms_about_centroid_km,43.25033828206324
411,motion_equal_cyclone_minus_equal_state,rms_about_centroid_km,39.40108347040518
412,motion_equal_cyclone_minus_equal_state,rms_about_centroid_km,45.00800265893213
413,motion_equal_cyclone_minus_equal_state,rms_about_centroid_km,40.13800708862573
414,motion_equal_cyclone_minus_equal_state,rms_about_centroid_km,38.464088537986754
415,motion_equal_cyclone_minus_equal_state,rms_about_centroid_km,43.87505019186574
416,motion_equal_cyclone_minus_equal_state,rms_about_centroid_km,40.82682008167444
417,motion_equal_cyclone_minus_equal_state,rms_about_centroid_km,44.443202616922804
418,motion_equal_cyclone_minus_equal_state,rms_about_centroid_km,42.03432634957255
419,motion_equal_cyclone_minus_equal_state,rms_about_centroid_km,39.19491362676649
420,motion_equal_cyclone_minus_equal_state,rms_about_centroid_km,41.530477451614274
421,motion_equal_cyclone_minus_equal_state,rms_about_centroid_km,41.88228014675178
422,motion_equal_cyclone_minus_equal_state,rms_about_centroid_km,45.687171281621545
423,motion_equal_cyclone_minus_equal_state,rms_about_centroid_km,42.857295161070056
424,motion_equal_cyclone_minus_equal_state,rms_about_centroid_km,44.39435084339095
425,motion_equal_cyclone_minus_equal_state,rms_about_centroid_km,39.94186896826318
426,motion_equal_cyclone_minus_equal_state,rms_about_centroid_km,43.56288745209042
427,motion_equal_cyclone_minus_equal_state,rms_about_centroid_km,44.455249427918034
428,motion_equal_cyclone_minus_equal_state,rms_about_centroid_km,38.561987023731035
429,motion_equal_cyclone_minus_equal_state,rms_about_centroid_km,41.76580473037575
430,motion_equal_cyclone_minus_equal_state,rms_about_centroid_km,38.69474567563009
431,motion_equal_cyclone_minus_equal_state,rms_about_centroid_km,42.278668536399096
432,motion_equal_cyclone_minus_equal_state,rms_about_centroid_km,46.22463675951053
433,motion_equal_cyclone_minus_equal_state,rms_about_centroid_km,40.234162122878274
434,motion_equal_cyclone_minus_equal_state,rms_about_centroid_km,40.08462175295506
435,motion_equal_cyclone_minus_equal_state,rms_about_centroid_km,38.53606749401638
436,motion_equal_cyclone_minus_equal_state,rms_about_centroid_km,45.44544981264778
437,motion_equal_cyclone_minus_equal_state,rms_about_centroid_km,39.07849034156186
438,motion_equal_cyclone_minus_equal_state,rms_about_centroid_km,38.57228043776706
439,motion_equal_cyclone_minus_equal_state,rms_about_centroid_km,43.25791038026853
440,motion_equal_cyclone_minus_equal_state,rms_about_centroid_km,43.443397584637864
441,motion_equal_cyclone_minus_equal_state,rms_about_centroid_km,39.07060133065795
442,motion_equal_cyclone_minus_equal_state,rms_about_centroid_km,43.14458091691654
443,motion_equal_cyclone_minus_equal_state,rms_about_centroid_km,45.24867160134579
444,motion_equal_cyclone_minus_equal_state,rms_about_centroid_km,40.04265795545132
445,motion_equal_cyclone_minus_equal_state,rms_about_centroid_km,40.527367178955046
446,motion_equal_cyclone_minus_equal_state,rms_about_centroid_km,44.26664188073653
447,motion_equal_cyclone_minus_equal_state,rms_about_centroid_km,40.16735674203005
448,motion_equal_cyclone_minus_equal_state,rms_about_centroid_km,39.197766057253716
449,motion_equal_cyclone_minus_equal_state,rms_about_centroid_km,44.39725377994557
450,motion_equal_cyclone_minus_equal_state,rms_about_centroid_km,40.90870950722933
451,motion_equal_cyclone_minus_equal_state,rms_about_centroid_km,37.243190269613706
452,motion_equal_cyclone_minus_equal_state,rms_about_centroid_km,46.431301653400965
453,motion_equal_cyclone_minus_equal_state,rms_about_centroid_km,40.36888935427578
454,motion_equal_cyclone_minus_equal_state,rms_about_centroid_km,38.938263203110296
455,motion_equal_cyclone_minus_equal_state,rms_about_centroid_km,39.68424401887057
456,motion_equal_cyclone_minus_equal_state,rms_about_centroid_km,43.15663660375935
457,motion_equal_cyclone_minus_equal_state,rms_about_centroid_km,42.88237138053785
458,motion_equal_cyclone_minus_equal_state,rms_about_centroid_km,41.51654122795128
459,motion_equal_cyclone_minus_equal_state,rms_about_centroid_km,41.003809101340494
460,motion_equal_cyclone_minus_equal_state,rms_about_centroid_km,46.499314575039534
461,motion_equal_cyclone_minus_equal_state,rms_about_centroid_km,44.42334001648476
462,motion_equal_cyclone_minus_equal_state,rms_about_centroid_km,42.8379288664637
463,motion_equal_cyclone_minus_equal_state,rms_about_centroid_km,39.65016691729295
464,motion_equal_cyclone_minus_equal_state,rms_about_centroid_km,36.798223693763134
465,motion_equal_cyclone_minus_equal_state,rms_about_centroid_km,41.72392703190053
466,motion_equal_cyclone_minus_equal_state,rms_about_centroid_km,38.110497546857914
467,motion_equal_cyclone_minus_equal_state,rms_about_centroid_km,40.177187982713576
468,motion_equal_cyclone_minus_equal_state,rms_about_centroid_km,40.3702517531143
469,motion_equal_cyclone_minus_equal_state,rms_about_centroid_km,39.48958866733335
470,motion_equal_cyclone_minus_equal_state,rms_about_centroid_km,36.88914088013041
471,motion_equal_cyclone_minus_equal_state,rms_about_centroid_km,41.251449894089546
472,motion_equal_cyclone_minus_equal_state,rms_about_centroid_km,42.019270383967296
473,motion_equal_cyclone_minus_equal_state,rms_about_centroid_km,40.43268716693194
474,motion_equal_cyclone_minus_equal_state,rms_about_centroid_km,38.853598400357214
475,motion_equal_cyclone_minus_equal_state,rms_about_centroid_km,41.46267760233252
476,motion_equal_cyclone_minus_equal_state,rms_about_centroid_km,39.83715898111598
477,motion_equal_cyclone_minus_equal_state,rms_about_centroid_km,41.72175540116507
478,motion_equal_cyclone_minus_equal_state,rms_about_centroid_km,38.78202874199371
479,motion_equal_cyclone_minus_equal_state,rms_about_centroid_km,42.825657304495735
480,motion_equal_cyclone_minus_equal_state,rms_about_centroid_km,44.04213025350168
481,motion_equal_cyclone_minus_equal_state,rms_about_centroid_km,40.33075805398346
482,motion_equal_cyclone_minus_equal_state,rms_about_centroid_km,45.90014660653742
483,motion_equal_cyclone_minus_equal_state,rms_about_centroid_km,42.59736495564482
484,motion_equal_cyclone_minus_equal_state,rms_about_centroid_km,41.01663636570402
485,motion_equal_cyclone_minus_equal_state,rms_about_centroid_km,41.4869832353271
486,motion_equal_cyclone_minus_equal_state,rms_about_centroid_km,41.0589213760702
487,motion_equal_cyclone_minus_equal_state,rms_about_centroid_km,39.074116129023764
488,motion_equal_cyclone_minus_equal_state,rms_about_centroid_km,46.36118191224887
489,motion_equal_cyclone_minus_equal_state,rms_about_centroid_km,39.16224454057533
490,motion_equal_cyclone_minus_equal_state,rms_about_centroid_km,43.472617720249445
491,motion_equal_cyclone_minus_equal_state,rms_about_centroid_km,45.480150504318885
492,motion_equal_cyclone_minus_equal_state,rms_about_centroid_km,40.92604091384055
493,motion_equal_cyclone_minus_equal_state,rms_about_centroid_km,39.18337114299834
494,motion_equal_cyclone_minus_equal_state,rms_about_centroid_km,41.82549198417064
495,motion_equal_cyclone_minus_equal_state,rms_about_centroid_km,41.19376265908181
496,motion_equal_cyclone_minus_equal_state,rms_about_centroid_km,38.47851091244479
497,motion_equal_cyclone_minus_equal_state,rms_about_centroid_km,41.23017915998662
498,motion_equal_cyclone_minus_equal_state,rms_about_centroid_km,39.10775182284203
499,motion_equal_cyclone_minus_equal_state,rms_about_centroid_km,39.005987179734916
500,motion_equal_cyclone_minus_equal_state,rms_about_centroid_km,42.772503739258354
1,motion_minus_centered_equal_state,entropy_nats,-0.006991863250732422
2,motion_minus_centered_equal_state,entropy_nats,-0.00865316390991211
3,motion_minus_centered_equal_state,entropy_nats,0.003735065460205078
4,motion_minus_centered_equal_state,entropy_nats,-0.008090972900390625
5,motion_minus_centered_equal_state,entropy_nats,-0.0033326148986816406
6,motion_minus_centered_equal_state,entropy_nats,-0.0022020339965820312
7,motion_minus_centered_equal_state,entropy_nats,-0.007155418395996094
8,motion_minus_centered_equal_state,entropy_nats,-0.00800943374633789
9,motion_minus_centered_equal_state,entropy_nats,-0.009009838104248047
10,motion_minus_centered_equal_state,entropy_nats,-0.006041526794433594
11,motion_minus_centered_equal_state,entropy_nats,-0.004899024963378906
12,motion_minus_centered_equal_state,entropy_nats,0.004034996032714844
13,motion_minus_centered_equal_state,entropy_nats,-0.005524635314941406
14,motion_minus_centered_equal_state,entropy_nats,-0.005706310272216797
15,motion_minus_centered_equal_state,entropy_nats,-0.0029735565185546875
16,motion_minus_centered_equal_state,entropy_nats,0.004371166229248047
17,motion_minus_centered_equal_state,entropy_nats,0.0023183822631835938
18,motion_minus_centered_equal_state,entropy_nats,-0.004334449768066406
19,motion_minus_centered_equal_state,entropy_nats,0.0005612373352050781
20,motion_minus_centered_equal_state,entropy_nats,0.005275249481201172
21,motion_minus_centered_equal_state,entropy_nats,0.003907203674316406
22,motion_minus_centered_equal_state,entropy_nats,-0.003571033477783203
23,motion_minus_centered_equal_state,entropy_nats,-0.00498199462890625
24,motion_minus_centered_equal_state,entropy_nats,-0.0013422966003417969
25,motion_minus_centered_equal_state,entropy_nats,0.0031828880310058594
26,motion_minus_centered_equal_state,entropy_nats,0.0032749176025390625
27,motion_minus_centered_equal_state,entropy_nats,-0.0027017593383789062
28,motion_minus_centered_equal_state,entropy_nats,0.002288818359375
29,motion_minus_centered_equal_state,entropy_nats,0.0008592605590820312
30,motion_minus_centered_equal_state,entropy_nats,-0.012832164764404297
31,motion_minus_centered_equal_state,entropy_nats,-0.0026030540466308594
32,motion_minus_centered_equal_state,entropy_nats,-0.004390716552734375
33,motion_minus_centered_equal_state,entropy_nats,0.0032105445861816406
34,motion_minus_centered_equal_state,entropy_nats,-0.004052639007568359
35,motion_minus_centered_equal_state,entropy_nats,-0.0022287368774414062
36,motion_minus_centered_equal_state,entropy_nats,-0.004800319671630859
37,motion_minus_centered_equal_state,entropy_nats,0.002838134765625
38,motion_minus_centered_equal_state,entropy_nats,0.001384735107421875
39,motion_minus_centered_equal_state,entropy_nats,-0.004411220550537109
40,motion_minus_centered_equal_state,entropy_nats,-0.005558490753173828
41,motion_minus_centered_equal_state,entropy_nats,-0.0016508102416992188
42,motion_minus_centered_equal_state,entropy_nats,0.00226593017578125
43,motion_minus_centered_equal_state,entropy_nats,-0.002143383026123047
44,motion_minus_centered_equal_state,entropy_nats,-0.003150463104248047
45,motion_minus_centered_equal_state,entropy_nats,-0.00678253173828125
46,motion_minus_centered_equal_state,entropy_nats,-0.0050334930419921875
47,motion_minus_centered_equal_state,entropy_nats,0.0008587837219238281
48,motion_minus_centered_equal_state,entropy_nats,-1.33514404296875e-05
49,motion_minus_centered_equal_state,entropy_nats,-0.010600566864013672
50,motion_minus_centered_equal_state,entropy_nats,0.0013341903686523438
51,motion_minus_centered_equal_state,entropy_nats,-0.010056018829345703
52,motion_minus_centered_equal_state,entropy_nats,0.0019030570983886719
53,motion_minus_centered_equal_state,entropy_nats,-0.0052928924560546875
54,motion_minus_centered_equal_state,entropy_nats,-0.004511833190917969
55,motion_minus_centered_equal_state,entropy_nats,0.006239891052246094
56,motion_minus_centered_equal_state,entropy_nats,0.00058746337890625
57,motion_minus_centered_equal_state,entropy_nats,-0.0056896209716796875
58,motion_minus_centered_equal_state,entropy_nats,-0.003772735595703125
59,motion_minus_centered_equal_state,entropy_nats,-0.003917217254638672
60,motion_minus_centered_equal_state,entropy_nats,0.00033473968505859375
61,motion_minus_centered_equal_state,entropy_nats,-0.0007429122924804688
62,motion_minus_centered_equal_state,entropy_nats,-0.0038437843322753906
63,motion_minus_centered_equal_state,entropy_nats,-0.005866527557373047
64,motion_minus_centered_equal_state,entropy_nats,-0.0027070045471191406
65,motion_minus_centered_equal_state,entropy_nats,-0.004881858825683594
66,motion_minus_centered_equal_state,entropy_nats,0.0002155303955078125
67,motion_minus_centered_equal_state,entropy_nats,-0.002540111541748047
68,motion_minus_centered_equal_state,entropy_nats,-0.004675388336181641
69,motion_minus_centered_equal_state,entropy_nats,-0.003658771514892578
70,motion_minus_centered_equal_state,entropy_nats,-0.0005583763122558594
71,motion_minus_centered_equal_state,entropy_nats,-0.0031194686889648438
72,motion_minus_centered_equal_state,entropy_nats,0.0012311935424804688
73,motion_minus_centered_equal_state,entropy_nats,0.0030612945556640625
74,motion_minus_centered_equal_state,entropy_nats,0.003414154052734375
75,motion_minus_centered_equal_state,entropy_nats,-0.005814075469970703
76,motion_minus_centered_equal_state,entropy_nats,-0.005145072937011719
77,motion_minus_centered_equal_state,entropy_nats,-0.00156402587890625
78,motion_minus_centered_equal_state,entropy_nats,-0.007381439208984375
79,motion_minus_centered_equal_state,entropy_nats,0.001285552978515625
80,motion_minus_centered_equal_state,entropy_nats,-0.006168842315673828
81,motion_minus_centered_equal_state,entropy_nats,0.0023016929626464844
82,motion_minus_centered_equal_state,entropy_nats,-0.006403923034667969
83,motion_minus_centered_equal_state,entropy_nats,0.001979351043701172
84,motion_minus_centered_equal_state,entropy_nats,-0.005921363830566406
85,motion_minus_centered_equal_state,entropy_nats,-0.016296863555908203
86,motion_minus_centered_equal_state,entropy_nats,0.0028362274169921875
87,motion_minus_centered_equal_state,entropy_nats,0.005066871643066406
88,motion_minus_centered_equal_state,entropy_nats,0.0003142356872558594
89,motion_minus_centered_equal_state,entropy_nats,-0.0028629302978515625
90,motion_minus_centered_equal_state,entropy_nats,-0.008430957794189453
91,motion_minus_centered_equal_state,entropy_nats,-0.00047969818115234375
92,motion_minus_centered_equal_state,entropy_nats,-0.010390758514404297
93,motion_minus_centered_equal_state,entropy_nats,-0.012796878814697266
94,motion_minus_centered_equal_state,entropy_nats,0.0005588531494140625
95,motion_minus_centered_equal_state,entropy_nats,-0.008056640625
96,motion_minus_centered_equal_state,entropy_nats,0.0011510848999023438
97,motion_minus_centered_equal_state,entropy_nats,0.0025777816772460938
98,motion_minus_centered_equal_state,entropy_nats,-0.002331256866455078
99,motion_minus_centered_equal_state,entropy_nats,0.0040454864501953125
100,motion_minus_centered_equal_state,entropy_nats,0.002707958221435547
101,motion_minus_centered_equal_state,entropy_nats,0.00043582916259765625
102,motion_minus_centered_equal_state,entropy_nats,0.004312992095947266
103,motion_minus_centered_equal_state,entropy_nats,0.00010156631469726562
104,motion_minus_centered_equal_state,entropy_nats,-0.00018262863159179688
105,motion_minus_centered_equal_state,entropy_nats,-0.008215904235839844
106,motion_minus_centered_equal_state,entropy_nats,-0.005267143249511719
107,motion_minus_centered_equal_state,entropy_nats,-0.005334377288818359
108,motion_minus_centered_equal_state,entropy_nats,-0.006265163421630859
109,motion_minus_centered_equal_state,entropy_nats,-0.0012888908386230469
110,motion_minus_centered_equal_state,entropy_nats,0.009791851043701172
111,motion_minus_centered_equal_state,entropy_nats,0.005621910095214844
112,motion_minus_centered_equal_state,entropy_nats,0.005890846252441406
113,motion_minus_centered_equal_state,entropy_nats,-0.0017199516296386719
114,motion_minus_centered_equal_state,entropy_nats,-0.005869388580322266
115,motion_minus_centered_equal_state,entropy_nats,-0.0034170150756835938
116,motion_minus_centered_equal_state,entropy_nats,0.0041294097900390625
117,motion_minus_centered_equal_state,entropy_nats,-0.006350517272949219
118,motion_minus_centered_equal_state,entropy_nats,-0.00011968612670898438
119,motion_minus_centered_equal_state,entropy_nats,0.004196643829345703
120,motion_minus_centered_equal_state,entropy_nats,0.008489131927490234
121,motion_minus_centered_equal_state,entropy_nats,0.004096031188964844
122,motion_minus_centered_equal_state,entropy_nats,0.0006132125854492188
123,motion_minus_centered_equal_state,entropy_nats,-0.0015897750854492188
124,motion_minus_centered_equal_state,entropy_nats,-0.0029320716857910156
125,motion_minus_centered_equal_state,entropy_nats,-0.008014678955078125
126,motion_minus_centered_equal_state,entropy_nats,-0.002944469451904297
127,motion_minus_centered_equal_state,entropy_nats,-0.008188247680664062
128,motion_minus_centered_equal_state,entropy_nats,-0.0011067390441894531
129,motion_minus_centered_equal_state,entropy_nats,-0.0017552375793457031
130,motion_minus_centered_equal_state,entropy_nats,0.0002980232238769531
131,motion_minus_centered_equal_state,entropy_nats,-0.007879257202148438
132,motion_minus_centered_equal_state,entropy_nats,0.0021643638610839844
133,motion_minus_centered_equal_state,entropy_nats,-0.0046329498291015625
134,motion_minus_centered_equal_state,entropy_nats,-0.0022935867309570312
135,motion_minus_centered_equal_state,entropy_nats,-4.863739013671875e-05
136,motion_minus_centered_equal_state,entropy_nats,-0.006794929504394531
137,motion_minus_centered_equal_state,entropy_nats,-0.012210845947265625
138,motion_minus_centered_equal_state,entropy_nats,-0.007554531097412109
139,motion_minus_centered_equal_state,entropy_nats,0.000156402587890625
140,motion_minus_centered_equal_state,entropy_nats,-0.005949974060058594
141,motion_minus_centered_equal_state,entropy_nats,0.00018358230590820312
142,motion_minus_centered_equal_state,entropy_nats,-0.006479740142822266
143,motion_minus_centered_equal_state,entropy_nats,-0.00209808349609375
144,motion_minus_centered_equal_state,entropy_nats,-0.005764961242675781
145,motion_minus_centered_equal_state,entropy_nats,-0.0002894401550292969
146,motion_minus_centered_equal_state,entropy_nats,-0.0014171600341796875
147,motion_minus_centered_equal_state,entropy_nats,0.0017366409301757812
148,motion_minus_centered_equal_state,entropy_nats,-0.005582332611083984
149,motion_minus_centered_equal_state,entropy_nats,0.000152587890625
150,motion_minus_centered_equal_state,entropy_nats,-0.0036330223083496094
151,motion_minus_centered_equal_state,entropy_nats,0.0014791488647460938
152,motion_minus_centered_equal_state,entropy_nats,-0.005953788757324219
153,motion_minus_centered_equal_state,entropy_nats,-0.00762176513671875
154,motion_minus_centered_equal_state,entropy_nats,-0.012354373931884766
155,motion_minus_centered_equal_state,entropy_nats,-0.00019931793212890625
156,motion_minus_centered_equal_state,entropy_nats,0.0008482933044433594
157,motion_minus_centered_equal_state,entropy_nats,0.0010943412780761719
158,motion_minus_centered_equal_state,entropy_nats,-0.006214141845703125
159,motion_minus_centered_equal_state,entropy_nats,-0.006151676177978516
160,motion_minus_centered_equal_state,entropy_nats,-0.0008959770202636719
161,motion_minus_centered_equal_state,entropy_nats,0.0036268234252929688
162,motion_minus_centered_equal_state,entropy_nats,0.003193378448486328
163,motion_minus_centered_equal_state,entropy_nats,-0.0021080970764160156
164,motion_minus_centered_equal_state,entropy_nats,0.0038080215454101562
165,motion_minus_centered_equal_state,entropy_nats,-0.0007758140563964844
166,motion_minus_centered_equal_state,entropy_nats,-0.00141143798828125
167,motion_minus_centered_equal_state,entropy_nats,-0.0031785964965820312
168,motion_minus_centered_equal_state,entropy_nats,-0.008012771606445312
169,motion_minus_centered_equal_state,entropy_nats,0.0002288818359375
170,motion_minus_centered_equal_state,entropy_nats,-0.004267692565917969
171,motion_minus_centered_equal_state,entropy_nats,-0.0018715858459472656
172,motion_minus_centered_equal_state,entropy_nats,-0.003551483154296875
173,motion_minus_centered_equal_state,entropy_nats,-0.006119728088378906
174,motion_minus_centered_equal_state,entropy_nats,-0.0009675025939941406
175,motion_minus_centered_equal_state,entropy_nats,-0.0014257431030273438
176,motion_minus_centered_equal_state,entropy_nats,-0.000583648681640625
177,motion_minus_centered_equal_state,entropy_nats,-0.003975868225097656
178,motion_minus_centered_equal_state,entropy_nats,-0.003162384033203125
179,motion_minus_centered_equal_state,entropy_nats,0.0026340484619140625
180,motion_minus_centered_equal_state,entropy_nats,-0.0022115707397460938
181,motion_minus_centered_equal_state,entropy_nats,-0.0044002532958984375
182,motion_minus_centered_equal_state,entropy_nats,0.006984710693359375
183,motion_minus_centered_equal_state,entropy_nats,-0.0012998580932617188
184,motion_minus_centered_equal_state,entropy_nats,-0.004619121551513672
185,motion_minus_centered_equal_state,entropy_nats,0.0002532005310058594
186,motion_minus_centered_equal_state,entropy_nats,-0.006726264953613281
187,motion_minus_centered_equal_state,entropy_nats,0.004809379577636719
188,motion_minus_centered_equal_state,entropy_nats,0.0015411376953125
189,motion_minus_centered_equal_state,entropy_nats,0.0018219947814941406
190,motion_minus_centered_equal_state,entropy_nats,-0.0035042762756347656
191,motion_minus_centered_equal_state,entropy_nats,-0.0033822059631347656
192,motion_minus_centered_equal_state,entropy_nats,-0.0010499954223632812
193,motion_minus_centered_equal_state,entropy_nats,-0.0012106895446777344
194,motion_minus_centered_equal_state,entropy_nats,-0.0038237571716308594
195,motion_minus_centered_equal_state,entropy_nats,-0.0033135414123535156
196,motion_minus_centered_equal_state,entropy_nats,0.006169319152832031
197,motion_minus_centered_equal_state,entropy_nats,-0.006301403045654297
198,motion_minus_centered_equal_state,entropy_nats,-0.003619670867919922
199,motion_minus_centered_equal_state,entropy_nats,0.00182342529296875
200,motion_minus_centered_equal_state,entropy_nats,0.005586147308349609
201,motion_minus_centered_equal_state,entropy_nats,0.0010662078857421875
202,motion_minus_centered_equal_state,entropy_nats,-0.0004782676696777344
203,motion_minus_centered_equal_state,entropy_nats,0.004055023193359375
204,motion_minus_centered_equal_state,entropy_nats,-0.004260063171386719
205,motion_minus_centered_equal_state,entropy_nats,-0.0009508132934570312
206,motion_minus_centered_equal_state,entropy_nats,-0.008156299591064453
207,motion_minus_centered_equal_state,entropy_nats,-0.009474754333496094
208,motion_minus_centered_equal_state,entropy_nats,-0.003894329071044922
209,motion_minus_centered_equal_state,entropy_nats,-0.004891872406005859
210,motion_minus_centered_equal_state,entropy_nats,-0.006514072418212891
211,motion_minus_centered_equal_state,entropy_nats,-0.004549503326416016
212,motion_minus_centered_equal_state,entropy_nats,-0.00018930435180664062
213,motion_minus_centered_equal_state,entropy_nats,-0.007757663726806641
214,motion_minus_centered_equal_state,entropy_nats,0.0020809173583984375
215,motion_minus_centered_equal_state,entropy_nats,0.0032787322998046875
216,motion_minus_centered_equal_state,entropy_nats,-0.0023627281188964844
217,motion_minus_centered_equal_state,entropy_nats,0.0019826889038085938
218,motion_minus_centered_equal_state,entropy_nats,-0.008780479431152344
219,motion_minus_centered_equal_state,entropy_nats,-0.004648685455322266
220,motion_minus_centered_equal_state,entropy_nats,-0.00832223892211914
221,motion_minus_centered_equal_state,entropy_nats,-0.0021352767944335938
222,motion_minus_centered_equal_state,entropy_nats,-0.004510402679443359
223,motion_minus_centered_equal_state,entropy_nats,0.0016999244689941406
224,motion_minus_centered_equal_state,entropy_nats,-0.0019116401672363281
225,motion_minus_centered_equal_state,entropy_nats,0.000362396240234375
226,motion_minus_centered_equal_state,entropy_nats,-0.005394935607910156
227,motion_minus_centered_equal_state,entropy_nats,-0.0004911422729492188
228,motion_minus_centered_equal_state,entropy_nats,-0.00024271011352539062
229,motion_minus_centered_equal_state,entropy_nats,0.0017781257629394531
230,motion_minus_centered_equal_state,entropy_nats,0.0014591217041015625
231,motion_minus_centered_equal_state,entropy_nats,-0.0031032562255859375
232,motion_minus_centered_equal_state,entropy_nats,0.0004181861877441406
233,motion_minus_centered_equal_state,entropy_nats,0.0025992393493652344
234,motion_minus_centered_equal_state,entropy_nats,-0.008986473083496094
235,motion_minus_centered_equal_state,entropy_nats,-0.0022249221801757812
236,motion_minus_centered_equal_state,entropy_nats,0.009951591491699219
237,motion_minus_centered_equal_state,entropy_nats,-0.007967948913574219
238,motion_minus_centered_equal_state,entropy_nats,0.005827903747558594
239,motion_minus_centered_equal_state,entropy_nats,-0.005360126495361328
240,motion_minus_centered_equal_state,entropy_nats,-0.006482601165771484
241,motion_minus_centered_equal_state,entropy_nats,-0.0005006790161132812
242,motion_minus_centered_equal_state,entropy_nats,-0.010928153991699219
243,motion_minus_centered_equal_state,entropy_nats,-0.0014090538024902344
244,motion_minus_centered_equal_state,entropy_nats,-0.0032329559326171875
245,motion_minus_centered_equal_state,entropy_nats,-0.003916263580322266
246,motion_minus_centered_equal_state,entropy_nats,-0.00024127960205078125
247,motion_minus_centered_equal_state,entropy_nats,-0.00240325927734375
248,motion_minus_centered_equal_state,entropy_nats,-0.005309104919433594
249,motion_minus_centered_equal_state,entropy_nats,-0.003372669219970703
250,motion_minus_centered_equal_state,entropy_nats,-0.0012373924255371094
251,motion_minus_centered_equal_state,entropy_nats,0.003684520721435547
252,motion_minus_centered_equal_state,entropy_nats,-0.007679939270019531
253,motion_minus_centered_equal_state,entropy_nats,-0.006422996520996094
254,motion_minus_centered_equal_state,entropy_nats,0.0006814002990722656
255,motion_minus_centered_equal_state,entropy_nats,-0.0019173622131347656
256,motion_minus_centered_equal_state,entropy_nats,-0.00906229019165039
257,motion_minus_centered_equal_state,entropy_nats,-0.0012288093566894531
258,motion_minus_centered_equal_state,entropy_nats,-0.003124713897705078
259,motion_minus_centered_equal_state,entropy_nats,-0.002234935760498047
260,motion_minus_centered_equal_state,entropy_nats,-0.003143310546875
261,motion_minus_centered_equal_state,entropy_nats,-0.0054569244384765625
262,motion_minus_centered_equal_state,entropy_nats,-0.004802227020263672
263,motion_minus_centered_equal_state,entropy_nats,-0.0075359344482421875
264,motion_minus_centered_equal_state,entropy_nats,-0.0015649795532226562
265,motion_minus_centered_equal_state,entropy_nats,-0.0027761459350585938
266,motion_minus_centered_equal_state,entropy_nats,-0.008605003356933594
267,motion_minus_centered_equal_state,entropy_nats,-0.0003237724304199219
268,motion_minus_centered_equal_state,entropy_nats,-0.0008492469787597656
269,motion_minus_centered_equal_state,entropy_nats,0.0029821395874023438
270,motion_minus_centered_equal_state,entropy_nats,-0.0027265548706054688
271,motion_minus_centered_equal_state,entropy_nats,-0.004980564117431641
272,motion_minus_centered_equal_state,entropy_nats,0.002898693084716797
273,motion_minus_centered_equal_state,entropy_nats,-0.0010004043579101562
274,motion_minus_centered_equal_state,entropy_nats,-0.00104522705078125
275,motion_minus_centered_equal_state,entropy_nats,-0.004490852355957031
276,motion_minus_centered_equal_state,entropy_nats,-0.0060443878173828125
277,motion_minus_centered_equal_state,entropy_nats,-0.0002751350402832031
278,motion_minus_centered_equal_state,entropy_nats,-0.006333351135253906
279,motion_minus_centered_equal_state,entropy_nats,-0.004554271697998047
280,motion_minus_centered_equal_state,entropy_nats,-0.008221149444580078
281,motion_minus_centered_equal_state,entropy_nats,-0.004128932952880859
282,motion_minus_centered_equal_state,entropy_nats,-0.00820159912109375
283,motion_minus_centered_equal_state,entropy_nats,0.0011219978332519531
284,motion_minus_centered_equal_state,entropy_nats,0.0006761550903320312
285,motion_minus_centered_equal_state,entropy_nats,-0.0003781318664550781
286,motion_minus_centered_equal_state,entropy_nats,1.4781951904296875e-05
287,motion_minus_centered_equal_state,entropy_nats,0.00026416778564453125
288,motion_minus_centered_equal_state,entropy_nats,0.0019855499267578125
289,motion_minus_centered_equal_state,entropy_nats,-0.00077056884765625
290,motion_minus_centered_equal_state,entropy_nats,-0.0008516311645507812
291,motion_minus_centered_equal_state,entropy_nats,0.0065174102783203125
292,motion_minus_centered_equal_state,entropy_nats,-0.005846977233886719
293,motion_minus_centered_equal_state,entropy_nats,-0.010859012603759766
294,motion_minus_centered_equal_state,entropy_nats,0.0002808570861816406
295,motion_minus_centered_equal_state,entropy_nats,-0.0022535324096679688
296,motion_minus_centered_equal_state,entropy_nats,0.004466533660888672
297,motion_minus_centered_equal_state,entropy_nats,-0.004960536956787109
298,motion_minus_centered_equal_state,entropy_nats,0.0050258636474609375
299,motion_minus_centered_equal_state,entropy_nats,-0.009254932403564453
300,motion_minus_centered_equal_state,entropy_nats,-0.007694244384765625
301,motion_minus_centered_equal_state,entropy_nats,-0.005095958709716797
302,motion_minus_centered_equal_state,entropy_nats,-0.0052928924560546875
303,motion_minus_centered_equal_state,entropy_nats,-0.007506847381591797
304,motion_minus_centered_equal_state,entropy_nats,-0.007413387298583984
305,motion_minus_centered_equal_state,entropy_nats,-0.0107421875
306,motion_minus_centered_equal_state,entropy_nats,-0.002902507781982422
307,motion_minus_centered_equal_state,entropy_nats,-0.0016341209411621094
308,motion_minus_centered_equal_state,entropy_nats,-0.0057697296142578125
309,motion_minus_centered_equal_state,entropy_nats,-0.003994941711425781
310,motion_minus_centered_equal_state,entropy_nats,-0.006089687347412109
311,motion_minus_centered_equal_state,entropy_nats,-0.0008540153503417969
312,motion_minus_centered_equal_state,entropy_nats,0.0014157295227050781
313,motion_minus_centered_equal_state,entropy_nats,-0.004978179931640625
314,motion_minus_centered_equal_state,entropy_nats,-0.006662845611572266
315,motion_minus_centered_equal_state,entropy_nats,-0.011803627014160156
316,motion_minus_centered_equal_state,entropy_nats,-0.0026216506958007812
317,motion_minus_centered_equal_state,entropy_nats,0.000682830810546875
318,motion_minus_centered_equal_state,entropy_nats,-0.0013074874877929688
319,motion_minus_centered_equal_state,entropy_nats,-0.002529144287109375
320,motion_minus_centered_equal_state,entropy_nats,-0.001377105712890625
321,motion_minus_centered_equal_state,entropy_nats,-0.0011754035949707031
322,motion_minus_centered_equal_state,entropy_nats,-0.006495952606201172
323,motion_minus_centered_equal_state,entropy_nats,0.0010356903076171875
324,motion_minus_centered_equal_state,entropy_nats,-0.0078582763671875
325,motion_minus_centered_equal_state,entropy_nats,-0.001407623291015625
326,motion_minus_centered_equal_state,entropy_nats,-0.004192352294921875
327,motion_minus_centered_equal_state,entropy_nats,-0.005886077880859375
328,motion_minus_centered_equal_state,entropy_nats,-0.0011343955993652344
329,motion_minus_centered_equal_state,entropy_nats,-0.0029010772705078125
330,motion_minus_centered_equal_state,entropy_nats,-0.0011076927185058594
331,motion_minus_centered_equal_state,entropy_nats,-0.002620220184326172
332,motion_minus_centered_equal_state,entropy_nats,0.0017619132995605469
333,motion_minus_centered_equal_state,entropy_nats,-0.005424022674560547
334,motion_minus_centered_equal_state,entropy_nats,-3.5762786865234375e-05
335,motion_minus_centered_equal_state,entropy_nats,-0.005548954010009766
336,motion_minus_centered_equal_state,entropy_nats,-0.010662078857421875
337,motion_minus_centered_equal_state,entropy_nats,0.0015621185302734375
338,motion_minus_centered_equal_state,entropy_nats,0.0049686431884765625
339,motion_minus_centered_equal_state,entropy_nats,-0.005168437957763672
340,motion_minus_centered_equal_state,entropy_nats,0.0014567375183105469
341,motion_minus_centered_equal_state,entropy_nats,0.003456592559814453
342,motion_minus_centered_equal_state,entropy_nats,9.632110595703125e-05
343,motion_minus_centered_equal_state,entropy_nats,-0.005463600158691406
344,motion_minus_centered_equal_state,entropy_nats,-0.005228996276855469
345,motion_minus_centered_equal_state,entropy_nats,-0.0022706985473632812
346,motion_minus_centered_equal_state,entropy_nats,0.0031266212463378906
347,motion_minus_centered_equal_state,entropy_nats,0.0008206367492675781
348,motion_minus_centered_equal_state,entropy_nats,-0.0008292198181152344
349,motion_minus_centered_equal_state,entropy_nats,-0.0053539276123046875
350,motion_minus_centered_equal_state,entropy_nats,-0.005902290344238281
351,motion_minus_centered_equal_state,entropy_nats,-0.003647327423095703
352,motion_minus_centered_equal_state,entropy_nats,-0.0017976760864257812
353,motion_minus_centered_equal_state,entropy_nats,-0.0036420822143554688
354,motion_minus_centered_equal_state,entropy_nats,0.0011987686157226562
355,motion_minus_centered_equal_state,entropy_nats,0.0034732818603515625
356,motion_minus_centered_equal_state,entropy_nats,-0.0017905235290527344
357,motion_minus_centered_equal_state,entropy_nats,-0.006890296936035156
358,motion_minus_centered_equal_state,entropy_nats,0.0027017593383789062
359,motion_minus_centered_equal_state,entropy_nats,0.0006537437438964844
360,motion_minus_centered_equal_state,entropy_nats,-5.0067901611328125e-05
361,motion_minus_centered_equal_state,entropy_nats,-0.0054721832275390625
362,motion_minus_centered_equal_state,entropy_nats,0.0036725997924804688
363,motion_minus_centered_equal_state,entropy_nats,-0.004658699035644531
364,motion_minus_centered_equal_state,entropy_nats,3.337860107421875e-05
365,motion_minus_centered_equal_state,entropy_nats,-0.005883216857910156
366,motion_minus_centered_equal_state,entropy_nats,-0.004921436309814453
367,motion_minus_centered_equal_state,entropy_nats,0.0031232833862304688
368,motion_minus_centered_equal_state,entropy_nats,0.0020151138305664062
369,motion_minus_centered_equal_state,entropy_nats,-0.0015592575073242188
370,motion_minus_centered_equal_state,entropy_nats,-0.010376453399658203
371,motion_minus_centered_equal_state,entropy_nats,0.0007915496826171875
372,motion_minus_centered_equal_state,entropy_nats,-0.0008983612060546875
373,motion_minus_centered_equal_state,entropy_nats,-0.006526947021484375
374,motion_minus_centered_equal_state,entropy_nats,-0.0029611587524414062
375,motion_minus_centered_equal_state,entropy_nats,-0.007346630096435547
376,motion_minus_centered_equal_state,entropy_nats,-0.0038576126098632812
377,motion_minus_centered_equal_state,entropy_nats,-0.005970001220703125
378,motion_minus_centered_equal_state,entropy_nats,-0.0017442703247070312
379,motion_minus_centered_equal_state,entropy_nats,0.0013031959533691406
380,motion_minus_centered_equal_state,entropy_nats,-0.011384963989257812
381,motion_minus_centered_equal_state,entropy_nats,0.0055561065673828125
382,motion_minus_centered_equal_state,entropy_nats,-0.009620189666748047
383,motion_minus_centered_equal_state,entropy_nats,4.2438507080078125e-05
384,motion_minus_centered_equal_state,entropy_nats,-0.0041217803955078125
385,motion_minus_centered_equal_state,entropy_nats,0.0007042884826660156
386,motion_minus_centered_equal_state,entropy_nats,0.0018148422241210938
387,motion_minus_centered_equal_state,entropy_nats,0.0006561279296875
388,motion_minus_centered_equal_state,entropy_nats,-0.006390094757080078
389,motion_minus_centered_equal_state,entropy_nats,0.006239891052246094
390,motion_minus_centered_equal_state,entropy_nats,-0.0046939849853515625
391,motion_minus_centered_equal_state,entropy_nats,-0.00514984130859375
392,motion_minus_centered_equal_state,entropy_nats,-0.008478641510009766
393,motion_minus_centered_equal_state,entropy_nats,0.0012798309326171875
394,motion_minus_centered_equal_state,entropy_nats,0.0064716339111328125
395,motion_minus_centered_equal_state,entropy_nats,0.0008563995361328125
396,motion_minus_centered_equal_state,entropy_nats,-0.006296634674072266
397,motion_minus_centered_equal_state,entropy_nats,-0.005519866943359375
398,motion_minus_centered_equal_state,entropy_nats,-0.006634712219238281
399,motion_minus_centered_equal_state,entropy_nats,0.0008211135864257812
400,motion_minus_centered_equal_state,entropy_nats,0.004200458526611328
401,motion_minus_centered_equal_state,entropy_nats,0.0010781288146972656
402,motion_minus_centered_equal_state,entropy_nats,-0.0010409355163574219
403,motion_minus_centered_equal_state,entropy_nats,0.0009398460388183594
404,motion_minus_centered_equal_state,entropy_nats,-0.0008182525634765625
405,motion_minus_centered_equal_state,entropy_nats,-0.005893707275390625
406,motion_minus_centered_equal_state,entropy_nats,-0.004824638366699219
407,motion_minus_centered_equal_state,entropy_nats,-0.004740238189697266
408,motion_minus_centered_equal_state,entropy_nats,0.0020666122436523438
409,motion_minus_centered_equal_state,entropy_nats,-0.004179954528808594
410,motion_minus_centered_equal_state,entropy_nats,-0.012958526611328125
411,motion_minus_centered_equal_state,entropy_nats,-0.003983497619628906
412,motion_minus_centered_equal_state,entropy_nats,-0.004096031188964844
413,motion_minus_centered_equal_state,entropy_nats,-0.0008044242858886719
414,motion_minus_centered_equal_state,entropy_nats,-0.0024399757385253906
415,motion_minus_centered_equal_state,entropy_nats,-0.0007071495056152344
416,motion_minus_centered_equal_state,entropy_nats,-0.004521846771240234
417,motion_minus_centered_equal_state,entropy_nats,-0.008051872253417969
418,motion_minus_centered_equal_state,entropy_nats,0.0025968551635742188
419,motion_minus_centered_equal_state,entropy_nats,0.0053768157958984375
420,motion_minus_centered_equal_state,entropy_nats,1.52587890625e-05
421,motion_minus_centered_equal_state,entropy_nats,-0.0019855499267578125
422,motion_minus_centered_equal_state,entropy_nats,-0.006160736083984375
423,motion_minus_centered_equal_state,entropy_nats,-0.006862163543701172
424,motion_minus_centered_equal_state,entropy_nats,0.000148773193359375
425,motion_minus_centered_equal_state,entropy_nats,-0.008608818054199219
426,motion_minus_centered_equal_state,entropy_nats,-0.0008563995361328125
427,motion_minus_centered_equal_state,entropy_nats,-0.005207061767578125
428,motion_minus_centered_equal_state,entropy_nats,0.002612590789794922
429,motion_minus_centered_equal_state,entropy_nats,-0.005855083465576172
430,motion_minus_centered_equal_state,entropy_nats,-0.0019779205322265625
431,motion_minus_centered_equal_state,entropy_nats,-0.0010461807250976562
432,motion_minus_centered_equal_state,entropy_nats,-0.005394458770751953
433,motion_minus_centered_equal_state,entropy_nats,-0.0038619041442871094
434,motion_minus_centered_equal_state,entropy_nats,-0.003143310546875
435,motion_minus_centered_equal_state,entropy_nats,-0.008006572723388672
436,motion_minus_centered_equal_state,entropy_nats,0.0013709068298339844
437,motion_minus_centered_equal_state,entropy_nats,-0.0042896270751953125
438,motion_minus_centered_equal_state,entropy_nats,-0.004457950592041016
439,motion_minus_centered_equal_state,entropy_nats,0.004939556121826172
440,motion_minus_centered_equal_state,entropy_nats,0.003997325897216797
441,motion_minus_centered_equal_state,entropy_nats,-0.008791446685791016
442,motion_minus_centered_equal_state,entropy_nats,0.0036020278930664062
443,motion_minus_centered_equal_state,entropy_nats,-0.0033817291259765625
444,motion_minus_centered_equal_state,entropy_nats,0.0018091201782226562
445,motion_minus_centered_equal_state,entropy_nats,-0.006481170654296875
446,motion_minus_centered_equal_state,entropy_nats,-0.002288341522216797
447,motion_minus_centered_equal_state,entropy_nats,-0.006793498992919922
448,motion_minus_centered_equal_state,entropy_nats,-0.0016298294067382812
449,motion_minus_centered_equal_state,entropy_nats,-0.008153438568115234
450,motion_minus_centered_equal_state,entropy_nats,-0.002212047576904297
451,motion_minus_centered_equal_state,entropy_nats,0.0020589828491210938
452,motion_minus_centered_equal_state,entropy_nats,-0.006011962890625
453,motion_minus_centered_equal_state,entropy_nats,-0.00011348724365234375
454,motion_minus_centered_equal_state,entropy_nats,0.0031251907348632812
455,motion_minus_centered_equal_state,entropy_nats,-0.006308078765869141
456,motion_minus_centered_equal_state,entropy_nats,0.0006570816040039062
457,motion_minus_centered_equal_state,entropy_nats,-0.008911609649658203
458,motion_minus_centered_equal_state,entropy_nats,2.9087066650390625e-05
459,motion_minus_centered_equal_state,entropy_nats,0.004017353057861328
460,motion_minus_centered_equal_state,entropy_nats,0.0005254745483398438
461,motion_minus_centered_equal_state,entropy_nats,-0.003314971923828125
462,motion_minus_centered_equal_state,entropy_nats,0.0036401748657226562
463,motion_minus_centered_equal_state,entropy_nats,-0.0071239471435546875
464,motion_minus_centered_equal_state,entropy_nats,0.0008144378662109375
465,motion_minus_centered_equal_state,entropy_nats,0.00824117660522461
466,motion_minus_centered_equal_state,entropy_nats,-0.00042724609375
467,motion_minus_centered_equal_state,entropy_nats,-0.0030460357666015625
468,motion_minus_centered_equal_state,entropy_nats,0.0022687911987304688
469,motion_minus_centered_equal_state,entropy_nats,-0.007902145385742188
470,motion_minus_centered_equal_state,entropy_nats,0.002617359161376953
471,motion_minus_centered_equal_state,entropy_nats,-0.008486270904541016
472,motion_minus_centered_equal_state,entropy_nats,0.0003838539123535156
473,motion_minus_centered_equal_state,entropy_nats,-0.005118370056152344
474,motion_minus_centered_equal_state,entropy_nats,-0.0032982826232910156
475,motion_minus_centered_equal_state,entropy_nats,-0.0016207695007324219
476,motion_minus_centered_equal_state,entropy_nats,-0.0007004737854003906
477,motion_minus_centered_equal_state,entropy_nats,-0.0003724098205566406
478,motion_minus_centered_equal_state,entropy_nats,-0.0036334991455078125
479,motion_minus_centered_equal_state,entropy_nats,-0.0004124641418457031
480,motion_minus_centered_equal_state,entropy_nats,0.0012941360473632812
481,motion_minus_centered_equal_state,entropy_nats,0.0027971267700195312
482,motion_minus_centered_equal_state,entropy_nats,-0.0031614303588867188
483,motion_minus_centered_equal_state,entropy_nats,-0.007777214050292969
484,motion_minus_centered_equal_state,entropy_nats,-0.008493423461914062
485,motion_minus_centered_equal_state,entropy_nats,-0.006291866302490234
486,motion_minus_centered_equal_state,entropy_nats,0.006329536437988281
487,motion_minus_centered_equal_state,entropy_nats,-0.004372596740722656
488,motion_minus_centered_equal_state,entropy_nats,-0.0050373077392578125
489,motion_minus_centered_equal_state,entropy_nats,0.004151821136474609
490,motion_minus_centered_equal_state,entropy_nats,-0.0012454986572265625
491,motion_minus_centered_equal_state,entropy_nats,-0.0021004676818847656
492,motion_minus_centered_equal_state,entropy_nats,-0.0012578964233398438
493,motion_minus_centered_equal_state,entropy_nats,0.00055694580078125
494,motion_minus_centered_equal_state,entropy_nats,-0.0048198699951171875
495,motion_minus_centered_equal_state,entropy_nats,0.0004944801330566406
496,motion_minus_centered_equal_state,entropy_nats,-0.004730701446533203
497,motion_minus_centered_equal_state,entropy_nats,-0.0027179718017578125
498,motion_minus_centered_equal_state,entropy_nats,0.0016312599182128906
499,motion_minus_centered_equal_state,entropy_nats,-0.00796365737915039
500,motion_minus_centered_equal_state,entropy_nats,-0.00714111328125
1,motion_minus_centered_equal_state,area50_km2,-37500.0
2,motion_minus_centered_equal_state,area50_km2,-37500.0
3,motion_minus_centered_equal_state,area50_km2,-15000.0
4,motion_minus_centered_equal_state,area50_km2,-45000.0
5,motion_minus_centered_equal_state,area50_km2,-37500.0
6,motion_minus_centered_equal_state,area50_km2,-37500.0
7,motion_minus_centered_equal_state,area50_km2,-40000.0
8,motion_minus_centered_equal_state,area50_km2,-45000.0
9,motion_minus_centered_equal_state,area50_km2,-40000.0
10,motion_minus_centered_equal_state,area50_km2,-40000.0
11,motion_minus_centered_equal_state,area50_km2,-40000.0
12,motion_minus_centered_equal_state,area50_km2,-20000.0
13,motion_minus_centered_equal_state,area50_km2,-40000.0
14,motion_minus_centered_equal_state,area50_km2,-42500.0
15,motion_minus_centered_equal_state,area50_km2,-30000.0
16,motion_minus_centered_equal_state,area50_km2,-27500.0
17,motion_minus_centered_equal_state,area50_km2,-22500.0
18,motion_minus_centered_equal_state,area50_km2,-37500.0
19,motion_minus_centered_equal_state,area50_km2,-27500.0
20,motion_minus_centered_equal_state,area50_km2,-22500.0
21,motion_minus_centered_equal_state,area50_km2,-22500.0
22,motion_minus_centered_equal_state,area50_km2,-32500.0
23,motion_minus_centered_equal_state,area50_km2,-35000.0
24,motion_minus_centered_equal_state,area50_km2,-40000.0
25,motion_minus_centered_equal_state,area50_km2,-15000.0
26,motion_minus_centered_equal_state,area50_km2,-22500.0
27,motion_minus_centered_equal_state,area50_km2,-35000.0
28,motion_minus_centered_equal_state,area50_km2,-25000.0
29,motion_minus_centered_equal_state,area50_km2,-27500.0
30,motion_minus_centered_equal_state,area50_km2,-47500.0
31,motion_minus_centered_equal_state,area50_km2,-40000.0
32,motion_minus_centered_equal_state,area50_km2,-37500.0
33,motion_minus_centered_equal_state,area50_km2,-22500.0
34,motion_minus_centered_equal_state,area50_km2,-30000.0
35,motion_minus_centered_equal_state,area50_km2,-20000.0
36,motion_minus_centered_equal_state,area50_km2,-32500.0
37,motion_minus_centered_equal_state,area50_km2,-27500.0
38,motion_minus_centered_equal_state,area50_km2,-25000.0
39,motion_minus_centered_equal_state,area50_km2,-40000.0
40,motion_minus_centered_equal_state,area50_km2,-32500.0
41,motion_minus_centered_equal_state,area50_km2,-27500.0
42,motion_minus_centered_equal_state,area50_km2,-25000.0
43,motion_minus_centered_equal_state,area50_km2,-30000.0
44,motion_minus_centered_equal_state,area50_km2,-32500.0
45,motion_minus_centered_equal_state,area50_km2,-35000.0
46,motion_minus_centered_equal_state,area50_km2,-35000.0
47,motion_minus_centered_equal_state,area50_km2,-27500.0
48,motion_minus_centered_equal_state,area50_km2,-30000.0
49,motion_minus_centered_equal_state,area50_km2,-50000.0
50,motion_minus_centered_equal_state,area50_km2,-17500.0
51,motion_minus_centered_equal_state,area50_km2,-42500.0
52,motion_minus_centered_equal_state,area50_km2,-25000.0
53,motion_minus_centered_equal_state,area50_km2,-35000.0
54,motion_minus_centered_equal_state,area50_km2,-40000.0
55,motion_minus_centered_equal_state,area50_km2,-15000.0
56,motion_minus_centered_equal_state,area50_km2,-25000.0
57,motion_minus_centered_equal_state,area50_km2,-40000.0
58,motion_minus_centered_equal_state,area50_km2,-30000.0
59,motion_minus_centered_equal_state,area50_km2,-35000.0
60,motion_minus_centered_equal_state,area50_km2,-27500.0
61,motion_minus_centered_equal_state,area50_km2,-40000.0
62,motion_minus_centered_equal_state,area50_km2,-32500.0
63,motion_minus_centered_equal_state,area50_km2,-40000.0
64,motion_minus_centered_equal_state,area50_km2,-35000.0
65,motion_minus_centered_equal_state,area50_km2,-35000.0
66,motion_minus_centered_equal_state,area50_km2,-35000.0
67,motion_minus_centered_equal_state,area50_km2,-30000.0
68,motion_minus_centered_equal_state,area50_km2,-32500.0
69,motion_minus_centered_equal_state,area50_km2,-35000.0
70,motion_minus_centered_equal_state,area50_km2,-27500.0
71,motion_minus_centered_equal_state,area50_km2,-35000.0
72,motion_minus_centered_equal_state,area50_km2,-32500.0
73,motion_minus_centered_equal_state,area50_km2,-20000.0
74,motion_minus_centered_equal_state,area50_km2,-22500.0
75,motion_minus_centered_equal_state,area50_km2,-35000.0
76,motion_minus_centered_equal_state,area50_km2,-35000.0
77,motion_minus_centered_equal_state,area50_km2,-35000.0
78,motion_minus_centered_equal_state,area50_km2,-35000.0
79,motion_minus_centered_equal_state,area50_km2,-15000.0
80,motion_minus_centered_equal_state,area50_km2,-37500.0
81,motion_minus_centered_equal_state,area50_km2,-17500.0
82,motion_minus_centered_equal_state,area50_km2,-40000.0
83,motion_minus_centered_equal_state,area50_km2,-22500.0
84,motion_minus_centered_equal_state,area50_km2,-35000.0
85,motion_minus_centered_equal_state,area50_km2,-52500.0
86,motion_minus_centered_equal_state,area50_km2,-32500.0
87,motion_minus_centered_equal_state,area50_km2,-25000.0
88,motion_minus_centered_equal_state,area50_km2,-30000.0
89,motion_minus_centered_equal_state,area50_km2,-40000.0
90,motion_minus_centered_equal_state,area50_km2,-45000.0
91,motion_minus_centered_equal_state,area50_km2,-32500.0
92,motion_minus_centered_equal_state,area50_km2,-45000.0
93,motion_minus_centered_equal_state,area50_km2,-47500.0
94,motion_minus_centered_equal_state,area50_km2,-27500.0
95,motion_minus_centered_equal_state,area50_km2,-37500.0
96,motion_minus_centered_equal_state,area50_km2,-35000.0
97,motion_minus_centered_equal_state,area50_km2,-27500.0
98,motion_minus_centered_equal_state,area50_km2,-32500.0
99,motion_minus_centered_equal_state,area50_km2,-27500.0
100,motion_minus_centered_equal_state,area50_km2,-25000.0
101,motion_minus_centered_equal_state,area50_km2,-30000.0
102,motion_minus_centered_equal_state,area50_km2,-17500.0
103,motion_minus_centered_equal_state,area50_km2,-32500.0
104,motion_minus_centered_equal_state,area50_km2,-25000.0
105,motion_minus_centered_equal_state,area50_km2,-40000.0
106,motion_minus_centered_equal_state,area50_km2,-35000.0
107,motion_minus_centered_equal_state,area50_km2,-35000.0
108,motion_minus_centered_equal_state,area50_km2,-32500.0
109,motion_minus_centered_equal_state,area50_km2,-22500.0
110,motion_minus_centered_equal_state,area50_km2,-17500.0
111,motion_minus_centered_equal_state,area50_km2,-25000.0
112,motion_minus_centered_equal_state,area50_km2,-22500.0
113,motion_minus_centered_equal_state,area50_km2,-27500.0
114,motion_minus_centered_equal_state,area50_km2,-32500.0
115,motion_minus_centered_equal_state,area50_km2,-32500.0
116,motion_minus_centered_equal_state,area50_km2,-15000.0
117,motion_minus_centered_equal_state,area50_km2,-40000.0
118,motion_minus_centered_equal_state,area50_km2,-22500.0
119,motion_minus_centered_equal_state,area50_km2,-25000.0
120,motion_minus_centered_equal_state,area50_km2,-15000.0
121,motion_minus_centered_equal_state,area50_km2,-17500.0
122,motion_minus_centered_equal_state,area50_km2,-30000.0
123,motion_minus_centered_equal_state,area50_km2,-35000.0
124,motion_minus_centered_equal_state,area50_km2,-35000.0
125,motion_minus_centered_equal_state,area50_km2,-45000.0
126,motion_minus_centered_equal_state,area50_km2,-32500.0
127,motion_minus_centered_equal_state,area50_km2,-40000.0
128,motion_minus_centered_equal_state,area50_km2,-25000.0
129,motion_minus_centered_equal_state,area50_km2,-37500.0
130,motion_minus_centered_equal_state,area50_km2,-30000.0
131,motion_minus_centered_equal_state,area50_km2,-35000.0
132,motion_minus_centered_equal_state,area50_km2,-17500.0
133,motion_minus_centered_equal_state,area50_km2,-37500.0
134,motion_minus_centered_equal_state,area50_km2,-32500.0
135,motion_minus_centered_equal_state,area50_km2,-35000.0
136,motion_minus_centered_equal_state,area50_km2,-42500.0
137,motion_minus_centered_equal_state,area50_km2,-50000.0
138,motion_minus_centered_equal_state,area50_km2,-35000.0
139,motion_minus_centered_equal_state,area50_km2,-30000.0
140,motion_minus_centered_equal_state,area50_km2,-35000.0
141,motion_minus_centered_equal_state,area50_km2,-35000.0
142,motion_minus_centered_equal_state,area50_km2,-35000.0
143,motion_minus_centered_equal_state,area50_km2,-25000.0
144,motion_minus_centered_equal_state,area50_km2,-37500.0
145,motion_minus_centered_equal_state,area50_km2,-25000.0
146,motion_minus_centered_equal_state,area50_km2,-25000.0
147,motion_minus_centered_equal_state,area50_km2,-25000.0
148,motion_minus_centered_equal_state,area50_km2,-35000.0
149,motion_minus_centered_equal_state,area50_km2,-20000.0
150,motion_minus_centered_equal_state,area50_km2,-37500.0
151,motion_minus_centered_equal_state,area50_km2,-27500.0
152,motion_minus_centered_equal_state,area50_km2,-37500.0
153,motion_minus_centered_equal_state,area50_km2,-40000.0
154,motion_minus_centered_equal_state,area50_km2,-42500.0
155,motion_minus_centered_equal_state,area50_km2,-27500.0
156,motion_minus_centered_equal_state,area50_km2,-30000.0
157,motion_minus_centered_equal_state,area50_km2,-25000.0
158,motion_minus_centered_equal_state,area50_km2,-40000.0
159,motion_minus_centered_equal_state,area50_km2,-37500.0
160,motion_minus_centered_equal_state,area50_km2,-22500.0
161,motion_minus_centered_equal_state,area50_km2,-20000.0
162,motion_minus_centered_equal_state,area50_km2,-25000.0
163,motion_minus_centered_equal_state,area50_km2,-37500.0
164,motion_minus_centered_equal_state,area50_km2,-20000.0
165,motion_minus_centered_equal_state,area50_km2,-20000.0
166,motion_minus_centered_equal_state,area50_km2,-30000.0
167,motion_minus_centered_equal_state,area50_km2,-35000.0
168,motion_minus_centered_equal_state,area50_km2,-35000.0
169,motion_minus_centered_equal_state,area50_km2,-27500.0
170,motion_minus_centered_equal_state,area50_km2,-35000.0
171,motion_minus_centered_equal_state,area50_km2,-32500.0
172,motion_minus_centered_equal_state,area50_km2,-32500.0
173,motion_minus_centered_equal_state,area50_km2,-27500.0
174,motion_minus_centered_equal_state,area50_km2,-25000.0
175,motion_minus_centered_equal_state,area50_km2,-32500.0
176,motion_minus_centered_equal_state,area50_km2,-27500.0
177,motion_minus_centered_equal_state,area50_km2,-27500.0
178,motion_minus_centered_equal_state,area50_km2,-35000.0
179,motion_minus_centered_equal_state,area50_km2,-27500.0
180,motion_minus_centered_equal_state,area50_km2,-35000.0
181,motion_minus_centered_equal_state,area50_km2,-35000.0
182,motion_minus_centered_equal_state,area50_km2,-17500.0
183,motion_minus_centered_equal_state,area50_km2,-32500.0
184,motion_minus_centered_equal_state,area50_km2,-35000.0
185,motion_minus_centered_equal_state,area50_km2,-27500.0
186,motion_minus_centered_equal_state,area50_km2,-40000.0
187,motion_minus_centered_equal_state,area50_km2,-25000.0
188,motion_minus_centered_equal_state,area50_km2,-30000.0
189,motion_minus_centered_equal_state,area50_km2,-27500.0
190,motion_minus_centered_equal_state,area50_km2,-37500.0
191,motion_minus_centered_equal_state,area50_km2,-30000.0
192,motion_minus_centered_equal_state,area50_km2,-32500.0
193,motion_minus_centered_equal_state,area50_km2,-27500.0
194,motion_minus_centered_equal_state,area50_km2,-40000.0
195,motion_minus_centered_equal_state,area50_km2,-30000.0
196,motion_minus_centered_equal_state,area50_km2,-20000.0
197,motion_minus_centered_equal_state,area50_km2,-40000.0
198,motion_minus_centered_equal_state,area50_km2,-32500.0
199,motion_minus_centered_equal_state,area50_km2,-20000.0
200,motion_minus_centered_equal_state,area50_km2,-17500.0
201,motion_minus_centered_equal_state,area50_km2,-27500.0
202,motion_minus_centered_equal_state,area50_km2,-25000.0
203,motion_minus_centered_equal_state,area50_km2,-22500.0
204,motion_minus_centered_equal_state,area50_km2,-40000.0
205,motion_minus_centered_equal_state,area50_km2,-27500.0
206,motion_minus_centered_equal_state,area50_km2,-40000.0
207,motion_minus_centered_equal_state,area50_km2,-45000.0
208,motion_minus_centered_equal_state,area50_km2,-32500.0
209,motion_minus_centered_equal_state,area50_km2,-32500.0
210,motion_minus_centered_equal_state,area50_km2,-35000.0
211,motion_minus_centered_equal_state,area50_km2,-27500.0
212,motion_minus_centered_equal_state,area50_km2,-27500.0
213,motion_minus_centered_equal_state,area50_km2,-32500.0
214,motion_minus_centered_equal_state,area50_km2,-25000.0
215,motion_minus_centered_equal_state,area50_km2,-25000.0
216,motion_minus_centered_equal_state,area50_km2,-32500.0
217,motion_minus_centered_equal_state,area50_km2,-22500.0
218,motion_minus_centered_equal_state,area50_km2,-50000.0
219,motion_minus_centered_equal_state,area50_km2,-37500.0
220,motion_minus_centered_equal_state,area50_km2,-47500.0
221,motion_minus_centered_equal_state,area50_km2,-32500.0
222,motion_minus_centered_equal_state,area50_km2,-32500.0
223,motion_minus_centered_equal_state,area50_km2,-25000.0
224,motion_minus_centered_equal_state,area50_km2,-30000.0
225,motion_minus_centered_equal_state,area50_km2,-25000.0
226,motion_minus_centered_equal_state,area50_km2,-37500.0
227,motion_minus_centered_equal_state,area50_km2,-30000.0
228,motion_minus_centered_equal_state,area50_km2,-35000.0
229,motion_minus_centered_equal_state,area50_km2,-27500.0
230,motion_minus_centered_equal_state,area50_km2,-27500.0
231,motion_minus_centered_equal_state,area50_km2,-27500.0
232,motion_minus_centered_equal_state,area50_km2,-27500.0
233,motion_minus_centered_equal_state,area50_km2,-25000.0
234,motion_minus_centered_equal_state,area50_km2,-42500.0
235,motion_minus_centered_equal_state,area50_km2,-30000.0
236,motion_minus_centered_equal_state,area50_km2,-12500.0
237,motion_minus_centered_equal_state,area50_km2,-35000.0
238,motion_minus_centered_equal_state,area50_km2,-15000.0
239,motion_minus_centered_equal_state,area50_km2,-40000.0
240,motion_minus_centered_equal_state,area50_km2,-35000.0
241,motion_minus_centered_equal_state,area50_km2,-30000.0
242,motion_minus_centered_equal_state,area50_km2,-47500.0
243,motion_minus_centered_equal_state,area50_km2,-30000.0
244,motion_minus_centered_equal_state,area50_km2,-32500.0
245,motion_minus_centered_equal_state,area50_km2,-32500.0
246,motion_minus_centered_equal_state,area50_km2,-22500.0
247,motion_minus_centered_equal_state,area50_km2,-30000.0
248,motion_minus_centered_equal_state,area50_km2,-35000.0
249,motion_minus_centered_equal_state,area50_km2,-32500.0
250,motion_minus_centered_equal_state,area50_km2,-30000.0
251,motion_minus_centered_equal_state,area50_km2,-22500.0
252,motion_minus_centered_equal_state,area50_km2,-42500.0
253,motion_minus_centered_equal_state,area50_km2,-35000.0
254,motion_minus_centered_equal_state,area50_km2,-27500.0
255,motion_minus_centered_equal_state,area50_km2,-27500.0
256,motion_minus_centered_equal_state,area50_km2,-42500.0
257,motion_minus_centered_equal_state,area50_km2,-30000.0
258,motion_minus_centered_equal_state,area50_km2,-32500.0
259,motion_minus_centered_equal_state,area50_km2,-30000.0
260,motion_minus_centered_equal_state,area50_km2,-40000.0
261,motion_minus_centered_equal_state,area50_km2,-35000.0
262,motion_minus_centered_equal_state,area50_km2,-40000.0
263,motion_minus_centered_equal_state,area50_km2,-37500.0
264,motion_minus_centered_equal_state,area50_km2,-25000.0
265,motion_minus_centered_equal_state,area50_km2,-30000.0
266,motion_minus_centered_equal_state,area50_km2,-45000.0
267,motion_minus_centered_equal_state,area50_km2,-30000.0
268,motion_minus_centered_equal_state,area50_km2,-30000.0
269,motion_minus_centered_equal_state,area50_km2,-22500.0
270,motion_minus_centered_equal_state,area50_km2,-32500.0
271,motion_minus_centered_equal_state,area50_km2,-27500.0
272,motion_minus_centered_equal_state,area50_km2,-20000.0
273,motion_minus_centered_equal_state,area50_km2,-25000.0
274,motion_minus_centered_equal_state,area50_km2,-32500.0
275,motion_minus_centered_equal_state,area50_km2,-32500.0
276,motion_minus_centered_equal_state,area50_km2,-35000.0
277,motion_minus_centered_equal_state,area50_km2,-30000.0
278,motion_minus_centered_equal_state,area50_km2,-32500.0
279,motion_minus_centered_equal_state,area50_km2,-30000.0
280,motion_minus_centered_equal_state,area50_km2,-40000.0
281,motion_minus_centered_equal_state,area50_km2,-40000.0
282,motion_minus_centered_equal_state,area50_km2,-40000.0
283,motion_minus_centered_equal_state,area50_km2,-27500.0
284,motion_minus_centered_equal_state,area50_km2,-25000.0
285,motion_minus_centered_equal_state,area50_km2,-32500.0
286,motion_minus_centered_equal_state,area50_km2,-25000.0
287,motion_minus_centered_equal_state,area50_km2,-27500.0
288,motion_minus_centered_equal_state,area50_km2,-25000.0
289,motion_minus_centered_equal_state,area50_km2,-25000.0
290,motion_minus_centered_equal_state,area50_km2,-25000.0
291,motion_minus_centered_equal_state,area50_km2,-20000.0
292,motion_minus_centered_equal_state,area50_km2,-35000.0
293,motion_minus_centered_equal_state,area50_km2,-37500.0
294,motion_minus_centered_equal_state,area50_km2,-25000.0
295,motion_minus_centered_equal_state,area50_km2,-35000.0
296,motion_minus_centered_equal_state,area50_km2,-20000.0
297,motion_minus_centered_equal_state,area50_km2,-32500.0
298,motion_minus_centered_equal_state,area50_km2,-22500.0
299,motion_minus_centered_equal_state,area50_km2,-40000.0
300,motion_minus_centered_equal_state,area50_km2,-40000.0
301,motion_minus_centered_equal_state,area50_km2,-30000.0
302,motion_minus_centered_equal_state,area50_km2,-35000.0
303,motion_minus_centered_equal_state,area50_km2,-37500.0
304,motion_minus_centered_equal_state,area50_km2,-32500.0
305,motion_minus_centered_equal_state,area50_km2,-40000.0
306,motion_minus_centered_equal_state,area50_km2,-30000.0
307,motion_minus_centered_equal_state,area50_km2,-32500.0
308,motion_minus_centered_equal_state,area50_km2,-32500.0
309,motion_minus_centered_equal_state,area50_km2,-35000.0
310,motion_minus_centered_equal_state,area50_km2,-40000.0
311,motion_minus_centered_equal_state,area50_km2,-30000.0
312,motion_minus_centered_equal_state,area50_km2,-25000.0
313,motion_minus_centered_equal_state,area50_km2,-35000.0
314,motion_minus_centered_equal_state,area50_km2,-40000.0
315,motion_minus_centered_equal_state,area50_km2,-45000.0
316,motion_minus_centered_equal_state,area50_km2,-32500.0
317,motion_minus_centered_equal_state,area50_km2,-27500.0
318,motion_minus_centered_equal_state,area50_km2,-30000.0
319,motion_minus_centered_equal_state,area50_km2,-32500.0
320,motion_minus_centered_equal_state,area50_km2,-25000.0
321,motion_minus_centered_equal_state,area50_km2,-25000.0
322,motion_minus_centered_equal_state,area50_km2,-35000.0
323,motion_minus_centered_equal_state,area50_km2,-22500.0
324,motion_minus_centered_equal_state,area50_km2,-40000.0
325,motion_minus_centered_equal_state,area50_km2,-27500.0
326,motion_minus_centered_equal_state,area50_km2,-42500.0
327,motion_minus_centered_equal_state,area50_km2,-37500.0
328,motion_minus_centered_equal_state,area50_km2,-27500.0
329,motion_minus_centered_equal_state,area50_km2,-32500.0
330,motion_minus_centered_equal_state,area50_km2,-30000.0
331,motion_minus_centered_equal_state,area50_km2,-25000.0
332,motion_minus_centered_equal_state,area50_km2,-25000.0
333,motion_minus_centered_equal_state,area50_km2,-32500.0
334,motion_minus_centered_equal_state,area50_km2,-25000.0
335,motion_minus_centered_equal_state,area50_km2,-32500.0
336,motion_minus_centered_equal_state,area50_km2,-45000.0
337,motion_minus_centered_equal_state,area50_km2,-27500.0
338,motion_minus_centered_equal_state,area50_km2,-27500.0
339,motion_minus_centered_equal_state,area50_km2,-35000.0
340,motion_minus_centered_equal_state,area50_km2,-22500.0
341,motion_minus_centered_equal_state,area50_km2,-22500.0
342,motion_minus_centered_equal_state,area50_km2,-22500.0
343,motion_minus_centered_equal_state,area50_km2,-37500.0
344,motion_minus_centered_equal_state,area50_km2,-37500.0
345,motion_minus_centered_equal_state,area50_km2,-25000.0
346,motion_minus_centered_equal_state,area50_km2,-17500.0
347,motion_minus_centered_equal_state,area50_km2,-32500.0
348,motion_minus_centered_equal_state,area50_km2,-27500.0
349,motion_minus_centered_equal_state,area50_km2,-27500.0
350,motion_minus_centered_equal_state,area50_km2,-37500.0
351,motion_minus_centered_equal_state,area50_km2,-27500.0
352,motion_minus_centered_equal_state,area50_km2,-35000.0
353,motion_minus_centered_equal_state,area50_km2,-35000.0
354,motion_minus_centered_equal_state,area50_km2,-25000.0
355,motion_minus_centered_equal_state,area50_km2,-15000.0
356,motion_minus_centered_equal_state,area50_km2,-20000.0
357,motion_minus_centered_equal_state,area50_km2,-37500.0
358,motion_minus_centered_equal_state,area50_km2,-27500.0
359,motion_minus_centered_equal_state,area50_km2,-22500.0
360,motion_minus_centered_equal_state,area50_km2,-30000.0
361,motion_minus_centered_equal_state,area50_km2,-35000.0
362,motion_minus_centered_equal_state,area50_km2,-20000.0
363,motion_minus_centered_equal_state,area50_km2,-32500.0
364,motion_minus_centered_equal_state,area50_km2,-32500.0
365,motion_minus_centered_equal_state,area50_km2,-40000.0
366,motion_minus_centered_equal_state,area50_km2,-32500.0
367,motion_minus_centered_equal_state,area50_km2,-27500.0
368,motion_minus_centered_equal_state,area50_km2,-22500.0
369,motion_minus_centered_equal_state,area50_km2,-35000.0
370,motion_minus_centered_equal_state,area50_km2,-40000.0
371,motion_minus_centered_equal_state,area50_km2,-17500.0
372,motion_minus_centered_equal_state,area50_km2,-37500.0
373,motion_minus_centered_equal_state,area50_km2,-45000.0
374,motion_minus_centered_equal_state,area50_km2,-35000.0
375,motion_minus_centered_equal_state,area50_km2,-37500.0
376,motion_minus_centered_equal_state,area50_km2,-30000.0
377,motion_minus_centered_equal_state,area50_km2,-37500.0
378,motion_minus_centered_equal_state,area50_km2,-30000.0
379,motion_minus_centered_equal_state,area50_km2,-27500.0
380,motion_minus_centered_equal_state,area50_km2,-45000.0
381,motion_minus_centered_equal_state,area50_km2,-15000.0
382,motion_minus_centered_equal_state,area50_km2,-52500.0
383,motion_minus_centered_equal_state,area50_km2,-25000.0
384,motion_minus_centered_equal_state,area50_km2,-37500.0
385,motion_minus_centered_equal_state,area50_km2,-22500.0
386,motion_minus_centered_equal_state,area50_km2,-17500.0
387,motion_minus_centered_equal_state,area50_km2,-25000.0
388,motion_minus_centered_equal_state,area50_km2,-37500.0
389,motion_minus_centered_equal_state,area50_km2,-12500.0
390,motion_minus_centered_equal_state,area50_km2,-35000.0
391,motion_minus_centered_equal_state,area50_km2,-35000.0
392,motion_minus_centered_equal_state,area50_km2,-40000.0
393,motion_minus_centered_equal_state,area50_km2,-30000.0
394,motion_minus_centered_equal_state,area50_km2,-17500.0
395,motion_minus_centered_equal_state,area50_km2,-25000.0
396,motion_minus_centered_equal_state,area50_km2,-42500.0
397,motion_minus_centered_equal_state,area50_km2,-35000.0
398,motion_minus_centered_equal_state,area50_km2,-40000.0
399,motion_minus_centered_equal_state,area50_km2,-22500.0
400,motion_minus_centered_equal_state,area50_km2,-25000.0
401,motion_minus_centered_equal_state,area50_km2,-25000.0
402,motion_minus_centered_equal_state,area50_km2,-25000.0
403,motion_minus_centered_equal_state,area50_km2,-25000.0
404,motion_minus_centered_equal_state,area50_km2,-25000.0
405,motion_minus_centered_equal_state,area50_km2,-37500.0
406,motion_minus_centered_equal_state,area50_km2,-35000.0
407,motion_minus_centered_equal_state,area50_km2,-32500.0
408,motion_minus_centered_equal_state,area50_km2,-27500.0
409,motion_minus_centered_equal_state,area50_km2,-40000.0
410,motion_minus_centered_equal_state,area50_km2,-52500.0
411,motion_minus_centered_equal_state,area50_km2,-30000.0
412,motion_minus_centered_equal_state,area50_km2,-37500.0
413,motion_minus_centered_equal_state,area50_km2,-25000.0
414,motion_minus_centered_equal_state,area50_km2,-37500.0
415,motion_minus_centered_equal_state,area50_km2,-35000.0
416,motion_minus_centered_equal_state,area50_km2,-35000.0
417,motion_minus_centered_equal_state,area50_km2,-37500.0
418,motion_minus_centered_equal_state,area50_km2,-15000.0
419,motion_minus_centered_equal_state,area50_km2,-17500.0
420,motion_minus_centered_equal_state,area50_km2,-32500.0
421,motion_minus_centered_equal_state,area50_km2,-27500.0
422,motion_minus_centered_equal_state,area50_km2,-32500.0
423,motion_minus_centered_equal_state,area50_km2,-42500.0
424,motion_minus_centered_equal_state,area50_km2,-25000.0
425,motion_minus_centered_equal_state,area50_km2,-35000.0
426,motion_minus_centered_equal_state,area50_km2,-20000.0
427,motion_minus_centered_equal_state,area50_km2,-35000.0
428,motion_minus_centered_equal_state,area50_km2,-27500.0
429,motion_minus_centered_equal_state,area50_km2,-45000.0
430,motion_minus_centered_equal_state,area50_km2,-35000.0
431,motion_minus_centered_equal_state,area50_km2,-32500.0
432,motion_minus_centered_equal_state,area50_km2,-45000.0
433,motion_minus_centered_equal_state,area50_km2,-32500.0
434,motion_minus_centered_equal_state,area50_km2,-40000.0
435,motion_minus_centered_equal_state,area50_km2,-37500.0
436,motion_minus_centered_equal_state,area50_km2,-25000.0
437,motion_minus_centered_equal_state,area50_km2,-35000.0
438,motion_minus_centered_equal_state,area50_km2,-32500.0
439,motion_minus_centered_equal_state,area50_km2,-25000.0
440,motion_minus_centered_equal_state,area50_km2,-22500.0
441,motion_minus_centered_equal_state,area50_km2,-47500.0
442,motion_minus_centered_equal_state,area50_km2,-22500.0
443,motion_minus_centered_equal_state,area50_km2,-30000.0
444,motion_minus_centered_equal_state,area50_km2,-22500.0
445,motion_minus_centered_equal_state,area50_km2,-35000.0
446,motion_minus_centered_equal_state,area50_km2,-37500.0
447,motion_minus_centered_equal_state,area50_km2,-35000.0
448,motion_minus_centered_equal_state,area50_km2,-30000.0
449,motion_minus_centered_equal_state,area50_km2,-45000.0
450,motion_minus_centered_equal_state,area50_km2,-30000.0
451,motion_minus_centered_equal_state,area50_km2,-22500.0
452,motion_minus_centered_equal_state,area50_km2,-37500.0
453,motion_minus_centered_equal_state,area50_km2,-25000.0
454,motion_minus_centered_equal_state,area50_km2,-22500.0
455,motion_minus_centered_equal_state,area50_km2,-35000.0
456,motion_minus_centered_equal_state,area50_km2,-25000.0
457,motion_minus_centered_equal_state,area50_km2,-37500.0
458,motion_minus_centered_equal_state,area50_km2,-27500.0
459,motion_minus_centered_equal_state,area50_km2,-15000.0
460,motion_minus_centered_equal_state,area50_km2,-30000.0
461,motion_minus_centered_equal_state,area50_km2,-32500.0
462,motion_minus_centered_equal_state,area50_km2,-25000.0
463,motion_minus_centered_equal_state,area50_km2,-42500.0
464,motion_minus_centered_equal_state,area50_km2,-20000.0
465,motion_minus_centered_equal_state,area50_km2,-7500.0
466,motion_minus_centered_equal_state,area50_km2,-30000.0
467,motion_minus_centered_equal_state,area50_km2,-35000.0
468,motion_minus_centered_equal_state,area50_km2,-15000.0
469,motion_minus_centered_equal_state,area50_km2,-40000.0
470,motion_minus_centered_equal_state,area50_km2,-30000.0
471,motion_minus_centered_equal_state,area50_km2,-47500.0
472,motion_minus_centered_equal_state,area50_km2,-22500.0
473,motion_minus_centered_equal_state,area50_km2,-32500.0
474,motion_minus_centered_equal_state,area50_km2,-42500.0
475,motion_minus_centered_equal_state,area50_km2,-30000.0
476,motion_minus_centered_equal_state,area50_km2,-30000.0
477,motion_minus_centered_equal_state,area50_km2,-22500.0
478,motion_minus_centered_equal_state,area50_km2,-27500.0
479,motion_minus_centered_equal_state,area50_km2,-30000.0
480,motion_minus_centered_equal_state,area50_km2,-17500.0
481,motion_minus_centered_equal_state,area50_km2,-22500.0
482,motion_minus_centered_equal_state,area50_km2,-32500.0
483,motion_minus_centered_equal_state,area50_km2,-40000.0
484,motion_minus_centered_equal_state,area50_km2,-42500.0
485,motion_minus_centered_equal_state,area50_km2,-32500.0
486,motion_minus_centered_equal_state,area50_km2,-17500.0
487,motion_minus_centered_equal_state,area50_km2,-32500.0
488,motion_minus_centered_equal_state,area50_km2,-32500.0
489,motion_minus_centered_equal_state,area50_km2,-15000.0
490,motion_minus_centered_equal_state,area50_km2,-30000.0
491,motion_minus_centered_equal_state,area50_km2,-35000.0
492,motion_minus_centered_equal_state,area50_km2,-35000.0
493,motion_minus_centered_equal_state,area50_km2,-27500.0
494,motion_minus_centered_equal_state,area50_km2,-35000.0
495,motion_minus_centered_equal_state,area50_km2,-35000.0
496,motion_minus_centered_equal_state,area50_km2,-37500.0
497,motion_minus_centered_equal_state,area50_km2,-30000.0
498,motion_minus_centered_equal_state,area50_km2,-22500.0
499,motion_minus_centered_equal_state,area50_km2,-40000.0
500,motion_minus_centered_equal_state,area50_km2,-37500.0
1,motion_minus_centered_equal_state,area75_km2,25000.0
2,motion_minus_centered_equal_state,area75_km2,17500.0
3,motion_minus_centered_equal_state,area75_km2,55000.0
4,motion_minus_centered_equal_state,area75_km2,27500.0
5,motion_minus_centered_equal_state,area75_km2,40000.0
6,motion_minus_centered_equal_state,area75_km2,32500.0
7,motion_minus_centered_equal_state,area75_km2,30000.0
8,motion_minus_centered_equal_state,area75_km2,35000.0
9,motion_minus_centered_equal_state,area75_km2,17500.0
10,motion_minus_centered_equal_state,area75_km2,25000.0
11,motion_minus_centered_equal_state,area75_km2,40000.0
12,motion_minus_centered_equal_state,area75_km2,60000.0
13,motion_minus_centered_equal_state,area75_km2,40000.0
14,motion_minus_centered_equal_state,area75_km2,27500.0
15,motion_minus_centered_equal_state,area75_km2,35000.0
16,motion_minus_centered_equal_state,area75_km2,52500.0
17,motion_minus_centered_equal_state,area75_km2,52500.0
18,motion_minus_centered_equal_state,area75_km2,25000.0
19,motion_minus_centered_equal_state,area75_km2,52500.0
20,motion_minus_centered_equal_state,area75_km2,65000.0
21,motion_minus_centered_equal_state,area75_km2,57500.0
22,motion_minus_centered_equal_state,area75_km2,50000.0
23,motion_minus_centered_equal_state,area75_km2,40000.0
24,motion_minus_centered_equal_state,area75_km2,52500.0
25,motion_minus_centered_equal_state,area75_km2,55000.0
26,motion_minus_centered_equal_state,area75_km2,57500.0
27,motion_minus_centered_equal_state,area75_km2,42500.0
28,motion_minus_centered_equal_state,area75_km2,52500.0
29,motion_minus_centered_equal_state,area75_km2,40000.0
30,motion_minus_centered_equal_state,area75_km2,15000.0
31,motion_minus_centered_equal_state,area75_km2,37500.0
32,motion_minus_centered_equal_state,area75_km2,32500.0
33,motion_minus_centered_equal_state,area75_km2,55000.0
34,motion_minus_centered_equal_state,area75_km2,45000.0
35,motion_minus_centered_equal_state,area75_km2,42500.0
36,motion_minus_centered_equal_state,area75_km2,35000.0
37,motion_minus_centered_equal_state,area75_km2,50000.0
38,motion_minus_centered_equal_state,area75_km2,55000.0
39,motion_minus_centered_equal_state,area75_km2,30000.0
40,motion_minus_centered_equal_state,area75_km2,32500.0
41,motion_minus_centered_equal_state,area75_km2,45000.0
42,motion_minus_centered_equal_state,area75_km2,65000.0
43,motion_minus_centered_equal_state,area75_km2,42500.0
44,motion_minus_centered_equal_state,area75_km2,42500.0
45,motion_minus_centered_equal_state,area75_km2,25000.0
46,motion_minus_centered_equal_state,area75_km2,47500.0
47,motion_minus_centered_equal_state,area75_km2,42500.0
48,motion_minus_centered_equal_state,area75_km2,37500.0
49,motion_minus_centered_equal_state,area75_km2,12500.0
50,motion_minus_centered_equal_state,area75_km2,57500.0
51,motion_minus_centered_equal_state,area75_km2,20000.0
52,motion_minus_centered_equal_state,area75_km2,50000.0
53,motion_minus_centered_equal_state,area75_km2,35000.0
54,motion_minus_centered_equal_state,area75_km2,37500.0
55,motion_minus_centered_equal_state,area75_km2,65000.0
56,motion_minus_centered_equal_state,area75_km2,52500.0
57,motion_minus_centered_equal_state,area75_km2,35000.0
58,motion_minus_centered_equal_state,area75_km2,35000.0
59,motion_minus_centered_equal_state,area75_km2,37500.0
60,motion_minus_centered_equal_state,area75_km2,47500.0
61,motion_minus_centered_equal_state,area75_km2,37500.0
62,motion_minus_centered_equal_state,area75_km2,37500.0
63,motion_minus_centered_equal_state,area75_km2,35000.0
64,motion_minus_centered_equal_state,area75_km2,32500.0
65,motion_minus_centered_equal_state,area75_km2,42500.0
66,motion_minus_centered_equal_state,area75_km2,52500.0
67,motion_minus_centered_equal_state,area75_km2,40000.0
68,motion_minus_centered_equal_state,area75_km2,32500.0
69,motion_minus_centered_equal_state,area75_km2,35000.0
70,motion_minus_centered_equal_state,area75_km2,57500.0
71,motion_minus_centered_equal_state,area75_km2,47500.0
72,motion_minus_centered_equal_state,area75_km2,47500.0
73,motion_minus_centered_equal_state,area75_km2,45000.0
74,motion_minus_centered_equal_state,area75_km2,52500.0
75,motion_minus_centered_equal_state,area75_km2,30000.0
76,motion_minus_centered_equal_state,area75_km2,27500.0
77,motion_minus_centered_equal_state,area75_km2,47500.0
78,motion_minus_centered_equal_state,area75_km2,35000.0
79,motion_minus_centered_equal_state,area75_km2,55000.0
80,motion_minus_centered_equal_state,area75_km2,35000.0
81,motion_minus_centered_equal_state,area75_km2,52500.0
82,motion_minus_centered_equal_state,area75_km2,20000.0
83,motion_minus_centered_equal_state,area75_km2,52500.0
84,motion_minus_centered_equal_state,area75_km2,35000.0
85,motion_minus_centered_equal_state,area75_km2,10000.0
86,motion_minus_centered_equal_state,area75_km2,57500.0
87,motion_minus_centered_equal_state,area75_km2,60000.0
88,motion_minus_centered_equal_state,area75_km2,45000.0
89,motion_minus_centered_equal_state,area75_km2,45000.0
90,motion_minus_centered_equal_state,area75_km2,32500.0
91,motion_minus_centered_equal_state,area75_km2,50000.0
92,motion_minus_centered_equal_state,area75_km2,17500.0
93,motion_minus_centered_equal_state,area75_km2,10000.0
94,motion_minus_centered_equal_state,area75_km2,52500.0
95,motion_minus_centered_equal_state,area75_km2,30000.0
96,motion_minus_centered_equal_state,area75_km2,50000.0
97,motion_minus_centered_equal_state,area75_km2,57500.0
98,motion_minus_centered_equal_state,area75_km2,42500.0
99,motion_minus_centered_equal_state,area75_km2,60000.0
100,motion_minus_centered_equal_state,area75_km2,57500.0
101,motion_minus_centered_equal_state,area75_km2,52500.0
102,motion_minus_centered_equal_state,area75_km2,65000.0
103,motion_minus_centered_equal_state,area75_km2,37500.0
104,motion_minus_centered_equal_state,area75_km2,32500.0
105,motion_minus_centered_equal_state,area75_km2,20000.0
106,motion_minus_centered_equal_state,area75_km2,40000.0
107,motion_minus_centered_equal_state,area75_km2,30000.0
108,motion_minus_centered_equal_state,area75_km2,17500.0
109,motion_minus_centered_equal_state,area75_km2,50000.0
110,motion_minus_centered_equal_state,area75_km2,87500.0
111,motion_minus_centered_equal_state,area75_km2,67500.0
112,motion_minus_centered_equal_state,area75_km2,70000.0
113,motion_minus_centered_equal_state,area75_km2,50000.0
114,motion_minus_centered_equal_state,area75_km2,30000.0
115,motion_minus_centered_equal_state,area75_km2,40000.0
116,motion_minus_centered_equal_state,area75_km2,57500.0
117,motion_minus_centered_equal_state,area75_km2,30000.0
118,motion_minus_centered_equal_state,area75_km2,42500.0
119,motion_minus_centered_equal_state,area75_km2,52500.0
120,motion_minus_centered_equal_state,area75_km2,72500.0
121,motion_minus_centered_equal_state,area75_km2,60000.0
122,motion_minus_centered_equal_state,area75_km2,50000.0
123,motion_minus_centered_equal_state,area75_km2,50000.0
124,motion_minus_centered_equal_state,area75_km2,40000.0
125,motion_minus_centered_equal_state,area75_km2,37500.0
126,motion_minus_centered_equal_state,area75_km2,37500.0
127,motion_minus_centered_equal_state,area75_km2,30000.0
128,motion_minus_centered_equal_state,area75_km2,40000.0
129,motion_minus_centered_equal_state,area75_km2,47500.0
130,motion_minus_centered_equal_state,area75_km2,50000.0
131,motion_minus_centered_equal_state,area75_km2,25000.0
132,motion_minus_centered_equal_state,area75_km2,55000.0
133,motion_minus_centered_equal_state,area75_km2,40000.0
134,motion_minus_centered_equal_state,area75_km2,32500.0
135,motion_minus_centered_equal_state,area75_km2,42500.0
136,motion_minus_centered_equal_state,area75_km2,37500.0
137,motion_minus_centered_equal_state,area75_km2,22500.0
138,motion_minus_centered_equal_state,area75_km2,32500.0
139,motion_minus_centered_equal_state,area75_km2,45000.0
140,motion_minus_centered_equal_state,area75_km2,35000.0
141,motion_minus_centered_equal_state,area75_km2,52500.0
142,motion_minus_centered_equal_state,area75_km2,27500.0
143,motion_minus_centered_equal_state,area75_km2,50000.0
144,motion_minus_centered_equal_state,area75_km2,32500.0
145,motion_minus_centered_equal_state,area75_km2,42500.0
146,motion_minus_centered_equal_state,area75_km2,45000.0
147,motion_minus_centered_equal_state,area75_km2,57500.0
148,motion_minus_centered_equal_state,area75_km2,37500.0
149,motion_minus_centered_equal_state,area75_km2,42500.0
150,motion_minus_centered_equal_state,area75_km2,37500.0
151,motion_minus_centered_equal_state,area75_km2,47500.0
152,motion_minus_centered_equal_state,area75_km2,35000.0
153,motion_minus_centered_equal_state,area75_km2,17500.0
154,motion_minus_centered_equal_state,area75_km2,10000.0
155,motion_minus_centered_equal_state,area75_km2,45000.0
156,motion_minus_centered_equal_state,area75_km2,57500.0
157,motion_minus_centered_equal_state,area75_km2,57500.0
158,motion_minus_centered_equal_state,area75_km2,30000.0
159,motion_minus_centered_equal_state,area75_km2,35000.0
160,motion_minus_centered_equal_state,area75_km2,47500.0
161,motion_minus_centered_equal_state,area75_km2,52500.0
162,motion_minus_centered_equal_state,area75_km2,47500.0
163,motion_minus_centered_equal_state,area75_km2,45000.0
164,motion_minus_centered_equal_state,area75_km2,57500.0
165,motion_minus_centered_equal_state,area75_km2,55000.0
166,motion_minus_centered_equal_state,area75_km2,45000.0
167,motion_minus_centered_equal_state,area75_km2,37500.0
168,motion_minus_centered_equal_state,area75_km2,20000.0
169,motion_minus_centered_equal_state,area75_km2,45000.0
170,motion_minus_centered_equal_state,area75_km2,40000.0
171,motion_minus_centered_equal_state,area75_km2,45000.0
172,motion_minus_centered_equal_state,area75_km2,32500.0
173,motion_minus_centered_equal_state,area75_km2,25000.0
174,motion_minus_centered_equal_state,area75_km2,42500.0
175,motion_minus_centered_equal_state,area75_km2,42500.0
176,motion_minus_centered_equal_state,area75_km2,52500.0
177,motion_minus_centered_equal_state,area75_km2,40000.0
178,motion_minus_centered_equal_state,area75_km2,35000.0
179,motion_minus_centered_equal_state,area75_km2,67500.0
180,motion_minus_centered_equal_state,area75_km2,42500.0
181,motion_minus_centered_equal_state,area75_km2,30000.0
182,motion_minus_centered_equal_state,area75_km2,60000.0
183,motion_minus_centered_equal_state,area75_km2,52500.0
184,motion_minus_centered_equal_state,area75_km2,37500.0
185,motion_minus_centered_equal_state,area75_km2,45000.0
186,motion_minus_centered_equal_state,area75_km2,27500.0
187,motion_minus_centered_equal_state,area75_km2,60000.0
188,motion_minus_centered_equal_state,area75_km2,42500.0
189,motion_minus_centered_equal_state,area75_km2,50000.0
190,motion_minus_centered_equal_state,area75_km2,37500.0
191,motion_minus_centered_equal_state,area75_km2,42500.0
192,motion_minus_centered_equal_state,area75_km2,47500.0
193,motion_minus_centered_equal_state,area75_km2,55000.0
194,motion_minus_centered_equal_state,area75_km2,30000.0
195,motion_minus_centered_equal_state,area75_km2,32500.0
196,motion_minus_centered_equal_state,area75_km2,67500.0
197,motion_minus_centered_equal_state,area75_km2,32500.0
198,motion_minus_centered_equal_state,area75_km2,40000.0
199,motion_minus_centered_equal_state,area75_km2,47500.0
200,motion_minus_centered_equal_state,area75_km2,65000.0
201,motion_minus_centered_equal_state,area75_km2,55000.0
202,motion_minus_centered_equal_state,area75_km2,47500.0
203,motion_minus_centered_equal_state,area75_km2,62500.0
204,motion_minus_centered_equal_state,area75_km2,37500.0
205,motion_minus_centered_equal_state,area75_km2,37500.0
206,motion_minus_centered_equal_state,area75_km2,25000.0
207,motion_minus_centered_equal_state,area75_km2,22500.0
208,motion_minus_centered_equal_state,area75_km2,32500.0
209,motion_minus_centered_equal_state,area75_km2,30000.0
210,motion_minus_centered_equal_state,area75_km2,27500.0
211,motion_minus_centered_equal_state,area75_km2,40000.0
212,motion_minus_centered_equal_state,area75_km2,42500.0
213,motion_minus_centered_equal_state,area75_km2,35000.0
214,motion_minus_centered_equal_state,area75_km2,50000.0
215,motion_minus_centered_equal_state,area75_km2,57500.0
216,motion_minus_centered_equal_state,area75_km2,42500.0
217,motion_minus_centered_equal_state,area75_km2,62500.0
218,motion_minus_centered_equal_state,area75_km2,20000.0
219,motion_minus_centered_equal_state,area75_km2,42500.0
220,motion_minus_centered_equal_state,area75_km2,12500.0
221,motion_minus_centered_equal_state,area75_km2,32500.0
222,motion_minus_centered_equal_state,area75_km2,30000.0
223,motion_minus_centered_equal_state,area75_km2,57500.0
224,motion_minus_centered_equal_state,area75_km2,40000.0
225,motion_minus_centered_equal_state,area75_km2,42500.0
226,motion_minus_centered_equal_state,area75_km2,35000.0
227,motion_minus_centered_equal_state,area75_km2,50000.0
228,motion_minus_centered_equal_state,area75_km2,50000.0
229,motion_minus_centered_equal_state,area75_km2,55000.0
230,motion_minus_centered_equal_state,area75_km2,55000.0
231,motion_minus_centered_equal_state,area75_km2,52500.0
232,motion_minus_centered_equal_state,area75_km2,57500.0
233,motion_minus_centered_equal_state,area75_km2,52500.0
234,motion_minus_centered_equal_state,area75_km2,20000.0
235,motion_minus_centered_equal_state,area75_km2,35000.0
236,motion_minus_centered_equal_state,area75_km2,75000.0
237,motion_minus_centered_equal_state,area75_km2,35000.0
238,motion_minus_centered_equal_state,area75_km2,65000.0
239,motion_minus_centered_equal_state,area75_km2,32500.0
240,motion_minus_centered_equal_state,area75_km2,27500.0
241,motion_minus_centered_equal_state,area75_km2,47500.0
242,motion_minus_centered_equal_state,area75_km2,32500.0
243,motion_minus_centered_equal_state,area75_km2,45000.0
244,motion_minus_centered_equal_state,area75_km2,35000.0
245,motion_minus_centered_equal_state,area75_km2,32500.0
246,motion_minus_centered_equal_state,area75_km2,35000.0
247,motion_minus_centered_equal_state,area75_km2,27500.0
248,motion_minus_centered_equal_state,area75_km2,32500.0
249,motion_minus_centered_equal_state,area75_km2,35000.0
250,motion_minus_centered_equal_state,area75_km2,42500.0
251,motion_minus_centered_equal_state,area75_km2,55000.0
252,motion_minus_centered_equal_state,area75_km2,30000.0
253,motion_minus_centered_equal_state,area75_km2,20000.0
254,motion_minus_centered_equal_state,area75_km2,60000.0
255,motion_minus_centered_equal_state,area75_km2,45000.0
256,motion_minus_centered_equal_state,area75_km2,25000.0
257,motion_minus_centered_equal_state,area75_km2,47500.0
258,motion_minus_centered_equal_state,area75_km2,42500.0
259,motion_minus_centered_equal_state,area75_km2,52500.0
260,motion_minus_centered_equal_state,area75_km2,40000.0
261,motion_minus_centered_equal_state,area75_km2,40000.0
262,motion_minus_centered_equal_state,area75_km2,32500.0
263,motion_minus_centered_equal_state,area75_km2,32500.0
264,motion_minus_centered_equal_state,area75_km2,35000.0
265,motion_minus_centered_equal_state,area75_km2,50000.0
266,motion_minus_centered_equal_state,area75_km2,27500.0
267,motion_minus_centered_equal_state,area75_km2,47500.0
268,motion_minus_centered_equal_state,area75_km2,32500.0
269,motion_minus_centered_equal_state,area75_km2,60000.0
270,motion_minus_centered_equal_state,area75_km2,37500.0
271,motion_minus_centered_equal_state,area75_km2,27500.0
272,motion_minus_centered_equal_state,area75_km2,57500.0
273,motion_minus_centered_equal_state,area75_km2,42500.0
274,motion_minus_centered_equal_state,area75_km2,40000.0
275,motion_minus_centered_equal_state,area75_km2,37500.0
276,motion_minus_centered_equal_state,area75_km2,32500.0
277,motion_minus_centered_equal_state,area75_km2,47500.0
278,motion_minus_centered_equal_state,area75_km2,30000.0
279,motion_minus_centered_equal_state,area75_km2,27500.0
280,motion_minus_centered_equal_state,area75_km2,20000.0
281,motion_minus_centered_equal_state,area75_km2,45000.0
282,motion_minus_centered_equal_state,area75_km2,32500.0
283,motion_minus_centered_equal_state,area75_km2,55000.0
284,motion_minus_centered_equal_state,area75_km2,47500.0
285,motion_minus_centered_equal_state,area75_km2,47500.0
286,motion_minus_centered_equal_state,area75_km2,50000.0
287,motion_minus_centered_equal_state,area75_km2,52500.0
288,motion_minus_centered_equal_state,area75_km2,55000.0
289,motion_minus_centered_equal_state,area75_km2,32500.0
290,motion_minus_centered_equal_state,area75_km2,37500.0
291,motion_minus_centered_equal_state,area75_km2,67500.0
292,motion_minus_centered_equal_state,area75_km2,27500.0
293,motion_minus_centered_equal_state,area75_km2,17500.0
294,motion_minus_centered_equal_state,area75_km2,47500.0
295,motion_minus_centered_equal_state,area75_km2,30000.0
296,motion_minus_centered_equal_state,area75_km2,62500.0
297,motion_minus_centered_equal_state,area75_km2,32500.0
298,motion_minus_centered_equal_state,area75_km2,47500.0
299,motion_minus_centered_equal_state,area75_km2,22500.0
300,motion_minus_centered_equal_state,area75_km2,27500.0
301,motion_minus_centered_equal_state,area75_km2,35000.0
302,motion_minus_centered_equal_state,area75_km2,17500.0
303,motion_minus_centered_equal_state,area75_km2,25000.0
304,motion_minus_centered_equal_state,area75_km2,27500.0
305,motion_minus_centered_equal_state,area75_km2,22500.0
306,motion_minus_centered_equal_state,area75_km2,35000.0
307,motion_minus_centered_equal_state,area75_km2,30000.0
308,motion_minus_centered_equal_state,area75_km2,32500.0
309,motion_minus_centered_equal_state,area75_km2,32500.0
310,motion_minus_centered_equal_state,area75_km2,45000.0
311,motion_minus_centered_equal_state,area75_km2,52500.0
312,motion_minus_centered_equal_state,area75_km2,45000.0
313,motion_minus_centered_equal_state,area75_km2,32500.0
314,motion_minus_centered_equal_state,area75_km2,27500.0
315,motion_minus_centered_equal_state,area75_km2,17500.0
316,motion_minus_centered_equal_state,area75_km2,45000.0
317,motion_minus_centered_equal_state,area75_km2,47500.0
318,motion_minus_centered_equal_state,area75_km2,45000.0
319,motion_minus_centered_equal_state,area75_km2,37500.0
320,motion_minus_centered_equal_state,area75_km2,42500.0
321,motion_minus_centered_equal_state,area75_km2,42500.0
322,motion_minus_centered_equal_state,area75_km2,32500.0
323,motion_minus_centered_equal_state,area75_km2,45000.0
324,motion_minus_centered_equal_state,area75_km2,30000.0
325,motion_minus_centered_equal_state,area75_km2,45000.0
326,motion_minus_centered_equal_state,area75_km2,42500.0
327,motion_minus_centered_equal_state,area75_km2,47500.0
328,motion_minus_centered_equal_state,area75_km2,42500.0
329,motion_minus_centered_equal_state,area75_km2,37500.0
330,motion_minus_centered_equal_state,area75_km2,42500.0
331,motion_minus_centered_equal_state,area75_km2,37500.0
332,motion_minus_centered_equal_state,area75_km2,52500.0
333,motion_minus_centered_equal_state,area75_km2,32500.0
334,motion_minus_centered_equal_state,area75_km2,50000.0
335,motion_minus_centered_equal_state,area75_km2,32500.0
336,motion_minus_centered_equal_state,area75_km2,22500.0
337,motion_minus_centered_equal_state,area75_km2,50000.0
338,motion_minus_centered_equal_state,area75_km2,67500.0
339,motion_minus_centered_equal_state,area75_km2,37500.0
340,motion_minus_centered_equal_state,area75_km2,50000.0
341,motion_minus_centered_equal_state,area75_km2,60000.0
342,motion_minus_centered_equal_state,area75_km2,45000.0
343,motion_minus_centered_equal_state,area75_km2,35000.0
344,motion_minus_centered_equal_state,area75_km2,40000.0
345,motion_minus_centered_equal_state,area75_km2,35000.0
346,motion_minus_centered_equal_state,area75_km2,57500.0
347,motion_minus_centered_equal_state,area75_km2,50000.0
348,motion_minus_centered_equal_state,area75_km2,50000.0
349,motion_minus_centered_equal_state,area75_km2,32500.0
350,motion_minus_centered_equal_state,area75_km2,32500.0
351,motion_minus_centered_equal_state,area75_km2,37500.0
352,motion_minus_centered_equal_state,area75_km2,45000.0
353,motion_minus_centered_equal_state,area75_km2,37500.0
354,motion_minus_centered_equal_state,area75_km2,55000.0
355,motion_minus_centered_equal_state,area75_km2,50000.0
356,motion_minus_centered_equal_state,area75_km2,45000.0
357,motion_minus_centered_equal_state,area75_km2,30000.0
358,motion_minus_centered_equal_state,area75_km2,62500.0
359,motion_minus_centered_equal_state,area75_km2,42500.0
360,motion_minus_centered_equal_state,area75_km2,55000.0
361,motion_minus_centered_equal_state,area75_km2,35000.0
362,motion_minus_centered_equal_state,area75_km2,57500.0
363,motion_minus_centered_equal_state,area75_km2,42500.0
364,motion_minus_centered_equal_state,area75_km2,50000.0
365,motion_minus_centered_equal_state,area75_km2,37500.0
366,motion_minus_centered_equal_state,area75_km2,32500.0
367,motion_minus_centered_equal_state,area75_km2,55000.0
368,motion_minus_centered_equal_state,area75_km2,55000.0
369,motion_minus_centered_equal_state,area75_km2,30000.0
370,motion_minus_centered_equal_state,area75_km2,25000.0
371,motion_minus_centered_equal_state,area75_km2,42500.0
372,motion_minus_centered_equal_state,area75_km2,37500.0
373,motion_minus_centered_equal_state,area75_km2,32500.0
374,motion_minus_centered_equal_state,area75_km2,45000.0
375,motion_minus_centered_equal_state,area75_km2,25000.0
376,motion_minus_centered_equal_state,area75_km2,40000.0
377,motion_minus_centered_equal_state,area75_km2,32500.0
378,motion_minus_centered_equal_state,area75_km2,50000.0
379,motion_minus_centered_equal_state,area75_km2,47500.0
380,motion_minus_centered_equal_state,area75_km2,17500.0
381,motion_minus_centered_equal_state,area75_km2,67500.0
382,motion_minus_centered_equal_state,area75_km2,22500.0
383,motion_minus_centered_equal_state,area75_km2,45000.0
384,motion_minus_centered_equal_state,area75_km2,42500.0
385,motion_minus_centered_equal_state,area75_km2,40000.0
386,motion_minus_centered_equal_state,area75_km2,52500.0
387,motion_minus_centered_equal_state,area75_km2,45000.0
388,motion_minus_centered_equal_state,area75_km2,35000.0
389,motion_minus_centered_equal_state,area75_km2,70000.0
390,motion_minus_centered_equal_state,area75_km2,42500.0
391,motion_minus_centered_equal_state,area75_km2,30000.0
392,motion_minus_centered_equal_state,area75_km2,25000.0
393,motion_minus_centered_equal_state,area75_km2,47500.0
394,motion_minus_centered_equal_state,area75_km2,65000.0
395,motion_minus_centered_equal_state,area75_km2,45000.0
396,motion_minus_centered_equal_state,area75_km2,25000.0
397,motion_minus_centered_equal_state,area75_km2,40000.0
398,motion_minus_centered_equal_state,area75_km2,37500.0
399,motion_minus_centered_equal_state,area75_km2,50000.0
400,motion_minus_centered_equal_state,area75_km2,57500.0
401,motion_minus_centered_equal_state,area75_km2,52500.0
402,motion_minus_centered_equal_state,area75_km2,45000.0
403,motion_minus_centered_equal_state,area75_km2,42500.0
404,motion_minus_centered_equal_state,area75_km2,42500.0
405,motion_minus_centered_equal_state,area75_km2,30000.0
406,motion_minus_centered_equal_state,area75_km2,37500.0
407,motion_minus_centered_equal_state,area75_km2,42500.0
408,motion_minus_centered_equal_state,area75_km2,42500.0
409,motion_minus_centered_equal_state,area75_km2,37500.0
410,motion_minus_centered_equal_state,area75_km2,15000.0
411,motion_minus_centered_equal_state,area75_km2,45000.0
412,motion_minus_centered_equal_state,area75_km2,37500.0
413,motion_minus_centered_equal_state,area75_km2,47500.0
414,motion_minus_centered_equal_state,area75_km2,55000.0
415,motion_minus_centered_equal_state,area75_km2,47500.0
416,motion_minus_centered_equal_state,area75_km2,35000.0
417,motion_minus_centered_equal_state,area75_km2,40000.0
418,motion_minus_centered_equal_state,area75_km2,50000.0
419,motion_minus_centered_equal_state,area75_km2,62500.0
420,motion_minus_centered_equal_state,area75_km2,42500.0
421,motion_minus_centered_equal_state,area75_km2,35000.0
422,motion_minus_centered_equal_state,area75_km2,32500.0
423,motion_minus_centered_equal_state,area75_km2,15000.0
424,motion_minus_centered_equal_state,area75_km2,45000.0
425,motion_minus_centered_equal_state,area75_km2,27500.0
426,motion_minus_centered_equal_state,area75_km2,40000.0
427,motion_minus_centered_equal_state,area75_km2,25000.0
428,motion_minus_centered_equal_state,area75_km2,62500.0
429,motion_minus_centered_equal_state,area75_km2,30000.0
430,motion_minus_centered_equal_state,area75_km2,45000.0
431,motion_minus_centered_equal_state,area75_km2,60000.0
432,motion_minus_centered_equal_state,area75_km2,40000.0
433,motion_minus_centered_equal_state,area75_km2,45000.0
434,motion_minus_centered_equal_state,area75_km2,40000.0
435,motion_minus_centered_equal_state,area75_km2,20000.0
436,motion_minus_centered_equal_state,area75_km2,52500.0
437,motion_minus_centered_equal_state,area75_km2,35000.0
438,motion_minus_centered_equal_state,area75_km2,32500.0
439,motion_minus_centered_equal_state,area75_km2,67500.0
440,motion_minus_centered_equal_state,area75_km2,62500.0
441,motion_minus_centered_equal_state,area75_km2,25000.0
442,motion_minus_centered_equal_state,area75_km2,67500.0
443,motion_minus_centered_equal_state,area75_km2,40000.0
444,motion_minus_centered_equal_state,area75_km2,47500.0
445,motion_minus_centered_equal_state,area75_km2,30000.0
446,motion_minus_centered_equal_state,area75_km2,40000.0
447,motion_minus_centered_equal_state,area75_km2,30000.0
448,motion_minus_centered_equal_state,area75_km2,40000.0
449,motion_minus_centered_equal_state,area75_km2,30000.0
450,motion_minus_centered_equal_state,area75_km2,37500.0
451,motion_minus_centered_equal_state,area75_km2,55000.0
452,motion_minus_centered_equal_state,area75_km2,35000.0
453,motion_minus_centered_equal_state,area75_km2,45000.0
454,motion_minus_centered_equal_state,area75_km2,57500.0
455,motion_minus_centered_equal_state,area75_km2,37500.0
456,motion_minus_centered_equal_state,area75_km2,50000.0
457,motion_minus_centered_equal_state,area75_km2,22500.0
458,motion_minus_centered_equal_state,area75_km2,50000.0
459,motion_minus_centered_equal_state,area75_km2,57500.0
460,motion_minus_centered_equal_state,area75_km2,42500.0
461,motion_minus_centered_equal_state,area75_km2,35000.0
462,motion_minus_centered_equal_state,area75_km2,62500.0
463,motion_minus_centered_equal_state,area75_km2,25000.0
464,motion_minus_centered_equal_state,area75_km2,45000.0
465,motion_minus_centered_equal_state,area75_km2,75000.0
466,motion_minus_centered_equal_state,area75_km2,52500.0
467,motion_minus_centered_equal_state,area75_km2,40000.0
468,motion_minus_centered_equal_state,area75_km2,55000.0
469,motion_minus_centered_equal_state,area75_km2,22500.0
470,motion_minus_centered_equal_state,area75_km2,55000.0
471,motion_minus_centered_equal_state,area75_km2,30000.0
472,motion_minus_centered_equal_state,area75_km2,57500.0
473,motion_minus_centered_equal_state,area75_km2,32500.0
474,motion_minus_centered_equal_state,area75_km2,42500.0
475,motion_minus_centered_equal_state,area75_km2,37500.0
476,motion_minus_centered_equal_state,area75_km2,42500.0
477,motion_minus_centered_equal_state,area75_km2,45000.0
478,motion_minus_centered_equal_state,area75_km2,42500.0
479,motion_minus_centered_equal_state,area75_km2,55000.0
480,motion_minus_centered_equal_state,area75_km2,50000.0
481,motion_minus_centered_equal_state,area75_km2,57500.0
482,motion_minus_centered_equal_state,area75_km2,45000.0
483,motion_minus_centered_equal_state,area75_km2,30000.0
484,motion_minus_centered_equal_state,area75_km2,27500.0
485,motion_minus_centered_equal_state,area75_km2,35000.0
486,motion_minus_centered_equal_state,area75_km2,57500.0
487,motion_minus_centered_equal_state,area75_km2,30000.0
488,motion_minus_centered_equal_state,area75_km2,32500.0
489,motion_minus_centered_equal_state,area75_km2,47500.0
490,motion_minus_centered_equal_state,area75_km2,55000.0
491,motion_minus_centered_equal_state,area75_km2,50000.0
492,motion_minus_centered_equal_state,area75_km2,45000.0
493,motion_minus_centered_equal_state,area75_km2,47500.0
494,motion_minus_centered_equal_state,area75_km2,32500.0
495,motion_minus_centered_equal_state,area75_km2,50000.0
496,motion_minus_centered_equal_state,area75_km2,42500.0
497,motion_minus_centered_equal_state,area75_km2,42500.0
498,motion_minus_centered_equal_state,area75_km2,52500.0
499,motion_minus_centered_equal_state,area75_km2,32500.0
500,motion_minus_centered_equal_state,area75_km2,32500.0
1,motion_minus_centered_equal_state,area90_km2,85000.0
2,motion_minus_centered_equal_state,area90_km2,67500.0
3,motion_minus_centered_equal_state,area90_km2,97500.0
4,motion_minus_centered_equal_state,area90_km2,82500.0
5,motion_minus_centered_equal_state,area90_km2,100000.0
6,motion_minus_centered_equal_state,area90_km2,95000.0
7,motion_minus_centered_equal_state,area90_km2,75000.0
8,motion_minus_centered_equal_state,area90_km2,82500.0
9,motion_minus_centered_equal_state,area90_km2,77500.0
10,motion_minus_centered_equal_state,area90_km2,85000.0
11,motion_minus_centered_equal_state,area90_km2,97500.0
12,motion_minus_centered_equal_state,area90_km2,100000.0
13,motion_minus_centered_equal_state,area90_km2,92500.0
14,motion_minus_centered_equal_state,area90_km2,105000.0
15,motion_minus_centered_equal_state,area90_km2,80000.0
16,motion_minus_centered_equal_state,area90_km2,122500.0
17,motion_minus_centered_equal_state,area90_km2,112500.0
18,motion_minus_centered_equal_state,area90_km2,97500.0
19,motion_minus_centered_equal_state,area90_km2,107500.0
20,motion_minus_centered_equal_state,area90_km2,112500.0
21,motion_minus_centered_equal_state,area90_km2,97500.0
22,motion_minus_centered_equal_state,area90_km2,82500.0
23,motion_minus_centered_equal_state,area90_km2,80000.0
24,motion_minus_centered_equal_state,area90_km2,107500.0
25,motion_minus_centered_equal_state,area90_km2,100000.0
26,motion_minus_centered_equal_state,area90_km2,110000.0
27,motion_minus_centered_equal_state,area90_km2,100000.0
28,motion_minus_centered_equal_state,area90_km2,100000.0
29,motion_minus_centered_equal_state,area90_km2,97500.0
30,motion_minus_centered_equal_state,area90_km2,72500.0
31,motion_minus_centered_equal_state,area90_km2,95000.0
32,motion_minus_centered_equal_state,area90_km2,90000.0
33,motion_minus_centered_equal_state,area90_km2,102500.0
34,motion_minus_centered_equal_state,area90_km2,80000.0
35,motion_minus_centered_equal_state,area90_km2,85000.0
36,motion_minus_centered_equal_state,area90_km2,85000.0
37,motion_minus_centered_equal_state,area90_km2,120000.0
38,motion_minus_centered_equal_state,area90_km2,107500.0
39,motion_minus_centered_equal_state,area90_km2,97500.0
40,motion_minus_centered_equal_state,area90_km2,80000.0
41,motion_minus_centered_equal_state,area90_km2,97500.0
42,motion_minus_centered_equal_state,area90_km2,107500.0
43,motion_minus_centered_equal_state,area90_km2,92500.0
44,motion_minus_centered_equal_state,area90_km2,82500.0
45,motion_minus_centered_equal_state,area90_km2,77500.0
46,motion_minus_centered_equal_state,area90_km2,92500.0
47,motion_minus_centered_equal_state,area90_km2,102500.0
48,motion_minus_centered_equal_state,area90_km2,105000.0
49,motion_minus_centered_equal_state,area90_km2,72500.0
50,motion_minus_centered_equal_state,area90_km2,105000.0
51,motion_minus_centered_equal_state,area90_km2,65000.0
52,motion_minus_centered_equal_state,area90_km2,97500.0
53,motion_minus_centered_equal_state,area90_km2,85000.0
54,motion_minus_centered_equal_state,area90_km2,100000.0
55,motion_minus_centered_equal_state,area90_km2,127500.0
56,motion_minus_centered_equal_state,area90_km2,97500.0
57,motion_minus_centered_equal_state,area90_km2,95000.0
58,motion_minus_centered_equal_state,area90_km2,70000.0
59,motion_minus_centered_equal_state,area90_km2,95000.0
60,motion_minus_centered_equal_state,area90_km2,105000.0
61,motion_minus_centered_equal_state,area90_km2,110000.0
62,motion_minus_centered_equal_state,area90_km2,85000.0
63,motion_minus_centered_equal_state,area90_km2,92500.0
64,motion_minus_centered_equal_state,area90_km2,97500.0
65,motion_minus_centered_equal_state,area90_km2,80000.0
66,motion_minus_centered_equal_state,area90_km2,115000.0
67,motion_minus_centered_equal_state,area90_km2,97500.0
68,motion_minus_centered_equal_state,area90_km2,87500.0
69,motion_minus_centered_equal_state,area90_km2,82500.0
70,motion_minus_centered_equal_state,area90_km2,100000.0
71,motion_minus_centered_equal_state,area90_km2,100000.0
72,motion_minus_centered_equal_state,area90_km2,127500.0
73,motion_minus_centered_equal_state,area90_km2,100000.0
74,motion_minus_centered_equal_state,area90_km2,107500.0
75,motion_minus_centered_equal_state,area90_km2,90000.0
76,motion_minus_centered_equal_state,area90_km2,85000.0
77,motion_minus_centered_equal_state,area90_km2,107500.0
78,motion_minus_centered_equal_state,area90_km2,85000.0
79,motion_minus_centered_equal_state,area90_km2,92500.0
80,motion_minus_centered_equal_state,area90_km2,80000.0
81,motion_minus_centered_equal_state,area90_km2,97500.0
82,motion_minus_centered_equal_state,area90_km2,75000.0
83,motion_minus_centered_equal_state,area90_km2,97500.0
84,motion_minus_centered_equal_state,area90_km2,75000.0
85,motion_minus_centered_equal_state,area90_km2,42500.0
86,motion_minus_centered_equal_state,area90_km2,117500.0
87,motion_minus_centered_equal_state,area90_km2,125000.0
88,motion_minus_centered_equal_state,area90_km2,100000.0
89,motion_minus_centered_equal_state,area90_km2,107500.0
90,motion_minus_centered_equal_state,area90_km2,92500.0
91,motion_minus_centered_equal_state,area90_km2,107500.0
92,motion_minus_centered_equal_state,area90_km2,65000.0
93,motion_minus_centered_equal_state,area90_km2,57500.0
94,motion_minus_centered_equal_state,area90_km2,120000.0
95,motion_minus_centered_equal_state,area90_km2,75000.0
96,motion_minus_centered_equal_state,area90_km2,112500.0
97,motion_minus_centered_equal_state,area90_km2,117500.0
98,motion_minus_centered_equal_state,area90_km2,97500.0
99,motion_minus_centered_equal_state,area90_km2,122500.0
100,motion_minus_centered_equal_state,area90_km2,110000.0
101,motion_minus_centered_equal_state,area90_km2,102500.0
102,motion_minus_centered_equal_state,area90_km2,107500.0
103,motion_minus_centered_equal_state,area90_km2,112500.0
104,motion_minus_centered_equal_state,area90_km2,90000.0
105,motion_minus_centered_equal_state,area90_km2,70000.0
106,motion_minus_centered_equal_state,area90_km2,85000.0
107,motion_minus_centered_equal_state,area90_km2,95000.0
108,motion_minus_centered_equal_state,area90_km2,72500.0
109,motion_minus_centered_equal_state,area90_km2,80000.0
110,motion_minus_centered_equal_state,area90_km2,132500.0
111,motion_minus_centered_equal_state,area90_km2,137500.0
112,motion_minus_centered_equal_state,area90_km2,125000.0
113,motion_minus_centered_equal_state,area90_km2,102500.0
114,motion_minus_centered_equal_state,area90_km2,80000.0
115,motion_minus_centered_equal_state,area90_km2,90000.0
116,motion_minus_centered_equal_state,area90_km2,110000.0
117,motion_minus_centered_equal_state,area90_km2,97500.0
118,motion_minus_centered_equal_state,area90_km2,100000.0
119,motion_minus_centered_equal_state,area90_km2,110000.0
120,motion_minus_centered_equal_state,area90_km2,122500.0
121,motion_minus_centered_equal_state,area90_km2,102500.0
122,motion_minus_centered_equal_state,area90_km2,105000.0
123,motion_minus_centered_equal_state,area90_km2,87500.0
124,motion_minus_centered_equal_state,area90_km2,92500.0
125,motion_minus_centered_equal_state,area90_km2,92500.0
126,motion_minus_centered_equal_state,area90_km2,90000.0
127,motion_minus_centered_equal_state,area90_km2,77500.0
128,motion_minus_centered_equal_state,area90_km2,77500.0
129,motion_minus_centered_equal_state,area90_km2,110000.0
130,motion_minus_centered_equal_state,area90_km2,105000.0
131,motion_minus_centered_equal_state,area90_km2,70000.0
132,motion_minus_centered_equal_state,area90_km2,85000.0
133,motion_minus_centered_equal_state,area90_km2,92500.0
134,motion_minus_centered_equal_state,area90_km2,92500.0
135,motion_minus_centered_equal_state,area90_km2,120000.0
136,motion_minus_centered_equal_state,area90_km2,92500.0
137,motion_minus_centered_equal_state,area90_km2,70000.0
138,motion_minus_centered_equal_state,area90_km2,82500.0
139,motion_minus_centered_equal_state,area90_km2,107500.0
140,motion_minus_centered_equal_state,area90_km2,92500.0
141,motion_minus_centered_equal_state,area90_km2,120000.0
142,motion_minus_centered_equal_state,area90_km2,75000.0
143,motion_minus_centered_equal_state,area90_km2,82500.0
144,motion_minus_centered_equal_state,area90_km2,97500.0
145,motion_minus_centered_equal_state,area90_km2,95000.0
146,motion_minus_centered_equal_state,area90_km2,95000.0
147,motion_minus_centered_equal_state,area90_km2,110000.0
148,motion_minus_centered_equal_state,area90_km2,87500.0
149,motion_minus_centered_equal_state,area90_km2,85000.0
150,motion_minus_centered_equal_state,area90_km2,97500.0
151,motion_minus_centered_equal_state,area90_km2,107500.0
152,motion_minus_centered_equal_state,area90_km2,80000.0
153,motion_minus_centered_equal_state,area90_km2,75000.0
154,motion_minus_centered_equal_state,area90_km2,62500.0
155,motion_minus_centered_equal_state,area90_km2,90000.0
156,motion_minus_centered_equal_state,area90_km2,102500.0
157,motion_minus_centered_equal_state,area90_km2,97500.0
158,motion_minus_centered_equal_state,area90_km2,82500.0
159,motion_minus_centered_equal_state,area90_km2,95000.0
160,motion_minus_centered_equal_state,area90_km2,95000.0
161,motion_minus_centered_equal_state,area90_km2,110000.0
162,motion_minus_centered_equal_state,area90_km2,107500.0
163,motion_minus_centered_equal_state,area90_km2,97500.0
164,motion_minus_centered_equal_state,area90_km2,110000.0
165,motion_minus_centered_equal_state,area90_km2,82500.0
166,motion_minus_centered_equal_state,area90_km2,100000.0
167,motion_minus_centered_equal_state,area90_km2,87500.0
168,motion_minus_centered_equal_state,area90_km2,65000.0
169,motion_minus_centered_equal_state,area90_km2,87500.0
170,motion_minus_centered_equal_state,area90_km2,92500.0
171,motion_minus_centered_equal_state,area90_km2,97500.0
172,motion_minus_centered_equal_state,area90_km2,92500.0
173,motion_minus_centered_equal_state,area90_km2,52500.0
174,motion_minus_centered_equal_state,area90_km2,92500.0
175,motion_minus_centered_equal_state,area90_km2,90000.0
176,motion_minus_centered_equal_state,area90_km2,87500.0
177,motion_minus_centered_equal_state,area90_km2,72500.0
178,motion_minus_centered_equal_state,area90_km2,87500.0
179,motion_minus_centered_equal_state,area90_km2,110000.0
180,motion_minus_centered_equal_state,area90_km2,92500.0
181,motion_minus_centered_equal_state,area90_km2,85000.0
182,motion_minus_centered_equal_state,area90_km2,112500.0
183,motion_minus_centered_equal_state,area90_km2,100000.0
184,motion_minus_centered_equal_state,area90_km2,82500.0
185,motion_minus_centered_equal_state,area90_km2,97500.0
186,motion_minus_centered_equal_state,area90_km2,77500.0
187,motion_minus_centered_equal_state,area90_km2,125000.0
188,motion_minus_centered_equal_state,area90_km2,120000.0
189,motion_minus_centered_equal_state,area90_km2,115000.0
190,motion_minus_centered_equal_state,area90_km2,97500.0
191,motion_minus_centered_equal_state,area90_km2,85000.0
192,motion_minus_centered_equal_state,area90_km2,100000.0
193,motion_minus_centered_equal_state,area90_km2,92500.0
194,motion_minus_centered_equal_state,area90_km2,97500.0
195,motion_minus_centered_equal_state,area90_km2,85000.0
196,motion_minus_centered_equal_state,area90_km2,110000.0
197,motion_minus_centered_equal_state,area90_km2,95000.0
198,motion_minus_centered_equal_state,area90_km2,95000.0
199,motion_minus_centered_equal_state,area90_km2,102500.0
200,motion_minus_centered_equal_state,area90_km2,117500.0
201,motion_minus_centered_equal_state,area90_km2,117500.0
202,motion_minus_centered_equal_state,area90_km2,97500.0
203,motion_minus_centered_equal_state,area90_km2,125000.0
204,motion_minus_centered_equal_state,area90_km2,92500.0
205,motion_minus_centered_equal_state,area90_km2,97500.0
206,motion_minus_centered_equal_state,area90_km2,75000.0
207,motion_minus_centered_equal_state,area90_km2,82500.0
208,motion_minus_centered_equal_state,area90_km2,90000.0
209,motion_minus_centered_equal_state,area90_km2,72500.0
210,motion_minus_centered_equal_state,area90_km2,72500.0
211,motion_minus_centered_equal_state,area90_km2,77500.0
212,motion_minus_centered_equal_state,area90_km2,97500.0
213,motion_minus_centered_equal_state,area90_km2,77500.0
214,motion_minus_centered_equal_state,area90_km2,102500.0
215,motion_minus_centered_equal_state,area90_km2,117500.0
216,motion_minus_centered_equal_state,area90_km2,95000.0
217,motion_minus_centered_equal_state,area90_km2,107500.0
218,motion_minus_centered_equal_state,area90_km2,95000.0
219,motion_minus_centered_equal_state,area90_km2,95000.0
220,motion_minus_centered_equal_state,area90_km2,87500.0
221,motion_minus_centered_equal_state,area90_km2,90000.0
222,motion_minus_centered_equal_state,area90_km2,82500.0
223,motion_minus_centered_equal_state,area90_km2,102500.0
224,motion_minus_centered_equal_state,area90_km2,87500.0
225,motion_minus_centered_equal_state,area90_km2,87500.0
226,motion_minus_centered_equal_state,area90_km2,80000.0
227,motion_minus_centered_equal_state,area90_km2,100000.0
228,motion_minus_centered_equal_state,area90_km2,112500.0
229,motion_minus_centered_equal_state,area90_km2,107500.0
230,motion_minus_centered_equal_state,area90_km2,107500.0
231,motion_minus_centered_equal_state,area90_km2,92500.0
232,motion_minus_centered_equal_state,area90_km2,95000.0
233,motion_minus_centered_equal_state,area90_km2,110000.0
234,motion_minus_centered_equal_state,area90_km2,82500.0
235,motion_minus_centered_equal_state,area90_km2,97500.0
236,motion_minus_centered_equal_state,area90_km2,132500.0
237,motion_minus_centered_equal_state,area90_km2,72500.0
238,motion_minus_centered_equal_state,area90_km2,110000.0
239,motion_minus_centered_equal_state,area90_km2,90000.0
240,motion_minus_centered_equal_state,area90_km2,95000.0
241,motion_minus_centered_equal_state,area90_km2,100000.0
242,motion_minus_centered_equal_state,area90_km2,67500.0
243,motion_minus_centered_equal_state,area90_km2,110000.0
244,motion_minus_centered_equal_state,area90_km2,85000.0
245,motion_minus_centered_equal_state,area90_km2,85000.0
246,motion_minus_centered_equal_state,area90_km2,97500.0
247,motion_minus_centered_equal_state,area90_km2,100000.0
248,motion_minus_centered_equal_state,area90_km2,82500.0
249,motion_minus_centered_equal_state,area90_km2,85000.0
250,motion_minus_centered_equal_state,area90_km2,90000.0
251,motion_minus_centered_equal_state,area90_km2,115000.0
252,motion_minus_centered_equal_state,area90_km2,95000.0
253,motion_minus_centered_equal_state,area90_km2,80000.0
254,motion_minus_centered_equal_state,area90_km2,112500.0
255,motion_minus_centered_equal_state,area90_km2,90000.0
256,motion_minus_centered_equal_state,area90_km2,82500.0
257,motion_minus_centered_equal_state,area90_km2,97500.0
258,motion_minus_centered_equal_state,area90_km2,97500.0
259,motion_minus_centered_equal_state,area90_km2,92500.0
260,motion_minus_centered_equal_state,area90_km2,105000.0
261,motion_minus_centered_equal_state,area90_km2,90000.0
262,motion_minus_centered_equal_state,area90_km2,100000.0
263,motion_minus_centered_equal_state,area90_km2,75000.0
264,motion_minus_centered_equal_state,area90_km2,87500.0
265,motion_minus_centered_equal_state,area90_km2,97500.0
266,motion_minus_centered_equal_state,area90_km2,92500.0
267,motion_minus_centered_equal_state,area90_km2,95000.0
268,motion_minus_centered_equal_state,area90_km2,100000.0
269,motion_minus_centered_equal_state,area90_km2,105000.0
270,motion_minus_centered_equal_state,area90_km2,100000.0
271,motion_minus_centered_equal_state,area90_km2,60000.0
272,motion_minus_centered_equal_state,area90_km2,102500.0
273,motion_minus_centered_equal_state,area90_km2,82500.0
274,motion_minus_centered_equal_state,area90_km2,105000.0
275,motion_minus_centered_equal_state,area90_km2,85000.0
276,motion_minus_centered_equal_state,area90_km2,75000.0
277,motion_minus_centered_equal_state,area90_km2,102500.0
278,motion_minus_centered_equal_state,area90_km2,75000.0
279,motion_minus_centered_equal_state,area90_km2,75000.0
280,motion_minus_centered_equal_state,area90_km2,65000.0
281,motion_minus_centered_equal_state,area90_km2,95000.0
282,motion_minus_centered_equal_state,area90_km2,77500.0
283,motion_minus_centered_equal_state,area90_km2,120000.0
284,motion_minus_centered_equal_state,area90_km2,95000.0
285,motion_minus_centered_equal_state,area90_km2,102500.0
286,motion_minus_centered_equal_state,area90_km2,92500.0
287,motion_minus_centered_equal_state,area90_km2,97500.0
288,motion_minus_centered_equal_state,area90_km2,112500.0
289,motion_minus_centered_equal_state,area90_km2,102500.0
290,motion_minus_centered_equal_state,area90_km2,95000.0
291,motion_minus_centered_equal_state,area90_km2,120000.0
292,motion_minus_centered_equal_state,area90_km2,82500.0
293,motion_minus_centered_equal_state,area90_km2,60000.0
294,motion_minus_centered_equal_state,area90_km2,97500.0
295,motion_minus_centered_equal_state,area90_km2,87500.0
296,motion_minus_centered_equal_state,area90_km2,100000.0
297,motion_minus_centered_equal_state,area90_km2,85000.0
298,motion_minus_centered_equal_state,area90_km2,115000.0
299,motion_minus_centered_equal_state,area90_km2,62500.0
300,motion_minus_centered_equal_state,area90_km2,85000.0
301,motion_minus_centered_equal_state,area90_km2,75000.0
302,motion_minus_centered_equal_state,area90_km2,85000.0
303,motion_minus_centered_equal_state,area90_km2,70000.0
304,motion_minus_centered_equal_state,area90_km2,72500.0
305,motion_minus_centered_equal_state,area90_km2,70000.0
306,motion_minus_centered_equal_state,area90_km2,80000.0
307,motion_minus_centered_equal_state,area90_km2,105000.0
308,motion_minus_centered_equal_state,area90_km2,85000.0
309,motion_minus_centered_equal_state,area90_km2,87500.0
310,motion_minus_centered_equal_state,area90_km2,77500.0
311,motion_minus_centered_equal_state,area90_km2,97500.0
312,motion_minus_centered_equal_state,area90_km2,120000.0
313,motion_minus_centered_equal_state,area90_km2,82500.0
314,motion_minus_centered_equal_state,area90_km2,87500.0
315,motion_minus_centered_equal_state,area90_km2,72500.0
316,motion_minus_centered_equal_state,area90_km2,95000.0
317,motion_minus_centered_equal_state,area90_km2,107500.0
318,motion_minus_centered_equal_state,area90_km2,87500.0
319,motion_minus_centered_equal_state,area90_km2,90000.0
320,motion_minus_centered_equal_state,area90_km2,92500.0
321,motion_minus_centered_equal_state,area90_km2,100000.0
322,motion_minus_centered_equal_state,area90_km2,77500.0
323,motion_minus_centered_equal_state,area90_km2,100000.0
324,motion_minus_centered_equal_state,area90_km2,77500.0
325,motion_minus_centered_equal_state,area90_km2,90000.0
326,motion_minus_centered_equal_state,area90_km2,92500.0
327,motion_minus_centered_equal_state,area90_km2,87500.0
328,motion_minus_centered_equal_state,area90_km2,87500.0
329,motion_minus_centered_equal_state,area90_km2,92500.0
330,motion_minus_centered_equal_state,area90_km2,87500.0
331,motion_minus_centered_equal_state,area90_km2,75000.0
332,motion_minus_centered_equal_state,area90_km2,100000.0
333,motion_minus_centered_equal_state,area90_km2,75000.0
334,motion_minus_centered_equal_state,area90_km2,100000.0
335,motion_minus_centered_equal_state,area90_km2,75000.0
336,motion_minus_centered_equal_state,area90_km2,67500.0
337,motion_minus_centered_equal_state,area90_km2,112500.0
338,motion_minus_centered_equal_state,area90_km2,127500.0
339,motion_minus_centered_equal_state,area90_km2,85000.0
340,motion_minus_centered_equal_state,area90_km2,100000.0
341,motion_minus_centered_equal_state,area90_km2,110000.0
342,motion_minus_centered_equal_state,area90_km2,92500.0
343,motion_minus_centered_equal_state,area90_km2,90000.0
344,motion_minus_centered_equal_state,area90_km2,92500.0
345,motion_minus_centered_equal_state,area90_km2,87500.0
346,motion_minus_centered_equal_state,area90_km2,107500.0
347,motion_minus_centered_equal_state,area90_km2,105000.0
348,motion_minus_centered_equal_state,area90_km2,92500.0
349,motion_minus_centered_equal_state,area90_km2,75000.0
350,motion_minus_centered_equal_state,area90_km2,72500.0
351,motion_minus_centered_equal_state,area90_km2,75000.0
352,motion_minus_centered_equal_state,area90_km2,97500.0
353,motion_minus_centered_equal_state,area90_km2,95000.0
354,motion_minus_centered_equal_state,area90_km2,107500.0
355,motion_minus_centered_equal_state,area90_km2,100000.0
356,motion_minus_centered_equal_state,area90_km2,72500.0
357,motion_minus_centered_equal_state,area90_km2,72500.0
358,motion_minus_centered_equal_state,area90_km2,115000.0
359,motion_minus_centered_equal_state,area90_km2,105000.0
360,motion_minus_centered_equal_state,area90_km2,110000.0
361,motion_minus_centered_equal_state,area90_km2,85000.0
362,motion_minus_centered_equal_state,area90_km2,117500.0
363,motion_minus_centered_equal_state,area90_km2,90000.0
364,motion_minus_centered_equal_state,area90_km2,95000.0
365,motion_minus_centered_equal_state,area90_km2,80000.0
366,motion_minus_centered_equal_state,area90_km2,92500.0
367,motion_minus_centered_equal_state,area90_km2,132500.0
368,motion_minus_centered_equal_state,area90_km2,107500.0
369,motion_minus_centered_equal_state,area90_km2,110000.0
370,motion_minus_centered_equal_state,area90_km2,60000.0
371,motion_minus_centered_equal_state,area90_km2,90000.0
372,motion_minus_centered_equal_state,area90_km2,105000.0
373,motion_minus_centered_equal_state,area90_km2,82500.0
374,motion_minus_centered_equal_state,area90_km2,97500.0
375,motion_minus_centered_equal_state,area90_km2,95000.0
376,motion_minus_centered_equal_state,area90_km2,95000.0
377,motion_minus_centered_equal_state,area90_km2,82500.0
378,motion_minus_centered_equal_state,area90_km2,100000.0
379,motion_minus_centered_equal_state,area90_km2,105000.0
380,motion_minus_centered_equal_state,area90_km2,67500.0
381,motion_minus_centered_equal_state,area90_km2,110000.0
382,motion_minus_centered_equal_state,area90_km2,80000.0
383,motion_minus_centered_equal_state,area90_km2,82500.0
384,motion_minus_centered_equal_state,area90_km2,85000.0
385,motion_minus_centered_equal_state,area90_km2,100000.0
386,motion_minus_centered_equal_state,area90_km2,105000.0
387,motion_minus_centered_equal_state,area90_km2,100000.0
388,motion_minus_centered_equal_state,area90_km2,72500.0
389,motion_minus_centered_equal_state,area90_km2,117500.0
390,motion_minus_centered_equal_state,area90_km2,102500.0
391,motion_minus_centered_equal_state,area90_km2,87500.0
392,motion_minus_centered_equal_state,area90_km2,75000.0
393,motion_minus_centered_equal_state,area90_km2,100000.0
394,motion_minus_centered_equal_state,area90_km2,117500.0
395,motion_minus_centered_equal_state,area90_km2,90000.0
396,motion_minus_centered_equal_state,area90_km2,77500.0
397,motion_minus_centered_equal_state,area90_km2,87500.0
398,motion_minus_centered_equal_state,area90_km2,82500.0
399,motion_minus_centered_equal_state,area90_km2,97500.0
400,motion_minus_centered_equal_state,area90_km2,120000.0
401,motion_minus_centered_equal_state,area90_km2,102500.0
402,motion_minus_centered_equal_state,area90_km2,92500.0
403,motion_minus_centered_equal_state,area90_km2,95000.0
404,motion_minus_centered_equal_state,area90_km2,100000.0
405,motion_minus_centered_equal_state,area90_km2,82500.0
406,motion_minus_centered_equal_state,area90_km2,85000.0
407,motion_minus_centered_equal_state,area90_km2,70000.0
408,motion_minus_centered_equal_state,area90_km2,107500.0
409,motion_minus_centered_equal_state,area90_km2,97500.0
410,motion_minus_centered_equal_state,area90_km2,80000.0
411,motion_minus_centered_equal_state,area90_km2,77500.0
412,motion_minus_centered_equal_state,area90_km2,95000.0
413,motion_minus_centered_equal_state,area90_km2,97500.0
414,motion_minus_centered_equal_state,area90_km2,107500.0
415,motion_minus_centered_equal_state,area90_km2,120000.0
416,motion_minus_centered_equal_state,area90_km2,90000.0
417,motion_minus_centered_equal_state,area90_km2,67500.0
418,motion_minus_centered_equal_state,area90_km2,97500.0
419,motion_minus_centered_equal_state,area90_km2,112500.0
420,motion_minus_centered_equal_state,area90_km2,112500.0
421,motion_minus_centered_equal_state,area90_km2,72500.0
422,motion_minus_centered_equal_state,area90_km2,60000.0
423,motion_minus_centered_equal_state,area90_km2,77500.0
424,motion_minus_centered_equal_state,area90_km2,92500.0
425,motion_minus_centered_equal_state,area90_km2,75000.0
426,motion_minus_centered_equal_state,area90_km2,82500.0
427,motion_minus_centered_equal_state,area90_km2,92500.0
428,motion_minus_centered_equal_state,area90_km2,130000.0
429,motion_minus_centered_equal_state,area90_km2,87500.0
430,motion_minus_centered_equal_state,area90_km2,95000.0
431,motion_minus_centered_equal_state,area90_km2,117500.0
432,motion_minus_centered_equal_state,area90_km2,102500.0
433,motion_minus_centered_equal_state,area90_km2,87500.0
434,motion_minus_centered_equal_state,area90_km2,100000.0
435,motion_minus_centered_equal_state,area90_km2,72500.0
436,motion_minus_centered_equal_state,area90_km2,107500.0
437,motion_minus_centered_equal_state,area90_km2,87500.0
438,motion_minus_centered_equal_state,area90_km2,92500.0
439,motion_minus_centered_equal_state,area90_km2,135000.0
440,motion_minus_centered_equal_state,area90_km2,102500.0
441,motion_minus_centered_equal_state,area90_km2,82500.0
442,motion_minus_centered_equal_state,area90_km2,120000.0
443,motion_minus_centered_equal_state,area90_km2,82500.0
444,motion_minus_centered_equal_state,area90_km2,102500.0
445,motion_minus_centered_equal_state,area90_km2,77500.0
446,motion_minus_centered_equal_state,area90_km2,100000.0
447,motion_minus_centered_equal_state,area90_km2,87500.0
448,motion_minus_centered_equal_state,area90_km2,90000.0
449,motion_minus_centered_equal_state,area90_km2,87500.0
450,motion_minus_centered_equal_state,area90_km2,92500.0
451,motion_minus_centered_equal_state,area90_km2,100000.0
452,motion_minus_centered_equal_state,area90_km2,75000.0
453,motion_minus_centered_equal_state,area90_km2,95000.0
454,motion_minus_centered_equal_state,area90_km2,107500.0
455,motion_minus_centered_equal_state,area90_km2,72500.0
456,motion_minus_centered_equal_state,area90_km2,100000.0
457,motion_minus_centered_equal_state,area90_km2,72500.0
458,motion_minus_centered_equal_state,area90_km2,105000.0
459,motion_minus_centered_equal_state,area90_km2,110000.0
460,motion_minus_centered_equal_state,area90_km2,100000.0
461,motion_minus_centered_equal_state,area90_km2,92500.0
462,motion_minus_centered_equal_state,area90_km2,117500.0
463,motion_minus_centered_equal_state,area90_km2,85000.0
464,motion_minus_centered_equal_state,area90_km2,85000.0
465,motion_minus_centered_equal_state,area90_km2,110000.0
466,motion_minus_centered_equal_state,area90_km2,105000.0
467,motion_minus_centered_equal_state,area90_km2,97500.0
468,motion_minus_centered_equal_state,area90_km2,97500.0
469,motion_minus_centered_equal_state,area90_km2,85000.0
470,motion_minus_centered_equal_state,area90_km2,120000.0
471,motion_minus_centered_equal_state,area90_km2,97500.0
472,motion_minus_centered_equal_state,area90_km2,97500.0
473,motion_minus_centered_equal_state,area90_km2,92500.0
474,motion_minus_centered_equal_state,area90_km2,97500.0
475,motion_minus_centered_equal_state,area90_km2,90000.0
476,motion_minus_centered_equal_state,area90_km2,105000.0
477,motion_minus_centered_equal_state,area90_km2,80000.0
478,motion_minus_centered_equal_state,area90_km2,77500.0
479,motion_minus_centered_equal_state,area90_km2,102500.0
480,motion_minus_centered_equal_state,area90_km2,82500.0
481,motion_minus_centered_equal_state,area90_km2,102500.0
482,motion_minus_centered_equal_state,area90_km2,82500.0
483,motion_minus_centered_equal_state,area90_km2,77500.0
484,motion_minus_centered_equal_state,area90_km2,75000.0
485,motion_minus_centered_equal_state,area90_km2,82500.0
486,motion_minus_centered_equal_state,area90_km2,117500.0
487,motion_minus_centered_equal_state,area90_km2,80000.0
488,motion_minus_centered_equal_state,area90_km2,75000.0
489,motion_minus_centered_equal_state,area90_km2,102500.0
490,motion_minus_centered_equal_state,area90_km2,95000.0
491,motion_minus_centered_equal_state,area90_km2,100000.0
492,motion_minus_centered_equal_state,area90_km2,95000.0
493,motion_minus_centered_equal_state,area90_km2,105000.0
494,motion_minus_centered_equal_state,area90_km2,82500.0
495,motion_minus_centered_equal_state,area90_km2,92500.0
496,motion_minus_centered_equal_state,area90_km2,95000.0
497,motion_minus_centered_equal_state,area90_km2,82500.0
498,motion_minus_centered_equal_state,area90_km2,95000.0
499,motion_minus_centered_equal_state,area90_km2,62500.0
500,motion_minus_centered_equal_state,area90_km2,82500.0
1,motion_minus_centered_equal_state,rms_about_centroid_km,6.058881659051167
2,motion_minus_centered_equal_state,rms_about_centroid_km,6.278214868751661
3,motion_minus_centered_equal_state,rms_about_centroid_km,8.497539965839337
4,motion_minus_centered_equal_state,rms_about_centroid_km,6.713087298505343
5,motion_minus_centered_equal_state,rms_about_centroid_km,8.381815418931069
6,motion_minus_centered_equal_state,rms_about_centroid_km,8.214799347846792
7,motion_minus_centered_equal_state,rms_about_centroid_km,6.940434700365017
8,motion_minus_centered_equal_state,rms_about_centroid_km,7.29878367212882
9,motion_minus_centered_equal_state,rms_about_centroid_km,5.985245642679729
10,motion_minus_centered_equal_state,rms_about_centroid_km,6.545361478859945
11,motion_minus_centered_equal_state,rms_about_centroid_km,7.1693126787414485
12,motion_minus_centered_equal_state,rms_about_centroid_km,8.67190506517727
13,motion_minus_centered_equal_state,rms_about_centroid_km,7.764463677977915
14,motion_minus_centered_equal_state,rms_about_centroid_km,7.464270188904834
15,motion_minus_centered_equal_state,rms_about_centroid_km,7.67388989131814
16,motion_minus_centered_equal_state,rms_about_centroid_km,8.679821601123308
17,motion_minus_centered_equal_state,rms_about_centroid_km,8.659674673983886
18,motion_minus_centered_equal_state,rms_about_centroid_km,6.133249475492335
19,motion_minus_centered_equal_state,rms_about_centroid_km,9.270460538518591
20,motion_minus_centered_equal_state,rms_about_centroid_km,9.749114705267289
21,motion_minus_centered_equal_state,rms_about_centroid_km,9.52900286386432
22,motion_minus_centered_equal_state,rms_about_centroid_km,8.592711633883368
23,motion_minus_centered_equal_state,rms_about_centroid_km,7.538309804695928
24,motion_minus_centered_equal_state,rms_about_centroid_km,8.332434791928677
25,motion_minus_centered_equal_state,rms_about_centroid_km,9.05409155521852
26,motion_minus_centered_equal_state,rms_about_centroid_km,9.4353895439275
27,motion_minus_centered_equal_state,rms_about_centroid_km,7.763655199967047
28,motion_minus_centered_equal_state,rms_about_centroid_km,9.404615868132737
29,motion_minus_centered_equal_state,rms_about_centroid_km,7.633921888349846
30,motion_minus_centered_equal_state,rms_about_centroid_km,6.014424695298089
31,motion_minus_centered_equal_state,rms_about_centroid_km,8.520680626390913
32,motion_minus_centered_equal_state,rms_about_centroid_km,7.483467816806183
33,motion_minus_centered_equal_state,rms_about_centroid_km,8.146801337784382
34,motion_minus_centered_equal_state,rms_about_centroid_km,8.21811917407581
35,motion_minus_centered_equal_state,rms_about_centroid_km,8.327013790357
36,motion_minus_centered_equal_state,rms_about_centroid_km,6.315158628909671
37,motion_minus_centered_equal_state,rms_about_centroid_km,9.312250049030126
38,motion_minus_centered_equal_state,rms_about_centroid_km,8.553439478109794
39,motion_minus_centered_equal_state,rms_about_centroid_km,7.426197978367668
40,motion_minus_centered_equal_state,rms_about_centroid_km,6.145302194775127
41,motion_minus_centered_equal_state,rms_about_centroid_km,7.5981311957646085
42,motion_minus_centered_equal_state,rms_about_centroid_km,8.67676395186652
43,motion_minus_centered_equal_state,rms_about_centroid_km,7.554010975793972
44,motion_minus_centered_equal_state,rms_about_centroid_km,7.287894997769172
45,motion_minus_centered_equal_state,rms_about_centroid_km,5.8261062531412335
46,motion_minus_centered_equal_state,rms_about_centroid_km,8.29357888718755
47,motion_minus_centered_equal_state,rms_about_centroid_km,8.0893407747526
48,motion_minus_centered_equal_state,rms_about_centroid_km,7.453734109831771
49,motion_minus_centered_equal_state,rms_about_centroid_km,5.077268847746154
50,motion_minus_centered_equal_state,rms_about_centroid_km,8.691415880767295
51,motion_minus_centered_equal_state,rms_about_centroid_km,6.06609694931808
52,motion_minus_centered_equal_state,rms_about_centroid_km,8.354445203247337
53,motion_minus_centered_equal_state,rms_about_centroid_km,7.574258778828721
54,motion_minus_centered_equal_state,rms_about_centroid_km,7.1125657144783645
55,motion_minus_centered_equal_state,rms_about_centroid_km,9.238300918038135
56,motion_minus_centered_equal_state,rms_about_centroid_km,7.6834446691556195
57,motion_minus_centered_equal_state,rms_about_centroid_km,6.760108530633147
58,motion_minus_centered_equal_state,rms_about_centroid_km,6.989313111390516
59,motion_minus_centered_equal_state,rms_about_centroid_km,7.491716754168806
60,motion_minus_centered_equal_state,rms_about_centroid_km,8.511882275930475
61,motion_minus_centered_equal_state,rms_about_centroid_km,8.13561645244863
62,motion_minus_centered_equal_state,rms_about_centroid_km,6.9009750875840155
63,motion_minus_centered_equal_state,rms_about_centroid_km,7.3893651670564395
64,motion_minus_centered_equal_state,rms_about_centroid_km,7.424197423566625
65,motion_minus_centered_equal_state,rms_about_centroid_km,6.608013537238662
66,motion_minus_centered_equal_state,rms_about_centroid_km,8.278365047361262
67,motion_minus_centered_equal_state,rms_about_centroid_km,7.681478875739344
68,motion_minus_centered_equal_state,rms_about_centroid_km,6.3987898719253735
69,motion_minus_centered_equal_state,rms_about_centroid_km,7.390233679894436
70,motion_minus_centered_equal_state,rms_about_centroid_km,9.272658931753767
71,motion_minus_centered_equal_state,rms_about_centroid_km,8.546303393488756
72,motion_minus_centered_equal_state,rms_about_centroid_km,9.158460927785086
73,motion_minus_centered_equal_state,rms_about_centroid_km,8.828279314487418
74,motion_minus_centered_equal_state,rms_about_centroid_km,8.669150997848874
75,motion_minus_centered_equal_state,rms_about_centroid_km,8.01974961652411
76,motion_minus_centered_equal_state,rms_about_centroid_km,6.450779127838018
77,motion_minus_centered_equal_state,rms_about_centroid_km,9.080140193929992
78,motion_minus_centered_equal_state,rms_about_centroid_km,7.24200372106543
79,motion_minus_centered_equal_state,rms_about_centroid_km,7.991480357363116
80,motion_minus_centered_equal_state,rms_about_centroid_km,7.3092296652304185
81,motion_minus_centered_equal_state,rms_about_centroid_km,8.063160557325205
82,motion_minus_centered_equal_state,rms_about_centroid_km,7.00781226516267
83,motion_minus_centered_equal_state,rms_about_centroid_km,7.951727647551138
84,motion_minus_centered_equal_state,rms_about_centroid_km,7.001556126571813
85,motion_minus_centered_equal_state,rms_about_centroid_km,3.8504024149682436
86,motion_minus_centered_equal_state,rms_about_centroid_km,9.534686218994693
87,motion_minus_centered_equal_state,rms_about_centroid_km,9.105715252555456
88,motion_minus_centered_equal_state,rms_about_centroid_km,8.018779622455781
89,motion_minus_centered_equal_state,rms_about_centroid_km,8.334119973838142
90,motion_minus_centered_equal_state,rms_about_centroid_km,7.768108893764747
91,motion_minus_centered_equal_state,rms_about_centroid_km,8.192793282856655
92,motion_minus_centered_equal_state,rms_about_centroid_km,6.311915897815538
93,motion_minus_centered_equal_state,rms_about_centroid_km,5.376492561860346
94,motion_minus_centered_equal_state,rms_about_centroid_km,8.726126630905583
95,motion_minus_centered_equal_state,rms_about_centroid_km,5.7599313049701095
96,motion_minus_centered_equal_state,rms_about_centroid_km,7.594941423063688
97,motion_minus_centered_equal_state,rms_about_centroid_km,10.177466697282398
98,motion_minus_centered_equal_state,rms_about_centroid_km,7.886824246120909
99,motion_minus_centered_equal_state,rms_about_centroid_km,9.318277009500434
100,motion_minus_centered_equal_state,rms_about_centroid_km,9.250268676440669
101,motion_minus_centered_equal_state,rms_about_centroid_km,7.675256042189858
102,motion_minus_centered_equal_state,rms_about_centroid_km,8.073026688650089
103,motion_minus_centered_equal_state,rms_about_centroid_km,8.035708852894572
104,motion_minus_centered_equal_state,rms_about_centroid_km,6.865772425754471
105,motion_minus_centered_equal_state,rms_about_centroid_km,6.4485411463316495
106,motion_minus_centered_equal_state,rms_about_centroid_km,7.505835444525587
107,motion_minus_centered_equal_state,rms_about_centroid_km,6.935327189237228
108,motion_minus_centered_equal_state,rms_about_centroid_km,6.272628515761312
109,motion_minus_centered_equal_state,rms_about_centroid_km,7.5259616187580605
110,motion_minus_centered_equal_state,rms_about_centroid_km,11.312787176879738
111,motion_minus_centered_equal_state,rms_about_centroid_km,10.55376150134191
112,motion_minus_centered_equal_state,rms_about_centroid_km,8.372437190695223
113,motion_minus_centered_equal_state,rms_about_centroid_km,8.074685160446847
114,motion_minus_centered_equal_state,rms_about_centroid_km,8.075783189820868
115,motion_minus_centered_equal_state,rms_about_centroid_km,7.696343674412333
116,motion_minus_centered_equal_state,rms_about_centroid_km,8.256243215415452
117,motion_minus_centered_equal_state,rms_about_centroid_km,7.013434356677635
118,motion_minus_centered_equal_state,rms_about_centroid_km,6.89739079191213
119,motion_minus_centered_equal_state,rms_about_centroid_km,9.417359220936532
120,motion_minus_centered_equal_state,rms_about_centroid_km,9.67253855389447
121,motion_minus_centered_equal_state,rms_about_centroid_km,10.087514628921554
122,motion_minus_centered_equal_state,rms_about_centroid_km,9.153574189963592
123,motion_minus_centered_equal_state,rms_about_centroid_km,8.261512522446651
124,motion_minus_centered_equal_state,rms_about_centroid_km,8.461769688562072
125,motion_minus_centered_equal_state,rms_about_centroid_km,6.748674812103445
126,motion_minus_centered_equal_state,rms_about_centroid_km,6.741418675187219
127,motion_minus_centered_equal_state,rms_about_centroid_km,5.789532413267921
128,motion_minus_centered_equal_state,rms_about_centroid_km,7.205293357140704
129,motion_minus_centered_equal_state,rms_about_centroid_km,8.613899800873696
130,motion_minus_centered_equal_state,rms_about_centroid_km,8.419890178008131
131,motion_minus_centered_equal_state,rms_about_centroid_km,5.612474017892055
132,motion_minus_centered_equal_state,rms_about_centroid_km,7.924133255195557
133,motion_minus_centered_equal_state,rms_about_centroid_km,7.571150782508312
134,motion_minus_centered_equal_state,rms_about_centroid_km,7.7041493802161085
135,motion_minus_centered_equal_state,rms_about_centroid_km,7.347149448945174
136,motion_minus_centered_equal_state,rms_about_centroid_km,6.328530227869578
137,motion_minus_centered_equal_state,rms_about_centroid_km,4.703305438449661
138,motion_minus_centered_equal_state,rms_about_centroid_km,7.338423205551521
139,motion_minus_centered_equal_state,rms_about_centroid_km,7.991659681125952
140,motion_minus_centered_equal_state,rms_about_centroid_km,8.289873152125551
141,motion_minus_centered_equal_state,rms_about_centroid_km,8.542555284416608
142,motion_minus_centered_equal_state,rms_about_centroid_km,7.5811477181468945
143,motion_minus_centered_equal_state,rms_about_centroid_km,8.918746415168926
144,motion_minus_centered_equal_state,rms_about_centroid_km,7.536255818817267
145,motion_minus_centered_equal_state,rms_about_centroid_km,8.249343149770539
146,motion_minus_centered_equal_state,rms_about_centroid_km,7.7422622798611656
147,motion_minus_centered_equal_state,rms_about_centroid_km,9.565259616454114
148,motion_minus_centered_equal_state,rms_about_centroid_km,7.753072344410839
149,motion_minus_centered_equal_state,rms_about_centroid_km,7.579434616368189
150,motion_minus_centered_equal_state,rms_about_centroid_km,8.142710805382194
151,motion_minus_centered_equal_state,rms_about_centroid_km,8.251836885793978
152,motion_minus_centered_equal_state,rms_about_centroid_km,7.278063008081631
153,motion_minus_centered_equal_state,rms_about_centroid_km,5.149588032975885
154,motion_minus_centered_equal_state,rms_about_centroid_km,4.340251814866178
155,motion_minus_centered_equal_state,rms_about_centroid_km,8.203265999170299
156,motion_minus_centered_equal_state,rms_about_centroid_km,9.241163748296685
157,motion_minus_centered_equal_state,rms_about_centroid_km,8.891294154553975
158,motion_minus_centered_equal_state,rms_about_centroid_km,6.553908561533376
159,motion_minus_centered_equal_state,rms_about_centroid_km,7.986551963698503
160,motion_minus_centered_equal_state,rms_about_centroid_km,7.481095071414529
161,motion_minus_centered_equal_state,rms_about_centroid_km,7.967575715171165
162,motion_minus_centered_equal_state,rms_about_centroid_km,9.230708441006414
163,motion_minus_centered_equal_state,rms_about_centroid_km,7.908760871530603
164,motion_minus_centered_equal_state,rms_about_centroid_km,8.655066467567508
165,motion_minus_centered_equal_state,rms_about_centroid_km,8.14833771274482
166,motion_minus_centered_equal_state,rms_about_centroid_km,8.147107247361077
167,motion_minus_centered_equal_state,rms_about_centroid_km,7.395408110202993
168,motion_minus_centered_equal_state,rms_about_centroid_km,5.297243802297999
169,motion_minus_centered_equal_state,rms_about_centroid_km,7.015025747586719
170,motion_minus_centered_equal_state,rms_about_centroid_km,7.904251816641818
171,motion_minus_centered_equal_state,rms_about_centroid_km,7.869740895457994
172,motion_minus_centered_equal_state,rms_about_centroid_km,6.493271557561002
173,motion_minus_centered_equal_state,rms_about_centroid_km,5.707533079826703
174,motion_minus_centered_equal_state,rms_about_centroid_km,8.462678327118283
175,motion_minus_centered_equal_state,rms_about_centroid_km,6.822993297136804
176,motion_minus_centered_equal_state,rms_about_centroid_km,8.374884047746264
177,motion_minus_centered_equal_state,rms_about_centroid_km,7.305318263440199
178,motion_minus_centered_equal_state,rms_about_centroid_km,8.320945127850223
179,motion_minus_centered_equal_state,rms_about_centroid_km,9.225315878639208
180,motion_minus_centered_equal_state,rms_about_centroid_km,8.328046389224596
181,motion_minus_centered_equal_state,rms_about_centroid_km,6.818164609323844
182,motion_minus_centered_equal_state,rms_about_centroid_km,10.921521423313948
183,motion_minus_centered_equal_state,rms_about_centroid_km,8.469920741605165
184,motion_minus_centered_equal_state,rms_about_centroid_km,7.691902328701985
185,motion_minus_centered_equal_state,rms_about_centroid_km,7.9497744427852695
186,motion_minus_centered_equal_state,rms_about_centroid_km,6.579229746573219
187,motion_minus_centered_equal_state,rms_about_centroid_km,10.071486409465138
188,motion_minus_centered_equal_state,rms_about_centroid_km,8.145344431933609
189,motion_minus_centered_equal_state,rms_about_centroid_km,8.904707547015619
190,motion_minus_centered_equal_state,rms_about_centroid_km,8.238887138991913
191,motion_minus_centered_equal_state,rms_about_centroid_km,7.976250751518137
192,motion_minus_centered_equal_state,rms_about_centroid_km,8.87052047333259
193,motion_minus_centered_equal_state,rms_about_centroid_km,7.735768841736672
194,motion_minus_centered_equal_state,rms_about_centroid_km,7.334315808851443
195,motion_minus_centered_equal_state,rms_about_centroid_km,7.076656928006287
196,motion_minus_centered_equal_state,rms_about_centroid_km,9.634756688445691
197,motion_minus_centered_equal_state,rms_about_centroid_km,7.352864680444554
198,motion_minus_centered_equal_state,rms_about_centroid_km,8.238311634081242
199,motion_minus_centered_equal_state,rms_about_centroid_km,7.596328434673637
200,motion_minus_centered_equal_state,rms_about_centroid_km,9.523798632223361
201,motion_minus_centered_equal_state,rms_about_centroid_km,7.567236942058798
202,motion_minus_centered_equal_state,rms_about_centroid_km,9.421516152422555
203,motion_minus_centered_equal_state,rms_about_centroid_km,9.869508365452248
204,motion_minus_centered_equal_state,rms_about_centroid_km,7.064778756734768
205,motion_minus_centered_equal_state,rms_about_centroid_km,7.930823724947231
206,motion_minus_centered_equal_state,rms_about_centroid_km,5.983394519613171
207,motion_minus_centered_equal_state,rms_about_centroid_km,6.715760242146416
208,motion_minus_centered_equal_state,rms_about_centroid_km,6.75535156056344
209,motion_minus_centered_equal_state,rms_about_centroid_km,6.312636110905487
210,motion_minus_centered_equal_state,rms_about_centroid_km,5.900408614313278
211,motion_minus_centered_equal_state,rms_about_centroid_km,6.768014998397462
212,motion_minus_centered_equal_state,rms_about_centroid_km,7.6908906958124135
213,motion_minus_centered_equal_state,rms_about_centroid_km,7.126751904454409
214,motion_minus_centered_equal_state,rms_about_centroid_km,9.21945687771256
215,motion_minus_centered_equal_state,rms_about_centroid_km,9.167616349788773
216,motion_minus_centered_equal_state,rms_about_centroid_km,7.601857664992622
217,motion_minus_centered_equal_state,rms_about_centroid_km,9.781734774965003
218,motion_minus_centered_equal_state,rms_about_centroid_km,6.681006196952012
219,motion_minus_centered_equal_state,rms_about_centroid_km,7.6057266639177215
220,motion_minus_centered_equal_state,rms_about_centroid_km,6.022892476025959
221,motion_minus_centered_equal_state,rms_about_centroid_km,7.421145230539196
222,motion_minus_centered_equal_state,rms_about_centroid_km,6.734415469073838
223,motion_minus_centered_equal_state,rms_about_centroid_km,8.463967695249039
224,motion_minus_centered_equal_state,rms_about_centroid_km,7.396399953056175
225,motion_minus_centered_equal_state,rms_about_centroid_km,7.037979688741757
226,motion_minus_centered_equal_state,rms_about_centroid_km,6.561906360130706
227,motion_minus_centered_equal_state,rms_about_centroid_km,7.923340050935735
228,motion_minus_centered_equal_state,rms_about_centroid_km,8.99531475134097
229,motion_minus_centered_equal_state,rms_about_centroid_km,9.12994322870918
230,motion_minus_centered_equal_state,rms_about_centroid_km,9.003704048004124
231,motion_minus_centered_equal_state,rms_about_centroid_km,7.999619713867901
232,motion_minus_centered_equal_state,rms_about_centroid_km,8.337774621297058
233,motion_minus_centered_equal_state,rms_about_centroid_km,9.389930731569393
234,motion_minus_centered_equal_state,rms_about_centroid_km,6.44328147787337
235,motion_minus_centered_equal_state,rms_about_centroid_km,8.222454859204163
236,motion_minus_centered_equal_state,rms_about_centroid_km,10.063715889278456
237,motion_minus_centered_equal_state,rms_about_centroid_km,7.629369443488599
238,motion_minus_centered_equal_state,rms_about_centroid_km,9.546574884196048
239,motion_minus_centered_equal_state,rms_about_centroid_km,6.910360738037184
240,motion_minus_centered_equal_state,rms_about_centroid_km,5.278547923421684
241,motion_minus_centered_equal_state,rms_about_centroid_km,8.262916146966631
242,motion_minus_centered_equal_state,rms_about_centroid_km,5.641128490359392
243,motion_minus_centered_equal_state,rms_about_centroid_km,6.972645581680808
244,motion_minus_centered_equal_state,rms_about_centroid_km,7.231915240835406
245,motion_minus_centered_equal_state,rms_about_centroid_km,7.78024996921306
246,motion_minus_centered_equal_state,rms_about_centroid_km,7.858422286266887
247,motion_minus_centered_equal_state,rms_about_centroid_km,7.433726155668978
248,motion_minus_centered_equal_state,rms_about_centroid_km,7.4164571066626195
249,motion_minus_centered_equal_state,rms_about_centroid_km,6.548231686102213
250,motion_minus_centered_equal_state,rms_about_centroid_km,8.74222770657559
251,motion_minus_centered_equal_state,rms_about_centroid_km,8.71653652192856
252,motion_minus_centered_equal_state,rms_about_centroid_km,7.87306686410318
253,motion_minus_centered_equal_state,rms_about_centroid_km,6.670723516325438
254,motion_minus_centered_equal_state,rms_about_centroid_km,8.197809072194786
255,motion_minus_centered_equal_state,rms_about_centroid_km,9.333967834396844
256,motion_minus_centered_equal_state,rms_about_centroid_km,6.16538941609781
257,motion_minus_centered_equal_state,rms_about_centroid_km,8.04159533899599
258,motion_minus_centered_equal_state,rms_about_centroid_km,7.717021418476065
259,motion_minus_centered_equal_state,rms_about_centroid_km,7.848631504740183
260,motion_minus_centered_equal_state,rms_about_centroid_km,7.946116275486702
261,motion_minus_centered_equal_state,rms_about_centroid_km,7.974442898961684
262,motion_minus_centered_equal_state,rms_about_centroid_km,7.002086863910108
263,motion_minus_centered_equal_state,rms_about_centroid_km,6.253782467209021
264,motion_minus_centered_equal_state,rms_about_centroid_km,7.008087363561117
265,motion_minus_centered_equal_state,rms_about_centroid_km,8.47518676393588
266,motion_minus_centered_equal_state,rms_about_centroid_km,6.59121415748325
267,motion_minus_centered_equal_state,rms_about_centroid_km,7.827115038123907
268,motion_minus_centered_equal_state,rms_about_centroid_km,7.5079061233751645
269,motion_minus_centered_equal_state,rms_about_centroid_km,8.92281371041122
270,motion_minus_centered_equal_state,rms_about_centroid_km,8.2262427886468
271,motion_minus_centered_equal_state,rms_about_centroid_km,5.602959764937964
272,motion_minus_centered_equal_state,rms_about_centroid_km,8.334293879612005
273,motion_minus_centered_equal_state,rms_about_centroid_km,7.700201791756285
274,motion_minus_centered_equal_state,rms_about_centroid_km,7.454520443536126
275,motion_minus_centered_equal_state,rms_about_centroid_km,8.009472069734215
276,motion_minus_centered_equal_state,rms_about_centroid_km,6.238824529721455
277,motion_minus_centered_equal_state,rms_about_centroid_km,8.36242732894857
278,motion_minus_centered_equal_state,rms_about_centroid_km,6.260127002716786
279,motion_minus_centered_equal_state,rms_about_centroid_km,6.235402531733712
280,motion_minus_centered_equal_state,rms_about_centroid_km,7.628337841234725
281,motion_minus_centered_equal_state,rms_about_centroid_km,7.698771213121745
282,motion_minus_centered_equal_state,rms_about_centroid_km,6.710803429277348
283,motion_minus_centered_equal_state,rms_about_centroid_km,9.119614867069686
284,motion_minus_centered_equal_state,rms_about_centroid_km,9.291180162531305
285,motion_minus_centered_equal_state,rms_about_centroid_km,8.352410149648222
286,motion_minus_centered_equal_state,rms_about_centroid_km,7.818572374973314
287,motion_minus_centered_equal_state,rms_about_centroid_km,8.583225464329303
288,motion_minus_centered_equal_state,rms_about_centroid_km,8.951216395965275
289,motion_minus_centered_equal_state,rms_about_centroid_km,7.365413444832484
290,motion_minus_centered_equal_state,rms_about_centroid_km,6.017776439046315
291,motion_minus_centered_equal_state,rms_about_centroid_km,8.519511633524758
292,motion_minus_centered_equal_state,rms_about_centroid_km,6.163536560466355
293,motion_minus_centered_equal_state,rms_about_centroid_km,5.558909532615985
294,motion_minus_centered_equal_state,rms_about_centroid_km,7.933260126201844
295,motion_minus_centered_equal_state,rms_about_centroid_km,8.808828724901673
296,motion_minus_centered_equal_state,rms_about_centroid_km,9.873801555195655
297,motion_minus_centered_equal_state,rms_about_centroid_km,7.161653542917406
298,motion_minus_centered_equal_state,rms_about_centroid_km,8.087747244765524
299,motion_minus_centered_equal_state,rms_about_centroid_km,5.470003683239156
300,motion_minus_centered_equal_state,rms_about_centroid_km,7.2998721395539405
301,motion_minus_centered_equal_state,rms_about_centroid_km,6.3015760364843345
302,motion_minus_centered_equal_state,rms_about_centroid_km,6.7917069341841625
303,motion_minus_centered_equal_state,rms_about_centroid_km,6.99013338188297
304,motion_minus_centered_equal_state,rms_about_centroid_km,6.204896431562929
305,motion_minus_centered_equal_state,rms_about_centroid_km,5.1129175793420245
306,motion_minus_centered_equal_state,rms_about_centroid_km,7.224804074049757
307,motion_minus_centered_equal_state,rms_about_centroid_km,7.536410382430404
308,motion_minus_centered_equal_state,rms_about_centroid_km,6.6723332862236475
309,motion_minus_centered_equal_state,rms_about_centroid_km,8.111307028045871
310,motion_minus_centered_equal_state,rms_about_centroid_km,7.156141425644478
311,motion_minus_centered_equal_state,rms_about_centroid_km,8.562312125117842
312,motion_minus_centered_equal_state,rms_about_centroid_km,8.427616457698491
313,motion_minus_centered_equal_state,rms_about_centroid_km,6.284501831092598
314,motion_minus_centered_equal_state,rms_about_centroid_km,5.7385538753187575
315,motion_minus_centered_equal_state,rms_about_centroid_km,5.109552437749471
316,motion_minus_centered_equal_state,rms_about_centroid_km,7.530811188985922
317,motion_minus_centered_equal_state,rms_about_centroid_km,8.299636068813129
318,motion_minus_centered_equal_state,rms_about_centroid_km,8.280081579716352
319,motion_minus_centered_equal_state,rms_about_centroid_km,6.962872699778245
320,motion_minus_centered_equal_state,rms_about_centroid_km,8.22995077639257
321,motion_minus_centered_equal_state,rms_about_centroid_km,7.843710052809001
322,motion_minus_centered_equal_state,rms_about_centroid_km,7.208190060841048
323,motion_minus_centered_equal_state,rms_about_centroid_km,8.489283902144393
324,motion_minus_centered_equal_state,rms_about_centroid_km,6.58921712616916
325,motion_minus_centered_equal_state,rms_about_centroid_km,8.009044947138932
326,motion_minus_centered_equal_state,rms_about_centroid_km,7.157288798456079
327,motion_minus_centered_equal_state,rms_about_centroid_km,7.9722440011485105
328,motion_minus_centered_equal_state,rms_about_centroid_km,8.550253837630862
329,motion_minus_centered_equal_state,rms_about_centroid_km,8.247238313415892
330,motion_minus_centered_equal_state,rms_about_centroid_km,7.054634031967794
331,motion_minus_centered_equal_state,rms_about_centroid_km,7.198443786653911
332,motion_minus_centered_equal_state,rms_about_centroid_km,8.791626531864836
333,motion_minus_centered_equal_state,rms_about_centroid_km,5.9701010566514014
334,motion_minus_centered_equal_state,rms_about_centroid_km,8.530994390543242
335,motion_minus_centered_equal_state,rms_about_centroid_km,7.01225244550767
336,motion_minus_centered_equal_state,rms_about_centroid_km,6.138968249901609
337,motion_minus_centered_equal_state,rms_about_centroid_km,9.310455222316591
338,motion_minus_centered_equal_state,rms_about_centroid_km,9.328774160684361
339,motion_minus_centered_equal_state,rms_about_centroid_km,7.3039523966056095
340,motion_minus_centered_equal_state,rms_about_centroid_km,8.169312991836023
341,motion_minus_centered_equal_state,rms_about_centroid_km,8.97001405429171
342,motion_minus_centered_equal_state,rms_about_centroid_km,8.270822266404707
343,motion_minus_centered_equal_state,rms_about_centroid_km,8.160446411954013
344,motion_minus_centered_equal_state,rms_about_centroid_km,7.6810368096950015
345,motion_minus_centered_equal_state,rms_about_centroid_km,8.092593667290089
346,motion_minus_centered_equal_state,rms_about_centroid_km,7.854861420056977
347,motion_minus_centered_equal_state,rms_about_centroid_km,8.193296586634233
348,motion_minus_centered_equal_state,rms_about_centroid_km,7.580041646859172
349,motion_minus_centered_equal_state,rms_about_centroid_km,6.891070945712272
350,motion_minus_centered_equal_state,rms_about_centroid_km,5.98074015418149
351,motion_minus_centered_equal_state,rms_about_centroid_km,6.742250220527467
352,motion_minus_centered_equal_state,rms_about_centroid_km,8.505816318786742
353,motion_minus_centered_equal_state,rms_about_centroid_km,7.696242851527472
354,motion_minus_centered_equal_state,rms_about_centroid_km,8.435373511774742
355,motion_minus_centered_equal_state,rms_about_centroid_km,8.470127086504135
356,motion_minus_centered_equal_state,rms_about_centroid_km,7.15019099010874
357,motion_minus_centered_equal_state,rms_about_centroid_km,6.440424115352016
358,motion_minus_centered_equal_state,rms_about_centroid_km,8.233263602675152
359,motion_minus_centered_equal_state,rms_about_centroid_km,6.37940345412494
360,motion_minus_centered_equal_state,rms_about_centroid_km,8.342335868679129
361,motion_minus_centered_equal_state,rms_about_centroid_km,7.634975424098229
362,motion_minus_centered_equal_state,rms_about_centroid_km,9.250229292703466
363,motion_minus_centered_equal_state,rms_about_centroid_km,7.594984069714087
364,motion_minus_centered_equal_state,rms_about_centroid_km,7.536845264500357
365,motion_minus_centered_equal_state,rms_about_centroid_km,6.774200965458249
366,motion_minus_centered_equal_state,rms_about_centroid_km,6.191919604402187
367,motion_minus_centered_equal_state,rms_about_centroid_km,9.141221340428046
368,motion_minus_centered_equal_state,rms_about_centroid_km,8.625043225797299
369,motion_minus_centered_equal_state,rms_about_centroid_km,6.697861011758846
370,motion_minus_centered_equal_state,rms_about_centroid_km,4.676654451943705
371,motion_minus_centered_equal_state,rms_about_centroid_km,8.055286922589744
372,motion_minus_centered_equal_state,rms_about_centroid_km,7.819831680725429
373,motion_minus_centered_equal_state,rms_about_centroid_km,6.344549851616989
374,motion_minus_centered_equal_state,rms_about_centroid_km,6.759328812512422
375,motion_minus_centered_equal_state,rms_about_centroid_km,5.425295701364917
376,motion_minus_centered_equal_state,rms_about_centroid_km,7.377221078613047
377,motion_minus_centered_equal_state,rms_about_centroid_km,6.876088022755425
378,motion_minus_centered_equal_state,rms_about_centroid_km,9.109386190590726
379,motion_minus_centered_equal_state,rms_about_centroid_km,7.960329698921669
380,motion_minus_centered_equal_state,rms_about_centroid_km,4.73266681096959
381,motion_minus_centered_equal_state,rms_about_centroid_km,9.359683879981617
382,motion_minus_centered_equal_state,rms_about_centroid_km,5.48624729852645
383,motion_minus_centered_equal_state,rms_about_centroid_km,8.121973792771655
384,motion_minus_centered_equal_state,rms_about_centroid_km,6.895252493334283
385,motion_minus_centered_equal_state,rms_about_centroid_km,8.902436512358918
386,motion_minus_centered_equal_state,rms_about_centroid_km,8.692836811683037
387,motion_minus_centered_equal_state,rms_about_centroid_km,6.8097062170921845
388,motion_minus_centered_equal_state,rms_about_centroid_km,7.398356190015079
389,motion_minus_centered_equal_state,rms_about_centroid_km,9.350010771761617
390,motion_minus_centered_equal_state,rms_about_centroid_km,7.763228301098366
391,motion_minus_centered_equal_state,rms_about_centroid_km,7.464678885505805
392,motion_minus_centered_equal_state,rms_about_centroid_km,7.157792778900557
393,motion_minus_centered_equal_state,rms_about_centroid_km,8.669479030764705
394,motion_minus_centered_equal_state,rms_about_centroid_km,8.01118565707668
395,motion_minus_centered_equal_state,rms_about_centroid_km,7.587085083597913
396,motion_minus_centered_equal_state,rms_about_centroid_km,6.243689437256535
397,motion_minus_centered_equal_state,rms_about_centroid_km,7.196465876291882
398,motion_minus_centered_equal_state,rms_about_centroid_km,7.215453051213444
399,motion_minus_centered_equal_state,rms_about_centroid_km,8.362232141042227
400,motion_minus_centered_equal_state,rms_about_centroid_km,8.987993880692102
401,motion_minus_centered_equal_state,rms_about_centroid_km,8.60502729023608
402,motion_minus_centered_equal_state,rms_about_centroid_km,9.239093708164887
403,motion_minus_centered_equal_state,rms_about_centroid_km,7.863996744164297
404,motion_minus_centered_equal_state,rms_about_centroid_km,8.549950402222521
405,motion_minus_centered_equal_state,rms_about_centroid_km,6.24302034050811
406,motion_minus_centered_equal_state,rms_about_centroid_km,7.785345732118344
407,motion_minus_centered_equal_state,rms_about_centroid_km,8.532540170468906
408,motion_minus_centered_equal_state,rms_about_centroid_km,8.277699280875709
409,motion_minus_centered_equal_state,rms_about_centroid_km,7.439172190076647
410,motion_minus_centered_equal_state,rms_about_centroid_km,7.040202592577884
411,motion_minus_centered_equal_state,rms_about_centroid_km,7.486087102499255
412,motion_minus_centered_equal_state,rms_about_centroid_km,7.86061727267429
413,motion_minus_centered_equal_state,rms_about_centroid_km,7.640597563152255
414,motion_minus_centered_equal_state,rms_about_centroid_km,9.62799430063535
415,motion_minus_centered_equal_state,rms_about_centroid_km,9.329192335085736
416,motion_minus_centered_equal_state,rms_about_centroid_km,7.9410117003820915
417,motion_minus_centered_equal_state,rms_about_centroid_km,7.516723438513964
418,motion_minus_centered_equal_state,rms_about_centroid_km,7.847920765907929
419,motion_minus_centered_equal_state,rms_about_centroid_km,9.711435735426562
420,motion_minus_centered_equal_state,rms_about_centroid_km,8.037927550383301
421,motion_minus_centered_equal_state,rms_about_centroid_km,7.5076061189151915
422,motion_minus_centered_equal_state,rms_about_centroid_km,5.960178365356569
423,motion_minus_centered_equal_state,rms_about_centroid_km,5.631598642112749
424,motion_minus_centered_equal_state,rms_about_centroid_km,7.967625775993611
425,motion_minus_centered_equal_state,rms_about_centroid_km,6.539937825715128
426,motion_minus_centered_equal_state,rms_about_centroid_km,6.6133762112252725
427,motion_minus_centered_equal_state,rms_about_centroid_km,6.838001567645165
428,motion_minus_centered_equal_state,rms_about_centroid_km,10.167462869760698
429,motion_minus_centered_equal_state,rms_about_centroid_km,5.613585525255871
430,motion_minus_centered_equal_state,rms_about_centroid_km,6.923364815589025
431,motion_minus_centered_equal_state,rms_about_centroid_km,7.645912757042538
432,motion_minus_centered_equal_state,rms_about_centroid_km,6.94169765292861
433,motion_minus_centered_equal_state,rms_about_centroid_km,8.700330353337222
434,motion_minus_centered_equal_state,rms_about_centroid_km,7.194916719569278
435,motion_minus_centered_equal_state,rms_about_centroid_km,6.239543094226974
436,motion_minus_centered_equal_state,rms_about_centroid_km,8.819169148954984
437,motion_minus_centered_equal_state,rms_about_centroid_km,7.405066781333744
438,motion_minus_centered_equal_state,rms_about_centroid_km,7.593783679408716
439,motion_minus_centered_equal_state,rms_about_centroid_km,9.437033599813844
440,motion_minus_centered_equal_state,rms_about_centroid_km,9.125502910799469
441,motion_minus_centered_equal_state,rms_about_centroid_km,5.7057415777818505
442,motion_minus_centered_equal_state,rms_about_centroid_km,9.517357672421213
443,motion_minus_centered_equal_state,rms_about_centroid_km,7.737774350277164
444,motion_minus_centered_equal_state,rms_about_centroid_km,8.646293559886885
445,motion_minus_centered_equal_state,rms_about_centroid_km,6.749544202052448
446,motion_minus_centered_equal_state,rms_about_centroid_km,6.739116011111378
447,motion_minus_centered_equal_state,rms_about_centroid_km,6.7731123060702885
448,motion_minus_centered_equal_state,rms_about_centroid_km,7.680014672973357
449,motion_minus_centered_equal_state,rms_about_centroid_km,6.471118102622199
450,motion_minus_centered_equal_state,rms_about_centroid_km,8.013043761653648
451,motion_minus_centered_equal_state,rms_about_centroid_km,7.9221980448404565
452,motion_minus_centered_equal_state,rms_about_centroid_km,8.018695702692526
453,motion_minus_centered_equal_state,rms_about_centroid_km,8.292866212422382
454,motion_minus_centered_equal_state,rms_about_centroid_km,9.556435316807779
455,motion_minus_centered_equal_state,rms_about_centroid_km,7.949469759656381
456,motion_minus_centered_equal_state,rms_about_centroid_km,8.19495448803923
457,motion_minus_centered_equal_state,rms_about_centroid_km,7.188128875954703
458,motion_minus_centered_equal_state,rms_about_centroid_km,8.718525674528905
459,motion_minus_centered_equal_state,rms_about_centroid_km,9.927870946971893
460,motion_minus_centered_equal_state,rms_about_centroid_km,7.47381317323277
461,motion_minus_centered_equal_state,rms_about_centroid_km,7.288771866740831
462,motion_minus_centered_equal_state,rms_about_centroid_km,8.195316673753382
463,motion_minus_centered_equal_state,rms_about_centroid_km,6.833531539791579
464,motion_minus_centered_equal_state,rms_about_centroid_km,8.660217101287913
465,motion_minus_centered_equal_state,rms_about_centroid_km,11.173320013730404
466,motion_minus_centered_equal_state,rms_about_centroid_km,7.709898014481837
467,motion_minus_centered_equal_state,rms_about_centroid_km,8.466436694693925
468,motion_minus_centered_equal_state,rms_about_centroid_km,7.759129719593943
469,motion_minus_centered_equal_state,rms_about_centroid_km,5.582527673693221
470,motion_minus_centered_equal_state,rms_about_centroid_km,8.672088074821318
471,motion_minus_centered_equal_state,rms_about_centroid_km,5.797143259943823
472,motion_minus_centered_equal_state,rms_about_centroid_km,8.907729843084212
473,motion_minus_centered_equal_state,rms_about_centroid_km,7.263630302580509
474,motion_minus_centered_equal_state,rms_about_centroid_km,7.6361097701746985
475,motion_minus_centered_equal_state,rms_about_centroid_km,7.332475951384026
476,motion_minus_centered_equal_state,rms_about_centroid_km,8.305379597605679
477,motion_minus_centered_equal_state,rms_about_centroid_km,8.074184461281902
478,motion_minus_centered_equal_state,rms_about_centroid_km,6.824030014616142
479,motion_minus_centered_equal_state,rms_about_centroid_km,8.166119905467554
480,motion_minus_centered_equal_state,rms_about_centroid_km,7.73011986295262
481,motion_minus_centered_equal_state,rms_about_centroid_km,9.220323875019403
482,motion_minus_centered_equal_state,rms_about_centroid_km,7.118153594314094
483,motion_minus_centered_equal_state,rms_about_centroid_km,6.578043609786164
484,motion_minus_centered_equal_state,rms_about_centroid_km,6.691152987096302
485,motion_minus_centered_equal_state,rms_about_centroid_km,7.831894417855551
486,motion_minus_centered_equal_state,rms_about_centroid_km,9.34719516075495
487,motion_minus_centered_equal_state,rms_about_centroid_km,7.534268430228849
488,motion_minus_centered_equal_state,rms_about_centroid_km,6.85258164591346
489,motion_minus_centered_equal_state,rms_about_centroid_km,8.267906038584329
490,motion_minus_centered_equal_state,rms_about_centroid_km,8.606352656485797
491,motion_minus_centered_equal_state,rms_about_centroid_km,8.591687461593324
492,motion_minus_centered_equal_state,rms_about_centroid_km,7.853369369016605
493,motion_minus_centered_equal_state,rms_about_centroid_km,7.299412942105619
494,motion_minus_centered_equal_state,rms_about_centroid_km,7.565365992096872
495,motion_minus_centered_equal_state,rms_about_centroid_km,7.680839299403715
496,motion_minus_centered_equal_state,rms_about_centroid_km,7.151455988913881
497,motion_minus_centered_equal_state,rms_about_centroid_km,7.909339191201639
498,motion_minus_centered_equal_state,rms_about_centroid_km,8.34416024588188
499,motion_minus_centered_equal_state,rms_about_centroid_km,6.584533102171349
500,motion_minus_centered_equal_state,rms_about_centroid_km,6.649546696989091
1,motion_minus_centered_equal_cyclone,entropy_nats,-0.005509853363037109
2,motion_minus_centered_equal_cyclone,entropy_nats,-0.009265899658203125
3,motion_minus_centered_equal_cyclone,entropy_nats,0.005965709686279297
4,motion_minus_centered_equal_cyclone,entropy_nats,-0.005697727203369141
5,motion_minus_centered_equal_cyclone,entropy_nats,-0.0039577484130859375
6,motion_minus_centered_equal_cyclone,entropy_nats,0.0023241043090820312
7,motion_minus_centered_equal_cyclone,entropy_nats,-0.0038580894470214844
8,motion_minus_centered_equal_cyclone,entropy_nats,-0.0077533721923828125
9,motion_minus_centered_equal_cyclone,entropy_nats,-0.0035314559936523438
10,motion_minus_centered_equal_cyclone,entropy_nats,-0.0031309127807617188
11,motion_minus_centered_equal_cyclone,entropy_nats,-0.0035457611083984375
12,motion_minus_centered_equal_cyclone,entropy_nats,0.004091739654541016
13,motion_minus_centered_equal_cyclone,entropy_nats,0.0022611618041992188
14,motion_minus_centered_equal_cyclone,entropy_nats,-0.004573345184326172
15,motion_minus_centered_equal_cyclone,entropy_nats,-0.0004634857177734375
16,motion_minus_centered_equal_cyclone,entropy_nats,0.002875804901123047
17,motion_minus_centered_equal_cyclone,entropy_nats,0.004012584686279297
18,motion_minus_centered_equal_cyclone,entropy_nats,-0.004135608673095703
19,motion_minus_centered_equal_cyclone,entropy_nats,0.0015673637390136719
20,motion_minus_centered_equal_cyclone,entropy_nats,0.0060520172119140625
21,motion_minus_centered_equal_cyclone,entropy_nats,0.0069065093994140625
22,motion_minus_centered_equal_cyclone,entropy_nats,-0.00015306472778320312
23,motion_minus_centered_equal_cyclone,entropy_nats,-0.0009341239929199219
24,motion_minus_centered_equal_cyclone,entropy_nats,-0.0033807754516601562
25,motion_minus_centered_equal_cyclone,entropy_nats,0.0012922286987304688
26,motion_minus_centered_equal_cyclone,entropy_nats,0.00531005859375
27,motion_minus_centered_equal_cyclone,entropy_nats,-0.0006341934204101562
28,motion_minus_centered_equal_cyclone,entropy_nats,0.0015902519226074219
29,motion_minus_centered_equal_cyclone,entropy_nats,-0.0012159347534179688
30,motion_minus_centered_equal_cyclone,entropy_nats,-0.011371612548828125
31,motion_minus_centered_equal_cyclone,entropy_nats,-0.0015130043029785156
32,motion_minus_centered_equal_cyclone,entropy_nats,0.0001926422119140625
33,motion_minus_centered_equal_cyclone,entropy_nats,0.0045318603515625
34,motion_minus_centered_equal_cyclone,entropy_nats,-0.0029973983764648438
35,motion_minus_centered_equal_cyclone,entropy_nats,0.0008683204650878906
36,motion_minus_centered_equal_cyclone,entropy_nats,-0.0038347244262695312
37,motion_minus_centered_equal_cyclone,entropy_nats,0.0035276412963867188
38,motion_minus_centered_equal_cyclone,entropy_nats,-0.00016021728515625
39,motion_minus_centered_equal_cyclone,entropy_nats,-0.005294322967529297
40,motion_minus_centered_equal_cyclone,entropy_nats,-0.0049686431884765625
41,motion_minus_centered_equal_cyclone,entropy_nats,0.0019011497497558594
42,motion_minus_centered_equal_cyclone,entropy_nats,0.0019464492797851562
43,motion_minus_centered_equal_cyclone,entropy_nats,0.0025877952575683594
44,motion_minus_centered_equal_cyclone,entropy_nats,-0.0014319419860839844
45,motion_minus_centered_equal_cyclone,entropy_nats,-0.004970550537109375
46,motion_minus_centered_equal_cyclone,entropy_nats,-0.0065670013427734375
47,motion_minus_centered_equal_cyclone,entropy_nats,-0.00014209747314453125
48,motion_minus_centered_equal_cyclone,entropy_nats,-0.0012059211730957031
49,motion_minus_centered_equal_cyclone,entropy_nats,-0.010808467864990234
50,motion_minus_centered_equal_cyclone,entropy_nats,0.006662845611572266
51,motion_minus_centered_equal_cyclone,entropy_nats,-0.0028252601623535156
52,motion_minus_centered_equal_cyclone,entropy_nats,0.004459381103515625
53,motion_minus_centered_equal_cyclone,entropy_nats,0.00022840499877929688
54,motion_minus_centered_equal_cyclone,entropy_nats,-0.0003962516784667969
55,motion_minus_centered_equal_cyclone,entropy_nats,0.003918170928955078
56,motion_minus_centered_equal_cyclone,entropy_nats,0.0007648468017578125
57,motion_minus_centered_equal_cyclone,entropy_nats,-0.004397392272949219
58,motion_minus_centered_equal_cyclone,entropy_nats,-0.004857540130615234
59,motion_minus_centered_equal_cyclone,entropy_nats,0.003948688507080078
60,motion_minus_centered_equal_cyclone,entropy_nats,0.0005779266357421875
61,motion_minus_centered_equal_cyclone,entropy_nats,-0.0028066635131835938
62,motion_minus_centered_equal_cyclone,entropy_nats,-0.001922607421875
63,motion_minus_centered_equal_cyclone,entropy_nats,-0.0037088394165039062
64,motion_minus_centered_equal_cyclone,entropy_nats,-0.0015645027160644531
65,motion_minus_centered_equal_cyclone,entropy_nats,-0.00325775146484375
66,motion_minus_centered_equal_cyclone,entropy_nats,0.0013942718505859375
67,motion_minus_centered_equal_cyclone,entropy_nats,-0.0019249916076660156
68,motion_minus_centered_equal_cyclone,entropy_nats,-0.0015344619750976562
69,motion_minus_centered_equal_cyclone,entropy_nats,0.0020699501037597656
70,motion_minus_centered_equal_cyclone,entropy_nats,0.003066539764404297
71,motion_minus_centered_equal_cyclone,entropy_nats,-0.0018267631530761719
72,motion_minus_centered_equal_cyclone,entropy_nats,0.0018100738525390625
73,motion_minus_centered_equal_cyclone,entropy_nats,0.0024781227111816406
74,motion_minus_centered_equal_cyclone,entropy_nats,0.0029802322387695312
75,motion_minus_centered_equal_cyclone,entropy_nats,-0.0032100677490234375
76,motion_minus_centered_equal_cyclone,entropy_nats,-0.0034890174865722656
77,motion_minus_centered_equal_cyclone,entropy_nats,0.003192424774169922
78,motion_minus_centered_equal_cyclone,entropy_nats,-0.008415699005126953
79,motion_minus_centered_equal_cyclone,entropy_nats,0.006485462188720703
80,motion_minus_centered_equal_cyclone,entropy_nats,-0.002822399139404297
81,motion_minus_centered_equal_cyclone,entropy_nats,0.005129814147949219
82,motion_minus_centered_equal_cyclone,entropy_nats,-0.006123542785644531
83,motion_minus_centered_equal_cyclone,entropy_nats,-0.005894184112548828
84,motion_minus_centered_equal_cyclone,entropy_nats,-0.0004782676696777344
85,motion_minus_centered_equal_cyclone,entropy_nats,-0.010457038879394531
86,motion_minus_centered_equal_cyclone,entropy_nats,0.0023975372314453125
87,motion_minus_centered_equal_cyclone,entropy_nats,0.00830221176147461
88,motion_minus_centered_equal_cyclone,entropy_nats,-0.003567218780517578
89,motion_minus_centered_equal_cyclone,entropy_nats,0.0011487007141113281
90,motion_minus_centered_equal_cyclone,entropy_nats,-0.006535530090332031
91,motion_minus_centered_equal_cyclone,entropy_nats,-0.0005517005920410156
92,motion_minus_centered_equal_cyclone,entropy_nats,-0.008337974548339844
93,motion_minus_centered_equal_cyclone,entropy_nats,-0.006474494934082031
94,motion_minus_centered_equal_cyclone,entropy_nats,0.012849807739257812
95,motion_minus_centered_equal_cyclone,entropy_nats,-0.003132343292236328
96,motion_minus_centered_equal_cyclone,entropy_nats,0.0015306472778320312
97,motion_minus_centered_equal_cyclone,entropy_nats,0.006035804748535156
98,motion_minus_centered_equal_cyclone,entropy_nats,-0.0022916793823242188
99,motion_minus_centered_equal_cyclone,entropy_nats,0.005761146545410156
100,motion_minus_centered_equal_cyclone,entropy_nats,0.005483150482177734
101,motion_minus_centered_equal_cyclone,entropy_nats,0.005698204040527344
102,motion_minus_centered_equal_cyclone,entropy_nats,0.005461692810058594
103,motion_minus_centered_equal_cyclone,entropy_nats,-0.0001087188720703125
104,motion_minus_centered_equal_cyclone,entropy_nats,-0.003620624542236328
105,motion_minus_centered_equal_cyclone,entropy_nats,-0.01043701171875
106,motion_minus_centered_equal_cyclone,entropy_nats,0.0010390281677246094
107,motion_minus_centered_equal_cyclone,entropy_nats,-0.003330707550048828
108,motion_minus_centered_equal_cyclone,entropy_nats,-0.0032911300659179688
109,motion_minus_centered_equal_cyclone,entropy_nats,-0.00012731552124023438
110,motion_minus_centered_equal_cyclone,entropy_nats,0.013955116271972656
111,motion_minus_centered_equal_cyclone,entropy_nats,0.00809335708618164
112,motion_minus_centered_equal_cyclone,entropy_nats,0.009724617004394531
113,motion_minus_centered_equal_cyclone,entropy_nats,0.0005893707275390625
114,motion_minus_centered_equal_cyclone,entropy_nats,-0.00194549560546875
115,motion_minus_centered_equal_cyclone,entropy_nats,0.004297733306884766
116,motion_minus_centered_equal_cyclone,entropy_nats,0.0023145675659179688
117,motion_minus_centered_equal_cyclone,entropy_nats,-0.0056438446044921875
118,motion_minus_centered_equal_cyclone,entropy_nats,0.0018029212951660156
119,motion_minus_centered_equal_cyclone,entropy_nats,0.002983570098876953
120,motion_minus_centered_equal_cyclone,entropy_nats,0.011014938354492188
121,motion_minus_centered_equal_cyclone,entropy_nats,0.001110076904296875
122,motion_minus_centered_equal_cyclone,entropy_nats,-0.0008215904235839844
123,motion_minus_centered_equal_cyclone,entropy_nats,0.004853725433349609
124,motion_minus_centered_equal_cyclone,entropy_nats,4.1961669921875e-05
125,motion_minus_centered_equal_cyclone,entropy_nats,-0.0030755996704101562
126,motion_minus_centered_equal_cyclone,entropy_nats,-0.010054588317871094
127,motion_minus_centered_equal_cyclone,entropy_nats,-0.005262851715087891
128,motion_minus_centered_equal_cyclone,entropy_nats,-0.0010204315185546875
129,motion_minus_centered_equal_cyclone,entropy_nats,0.0018086433410644531
130,motion_minus_centered_equal_cyclone,entropy_nats,-0.0026106834411621094
131,motion_minus_centered_equal_cyclone,entropy_nats,-0.0012793540954589844
132,motion_minus_centered_equal_cyclone,entropy_nats,0.0033240318298339844
133,motion_minus_centered_equal_cyclone,entropy_nats,-0.007847309112548828
134,motion_minus_centered_equal_cyclone,entropy_nats,0.0009012222290039062
135,motion_minus_centered_equal_cyclone,entropy_nats,0.0007619857788085938
136,motion_minus_centered_equal_cyclone,entropy_nats,-0.0026006698608398438
137,motion_minus_centered_equal_cyclone,entropy_nats,-0.007374286651611328
138,motion_minus_centered_equal_cyclone,entropy_nats,-0.011707305908203125
139,motion_minus_centered_equal_cyclone,entropy_nats,-0.00018262863159179688
140,motion_minus_centered_equal_cyclone,entropy_nats,-0.007889747619628906
141,motion_minus_centered_equal_cyclone,entropy_nats,-0.004073143005371094
142,motion_minus_centered_equal_cyclone,entropy_nats,-0.0048370361328125
143,motion_minus_centered_equal_cyclone,entropy_nats,0.0033054351806640625
144,motion_minus_centered_equal_cyclone,entropy_nats,-0.006828784942626953
145,motion_minus_centered_equal_cyclone,entropy_nats,0.0016374588012695312
146,motion_minus_centered_equal_cyclone,entropy_nats,-0.0032401084899902344
147,motion_minus_centered_equal_cyclone,entropy_nats,0.004092216491699219
148,motion_minus_centered_equal_cyclone,entropy_nats,-0.0037183761596679688
149,motion_minus_centered_equal_cyclone,entropy_nats,0.001911163330078125
150,motion_minus_centered_equal_cyclone,entropy_nats,0.0036373138427734375
151,motion_minus_centered_equal_cyclone,entropy_nats,0.000560760498046875
152,motion_minus_centered_equal_cyclone,entropy_nats,-0.004727840423583984
153,motion_minus_centered_equal_cyclone,entropy_nats,-0.006082057952880859
154,motion_minus_centered_equal_cyclone,entropy_nats,-0.013373374938964844
155,motion_minus_centered_equal_cyclone,entropy_nats,0.006319999694824219
156,motion_minus_centered_equal_cyclone,entropy_nats,0.0065975189208984375
157,motion_minus_centered_equal_cyclone,entropy_nats,0.0045490264892578125
158,motion_minus_centered_equal_cyclone,entropy_nats,-0.0024132728576660156
159,motion_minus_centered_equal_cyclone,entropy_nats,-0.0029697418212890625
160,motion_minus_centered_equal_cyclone,entropy_nats,0.003833770751953125
161,motion_minus_centered_equal_cyclone,entropy_nats,0.007886886596679688
162,motion_minus_centered_equal_cyclone,entropy_nats,0.010009288787841797
163,motion_minus_centered_equal_cyclone,entropy_nats,0.0010066032409667969
164,motion_minus_centered_equal_cyclone,entropy_nats,0.005824565887451172
165,motion_minus_centered_equal_cyclone,entropy_nats,0.0035429000854492188
166,motion_minus_centered_equal_cyclone,entropy_nats,0.004860877990722656
167,motion_minus_centered_equal_cyclone,entropy_nats,0.0014019012451171875
168,motion_minus_centered_equal_cyclone,entropy_nats,-0.008152008056640625
169,motion_minus_centered_equal_cyclone,entropy_nats,0.0029754638671875
170,motion_minus_centered_equal_cyclone,entropy_nats,0.001323699951171875
171,motion_minus_centered_equal_cyclone,entropy_nats,0.0035028457641601562
172,motion_minus_centered_equal_cyclone,entropy_nats,-0.0015859603881835938
173,motion_minus_centered_equal_cyclone,entropy_nats,-0.008930206298828125
174,motion_minus_centered_equal_cyclone,entropy_nats,0.002570629119873047
175,motion_minus_centered_equal_cyclone,entropy_nats,0.0026950836181640625
176,motion_minus_centered_equal_cyclone,entropy_nats,0.0009732246398925781
177,motion_minus_centered_equal_cyclone,entropy_nats,-0.00014781951904296875
178,motion_minus_centered_equal_cyclone,entropy_nats,-0.003926753997802734
179,motion_minus_centered_equal_cyclone,entropy_nats,0.0013041496276855469
180,motion_minus_centered_equal_cyclone,entropy_nats,-0.0023484230041503906
181,motion_minus_centered_equal_cyclone,entropy_nats,-0.00110626220703125
182,motion_minus_centered_equal_cyclone,entropy_nats,0.0033397674560546875
183,motion_minus_centered_equal_cyclone,entropy_nats,-0.0015134811401367188
184,motion_minus_centered_equal_cyclone,entropy_nats,-0.0060253143310546875
185,motion_minus_centered_equal_cyclone,entropy_nats,0.005526542663574219
186,motion_minus_centered_equal_cyclone,entropy_nats,-0.0055408477783203125
187,motion_minus_centered_equal_cyclone,entropy_nats,0.0036020278930664062
188,motion_minus_centered_equal_cyclone,entropy_nats,0.0007548332214355469
189,motion_minus_centered_equal_cyclone,entropy_nats,0.0009999275207519531
190,motion_minus_centered_equal_cyclone,entropy_nats,-0.0025167465209960938
191,motion_minus_centered_equal_cyclone,entropy_nats,0.001129150390625
192,motion_minus_centered_equal_cyclone,entropy_nats,0.0021047592163085938
193,motion_minus_centered_equal_cyclone,entropy_nats,0.0028243064880371094
194,motion_minus_centered_equal_cyclone,entropy_nats,-0.005086421966552734
195,motion_minus_centered_equal_cyclone,entropy_nats,-0.0032529830932617188
196,motion_minus_centered_equal_cyclone,entropy_nats,0.007323265075683594
197,motion_minus_centered_equal_cyclone,entropy_nats,-0.006621837615966797
198,motion_minus_centered_equal_cyclone,entropy_nats,0.0008797645568847656
199,motion_minus_centered_equal_cyclone,entropy_nats,0.0021219253540039062
200,motion_minus_centered_equal_cyclone,entropy_nats,0.009111404418945312
201,motion_minus_centered_equal_cyclone,entropy_nats,-0.0009570121765136719
202,motion_minus_centered_equal_cyclone,entropy_nats,0.003965854644775391
203,motion_minus_centered_equal_cyclone,entropy_nats,0.005999565124511719
204,motion_minus_centered_equal_cyclone,entropy_nats,-0.004222869873046875
205,motion_minus_centered_equal_cyclone,entropy_nats,-0.0024967193603515625
206,motion_minus_centered_equal_cyclone,entropy_nats,-0.0037407875061035156
207,motion_minus_centered_equal_cyclone,entropy_nats,-0.009074211120605469
208,motion_minus_centered_equal_cyclone,entropy_nats,-0.0036754608154296875
209,motion_minus_centered_equal_cyclone,entropy_nats,-0.008200645446777344
210,motion_minus_centered_equal_cyclone,entropy_nats,-0.0028429031372070312
211,motion_minus_centered_equal_cyclone,entropy_nats,0.0009045600891113281
212,motion_minus_centered_equal_cyclone,entropy_nats,0.00328826904296875
213,motion_minus_centered_equal_cyclone,entropy_nats,-0.0005755424499511719
214,motion_minus_centered_equal_cyclone,entropy_nats,0.0017957687377929688
215,motion_minus_centered_equal_cyclone,entropy_nats,0.008488178253173828
216,motion_minus_centered_equal_cyclone,entropy_nats,-0.006838798522949219
217,motion_minus_centered_equal_cyclone,entropy_nats,0.004029750823974609
218,motion_minus_centered_equal_cyclone,entropy_nats,-0.005977630615234375
219,motion_minus_centered_equal_cyclone,entropy_nats,-0.0022382736206054688
220,motion_minus_centered_equal_cyclone,entropy_nats,-0.008541584014892578
221,motion_minus_centered_equal_cyclone,entropy_nats,-0.0006685256958007812
222,motion_minus_centered_equal_cyclone,entropy_nats,0.0008883476257324219
223,motion_minus_centered_equal_cyclone,entropy_nats,0.0038776397705078125
224,motion_minus_centered_equal_cyclone,entropy_nats,0.0030508041381835938
225,motion_minus_centered_equal_cyclone,entropy_nats,0.003528118133544922
226,motion_minus_centered_equal_cyclone,entropy_nats,-0.0021696090698242188
227,motion_minus_centered_equal_cyclone,entropy_nats,-0.004119396209716797
228,motion_minus_centered_equal_cyclone,entropy_nats,3.147125244140625e-05
229,motion_minus_centered_equal_cyclone,entropy_nats,0.002780914306640625
230,motion_minus_centered_equal_cyclone,entropy_nats,0.0011653900146484375
231,motion_minus_centered_equal_cyclone,entropy_nats,-0.0015282630920410156
232,motion_minus_centered_equal_cyclone,entropy_nats,-0.002338409423828125
233,motion_minus_centered_equal_cyclone,entropy_nats,0.0005364418029785156
234,motion_minus_centered_equal_cyclone,entropy_nats,-0.00511932373046875
235,motion_minus_centered_equal_cyclone,entropy_nats,-0.006832599639892578
236,motion_minus_centered_equal_cyclone,entropy_nats,0.013576984405517578
237,motion_minus_centered_equal_cyclone,entropy_nats,-0.005897045135498047
238,motion_minus_centered_equal_cyclone,entropy_nats,0.007384300231933594
239,motion_minus_centered_equal_cyclone,entropy_nats,0.0038657188415527344
240,motion_minus_centered_equal_cyclone,entropy_nats,-0.006256580352783203
241,motion_minus_centered_equal_cyclone,entropy_nats,0.0007534027099609375
242,motion_minus_centered_equal_cyclone,entropy_nats,-0.006381988525390625
243,motion_minus_centered_equal_cyclone,entropy_nats,-0.0007967948913574219
244,motion_minus_centered_equal_cyclone,entropy_nats,-0.0013413429260253906
245,motion_minus_centered_equal_cyclone,entropy_nats,-0.0071887969970703125
246,motion_minus_centered_equal_cyclone,entropy_nats,-0.0025959014892578125
247,motion_minus_centered_equal_cyclone,entropy_nats,-0.0036706924438476562
248,motion_minus_centered_equal_cyclone,entropy_nats,-0.008173465728759766
249,motion_minus_centered_equal_cyclone,entropy_nats,-0.0008206367492675781
250,motion_minus_centered_equal_cyclone,entropy_nats,0.005600929260253906
251,motion_minus_centered_equal_cyclone,entropy_nats,0.00688934326171875
252,motion_minus_centered_equal_cyclone,entropy_nats,-0.004567146301269531
253,motion_minus_centered_equal_cyclone,entropy_nats,-0.0059661865234375
254,motion_minus_centered_equal_cyclone,entropy_nats,0.0017971992492675781
255,motion_minus_centered_equal_cyclone,entropy_nats,-0.002693653106689453
256,motion_minus_centered_equal_cyclone,entropy_nats,-0.01038360595703125
257,motion_minus_centered_equal_cyclone,entropy_nats,-0.0035314559936523438
258,motion_minus_centered_equal_cyclone,entropy_nats,0.0016417503356933594
259,motion_minus_centered_equal_cyclone,entropy_nats,0.0016751289367675781
260,motion_minus_centered_equal_cyclone,entropy_nats,-0.002071857452392578
261,motion_minus_centered_equal_cyclone,entropy_nats,-0.005728721618652344
262,motion_minus_centered_equal_cyclone,entropy_nats,-0.003498077392578125
263,motion_minus_centered_equal_cyclone,entropy_nats,-0.003464221954345703
264,motion_minus_centered_equal_cyclone,entropy_nats,-0.0007958412170410156
265,motion_minus_centered_equal_cyclone,entropy_nats,0.001476287841796875
266,motion_minus_centered_equal_cyclone,entropy_nats,8.535385131835938e-05
267,motion_minus_centered_equal_cyclone,entropy_nats,0.00443267822265625
268,motion_minus_centered_equal_cyclone,entropy_nats,0.0024504661560058594
269,motion_minus_centered_equal_cyclone,entropy_nats,0.006312370300292969
270,motion_minus_centered_equal_cyclone,entropy_nats,-0.004976749420166016
271,motion_minus_centered_equal_cyclone,entropy_nats,-0.003609180450439453
272,motion_minus_centered_equal_cyclone,entropy_nats,0.0025653839111328125
273,motion_minus_centered_equal_cyclone,entropy_nats,0.0009746551513671875
274,motion_minus_centered_equal_cyclone,entropy_nats,-0.0022373199462890625
275,motion_minus_centered_equal_cyclone,entropy_nats,-0.0016322135925292969
276,motion_minus_centered_equal_cyclone,entropy_nats,-0.006165504455566406
277,motion_minus_centered_equal_cyclone,entropy_nats,0.0035004615783691406
278,motion_minus_centered_equal_cyclone,entropy_nats,-0.004734039306640625
279,motion_minus_centered_equal_cyclone,entropy_nats,0.0008869171142578125
280,motion_minus_centered_equal_cyclone,entropy_nats,-0.00792551040649414
281,motion_minus_centered_equal_cyclone,entropy_nats,-0.0022644996643066406
282,motion_minus_centered_equal_cyclone,entropy_nats,-0.006760120391845703
283,motion_minus_centered_equal_cyclone,entropy_nats,-0.0010533332824707031
284,motion_minus_centered_equal_cyclone,entropy_nats,0.007301807403564453
285,motion_minus_centered_equal_cyclone,entropy_nats,-0.0018277168273925781
286,motion_minus_centered_equal_cyclone,entropy_nats,0.00247955322265625
287,motion_minus_centered_equal_cyclone,entropy_nats,-0.0019516944885253906
288,motion_minus_centered_equal_cyclone,entropy_nats,0.0023560523986816406
289,motion_minus_centered_equal_cyclone,entropy_nats,0.004558086395263672
290,motion_minus_centered_equal_cyclone,entropy_nats,-0.0013403892517089844
291,motion_minus_centered_equal_cyclone,entropy_nats,0.007254123687744141
292,motion_minus_centered_equal_cyclone,entropy_nats,-0.006168365478515625
293,motion_minus_centered_equal_cyclone,entropy_nats,-0.006628990173339844
294,motion_minus_centered_equal_cyclone,entropy_nats,0.0021195411682128906
295,motion_minus_centered_equal_cyclone,entropy_nats,-0.0011954307556152344
296,motion_minus_centered_equal_cyclone,entropy_nats,0.008489608764648438
297,motion_minus_centered_equal_cyclone,entropy_nats,-0.0012936592102050781
298,motion_minus_centered_equal_cyclone,entropy_nats,0.007013797760009766
299,motion_minus_centered_equal_cyclone,entropy_nats,-0.008057594299316406
300,motion_minus_centered_equal_cyclone,entropy_nats,-0.005443572998046875
301,motion_minus_centered_equal_cyclone,entropy_nats,-0.0024743080139160156
302,motion_minus_centered_equal_cyclone,entropy_nats,-0.007875442504882812
303,motion_minus_centered_equal_cyclone,entropy_nats,-0.0012526512145996094
304,motion_minus_centered_equal_cyclone,entropy_nats,-0.002658843994140625
305,motion_minus_centered_equal_cyclone,entropy_nats,-0.0033712387084960938
306,motion_minus_centered_equal_cyclone,entropy_nats,-0.0056819915771484375
307,motion_minus_centered_equal_cyclone,entropy_nats,-0.0017728805541992188
308,motion_minus_centered_equal_cyclone,entropy_nats,-0.0033354759216308594
309,motion_minus_centered_equal_cyclone,entropy_nats,-0.0013742446899414062
310,motion_minus_centered_equal_cyclone,entropy_nats,-0.0029959678649902344
311,motion_minus_centered_equal_cyclone,entropy_nats,0.004439830780029297
312,motion_minus_centered_equal_cyclone,entropy_nats,0.003398418426513672
313,motion_minus_centered_equal_cyclone,entropy_nats,-0.0013437271118164062
314,motion_minus_centered_equal_cyclone,entropy_nats,-0.004548549652099609
315,motion_minus_centered_equal_cyclone,entropy_nats,-0.008899688720703125
316,motion_minus_centered_equal_cyclone,entropy_nats,-0.0007891654968261719
317,motion_minus_centered_equal_cyclone,entropy_nats,-0.0029659271240234375
318,motion_minus_centered_equal_cyclone,entropy_nats,0.005053043365478516
319,motion_minus_centered_equal_cyclone,entropy_nats,0.0004863739013671875
320,motion_minus_centered_equal_cyclone,entropy_nats,-0.0033669471740722656
321,motion_minus_centered_equal_cyclone,entropy_nats,-0.005157470703125
322,motion_minus_centered_equal_cyclone,entropy_nats,-0.004712104797363281
323,motion_minus_centered_equal_cyclone,entropy_nats,0.0053806304931640625
324,motion_minus_centered_equal_cyclone,entropy_nats,-0.006366252899169922
325,motion_minus_centered_equal_cyclone,entropy_nats,0.00018310546875
326,motion_minus_centered_equal_cyclone,entropy_nats,-0.0076122283935546875
327,motion_minus_centered_equal_cyclone,entropy_nats,-0.0021767616271972656
328,motion_minus_centered_equal_cyclone,entropy_nats,-0.0008592605590820312
329,motion_minus_centered_equal_cyclone,entropy_nats,-0.0011096000671386719
330,motion_minus_centered_equal_cyclone,entropy_nats,0.001255035400390625
331,motion_minus_centered_equal_cyclone,entropy_nats,-0.0029020309448242188
332,motion_minus_centered_equal_cyclone,entropy_nats,-7.82012939453125e-05
333,motion_minus_centered_equal_cyclone,entropy_nats,-0.005633354187011719
334,motion_minus_centered_equal_cyclone,entropy_nats,-0.00010776519775390625
335,motion_minus_centered_equal_cyclone,entropy_nats,-0.0019321441650390625
336,motion_minus_centered_equal_cyclone,entropy_nats,-0.012301921844482422
337,motion_minus_centered_equal_cyclone,entropy_nats,0.0015401840209960938
338,motion_minus_centered_equal_cyclone,entropy_nats,0.008458137512207031
339,motion_minus_centered_equal_cyclone,entropy_nats,0.000782012939453125
340,motion_minus_centered_equal_cyclone,entropy_nats,0.0011425018310546875
341,motion_minus_centered_equal_cyclone,entropy_nats,-0.00069427490234375
342,motion_minus_centered_equal_cyclone,entropy_nats,0.0017728805541992188
343,motion_minus_centered_equal_cyclone,entropy_nats,-0.002101898193359375
344,motion_minus_centered_equal_cyclone,entropy_nats,-0.006880760192871094
345,motion_minus_centered_equal_cyclone,entropy_nats,0.00031948089599609375
346,motion_minus_centered_equal_cyclone,entropy_nats,0.006154060363769531
347,motion_minus_centered_equal_cyclone,entropy_nats,-0.001018524169921875
348,motion_minus_centered_equal_cyclone,entropy_nats,-0.0011739730834960938
349,motion_minus_centered_equal_cyclone,entropy_nats,-0.00159454345703125
350,motion_minus_centered_equal_cyclone,entropy_nats,-0.0030164718627929688
351,motion_minus_centered_equal_cyclone,entropy_nats,-0.0034456253051757812
352,motion_minus_centered_equal_cyclone,entropy_nats,0.001857757568359375
353,motion_minus_centered_equal_cyclone,entropy_nats,0.0007481575012207031
354,motion_minus_centered_equal_cyclone,entropy_nats,0.009487628936767578
355,motion_minus_centered_equal_cyclone,entropy_nats,0.007067203521728516
356,motion_minus_centered_equal_cyclone,entropy_nats,-0.0017690658569335938
357,motion_minus_centered_equal_cyclone,entropy_nats,-0.005997657775878906
358,motion_minus_centered_equal_cyclone,entropy_nats,0.0045490264892578125
359,motion_minus_centered_equal_cyclone,entropy_nats,0.003592967987060547
360,motion_minus_centered_equal_cyclone,entropy_nats,0.0033254623413085938
361,motion_minus_centered_equal_cyclone,entropy_nats,-0.003398895263671875
362,motion_minus_centered_equal_cyclone,entropy_nats,0.005510807037353516
363,motion_minus_centered_equal_cyclone,entropy_nats,0.0050563812255859375
364,motion_minus_centered_equal_cyclone,entropy_nats,0.0014352798461914062
365,motion_minus_centered_equal_cyclone,entropy_nats,-0.0026760101318359375
366,motion_minus_centered_equal_cyclone,entropy_nats,-0.005120277404785156
367,motion_minus_centered_equal_cyclone,entropy_nats,0.004681587219238281
368,motion_minus_centered_equal_cyclone,entropy_nats,0.0066890716552734375
369,motion_minus_centered_equal_cyclone,entropy_nats,-0.0025773048400878906
370,motion_minus_centered_equal_cyclone,entropy_nats,-0.007050037384033203
371,motion_minus_centered_equal_cyclone,entropy_nats,0.0013065338134765625
372,motion_minus_centered_equal_cyclone,entropy_nats,-0.0005788803100585938
373,motion_minus_centered_equal_cyclone,entropy_nats,-0.005177021026611328
374,motion_minus_centered_equal_cyclone,entropy_nats,-0.002791881561279297
375,motion_minus_centered_equal_cyclone,entropy_nats,-0.007958412170410156
376,motion_minus_centered_equal_cyclone,entropy_nats,-0.006909847259521484
377,motion_minus_centered_equal_cyclone,entropy_nats,-0.005456447601318359
378,motion_minus_centered_equal_cyclone,entropy_nats,-0.0050792694091796875
379,motion_minus_centered_equal_cyclone,entropy_nats,0.0009670257568359375
380,motion_minus_centered_equal_cyclone,entropy_nats,-0.008756637573242188
381,motion_minus_centered_equal_cyclone,entropy_nats,-0.0002532005310058594
382,motion_minus_centered_equal_cyclone,entropy_nats,-0.006553173065185547
383,motion_minus_centered_equal_cyclone,entropy_nats,0.0003299713134765625
384,motion_minus_centered_equal_cyclone,entropy_nats,0.0014767646789550781
385,motion_minus_centered_equal_cyclone,entropy_nats,0.0023860931396484375
386,motion_minus_centered_equal_cyclone,entropy_nats,0.006186485290527344
387,motion_minus_centered_equal_cyclone,entropy_nats,0.0013437271118164062
388,motion_minus_centered_equal_cyclone,entropy_nats,-0.005637168884277344
389,motion_minus_centered_equal_cyclone,entropy_nats,0.004292488098144531
390,motion_minus_centered_equal_cyclone,entropy_nats,0.0011515617370605469
391,motion_minus_centered_equal_cyclone,entropy_nats,-0.003563404083251953
392,motion_minus_centered_equal_cyclone,entropy_nats,-0.008098602294921875
393,motion_minus_centered_equal_cyclone,entropy_nats,0.0008182525634765625
394,motion_minus_centered_equal_cyclone,entropy_nats,0.005032062530517578
395,motion_minus_centered_equal_cyclone,entropy_nats,-0.002849578857421875
396,motion_minus_centered_equal_cyclone,entropy_nats,-0.0015549659729003906
397,motion_minus_centered_equal_cyclone,entropy_nats,0.0017414093017578125
398,motion_minus_centered_equal_cyclone,entropy_nats,-0.005089282989501953
399,motion_minus_centered_equal_cyclone,entropy_nats,0.0009856224060058594
400,motion_minus_centered_equal_cyclone,entropy_nats,0.004115104675292969
401,motion_minus_centered_equal_cyclone,entropy_nats,0.0031795501708984375
402,motion_minus_centered_equal_cyclone,entropy_nats,0.0008196830749511719
403,motion_minus_centered_equal_cyclone,entropy_nats,0.0010356903076171875
404,motion_minus_centered_equal_cyclone,entropy_nats,-0.0007023811340332031
405,motion_minus_centered_equal_cyclone,entropy_nats,-0.0015230178833007812
406,motion_minus_centered_equal_cyclone,entropy_nats,-0.006826877593994141
407,motion_minus_centered_equal_cyclone,entropy_nats,-0.0029244422912597656
408,motion_minus_centered_equal_cyclone,entropy_nats,0.002735614776611328
409,motion_minus_centered_equal_cyclone,entropy_nats,-0.003276348114013672
410,motion_minus_centered_equal_cyclone,entropy_nats,-0.007044792175292969
411,motion_minus_centered_equal_cyclone,entropy_nats,0.0006585121154785156
412,motion_minus_centered_equal_cyclone,entropy_nats,-0.0024547576904296875
413,motion_minus_centered_equal_cyclone,entropy_nats,-0.0013170242309570312
414,motion_minus_centered_equal_cyclone,entropy_nats,0.0016360282897949219
415,motion_minus_centered_equal_cyclone,entropy_nats,0.0007576942443847656
416,motion_minus_centered_equal_cyclone,entropy_nats,-0.003085613250732422
417,motion_minus_centered_equal_cyclone,entropy_nats,-0.005733489990234375
418,motion_minus_centered_equal_cyclone,entropy_nats,0.0038480758666992188
419,motion_minus_centered_equal_cyclone,entropy_nats,0.004155158996582031
420,motion_minus_centered_equal_cyclone,entropy_nats,0.003998279571533203
421,motion_minus_centered_equal_cyclone,entropy_nats,0.00015783309936523438
422,motion_minus_centered_equal_cyclone,entropy_nats,0.0016160011291503906
423,motion_minus_centered_equal_cyclone,entropy_nats,-0.006266593933105469
424,motion_minus_centered_equal_cyclone,entropy_nats,-0.00017070770263671875
425,motion_minus_centered_equal_cyclone,entropy_nats,-0.0065097808837890625
426,motion_minus_centered_equal_cyclone,entropy_nats,0.0013713836669921875
427,motion_minus_centered_equal_cyclone,entropy_nats,0.0011186599731445312
428,motion_minus_centered_equal_cyclone,entropy_nats,0.003444671630859375
429,motion_minus_centered_equal_cyclone,entropy_nats,-0.002529144287109375
430,motion_minus_centered_equal_cyclone,entropy_nats,-0.001163482666015625
431,motion_minus_centered_equal_cyclone,entropy_nats,-0.003864288330078125
432,motion_minus_centered_equal_cyclone,entropy_nats,-0.005782127380371094
433,motion_minus_centered_equal_cyclone,entropy_nats,-0.003930091857910156
434,motion_minus_centered_equal_cyclone,entropy_nats,-0.003414630889892578
435,motion_minus_centered_equal_cyclone,entropy_nats,-0.007134914398193359
436,motion_minus_centered_equal_cyclone,entropy_nats,-0.0011243820190429688
437,motion_minus_centered_equal_cyclone,entropy_nats,0.006302833557128906
438,motion_minus_centered_equal_cyclone,entropy_nats,-0.002113819122314453
439,motion_minus_centered_equal_cyclone,entropy_nats,0.006945133209228516
440,motion_minus_centered_equal_cyclone,entropy_nats,0.0031261444091796875
441,motion_minus_centered_equal_cyclone,entropy_nats,-0.005545139312744141
442,motion_minus_centered_equal_cyclone,entropy_nats,0.003548145294189453
443,motion_minus_centered_equal_cyclone,entropy_nats,0.0044116973876953125
444,motion_minus_centered_equal_cyclone,entropy_nats,-0.0003185272216796875
445,motion_minus_centered_equal_cyclone,entropy_nats,-0.002696514129638672
446,motion_minus_centered_equal_cyclone,entropy_nats,0.0010304450988769531
447,motion_minus_centered_equal_cyclone,entropy_nats,-0.007286548614501953
448,motion_minus_centered_equal_cyclone,entropy_nats,0.004324436187744141
449,motion_minus_centered_equal_cyclone,entropy_nats,-0.004138946533203125
450,motion_minus_centered_equal_cyclone,entropy_nats,0.0005669593811035156
451,motion_minus_centered_equal_cyclone,entropy_nats,-0.0018305778503417969
452,motion_minus_centered_equal_cyclone,entropy_nats,-0.0012407302856445312
453,motion_minus_centered_equal_cyclone,entropy_nats,0.0015883445739746094
454,motion_minus_centered_equal_cyclone,entropy_nats,0.0012693405151367188
455,motion_minus_centered_equal_cyclone,entropy_nats,-0.0023255348205566406
456,motion_minus_centered_equal_cyclone,entropy_nats,0.0005044937133789062
457,motion_minus_centered_equal_cyclone,entropy_nats,-0.005931377410888672
458,motion_minus_centered_equal_cyclone,entropy_nats,-0.006866455078125
459,motion_minus_centered_equal_cyclone,entropy_nats,0.0002942085266113281
460,motion_minus_centered_equal_cyclone,entropy_nats,0.0005040168762207031
461,motion_minus_centered_equal_cyclone,entropy_nats,-0.0016865730285644531
462,motion_minus_centered_equal_cyclone,entropy_nats,0.008657455444335938
463,motion_minus_centered_equal_cyclone,entropy_nats,-0.007133007049560547
464,motion_minus_centered_equal_cyclone,entropy_nats,0.0039234161376953125
465,motion_minus_centered_equal_cyclone,entropy_nats,0.008027076721191406
466,motion_minus_centered_equal_cyclone,entropy_nats,-0.0018510818481445312
467,motion_minus_centered_equal_cyclone,entropy_nats,0.0023169517517089844
468,motion_minus_centered_equal_cyclone,entropy_nats,0.0028085708618164062
469,motion_minus_centered_equal_cyclone,entropy_nats,-0.005450248718261719
470,motion_minus_centered_equal_cyclone,entropy_nats,0.0009808540344238281
471,motion_minus_centered_equal_cyclone,entropy_nats,-0.007496356964111328
472,motion_minus_centered_equal_cyclone,entropy_nats,0.004456043243408203
473,motion_minus_centered_equal_cyclone,entropy_nats,-0.007923126220703125
474,motion_minus_centered_equal_cyclone,entropy_nats,-0.0007352828979492188
475,motion_minus_centered_equal_cyclone,entropy_nats,-0.0016393661499023438
476,motion_minus_centered_equal_cyclone,entropy_nats,-0.0013422966003417969
477,motion_minus_centered_equal_cyclone,entropy_nats,0.0008959770202636719
478,motion_minus_centered_equal_cyclone,entropy_nats,-0.0018548965454101562
479,motion_minus_centered_equal_cyclone,entropy_nats,0.007128238677978516
480,motion_minus_centered_equal_cyclone,entropy_nats,0.002841949462890625
481,motion_minus_centered_equal_cyclone,entropy_nats,0.003925800323486328
482,motion_minus_centered_equal_cyclone,entropy_nats,-0.0004124641418457031
483,motion_minus_centered_equal_cyclone,entropy_nats,-0.0016269683837890625
484,motion_minus_centered_equal_cyclone,entropy_nats,-0.005662441253662109
485,motion_minus_centered_equal_cyclone,entropy_nats,0.00047588348388671875
486,motion_minus_centered_equal_cyclone,entropy_nats,0.009952545166015625
487,motion_minus_centered_equal_cyclone,entropy_nats,-0.0038242340087890625
488,motion_minus_centered_equal_cyclone,entropy_nats,0.00199127197265625
489,motion_minus_centered_equal_cyclone,entropy_nats,0.009375572204589844
490,motion_minus_centered_equal_cyclone,entropy_nats,0.0028924942016601562
491,motion_minus_centered_equal_cyclone,entropy_nats,0.001373291015625
492,motion_minus_centered_equal_cyclone,entropy_nats,-0.00019741058349609375
493,motion_minus_centered_equal_cyclone,entropy_nats,0.00014543533325195312
494,motion_minus_centered_equal_cyclone,entropy_nats,-0.004222869873046875
495,motion_minus_centered_equal_cyclone,entropy_nats,0.004640102386474609
496,motion_minus_centered_equal_cyclone,entropy_nats,-0.0016226768493652344
497,motion_minus_centered_equal_cyclone,entropy_nats,-0.0011496543884277344
498,motion_minus_centered_equal_cyclone,entropy_nats,0.004932403564453125
499,motion_minus_centered_equal_cyclone,entropy_nats,-0.00838470458984375
500,motion_minus_centered_equal_cyclone,entropy_nats,-0.0033898353576660156
1,motion_minus_centered_equal_cyclone,area50_km2,-30000.0
2,motion_minus_centered_equal_cyclone,area50_km2,-40000.0
3,motion_minus_centered_equal_cyclone,area50_km2,-10000.0
4,motion_minus_centered_equal_cyclone,area50_km2,-35000.0
5,motion_minus_centered_equal_cyclone,area50_km2,-37500.0
6,motion_minus_centered_equal_cyclone,area50_km2,-20000.0
7,motion_minus_centered_equal_cyclone,area50_km2,-25000.0
8,motion_minus_centered_equal_cyclone,area50_km2,-42500.0
9,motion_minus_centered_equal_cyclone,area50_km2,-37500.0
10,motion_minus_centered_equal_cyclone,area50_km2,-27500.0
11,motion_minus_centered_equal_cyclone,area50_km2,-35000.0
12,motion_minus_centered_equal_cyclone,area50_km2,-15000.0
13,motion_minus_centered_equal_cyclone,area50_km2,-22500.0
14,motion_minus_centered_equal_cyclone,area50_km2,-37500.0
15,motion_minus_centered_equal_cyclone,area50_km2,-12500.0
16,motion_minus_centered_equal_cyclone,area50_km2,-15000.0
17,motion_minus_centered_equal_cyclone,area50_km2,-15000.0
18,motion_minus_centered_equal_cyclone,area50_km2,-40000.0
19,motion_minus_centered_equal_cyclone,area50_km2,-20000.0
20,motion_minus_centered_equal_cyclone,area50_km2,-5000.0
21,motion_minus_centered_equal_cyclone,area50_km2,-17500.0
22,motion_minus_centered_equal_cyclone,area50_km2,-22500.0
23,motion_minus_centered_equal_cyclone,area50_km2,-20000.0
24,motion_minus_centered_equal_cyclone,area50_km2,-40000.0
25,motion_minus_centered_equal_cyclone,area50_km2,-20000.0
26,motion_minus_centered_equal_cyclone,area50_km2,-12500.0
27,motion_minus_centered_equal_cyclone,area50_km2,-30000.0
28,motion_minus_centered_equal_cyclone,area50_km2,-30000.0
29,motion_minus_centered_equal_cyclone,area50_km2,-27500.0
30,motion_minus_centered_equal_cyclone,area50_km2,-45000.0
31,motion_minus_centered_equal_cyclone,area50_km2,-30000.0
32,motion_minus_centered_equal_cyclone,area50_km2,-22500.0
33,motion_minus_centered_equal_cyclone,area50_km2,-15000.0
34,motion_minus_centered_equal_cyclone,area50_km2,-22500.0
35,motion_minus_centered_equal_cyclone,area50_km2,-12500.0
36,motion_minus_centered_equal_cyclone,area50_km2,-20000.0
37,motion_minus_centered_equal_cyclone,area50_km2,-20000.0
38,motion_minus_centered_equal_cyclone,area50_km2,-25000.0
39,motion_minus_centered_equal_cyclone,area50_km2,-32500.0
40,motion_minus_centered_equal_cyclone,area50_km2,-27500.0
41,motion_minus_centered_equal_cyclone,area50_km2,-20000.0
42,motion_minus_centered_equal_cyclone,area50_km2,-15000.0
43,motion_minus_centered_equal_cyclone,area50_km2,-22500.0
44,motion_minus_centered_equal_cyclone,area50_km2,-25000.0
45,motion_minus_centered_equal_cyclone,area50_km2,-20000.0
46,motion_minus_centered_equal_cyclone,area50_km2,-30000.0
47,motion_minus_centered_equal_cyclone,area50_km2,-22500.0
48,motion_minus_centered_equal_cyclone,area50_km2,-27500.0
49,motion_minus_centered_equal_cyclone,area50_km2,-42500.0
50,motion_minus_centered_equal_cyclone,area50_km2,-10000.0
51,motion_minus_centered_equal_cyclone,area50_km2,-20000.0
52,motion_minus_centered_equal_cyclone,area50_km2,-15000.0
53,motion_minus_centered_equal_cyclone,area50_km2,-22500.0
54,motion_minus_centered_equal_cyclone,area50_km2,-32500.0
55,motion_minus_centered_equal_cyclone,area50_km2,-12500.0
56,motion_minus_centered_equal_cyclone,area50_km2,-22500.0
57,motion_minus_centered_equal_cyclone,area50_km2,-27500.0
58,motion_minus_centered_equal_cyclone,area50_km2,-27500.0
59,motion_minus_centered_equal_cyclone,area50_km2,-22500.0
60,motion_minus_centered_equal_cyclone,area50_km2,-22500.0
61,motion_minus_centered_equal_cyclone,area50_km2,-37500.0
62,motion_minus_centered_equal_cyclone,area50_km2,-22500.0
63,motion_minus_centered_equal_cyclone,area50_km2,-30000.0
64,motion_minus_centered_equal_cyclone,area50_km2,-22500.0
65,motion_minus_centered_equal_cyclone,area50_km2,-30000.0
66,motion_minus_centered_equal_cyclone,area50_km2,-22500.0
67,motion_minus_centered_equal_cyclone,area50_km2,-22500.0
68,motion_minus_centered_equal_cyclone,area50_km2,-25000.0
69,motion_minus_centered_equal_cyclone,area50_km2,-17500.0
70,motion_minus_centered_equal_cyclone,area50_km2,-12500.0
71,motion_minus_centered_equal_cyclone,area50_km2,-22500.0
72,motion_minus_centered_equal_cyclone,area50_km2,-32500.0
73,motion_minus_centered_equal_cyclone,area50_km2,-20000.0
74,motion_minus_centered_equal_cyclone,area50_km2,-20000.0
75,motion_minus_centered_equal_cyclone,area50_km2,-27500.0
76,motion_minus_centered_equal_cyclone,area50_km2,-25000.0
77,motion_minus_centered_equal_cyclone,area50_km2,-20000.0
78,motion_minus_centered_equal_cyclone,area50_km2,-32500.0
79,motion_minus_centered_equal_cyclone,area50_km2,-2500.0
80,motion_minus_centered_equal_cyclone,area50_km2,-32500.0
81,motion_minus_centered_equal_cyclone,area50_km2,-10000.0
82,motion_minus_centered_equal_cyclone,area50_km2,-32500.0
83,motion_minus_centered_equal_cyclone,area50_km2,-30000.0
84,motion_minus_centered_equal_cyclone,area50_km2,-27500.0
85,motion_minus_centered_equal_cyclone,area50_km2,-42500.0
86,motion_minus_centered_equal_cyclone,area50_km2,-27500.0
87,motion_minus_centered_equal_cyclone,area50_km2,-15000.0
88,motion_minus_centered_equal_cyclone,area50_km2,-30000.0
89,motion_minus_centered_equal_cyclone,area50_km2,-30000.0
90,motion_minus_centered_equal_cyclone,area50_km2,-27500.0
91,motion_minus_centered_equal_cyclone,area50_km2,-22500.0
92,motion_minus_centered_equal_cyclone,area50_km2,-37500.0
93,motion_minus_centered_equal_cyclone,area50_km2,-30000.0
94,motion_minus_centered_equal_cyclone,area50_km2,0.0
95,motion_minus_centered_equal_cyclone,area50_km2,-27500.0
96,motion_minus_centered_equal_cyclone,area50_km2,-32500.0
97,motion_minus_centered_equal_cyclone,area50_km2,-10000.0
98,motion_minus_centered_equal_cyclone,area50_km2,-35000.0
99,motion_minus_centered_equal_cyclone,area50_km2,-22500.0
100,motion_minus_centered_equal_cyclone,area50_km2,-7500.0
101,motion_minus_centered_equal_cyclone,area50_km2,-15000.0
102,motion_minus_centered_equal_cyclone,area50_km2,-17500.0
103,motion_minus_centered_equal_cyclone,area50_km2,-30000.0
104,motion_minus_centered_equal_cyclone,area50_km2,-30000.0
105,motion_minus_centered_equal_cyclone,area50_km2,-42500.0
106,motion_minus_centered_equal_cyclone,area50_km2,-22500.0
107,motion_minus_centered_equal_cyclone,area50_km2,-25000.0
108,motion_minus_centered_equal_cyclone,area50_km2,-22500.0
109,motion_minus_centered_equal_cyclone,area50_km2,-17500.0
110,motion_minus_centered_equal_cyclone,area50_km2,0.0
111,motion_minus_centered_equal_cyclone,area50_km2,-15000.0
112,motion_minus_centered_equal_cyclone,area50_km2,-5000.0
113,motion_minus_centered_equal_cyclone,area50_km2,-30000.0
114,motion_minus_centered_equal_cyclone,area50_km2,-22500.0
115,motion_minus_centered_equal_cyclone,area50_km2,-20000.0
116,motion_minus_centered_equal_cyclone,area50_km2,-20000.0
117,motion_minus_centered_equal_cyclone,area50_km2,-32500.0
118,motion_minus_centered_equal_cyclone,area50_km2,-15000.0
119,motion_minus_centered_equal_cyclone,area50_km2,-17500.0
120,motion_minus_centered_equal_cyclone,area50_km2,-7500.0
121,motion_minus_centered_equal_cyclone,area50_km2,-15000.0
122,motion_minus_centered_equal_cyclone,area50_km2,-30000.0
123,motion_minus_centered_equal_cyclone,area50_km2,-20000.0
124,motion_minus_centered_equal_cyclone,area50_km2,-20000.0
125,motion_minus_centered_equal_cyclone,area50_km2,-30000.0
126,motion_minus_centered_equal_cyclone,area50_km2,-47500.0
127,motion_minus_centered_equal_cyclone,area50_km2,-25000.0
128,motion_minus_centered_equal_cyclone,area50_km2,-22500.0
129,motion_minus_centered_equal_cyclone,area50_km2,-27500.0
130,motion_minus_centered_equal_cyclone,area50_km2,-30000.0
131,motion_minus_centered_equal_cyclone,area50_km2,-22500.0
132,motion_minus_centered_equal_cyclone,area50_km2,-12500.0
133,motion_minus_centered_equal_cyclone,area50_km2,-30000.0
134,motion_minus_centered_equal_cyclone,area50_km2,-20000.0
135,motion_minus_centered_equal_cyclone,area50_km2,-27500.0
136,motion_minus_centered_equal_cyclone,area50_km2,-25000.0
137,motion_minus_centered_equal_cyclone,area50_km2,-37500.0
138,motion_minus_centered_equal_cyclone,area50_km2,-40000.0
139,motion_minus_centered_equal_cyclone,area50_km2,-27500.0
140,motion_minus_centered_equal_cyclone,area50_km2,-37500.0
141,motion_minus_centered_equal_cyclone,area50_km2,-37500.0
142,motion_minus_centered_equal_cyclone,area50_km2,-27500.0
143,motion_minus_centered_equal_cyclone,area50_km2,-10000.0
144,motion_minus_centered_equal_cyclone,area50_km2,-37500.0
145,motion_minus_centered_equal_cyclone,area50_km2,-22500.0
146,motion_minus_centered_equal_cyclone,area50_km2,-25000.0
147,motion_minus_centered_equal_cyclone,area50_km2,-20000.0
148,motion_minus_centered_equal_cyclone,area50_km2,-25000.0
149,motion_minus_centered_equal_cyclone,area50_km2,-20000.0
150,motion_minus_centered_equal_cyclone,area50_km2,-10000.0
151,motion_minus_centered_equal_cyclone,area50_km2,-30000.0
152,motion_minus_centered_equal_cyclone,area50_km2,-32500.0
153,motion_minus_centered_equal_cyclone,area50_km2,-32500.0
154,motion_minus_centered_equal_cyclone,area50_km2,-45000.0
155,motion_minus_centered_equal_cyclone,area50_km2,-12500.0
156,motion_minus_centered_equal_cyclone,area50_km2,-17500.0
157,motion_minus_centered_equal_cyclone,area50_km2,-17500.0
158,motion_minus_centered_equal_cyclone,area50_km2,-27500.0
159,motion_minus_centered_equal_cyclone,area50_km2,-27500.0
160,motion_minus_centered_equal_cyclone,area50_km2,-7500.0
161,motion_minus_centered_equal_cyclone,area50_km2,-7500.0
162,motion_minus_centered_equal_cyclone,area50_km2,-2500.0
163,motion_minus_centered_equal_cyclone,area50_km2,-25000.0
164,motion_minus_centered_equal_cyclone,area50_km2,-10000.0
165,motion_minus_centered_equal_cyclone,area50_km2,-10000.0
166,motion_minus_centered_equal_cyclone,area50_km2,-10000.0
167,motion_minus_centered_equal_cyclone,area50_km2,-20000.0
168,motion_minus_centered_equal_cyclone,area50_km2,-30000.0
169,motion_minus_centered_equal_cyclone,area50_km2,-20000.0
170,motion_minus_centered_equal_cyclone,area50_km2,-20000.0
171,motion_minus_centered_equal_cyclone,area50_km2,-7500.0
172,motion_minus_centered_equal_cyclone,area50_km2,-20000.0
173,motion_minus_centered_equal_cyclone,area50_km2,-37500.0
174,motion_minus_centered_equal_cyclone,area50_km2,-15000.0
175,motion_minus_centered_equal_cyclone,area50_km2,-20000.0
176,motion_minus_centered_equal_cyclone,area50_km2,-22500.0
177,motion_minus_centered_equal_cyclone,area50_km2,-17500.0
178,motion_minus_centered_equal_cyclone,area50_km2,-30000.0
179,motion_minus_centered_equal_cyclone,area50_km2,-27500.0
180,motion_minus_centered_equal_cyclone,area50_km2,-30000.0
181,motion_minus_centered_equal_cyclone,area50_km2,-27500.0
182,motion_minus_centered_equal_cyclone,area50_km2,-12500.0
183,motion_minus_centered_equal_cyclone,area50_km2,-30000.0
184,motion_minus_centered_equal_cyclone,area50_km2,-30000.0
185,motion_minus_centered_equal_cyclone,area50_km2,-17500.0
186,motion_minus_centered_equal_cyclone,area50_km2,-37500.0
187,motion_minus_centered_equal_cyclone,area50_km2,-27500.0
188,motion_minus_centered_equal_cyclone,area50_km2,-25000.0
189,motion_minus_centered_equal_cyclone,area50_km2,-22500.0
190,motion_minus_centered_equal_cyclone,area50_km2,-32500.0
191,motion_minus_centered_equal_cyclone,area50_km2,-22500.0
192,motion_minus_centered_equal_cyclone,area50_km2,-25000.0
193,motion_minus_centered_equal_cyclone,area50_km2,-17500.0
194,motion_minus_centered_equal_cyclone,area50_km2,-35000.0
195,motion_minus_centered_equal_cyclone,area50_km2,-32500.0
196,motion_minus_centered_equal_cyclone,area50_km2,-15000.0
197,motion_minus_centered_equal_cyclone,area50_km2,-37500.0
198,motion_minus_centered_equal_cyclone,area50_km2,-25000.0
199,motion_minus_centered_equal_cyclone,area50_km2,-20000.0
200,motion_minus_centered_equal_cyclone,area50_km2,-10000.0
201,motion_minus_centered_equal_cyclone,area50_km2,-25000.0
202,motion_minus_centered_equal_cyclone,area50_km2,-12500.0
203,motion_minus_centered_equal_cyclone,area50_km2,-15000.0
204,motion_minus_centered_equal_cyclone,area50_km2,-42500.0
205,motion_minus_centered_equal_cyclone,area50_km2,-22500.0
206,motion_minus_centered_equal_cyclone,area50_km2,-30000.0
207,motion_minus_centered_equal_cyclone,area50_km2,-45000.0
208,motion_minus_centered_equal_cyclone,area50_km2,-22500.0
209,motion_minus_centered_equal_cyclone,area50_km2,-27500.0
210,motion_minus_centered_equal_cyclone,area50_km2,-22500.0
211,motion_minus_centered_equal_cyclone,area50_km2,-17500.0
212,motion_minus_centered_equal_cyclone,area50_km2,-17500.0
213,motion_minus_centered_equal_cyclone,area50_km2,-20000.0
214,motion_minus_centered_equal_cyclone,area50_km2,-17500.0
215,motion_minus_centered_equal_cyclone,area50_km2,-7500.0
216,motion_minus_centered_equal_cyclone,area50_km2,-35000.0
217,motion_minus_centered_equal_cyclone,area50_km2,-15000.0
218,motion_minus_centered_equal_cyclone,area50_km2,-42500.0
219,motion_minus_centered_equal_cyclone,area50_km2,-27500.0
220,motion_minus_centered_equal_cyclone,area50_km2,-47500.0
221,motion_minus_centered_equal_cyclone,area50_km2,-32500.0
222,motion_minus_centered_equal_cyclone,area50_km2,-20000.0
223,motion_minus_centered_equal_cyclone,area50_km2,-12500.0
224,motion_minus_centered_equal_cyclone,area50_km2,-22500.0
225,motion_minus_centered_equal_cyclone,area50_km2,-12500.0
226,motion_minus_centered_equal_cyclone,area50_km2,-27500.0
227,motion_minus_centered_equal_cyclone,area50_km2,-42500.0
228,motion_minus_centered_equal_cyclone,area50_km2,-22500.0
229,motion_minus_centered_equal_cyclone,area50_km2,-25000.0
230,motion_minus_centered_equal_cyclone,area50_km2,-27500.0
231,motion_minus_centered_equal_cyclone,area50_km2,-25000.0
232,motion_minus_centered_equal_cyclone,area50_km2,-22500.0
233,motion_minus_centered_equal_cyclone,area50_km2,-27500.0
234,motion_minus_centered_equal_cyclone,area50_km2,-37500.0
235,motion_minus_centered_equal_cyclone,area50_km2,-35000.0
236,motion_minus_centered_equal_cyclone,area50_km2,5000.0
237,motion_minus_centered_equal_cyclone,area50_km2,-27500.0
238,motion_minus_centered_equal_cyclone,area50_km2,-7500.0
239,motion_minus_centered_equal_cyclone,area50_km2,-17500.0
240,motion_minus_centered_equal_cyclone,area50_km2,-30000.0
241,motion_minus_centered_equal_cyclone,area50_km2,-27500.0
242,motion_minus_centered_equal_cyclone,area50_km2,-37500.0
243,motion_minus_centered_equal_cyclone,area50_km2,-27500.0
244,motion_minus_centered_equal_cyclone,area50_km2,-25000.0
245,motion_minus_centered_equal_cyclone,area50_km2,-35000.0
246,motion_minus_centered_equal_cyclone,area50_km2,-32500.0
247,motion_minus_centered_equal_cyclone,area50_km2,-32500.0
248,motion_minus_centered_equal_cyclone,area50_km2,-32500.0
249,motion_minus_centered_equal_cyclone,area50_km2,-25000.0
250,motion_minus_centered_equal_cyclone,area50_km2,-12500.0
251,motion_minus_centered_equal_cyclone,area50_km2,-17500.0
252,motion_minus_centered_equal_cyclone,area50_km2,-27500.0
253,motion_minus_centered_equal_cyclone,area50_km2,-37500.0
254,motion_minus_centered_equal_cyclone,area50_km2,-22500.0
255,motion_minus_centered_equal_cyclone,area50_km2,-25000.0
256,motion_minus_centered_equal_cyclone,area50_km2,-42500.0
257,motion_minus_centered_equal_cyclone,area50_km2,-27500.0
258,motion_minus_centered_equal_cyclone,area50_km2,-25000.0
259,motion_minus_centered_equal_cyclone,area50_km2,-20000.0
260,motion_minus_centered_equal_cyclone,area50_km2,-32500.0
261,motion_minus_centered_equal_cyclone,area50_km2,-40000.0
262,motion_minus_centered_equal_cyclone,area50_km2,-32500.0
263,motion_minus_centered_equal_cyclone,area50_km2,-27500.0
264,motion_minus_centered_equal_cyclone,area50_km2,-20000.0
265,motion_minus_centered_equal_cyclone,area50_km2,-20000.0
266,motion_minus_centered_equal_cyclone,area50_km2,-22500.0
267,motion_minus_centered_equal_cyclone,area50_km2,-12500.0
268,motion_minus_centered_equal_cyclone,area50_km2,-20000.0
269,motion_minus_centered_equal_cyclone,area50_km2,-5000.0
270,motion_minus_centered_equal_cyclone,area50_km2,-30000.0
271,motion_minus_centered_equal_cyclone,area50_km2,-20000.0
272,motion_minus_centered_equal_cyclone,area50_km2,-20000.0
273,motion_minus_centered_equal_cyclone,area50_km2,-20000.0
274,motion_minus_centered_equal_cyclone,area50_km2,-35000.0
275,motion_minus_centered_equal_cyclone,area50_km2,-22500.0
276,motion_minus_centered_equal_cyclone,area50_km2,-30000.0
277,motion_minus_centered_equal_cyclone,area50_km2,-17500.0
278,motion_minus_centered_equal_cyclone,area50_km2,-25000.0
279,motion_minus_centered_equal_cyclone,area50_km2,-22500.0
280,motion_minus_centered_equal_cyclone,area50_km2,-32500.0
281,motion_minus_centered_equal_cyclone,area50_km2,-30000.0
282,motion_minus_centered_equal_cyclone,area50_km2,-32500.0
283,motion_minus_centered_equal_cyclone,area50_km2,-27500.0
284,motion_minus_centered_equal_cyclone,area50_km2,-7500.0
285,motion_minus_centered_equal_cyclone,area50_km2,-30000.0
286,motion_minus_centered_equal_cyclone,area50_km2,-12500.0
287,motion_minus_centered_equal_cyclone,area50_km2,-27500.0
288,motion_minus_centered_equal_cyclone,area50_km2,-17500.0
289,motion_minus_centered_equal_cyclone,area50_km2,-17500.0
290,motion_minus_centered_equal_cyclone,area50_km2,-27500.0
291,motion_minus_centered_equal_cyclone,area50_km2,-12500.0
292,motion_minus_centered_equal_cyclone,area50_km2,-30000.0
293,motion_minus_centered_equal_cyclone,area50_km2,-35000.0
294,motion_minus_centered_equal_cyclone,area50_km2,-17500.0
295,motion_minus_centered_equal_cyclone,area50_km2,-32500.0
296,motion_minus_centered_equal_cyclone,area50_km2,-7500.0
297,motion_minus_centered_equal_cyclone,area50_km2,-17500.0
298,motion_minus_centered_equal_cyclone,area50_km2,-12500.0
299,motion_minus_centered_equal_cyclone,area50_km2,-37500.0
300,motion_minus_centered_equal_cyclone,area50_km2,-32500.0
301,motion_minus_centered_equal_cyclone,area50_km2,-22500.0
302,motion_minus_centered_equal_cyclone,area50_km2,-30000.0
303,motion_minus_centered_equal_cyclone,area50_km2,-20000.0
304,motion_minus_centered_equal_cyclone,area50_km2,-27500.0
305,motion_minus_centered_equal_cyclone,area50_km2,-25000.0
306,motion_minus_centered_equal_cyclone,area50_km2,-35000.0
307,motion_minus_centered_equal_cyclone,area50_km2,-27500.0
308,motion_minus_centered_equal_cyclone,area50_km2,-27500.0
309,motion_minus_centered_equal_cyclone,area50_km2,-27500.0
310,motion_minus_centered_equal_cyclone,area50_km2,-27500.0
311,motion_minus_centered_equal_cyclone,area50_km2,-22500.0
312,motion_minus_centered_equal_cyclone,area50_km2,-22500.0
313,motion_minus_centered_equal_cyclone,area50_km2,-17500.0
314,motion_minus_centered_equal_cyclone,area50_km2,-25000.0
315,motion_minus_centered_equal_cyclone,area50_km2,-32500.0
316,motion_minus_centered_equal_cyclone,area50_km2,-25000.0
317,motion_minus_centered_equal_cyclone,area50_km2,-32500.0
318,motion_minus_centered_equal_cyclone,area50_km2,-15000.0
319,motion_minus_centered_equal_cyclone,area50_km2,-15000.0
320,motion_minus_centered_equal_cyclone,area50_km2,-25000.0
321,motion_minus_centered_equal_cyclone,area50_km2,-30000.0
322,motion_minus_centered_equal_cyclone,area50_km2,-20000.0
323,motion_minus_centered_equal_cyclone,area50_km2,-20000.0
324,motion_minus_centered_equal_cyclone,area50_km2,-32500.0
325,motion_minus_centered_equal_cyclone,area50_km2,-25000.0
326,motion_minus_centered_equal_cyclone,area50_km2,-40000.0
327,motion_minus_centered_equal_cyclone,area50_km2,-12500.0
328,motion_minus_centered_equal_cyclone,area50_km2,-27500.0
329,motion_minus_centered_equal_cyclone,area50_km2,-25000.0
330,motion_minus_centered_equal_cyclone,area50_km2,-17500.0
331,motion_minus_centered_equal_cyclone,area50_km2,-30000.0
332,motion_minus_centered_equal_cyclone,area50_km2,-20000.0
333,motion_minus_centered_equal_cyclone,area50_km2,-30000.0
334,motion_minus_centered_equal_cyclone,area50_km2,-20000.0
335,motion_minus_centered_equal_cyclone,area50_km2,-25000.0
336,motion_minus_centered_equal_cyclone,area50_km2,-50000.0
337,motion_minus_centered_equal_cyclone,area50_km2,-25000.0
338,motion_minus_centered_equal_cyclone,area50_km2,-12500.0
339,motion_minus_centered_equal_cyclone,area50_km2,-17500.0
340,motion_minus_centered_equal_cyclone,area50_km2,-17500.0
341,motion_minus_centered_equal_cyclone,area50_km2,-25000.0
342,motion_minus_centered_equal_cyclone,area50_km2,-17500.0
343,motion_minus_centered_equal_cyclone,area50_km2,-25000.0
344,motion_minus_centered_equal_cyclone,area50_km2,-35000.0
345,motion_minus_centered_equal_cyclone,area50_km2,-17500.0
346,motion_minus_centered_equal_cyclone,area50_km2,-5000.0
347,motion_minus_centered_equal_cyclone,area50_km2,-25000.0
348,motion_minus_centered_equal_cyclone,area50_km2,-15000.0
349,motion_minus_centered_equal_cyclone,area50_km2,-25000.0
350,motion_minus_centered_equal_cyclone,area50_km2,-25000.0
351,motion_minus_centered_equal_cyclone,area50_km2,-17500.0
352,motion_minus_centered_equal_cyclone,area50_km2,-17500.0
353,motion_minus_centered_equal_cyclone,area50_km2,-20000.0
354,motion_minus_centered_equal_cyclone,area50_km2,-7500.0
355,motion_minus_centered_equal_cyclone,area50_km2,-12500.0
356,motion_minus_centered_equal_cyclone,area50_km2,-22500.0
357,motion_minus_centered_equal_cyclone,area50_km2,-32500.0
358,motion_minus_centered_equal_cyclone,area50_km2,-5000.0
359,motion_minus_centered_equal_cyclone,area50_km2,-15000.0
360,motion_minus_centered_equal_cyclone,area50_km2,-22500.0
361,motion_minus_centered_equal_cyclone,area50_km2,-32500.0
362,motion_minus_centered_equal_cyclone,area50_km2,-10000.0
363,motion_minus_centered_equal_cyclone,area50_km2,-10000.0
364,motion_minus_centered_equal_cyclone,area50_km2,-22500.0
365,motion_minus_centered_equal_cyclone,area50_km2,-25000.0
366,motion_minus_centered_equal_cyclone,area50_km2,-30000.0
367,motion_minus_centered_equal_cyclone,area50_km2,-20000.0
368,motion_minus_centered_equal_cyclone,area50_km2,-12500.0
369,motion_minus_centered_equal_cyclone,area50_km2,-35000.0
370,motion_minus_centered_equal_cyclone,area50_km2,-35000.0
371,motion_minus_centered_equal_cyclone,area50_km2,-17500.0
372,motion_minus_centered_equal_cyclone,area50_km2,-20000.0
373,motion_minus_centered_equal_cyclone,area50_km2,-35000.0
374,motion_minus_centered_equal_cyclone,area50_km2,-30000.0
375,motion_minus_centered_equal_cyclone,area50_km2,-42500.0
376,motion_minus_centered_equal_cyclone,area50_km2,-35000.0
377,motion_minus_centered_equal_cyclone,area50_km2,-35000.0
378,motion_minus_centered_equal_cyclone,area50_km2,-32500.0
379,motion_minus_centered_equal_cyclone,area50_km2,-22500.0
380,motion_minus_centered_equal_cyclone,area50_km2,-40000.0
381,motion_minus_centered_equal_cyclone,area50_km2,-15000.0
382,motion_minus_centered_equal_cyclone,area50_km2,-40000.0
383,motion_minus_centered_equal_cyclone,area50_km2,-17500.0
384,motion_minus_centered_equal_cyclone,area50_km2,-20000.0
385,motion_minus_centered_equal_cyclone,area50_km2,-15000.0
386,motion_minus_centered_equal_cyclone,area50_km2,-5000.0
387,motion_minus_centered_equal_cyclone,area50_km2,-17500.0
388,motion_minus_centered_equal_cyclone,area50_km2,-25000.0
389,motion_minus_centered_equal_cyclone,area50_km2,-7500.0
390,motion_minus_centered_equal_cyclone,area50_km2,-17500.0
391,motion_minus_centered_equal_cyclone,area50_km2,-27500.0
392,motion_minus_centered_equal_cyclone,area50_km2,-32500.0
393,motion_minus_centered_equal_cyclone,area50_km2,-27500.0
394,motion_minus_centered_equal_cyclone,area50_km2,-17500.0
395,motion_minus_centered_equal_cyclone,area50_km2,-27500.0
396,motion_minus_centered_equal_cyclone,area50_km2,-20000.0
397,motion_minus_centered_equal_cyclone,area50_km2,-15000.0
398,motion_minus_centered_equal_cyclone,area50_km2,-30000.0
399,motion_minus_centered_equal_cyclone,area50_km2,-17500.0
400,motion_minus_centered_equal_cyclone,area50_km2,-15000.0
401,motion_minus_centered_equal_cyclone,area50_km2,-17500.0
402,motion_minus_centered_equal_cyclone,area50_km2,-20000.0
403,motion_minus_centered_equal_cyclone,area50_km2,-17500.0
404,motion_minus_centered_equal_cyclone,area50_km2,-17500.0
405,motion_minus_centered_equal_cyclone,area50_km2,-27500.0
406,motion_minus_centered_equal_cyclone,area50_km2,-37500.0
407,motion_minus_centered_equal_cyclone,area50_km2,-25000.0
408,motion_minus_centered_equal_cyclone,area50_km2,-22500.0
409,motion_minus_centered_equal_cyclone,area50_km2,-32500.0
410,motion_minus_centered_equal_cyclone,area50_km2,-32500.0
411,motion_minus_centered_equal_cyclone,area50_km2,-15000.0
412,motion_minus_centered_equal_cyclone,area50_km2,-27500.0
413,motion_minus_centered_equal_cyclone,area50_km2,-22500.0
414,motion_minus_centered_equal_cyclone,area50_km2,-25000.0
415,motion_minus_centered_equal_cyclone,area50_km2,-25000.0
416,motion_minus_centered_equal_cyclone,area50_km2,-17500.0
417,motion_minus_centered_equal_cyclone,area50_km2,-25000.0
418,motion_minus_centered_equal_cyclone,area50_km2,-12500.0
419,motion_minus_centered_equal_cyclone,area50_km2,-12500.0
420,motion_minus_centered_equal_cyclone,area50_km2,-22500.0
421,motion_minus_centered_equal_cyclone,area50_km2,-15000.0
422,motion_minus_centered_equal_cyclone,area50_km2,-12500.0
423,motion_minus_centered_equal_cyclone,area50_km2,-25000.0
424,motion_minus_centered_equal_cyclone,area50_km2,-25000.0
425,motion_minus_centered_equal_cyclone,area50_km2,-22500.0
426,motion_minus_centered_equal_cyclone,area50_km2,-10000.0
427,motion_minus_centered_equal_cyclone,area50_km2,-22500.0
428,motion_minus_centered_equal_cyclone,area50_km2,-20000.0
429,motion_minus_centered_equal_cyclone,area50_km2,-30000.0
430,motion_minus_centered_equal_cyclone,area50_km2,-22500.0
431,motion_minus_centered_equal_cyclone,area50_km2,-35000.0
432,motion_minus_centered_equal_cyclone,area50_km2,-37500.0
433,motion_minus_centered_equal_cyclone,area50_km2,-30000.0
434,motion_minus_centered_equal_cyclone,area50_km2,-42500.0
435,motion_minus_centered_equal_cyclone,area50_km2,-30000.0
436,motion_minus_centered_equal_cyclone,area50_km2,-22500.0
437,motion_minus_centered_equal_cyclone,area50_km2,-12500.0
438,motion_minus_centered_equal_cyclone,area50_km2,-25000.0
439,motion_minus_centered_equal_cyclone,area50_km2,-10000.0
440,motion_minus_centered_equal_cyclone,area50_km2,-17500.0
441,motion_minus_centered_equal_cyclone,area50_km2,-37500.0
442,motion_minus_centered_equal_cyclone,area50_km2,-17500.0
443,motion_minus_centered_equal_cyclone,area50_km2,-7500.0
444,motion_minus_centered_equal_cyclone,area50_km2,-12500.0
445,motion_minus_centered_equal_cyclone,area50_km2,-25000.0
446,motion_minus_centered_equal_cyclone,area50_km2,-27500.0
447,motion_minus_centered_equal_cyclone,area50_km2,-30000.0
448,motion_minus_centered_equal_cyclone,area50_km2,-10000.0
449,motion_minus_centered_equal_cyclone,area50_km2,-32500.0
450,motion_minus_centered_equal_cyclone,area50_km2,-20000.0
451,motion_minus_centered_equal_cyclone,area50_km2,-27500.0
452,motion_minus_centered_equal_cyclone,area50_km2,-20000.0
453,motion_minus_centered_equal_cyclone,area50_km2,-15000.0
454,motion_minus_centered_equal_cyclone,area50_km2,-20000.0
455,motion_minus_centered_equal_cyclone,area50_km2,-20000.0
456,motion_minus_centered_equal_cyclone,area50_km2,-22500.0
457,motion_minus_centered_equal_cyclone,area50_km2,-35000.0
458,motion_minus_centered_equal_cyclone,area50_km2,-37500.0
459,motion_minus_centered_equal_cyclone,area50_km2,-30000.0
460,motion_minus_centered_equal_cyclone,area50_km2,-27500.0
461,motion_minus_centered_equal_cyclone,area50_km2,-22500.0
462,motion_minus_centered_equal_cyclone,area50_km2,-2500.0
463,motion_minus_centered_equal_cyclone,area50_km2,-35000.0
464,motion_minus_centered_equal_cyclone,area50_km2,-12500.0
465,motion_minus_centered_equal_cyclone,area50_km2,-2500.0
466,motion_minus_centered_equal_cyclone,area50_km2,-32500.0
467,motion_minus_centered_equal_cyclone,area50_km2,-22500.0
468,motion_minus_centered_equal_cyclone,area50_km2,-10000.0
469,motion_minus_centered_equal_cyclone,area50_km2,-27500.0
470,motion_minus_centered_equal_cyclone,area50_km2,-30000.0
471,motion_minus_centered_equal_cyclone,area50_km2,-42500.0
472,motion_minus_centered_equal_cyclone,area50_km2,-7500.0
473,motion_minus_centered_equal_cyclone,area50_km2,-30000.0
474,motion_minus_centered_equal_cyclone,area50_km2,-27500.0
475,motion_minus_centered_equal_cyclone,area50_km2,-30000.0
476,motion_minus_centered_equal_cyclone,area50_km2,-25000.0
477,motion_minus_centered_equal_cyclone,area50_km2,-15000.0
478,motion_minus_centered_equal_cyclone,area50_km2,-15000.0
479,motion_minus_centered_equal_cyclone,area50_km2,-22500.0
480,motion_minus_centered_equal_cyclone,area50_km2,-20000.0
481,motion_minus_centered_equal_cyclone,area50_km2,-10000.0
482,motion_minus_centered_equal_cyclone,area50_km2,-17500.0
483,motion_minus_centered_equal_cyclone,area50_km2,-27500.0
484,motion_minus_centered_equal_cyclone,area50_km2,-30000.0
485,motion_minus_centered_equal_cyclone,area50_km2,-27500.0
486,motion_minus_centered_equal_cyclone,area50_km2,-7500.0
487,motion_minus_centered_equal_cyclone,area50_km2,-27500.0
488,motion_minus_centered_equal_cyclone,area50_km2,-10000.0
489,motion_minus_centered_equal_cyclone,area50_km2,-2500.0
490,motion_minus_centered_equal_cyclone,area50_km2,-15000.0
491,motion_minus_centered_equal_cyclone,area50_km2,-17500.0
492,motion_minus_centered_equal_cyclone,area50_km2,-27500.0
493,motion_minus_centered_equal_cyclone,area50_km2,-25000.0
494,motion_minus_centered_equal_cyclone,area50_km2,-32500.0
495,motion_minus_centered_equal_cyclone,area50_km2,-15000.0
496,motion_minus_centered_equal_cyclone,area50_km2,-25000.0
497,motion_minus_centered_equal_cyclone,area50_km2,-22500.0
498,motion_minus_centered_equal_cyclone,area50_km2,-12500.0
499,motion_minus_centered_equal_cyclone,area50_km2,-37500.0
500,motion_minus_centered_equal_cyclone,area50_km2,-32500.0
1,motion_minus_centered_equal_cyclone,area75_km2,2500.0
2,motion_minus_centered_equal_cyclone,area75_km2,-5000.0
3,motion_minus_centered_equal_cyclone,area75_km2,35000.0
4,motion_minus_centered_equal_cyclone,area75_km2,17500.0
5,motion_minus_centered_equal_cyclone,area75_km2,7500.0
6,motion_minus_centered_equal_cyclone,area75_km2,37500.0
7,motion_minus_centered_equal_cyclone,area75_km2,12500.0
8,motion_minus_centered_equal_cyclone,area75_km2,17500.0
9,motion_minus_centered_equal_cyclone,area75_km2,22500.0
10,motion_minus_centered_equal_cyclone,area75_km2,15000.0
11,motion_minus_centered_equal_cyclone,area75_km2,22500.0
12,motion_minus_centered_equal_cyclone,area75_km2,40000.0
13,motion_minus_centered_equal_cyclone,area75_km2,42500.0
14,motion_minus_centered_equal_cyclone,area75_km2,15000.0
15,motion_minus_centered_equal_cyclone,area75_km2,12500.0
16,motion_minus_centered_equal_cyclone,area75_km2,35000.0
17,motion_minus_centered_equal_cyclone,area75_km2,30000.0
18,motion_minus_centered_equal_cyclone,area75_km2,10000.0
19,motion_minus_centered_equal_cyclone,area75_km2,30000.0
20,motion_minus_centered_equal_cyclone,area75_km2,45000.0
21,motion_minus_centered_equal_cyclone,area75_km2,47500.0
22,motion_minus_centered_equal_cyclone,area75_km2,37500.0
23,motion_minus_centered_equal_cyclone,area75_km2,15000.0
24,motion_minus_centered_equal_cyclone,area75_km2,27500.0
25,motion_minus_centered_equal_cyclone,area75_km2,32500.0
26,motion_minus_centered_equal_cyclone,area75_km2,45000.0
27,motion_minus_centered_equal_cyclone,area75_km2,35000.0
28,motion_minus_centered_equal_cyclone,area75_km2,35000.0
29,motion_minus_centered_equal_cyclone,area75_km2,27500.0
30,motion_minus_centered_equal_cyclone,area75_km2,0.0
31,motion_minus_centered_equal_cyclone,area75_km2,22500.0
32,motion_minus_centered_equal_cyclone,area75_km2,22500.0
33,motion_minus_centered_equal_cyclone,area75_km2,35000.0
34,motion_minus_centered_equal_cyclone,area75_km2,30000.0
35,motion_minus_centered_equal_cyclone,area75_km2,30000.0
36,motion_minus_centered_equal_cyclone,area75_km2,20000.0
37,motion_minus_centered_equal_cyclone,area75_km2,32500.0
38,motion_minus_centered_equal_cyclone,area75_km2,32500.0
39,motion_minus_centered_equal_cyclone,area75_km2,15000.0
40,motion_minus_centered_equal_cyclone,area75_km2,10000.0
41,motion_minus_centered_equal_cyclone,area75_km2,37500.0
42,motion_minus_centered_equal_cyclone,area75_km2,35000.0
43,motion_minus_centered_equal_cyclone,area75_km2,25000.0
44,motion_minus_centered_equal_cyclone,area75_km2,27500.0
45,motion_minus_centered_equal_cyclone,area75_km2,15000.0
46,motion_minus_centered_equal_cyclone,area75_km2,10000.0
47,motion_minus_centered_equal_cyclone,area75_km2,20000.0
48,motion_minus_centered_equal_cyclone,area75_km2,15000.0
49,motion_minus_centered_equal_cyclone,area75_km2,-10000.0
50,motion_minus_centered_equal_cyclone,area75_km2,57500.0
51,motion_minus_centered_equal_cyclone,area75_km2,10000.0
52,motion_minus_centered_equal_cyclone,area75_km2,25000.0
53,motion_minus_centered_equal_cyclone,area75_km2,27500.0
54,motion_minus_centered_equal_cyclone,area75_km2,32500.0
55,motion_minus_centered_equal_cyclone,area75_km2,40000.0
56,motion_minus_centered_equal_cyclone,area75_km2,30000.0
57,motion_minus_centered_equal_cyclone,area75_km2,17500.0
58,motion_minus_centered_equal_cyclone,area75_km2,7500.0
59,motion_minus_centered_equal_cyclone,area75_km2,42500.0
60,motion_minus_centered_equal_cyclone,area75_km2,32500.0
61,motion_minus_centered_equal_cyclone,area75_km2,15000.0
62,motion_minus_centered_equal_cyclone,area75_km2,12500.0
63,motion_minus_centered_equal_cyclone,area75_km2,22500.0
64,motion_minus_centered_equal_cyclone,area75_km2,30000.0
65,motion_minus_centered_equal_cyclone,area75_km2,22500.0
66,motion_minus_centered_equal_cyclone,area75_km2,40000.0
67,motion_minus_centered_equal_cyclone,area75_km2,12500.0
68,motion_minus_centered_equal_cyclone,area75_km2,15000.0
69,motion_minus_centered_equal_cyclone,area75_km2,25000.0
70,motion_minus_centered_equal_cyclone,area75_km2,35000.0
71,motion_minus_centered_equal_cyclone,area75_km2,20000.0
72,motion_minus_centered_equal_cyclone,area75_km2,50000.0
73,motion_minus_centered_equal_cyclone,area75_km2,27500.0
74,motion_minus_centered_equal_cyclone,area75_km2,30000.0
75,motion_minus_centered_equal_cyclone,area75_km2,22500.0
76,motion_minus_centered_equal_cyclone,area75_km2,25000.0
77,motion_minus_centered_equal_cyclone,area75_km2,37500.0
78,motion_minus_centered_equal_cyclone,area75_km2,5000.0
79,motion_minus_centered_equal_cyclone,area75_km2,42500.0
80,motion_minus_centered_equal_cyclone,area75_km2,12500.0
81,motion_minus_centered_equal_cyclone,area75_km2,35000.0
82,motion_minus_centered_equal_cyclone,area75_km2,0.0
83,motion_minus_centered_equal_cyclone,area75_km2,20000.0
84,motion_minus_centered_equal_cyclone,area75_km2,25000.0
85,motion_minus_centered_equal_cyclone,area75_km2,7500.0
86,motion_minus_centered_equal_cyclone,area75_km2,35000.0
87,motion_minus_centered_equal_cyclone,area75_km2,65000.0
88,motion_minus_centered_equal_cyclone,area75_km2,22500.0
89,motion_minus_centered_equal_cyclone,area75_km2,42500.0
90,motion_minus_centered_equal_cyclone,area75_km2,7500.0
91,motion_minus_centered_equal_cyclone,area75_km2,25000.0
92,motion_minus_centered_equal_cyclone,area75_km2,7500.0
93,motion_minus_centered_equal_cyclone,area75_km2,5000.0
94,motion_minus_centered_equal_cyclone,area75_km2,67500.0
95,motion_minus_centered_equal_cyclone,area75_km2,17500.0
96,motion_minus_centered_equal_cyclone,area75_km2,32500.0
97,motion_minus_centered_equal_cyclone,area75_km2,57500.0
98,motion_minus_centered_equal_cyclone,area75_km2,17500.0
99,motion_minus_centered_equal_cyclone,area75_km2,32500.0
100,motion_minus_centered_equal_cyclone,area75_km2,50000.0
101,motion_minus_centered_equal_cyclone,area75_km2,47500.0
102,motion_minus_centered_equal_cyclone,area75_km2,52500.0
103,motion_minus_centered_equal_cyclone,area75_km2,25000.0
104,motion_minus_centered_equal_cyclone,area75_km2,17500.0
105,motion_minus_centered_equal_cyclone,area75_km2,-5000.0
106,motion_minus_centered_equal_cyclone,area75_km2,30000.0
107,motion_minus_centered_equal_cyclone,area75_km2,17500.0
108,motion_minus_centered_equal_cyclone,area75_km2,12500.0
109,motion_minus_centered_equal_cyclone,area75_km2,35000.0
110,motion_minus_centered_equal_cyclone,area75_km2,80000.0
111,motion_minus_centered_equal_cyclone,area75_km2,55000.0
112,motion_minus_centered_equal_cyclone,area75_km2,57500.0
113,motion_minus_centered_equal_cyclone,area75_km2,30000.0
114,motion_minus_centered_equal_cyclone,area75_km2,15000.0
115,motion_minus_centered_equal_cyclone,area75_km2,30000.0
116,motion_minus_centered_equal_cyclone,area75_km2,37500.0
117,motion_minus_centered_equal_cyclone,area75_km2,20000.0
118,motion_minus_centered_equal_cyclone,area75_km2,22500.0
119,motion_minus_centered_equal_cyclone,area75_km2,42500.0
120,motion_minus_centered_equal_cyclone,area75_km2,62500.0
121,motion_minus_centered_equal_cyclone,area75_km2,30000.0
122,motion_minus_centered_equal_cyclone,area75_km2,27500.0
123,motion_minus_centered_equal_cyclone,area75_km2,47500.0
124,motion_minus_centered_equal_cyclone,area75_km2,30000.0
125,motion_minus_centered_equal_cyclone,area75_km2,17500.0
126,motion_minus_centered_equal_cyclone,area75_km2,-2500.0
127,motion_minus_centered_equal_cyclone,area75_km2,15000.0
128,motion_minus_centered_equal_cyclone,area75_km2,27500.0
129,motion_minus_centered_equal_cyclone,area75_km2,42500.0
130,motion_minus_centered_equal_cyclone,area75_km2,20000.0
131,motion_minus_centered_equal_cyclone,area75_km2,27500.0
132,motion_minus_centered_equal_cyclone,area75_km2,27500.0
133,motion_minus_centered_equal_cyclone,area75_km2,2500.0
134,motion_minus_centered_equal_cyclone,area75_km2,35000.0
135,motion_minus_centered_equal_cyclone,area75_km2,20000.0
136,motion_minus_centered_equal_cyclone,area75_km2,27500.0
137,motion_minus_centered_equal_cyclone,area75_km2,12500.0
138,motion_minus_centered_equal_cyclone,area75_km2,-2500.0
139,motion_minus_centered_equal_cyclone,area75_km2,22500.0
140,motion_minus_centered_equal_cyclone,area75_km2,0.0
141,motion_minus_centered_equal_cyclone,area75_km2,20000.0
142,motion_minus_centered_equal_cyclone,area75_km2,10000.0
143,motion_minus_centered_equal_cyclone,area75_km2,40000.0
144,motion_minus_centered_equal_cyclone,area75_km2,17500.0
145,motion_minus_centered_equal_cyclone,area75_km2,27500.0
146,motion_minus_centered_equal_cyclone,area75_km2,30000.0
147,motion_minus_centered_equal_cyclone,area75_km2,30000.0
148,motion_minus_centered_equal_cyclone,area75_km2,27500.0
149,motion_minus_centered_equal_cyclone,area75_km2,30000.0
150,motion_minus_centered_equal_cyclone,area75_km2,37500.0
151,motion_minus_centered_equal_cyclone,area75_km2,22500.0
152,motion_minus_centered_equal_cyclone,area75_km2,10000.0
153,motion_minus_centered_equal_cyclone,area75_km2,5000.0
154,motion_minus_centered_equal_cyclone,area75_km2,-12500.0
155,motion_minus_centered_equal_cyclone,area75_km2,45000.0
156,motion_minus_centered_equal_cyclone,area75_km2,42500.0
157,motion_minus_centered_equal_cyclone,area75_km2,37500.0
158,motion_minus_centered_equal_cyclone,area75_km2,17500.0
159,motion_minus_centered_equal_cyclone,area75_km2,17500.0
160,motion_minus_centered_equal_cyclone,area75_km2,40000.0
161,motion_minus_centered_equal_cyclone,area75_km2,47500.0
162,motion_minus_centered_equal_cyclone,area75_km2,45000.0
163,motion_minus_centered_equal_cyclone,area75_km2,32500.0
164,motion_minus_centered_equal_cyclone,area75_km2,47500.0
165,motion_minus_centered_equal_cyclone,area75_km2,45000.0
166,motion_minus_centered_equal_cyclone,area75_km2,32500.0
167,motion_minus_centered_equal_cyclone,area75_km2,25000.0
168,motion_minus_centered_equal_cyclone,area75_km2,2500.0
169,motion_minus_centered_equal_cyclone,area75_km2,37500.0
170,motion_minus_centered_equal_cyclone,area75_km2,35000.0
171,motion_minus_centered_equal_cyclone,area75_km2,32500.0
172,motion_minus_centered_equal_cyclone,area75_km2,27500.0
173,motion_minus_centered_equal_cyclone,area75_km2,0.0
174,motion_minus_centered_equal_cyclone,area75_km2,37500.0
175,motion_minus_centered_equal_cyclone,area75_km2,45000.0
176,motion_minus_centered_equal_cyclone,area75_km2,27500.0
177,motion_minus_centered_equal_cyclone,area75_km2,20000.0
178,motion_minus_centered_equal_cyclone,area75_km2,25000.0
179,motion_minus_centered_equal_cyclone,area75_km2,35000.0
180,motion_minus_centered_equal_cyclone,area75_km2,22500.0
181,motion_minus_centered_equal_cyclone,area75_km2,27500.0
182,motion_minus_centered_equal_cyclone,area75_km2,42500.0
183,motion_minus_centered_equal_cyclone,area75_km2,30000.0
184,motion_minus_centered_equal_cyclone,area75_km2,5000.0
185,motion_minus_centered_equal_cyclone,area75_km2,40000.0
186,motion_minus_centered_equal_cyclone,area75_km2,10000.0
187,motion_minus_centered_equal_cyclone,area75_km2,35000.0
188,motion_minus_centered_equal_cyclone,area75_km2,27500.0
189,motion_minus_centered_equal_cyclone,area75_km2,27500.0
190,motion_minus_centered_equal_cyclone,area75_km2,20000.0
191,motion_minus_centered_equal_cyclone,area75_km2,30000.0
192,motion_minus_centered_equal_cyclone,area75_km2,37500.0
193,motion_minus_centered_equal_cyclone,area75_km2,45000.0
194,motion_minus_centered_equal_cyclone,area75_km2,5000.0
195,motion_minus_centered_equal_cyclone,area75_km2,15000.0
196,motion_minus_centered_equal_cyclone,area75_km2,45000.0
197,motion_minus_centered_equal_cyclone,area75_km2,-5000.0
198,motion_minus_centered_equal_cyclone,area75_km2,27500.0
199,motion_minus_centered_equal_cyclone,area75_km2,27500.0
200,motion_minus_centered_equal_cyclone,area75_km2,45000.0
201,motion_minus_centered_equal_cyclone,area75_km2,32500.0
202,motion_minus_centered_equal_cyclone,area75_km2,40000.0
203,motion_minus_centered_equal_cyclone,area75_km2,45000.0
204,motion_minus_centered_equal_cyclone,area75_km2,17500.0
205,motion_minus_centered_equal_cyclone,area75_km2,15000.0
206,motion_minus_centered_equal_cyclone,area75_km2,15000.0
207,motion_minus_centered_equal_cyclone,area75_km2,0.0
208,motion_minus_centered_equal_cyclone,area75_km2,7500.0
209,motion_minus_centered_equal_cyclone,area75_km2,2500.0
210,motion_minus_centered_equal_cyclone,area75_km2,20000.0
211,motion_minus_centered_equal_cyclone,area75_km2,35000.0
212,motion_minus_centered_equal_cyclone,area75_km2,25000.0
213,motion_minus_centered_equal_cyclone,area75_km2,27500.0
214,motion_minus_centered_equal_cyclone,area75_km2,32500.0
215,motion_minus_centered_equal_cyclone,area75_km2,55000.0
216,motion_minus_centered_equal_cyclone,area75_km2,7500.0
217,motion_minus_centered_equal_cyclone,area75_km2,45000.0
218,motion_minus_centered_equal_cyclone,area75_km2,12500.0
219,motion_minus_centered_equal_cyclone,area75_km2,32500.0
220,motion_minus_centered_equal_cyclone,area75_km2,-2500.0
221,motion_minus_centered_equal_cyclone,area75_km2,20000.0
222,motion_minus_centered_equal_cyclone,area75_km2,25000.0
223,motion_minus_centered_equal_cyclone,area75_km2,47500.0
224,motion_minus_centered_equal_cyclone,area75_km2,35000.0
225,motion_minus_centered_equal_cyclone,area75_km2,30000.0
226,motion_minus_centered_equal_cyclone,area75_km2,20000.0
227,motion_minus_centered_equal_cyclone,area75_km2,20000.0
228,motion_minus_centered_equal_cyclone,area75_km2,32500.0
229,motion_minus_centered_equal_cyclone,area75_km2,40000.0
230,motion_minus_centered_equal_cyclone,area75_km2,27500.0
231,motion_minus_centered_equal_cyclone,area75_km2,35000.0
232,motion_minus_centered_equal_cyclone,area75_km2,25000.0
233,motion_minus_centered_equal_cyclone,area75_km2,22500.0
234,motion_minus_centered_equal_cyclone,area75_km2,5000.0
235,motion_minus_centered_equal_cyclone,area75_km2,0.0
236,motion_minus_centered_equal_cyclone,area75_km2,70000.0
237,motion_minus_centered_equal_cyclone,area75_km2,22500.0
238,motion_minus_centered_equal_cyclone,area75_km2,50000.0
239,motion_minus_centered_equal_cyclone,area75_km2,20000.0
240,motion_minus_centered_equal_cyclone,area75_km2,10000.0
241,motion_minus_centered_equal_cyclone,area75_km2,30000.0
242,motion_minus_centered_equal_cyclone,area75_km2,15000.0
243,motion_minus_centered_equal_cyclone,area75_km2,32500.0
244,motion_minus_centered_equal_cyclone,area75_km2,17500.0
245,motion_minus_centered_equal_cyclone,area75_km2,12500.0
246,motion_minus_centered_equal_cyclone,area75_km2,17500.0
247,motion_minus_centered_equal_cyclone,area75_km2,10000.0
248,motion_minus_centered_equal_cyclone,area75_km2,-2500.0
249,motion_minus_centered_equal_cyclone,area75_km2,12500.0
250,motion_minus_centered_equal_cyclone,area75_km2,42500.0
251,motion_minus_centered_equal_cyclone,area75_km2,52500.0
252,motion_minus_centered_equal_cyclone,area75_km2,22500.0
253,motion_minus_centered_equal_cyclone,area75_km2,5000.0
254,motion_minus_centered_equal_cyclone,area75_km2,35000.0
255,motion_minus_centered_equal_cyclone,area75_km2,17500.0
256,motion_minus_centered_equal_cyclone,area75_km2,0.0
257,motion_minus_centered_equal_cyclone,area75_km2,15000.0
258,motion_minus_centered_equal_cyclone,area75_km2,35000.0
259,motion_minus_centered_equal_cyclone,area75_km2,37500.0
260,motion_minus_centered_equal_cyclone,area75_km2,27500.0
261,motion_minus_centered_equal_cyclone,area75_km2,5000.0
262,motion_minus_centered_equal_cyclone,area75_km2,12500.0
263,motion_minus_centered_equal_cyclone,area75_km2,25000.0
264,motion_minus_centered_equal_cyclone,area75_km2,15000.0
265,motion_minus_centered_equal_cyclone,area75_km2,32500.0
266,motion_minus_centered_equal_cyclone,area75_km2,35000.0
267,motion_minus_centered_equal_cyclone,area75_km2,50000.0
268,motion_minus_centered_equal_cyclone,area75_km2,20000.0
269,motion_minus_centered_equal_cyclone,area75_km2,35000.0
270,motion_minus_centered_equal_cyclone,area75_km2,7500.0
271,motion_minus_centered_equal_cyclone,area75_km2,15000.0
272,motion_minus_centered_equal_cyclone,area75_km2,37500.0
273,motion_minus_centered_equal_cyclone,area75_km2,30000.0
274,motion_minus_centered_equal_cyclone,area75_km2,25000.0
275,motion_minus_centered_equal_cyclone,area75_km2,22500.0
276,motion_minus_centered_equal_cyclone,area75_km2,5000.0
277,motion_minus_centered_equal_cyclone,area75_km2,40000.0
278,motion_minus_centered_equal_cyclone,area75_km2,17500.0
279,motion_minus_centered_equal_cyclone,area75_km2,20000.0
280,motion_minus_centered_equal_cyclone,area75_km2,2500.0
281,motion_minus_centered_equal_cyclone,area75_km2,25000.0
282,motion_minus_centered_equal_cyclone,area75_km2,10000.0
283,motion_minus_centered_equal_cyclone,area75_km2,35000.0
284,motion_minus_centered_equal_cyclone,area75_km2,45000.0
285,motion_minus_centered_equal_cyclone,area75_km2,30000.0
286,motion_minus_centered_equal_cyclone,area75_km2,30000.0
287,motion_minus_centered_equal_cyclone,area75_km2,27500.0
288,motion_minus_centered_equal_cyclone,area75_km2,30000.0
289,motion_minus_centered_equal_cyclone,area75_km2,45000.0
290,motion_minus_centered_equal_cyclone,area75_km2,17500.0
291,motion_minus_centered_equal_cyclone,area75_km2,40000.0
292,motion_minus_centered_equal_cyclone,area75_km2,10000.0
293,motion_minus_centered_equal_cyclone,area75_km2,10000.0
294,motion_minus_centered_equal_cyclone,area75_km2,32500.0
295,motion_minus_centered_equal_cyclone,area75_km2,2500.0
296,motion_minus_centered_equal_cyclone,area75_km2,47500.0
297,motion_minus_centered_equal_cyclone,area75_km2,25000.0
298,motion_minus_centered_equal_cyclone,area75_km2,47500.0
299,motion_minus_centered_equal_cyclone,area75_km2,20000.0
300,motion_minus_centered_equal_cyclone,area75_km2,15000.0
301,motion_minus_centered_equal_cyclone,area75_km2,22500.0
302,motion_minus_centered_equal_cyclone,area75_km2,-2500.0
303,motion_minus_centered_equal_cyclone,area75_km2,20000.0
304,motion_minus_centered_equal_cyclone,area75_km2,12500.0
305,motion_minus_centered_equal_cyclone,area75_km2,20000.0
306,motion_minus_centered_equal_cyclone,area75_km2,15000.0
307,motion_minus_centered_equal_cyclone,area75_km2,12500.0
308,motion_minus_centered_equal_cyclone,area75_km2,25000.0
309,motion_minus_centered_equal_cyclone,area75_km2,27500.0
310,motion_minus_centered_equal_cyclone,area75_km2,17500.0
311,motion_minus_centered_equal_cyclone,area75_km2,32500.0
312,motion_minus_centered_equal_cyclone,area75_km2,27500.0
313,motion_minus_centered_equal_cyclone,area75_km2,17500.0
314,motion_minus_centered_equal_cyclone,area75_km2,2500.0
315,motion_minus_centered_equal_cyclone,area75_km2,0.0
316,motion_minus_centered_equal_cyclone,area75_km2,35000.0
317,motion_minus_centered_equal_cyclone,area75_km2,17500.0
318,motion_minus_centered_equal_cyclone,area75_km2,47500.0
319,motion_minus_centered_equal_cyclone,area75_km2,27500.0
320,motion_minus_centered_equal_cyclone,area75_km2,22500.0
321,motion_minus_centered_equal_cyclone,area75_km2,12500.0
322,motion_minus_centered_equal_cyclone,area75_km2,15000.0
323,motion_minus_centered_equal_cyclone,area75_km2,35000.0
324,motion_minus_centered_equal_cyclone,area75_km2,12500.0
325,motion_minus_centered_equal_cyclone,area75_km2,27500.0
326,motion_minus_centered_equal_cyclone,area75_km2,2500.0
327,motion_minus_centered_equal_cyclone,area75_km2,20000.0
328,motion_minus_centered_equal_cyclone,area75_km2,10000.0
329,motion_minus_centered_equal_cyclone,area75_km2,30000.0
330,motion_minus_centered_equal_cyclone,area75_km2,32500.0
331,motion_minus_centered_equal_cyclone,area75_km2,10000.0
332,motion_minus_centered_equal_cyclone,area75_km2,27500.0
333,motion_minus_centered_equal_cyclone,area75_km2,10000.0
334,motion_minus_centered_equal_cyclone,area75_km2,30000.0
335,motion_minus_centered_equal_cyclone,area75_km2,25000.0
336,motion_minus_centered_equal_cyclone,area75_km2,-10000.0
337,motion_minus_centered_equal_cyclone,area75_km2,30000.0
338,motion_minus_centered_equal_cyclone,area75_km2,57500.0
339,motion_minus_centered_equal_cyclone,area75_km2,37500.0
340,motion_minus_centered_equal_cyclone,area75_km2,30000.0
341,motion_minus_centered_equal_cyclone,area75_km2,25000.0
342,motion_minus_centered_equal_cyclone,area75_km2,35000.0
343,motion_minus_centered_equal_cyclone,area75_km2,27500.0
344,motion_minus_centered_equal_cyclone,area75_km2,5000.0
345,motion_minus_centered_equal_cyclone,area75_km2,35000.0
346,motion_minus_centered_equal_cyclone,area75_km2,52500.0
347,motion_minus_centered_equal_cyclone,area75_km2,30000.0
348,motion_minus_centered_equal_cyclone,area75_km2,25000.0
349,motion_minus_centered_equal_cyclone,area75_km2,20000.0
350,motion_minus_centered_equal_cyclone,area75_km2,12500.0
351,motion_minus_centered_equal_cyclone,area75_km2,12500.0
352,motion_minus_centered_equal_cyclone,area75_km2,40000.0
353,motion_minus_centered_equal_cyclone,area75_km2,20000.0
354,motion_minus_centered_equal_cyclone,area75_km2,47500.0
355,motion_minus_centered_equal_cyclone,area75_km2,45000.0
356,motion_minus_centered_equal_cyclone,area75_km2,27500.0
357,motion_minus_centered_equal_cyclone,area75_km2,12500.0
358,motion_minus_centered_equal_cyclone,area75_km2,42500.0
359,motion_minus_centered_equal_cyclone,area75_km2,30000.0
360,motion_minus_centered_equal_cyclone,area75_km2,32500.0
361,motion_minus_centered_equal_cyclone,area75_km2,15000.0
362,motion_minus_centered_equal_cyclone,area75_km2,47500.0
363,motion_minus_centered_equal_cyclone,area75_km2,47500.0
364,motion_minus_centered_equal_cyclone,area75_km2,32500.0
365,motion_minus_centered_equal_cyclone,area75_km2,25000.0
366,motion_minus_centered_equal_cyclone,area75_km2,12500.0
367,motion_minus_centered_equal_cyclone,area75_km2,40000.0
368,motion_minus_centered_equal_cyclone,area75_km2,45000.0
369,motion_minus_centered_equal_cyclone,area75_km2,12500.0
370,motion_minus_centered_equal_cyclone,area75_km2,7500.0
371,motion_minus_centered_equal_cyclone,area75_km2,32500.0
372,motion_minus_centered_equal_cyclone,area75_km2,17500.0
373,motion_minus_centered_equal_cyclone,area75_km2,12500.0
374,motion_minus_centered_equal_cyclone,area75_km2,22500.0
375,motion_minus_centered_equal_cyclone,area75_km2,2500.0
376,motion_minus_centered_equal_cyclone,area75_km2,10000.0
377,motion_minus_centered_equal_cyclone,area75_km2,27500.0
378,motion_minus_centered_equal_cyclone,area75_km2,17500.0
379,motion_minus_centered_equal_cyclone,area75_km2,25000.0
380,motion_minus_centered_equal_cyclone,area75_km2,7500.0
381,motion_minus_centered_equal_cyclone,area75_km2,30000.0
382,motion_minus_centered_equal_cyclone,area75_km2,7500.0
383,motion_minus_centered_equal_cyclone,area75_km2,32500.0
384,motion_minus_centered_equal_cyclone,area75_km2,22500.0
385,motion_minus_centered_equal_cyclone,area75_km2,25000.0
386,motion_minus_centered_equal_cyclone,area75_km2,45000.0
387,motion_minus_centered_equal_cyclone,area75_km2,25000.0
388,motion_minus_centered_equal_cyclone,area75_km2,17500.0
389,motion_minus_centered_equal_cyclone,area75_km2,45000.0
390,motion_minus_centered_equal_cyclone,area75_km2,37500.0
391,motion_minus_centered_equal_cyclone,area75_km2,10000.0
392,motion_minus_centered_equal_cyclone,area75_km2,5000.0
393,motion_minus_centered_equal_cyclone,area75_km2,32500.0
394,motion_minus_centered_equal_cyclone,area75_km2,37500.0
395,motion_minus_centered_equal_cyclone,area75_km2,10000.0
396,motion_minus_centered_equal_cyclone,area75_km2,15000.0
397,motion_minus_centered_equal_cyclone,area75_km2,32500.0
398,motion_minus_centered_equal_cyclone,area75_km2,15000.0
399,motion_minus_centered_equal_cyclone,area75_km2,35000.0
400,motion_minus_centered_equal_cyclone,area75_km2,30000.0
401,motion_minus_centered_equal_cyclone,area75_km2,27500.0
402,motion_minus_centered_equal_cyclone,area75_km2,30000.0
403,motion_minus_centered_equal_cyclone,area75_km2,17500.0
404,motion_minus_centered_equal_cyclone,area75_km2,12500.0
405,motion_minus_centered_equal_cyclone,area75_km2,22500.0
406,motion_minus_centered_equal_cyclone,area75_km2,2500.0
407,motion_minus_centered_equal_cyclone,area75_km2,20000.0
408,motion_minus_centered_equal_cyclone,area75_km2,32500.0
409,motion_minus_centered_equal_cyclone,area75_km2,27500.0
410,motion_minus_centered_equal_cyclone,area75_km2,5000.0
411,motion_minus_centered_equal_cyclone,area75_km2,42500.0
412,motion_minus_centered_equal_cyclone,area75_km2,22500.0
413,motion_minus_centered_equal_cyclone,area75_km2,37500.0
414,motion_minus_centered_equal_cyclone,area75_km2,32500.0
415,motion_minus_centered_equal_cyclone,area75_km2,27500.0
416,motion_minus_centered_equal_cyclone,area75_km2,12500.0
417,motion_minus_centered_equal_cyclone,area75_km2,12500.0
418,motion_minus_centered_equal_cyclone,area75_km2,35000.0
419,motion_minus_centered_equal_cyclone,area75_km2,45000.0
420,motion_minus_centered_equal_cyclone,area75_km2,37500.0
421,motion_minus_centered_equal_cyclone,area75_km2,15000.0
422,motion_minus_centered_equal_cyclone,area75_km2,30000.0
423,motion_minus_centered_equal_cyclone,area75_km2,0.0
424,motion_minus_centered_equal_cyclone,area75_km2,22500.0
425,motion_minus_centered_equal_cyclone,area75_km2,10000.0
426,motion_minus_centered_equal_cyclone,area75_km2,27500.0
427,motion_minus_centered_equal_cyclone,area75_km2,22500.0
428,motion_minus_centered_equal_cyclone,area75_km2,50000.0
429,motion_minus_centered_equal_cyclone,area75_km2,30000.0
430,motion_minus_centered_equal_cyclone,area75_km2,25000.0
431,motion_minus_centered_equal_cyclone,area75_km2,22500.0
432,motion_minus_centered_equal_cyclone,area75_km2,15000.0
433,motion_minus_centered_equal_cyclone,area75_km2,25000.0
434,motion_minus_centered_equal_cyclone,area75_km2,30000.0
435,motion_minus_centered_equal_cyclone,area75_km2,2500.0
436,motion_minus_centered_equal_cyclone,area75_km2,22500.0
437,motion_minus_centered_equal_cyclone,area75_km2,45000.0
438,motion_minus_centered_equal_cyclone,area75_km2,30000.0
439,motion_minus_centered_equal_cyclone,area75_km2,52500.0
440,motion_minus_centered_equal_cyclone,area75_km2,42500.0
441,motion_minus_centered_equal_cyclone,area75_km2,12500.0
442,motion_minus_centered_equal_cyclone,area75_km2,40000.0
443,motion_minus_centered_equal_cyclone,area75_km2,35000.0
444,motion_minus_centered_equal_cyclone,area75_km2,22500.0
445,motion_minus_centered_equal_cyclone,area75_km2,27500.0
446,motion_minus_centered_equal_cyclone,area75_km2,37500.0
447,motion_minus_centered_equal_cyclone,area75_km2,12500.0
448,motion_minus_centered_equal_cyclone,area75_km2,30000.0
449,motion_minus_centered_equal_cyclone,area75_km2,17500.0
450,motion_minus_centered_equal_cyclone,area75_km2,32500.0
451,motion_minus_centered_equal_cyclone,area75_km2,22500.0
452,motion_minus_centered_equal_cyclone,area75_km2,15000.0
453,motion_minus_centered_equal_cyclone,area75_km2,35000.0
454,motion_minus_centered_equal_cyclone,area75_km2,22500.0
455,motion_minus_centered_equal_cyclone,area75_km2,22500.0
456,motion_minus_centered_equal_cyclone,area75_km2,32500.0
457,motion_minus_centered_equal_cyclone,area75_km2,15000.0
458,motion_minus_centered_equal_cyclone,area75_km2,17500.0
459,motion_minus_centered_equal_cyclone,area75_km2,25000.0
460,motion_minus_centered_equal_cyclone,area75_km2,25000.0
461,motion_minus_centered_equal_cyclone,area75_km2,25000.0
462,motion_minus_centered_equal_cyclone,area75_km2,52500.0
463,motion_minus_centered_equal_cyclone,area75_km2,7500.0
464,motion_minus_centered_equal_cyclone,area75_km2,40000.0
465,motion_minus_centered_equal_cyclone,area75_km2,62500.0
466,motion_minus_centered_equal_cyclone,area75_km2,35000.0
467,motion_minus_centered_equal_cyclone,area75_km2,30000.0
468,motion_minus_centered_equal_cyclone,area75_km2,30000.0
469,motion_minus_centered_equal_cyclone,area75_km2,15000.0
470,motion_minus_centered_equal_cyclone,area75_km2,30000.0
471,motion_minus_centered_equal_cyclone,area75_km2,5000.0
472,motion_minus_centered_equal_cyclone,area75_km2,47500.0
473,motion_minus_centered_equal_cyclone,area75_km2,17500.0
474,motion_minus_centered_equal_cyclone,area75_km2,20000.0
475,motion_minus_centered_equal_cyclone,area75_km2,17500.0
476,motion_minus_centered_equal_cyclone,area75_km2,17500.0
477,motion_minus_centered_equal_cyclone,area75_km2,22500.0
478,motion_minus_centered_equal_cyclone,area75_km2,30000.0
479,motion_minus_centered_equal_cyclone,area75_km2,52500.0
480,motion_minus_centered_equal_cyclone,area75_km2,35000.0
481,motion_minus_centered_equal_cyclone,area75_km2,37500.0
482,motion_minus_centered_equal_cyclone,area75_km2,20000.0
483,motion_minus_centered_equal_cyclone,area75_km2,27500.0
484,motion_minus_centered_equal_cyclone,area75_km2,10000.0
485,motion_minus_centered_equal_cyclone,area75_km2,30000.0
486,motion_minus_centered_equal_cyclone,area75_km2,52500.0
487,motion_minus_centered_equal_cyclone,area75_km2,7500.0
488,motion_minus_centered_equal_cyclone,area75_km2,25000.0
489,motion_minus_centered_equal_cyclone,area75_km2,45000.0
490,motion_minus_centered_equal_cyclone,area75_km2,45000.0
491,motion_minus_centered_equal_cyclone,area75_km2,42500.0
492,motion_minus_centered_equal_cyclone,area75_km2,22500.0
493,motion_minus_centered_equal_cyclone,area75_km2,32500.0
494,motion_minus_centered_equal_cyclone,area75_km2,17500.0
495,motion_minus_centered_equal_cyclone,area75_km2,30000.0
496,motion_minus_centered_equal_cyclone,area75_km2,30000.0
497,motion_minus_centered_equal_cyclone,area75_km2,17500.0
498,motion_minus_centered_equal_cyclone,area75_km2,35000.0
499,motion_minus_centered_equal_cyclone,area75_km2,0.0
500,motion_minus_centered_equal_cyclone,area75_km2,10000.0
1,motion_minus_centered_equal_cyclone,area90_km2,60000.0
2,motion_minus_centered_equal_cyclone,area90_km2,57500.0
3,motion_minus_centered_equal_cyclone,area90_km2,82500.0
4,motion_minus_centered_equal_cyclone,area90_km2,70000.0
5,motion_minus_centered_equal_cyclone,area90_km2,82500.0
6,motion_minus_centered_equal_cyclone,area90_km2,80000.0
7,motion_minus_centered_equal_cyclone,area90_km2,65000.0
8,motion_minus_centered_equal_cyclone,area90_km2,55000.0
9,motion_minus_centered_equal_cyclone,area90_km2,77500.0
10,motion_minus_centered_equal_cyclone,area90_km2,65000.0
11,motion_minus_centered_equal_cyclone,area90_km2,82500.0
12,motion_minus_centered_equal_cyclone,area90_km2,80000.0
13,motion_minus_centered_equal_cyclone,area90_km2,95000.0
14,motion_minus_centered_equal_cyclone,area90_km2,80000.0
15,motion_minus_centered_equal_cyclone,area90_km2,72500.0
16,motion_minus_centered_equal_cyclone,area90_km2,87500.0
17,motion_minus_centered_equal_cyclone,area90_km2,87500.0
18,motion_minus_centered_equal_cyclone,area90_km2,90000.0
19,motion_minus_centered_equal_cyclone,area90_km2,90000.0
20,motion_minus_centered_equal_cyclone,area90_km2,82500.0
21,motion_minus_centered_equal_cyclone,area90_km2,95000.0
22,motion_minus_centered_equal_cyclone,area90_km2,72500.0
23,motion_minus_centered_equal_cyclone,area90_km2,67500.0
24,motion_minus_centered_equal_cyclone,area90_km2,95000.0
25,motion_minus_centered_equal_cyclone,area90_km2,80000.0
26,motion_minus_centered_equal_cyclone,area90_km2,90000.0
27,motion_minus_centered_equal_cyclone,area90_km2,87500.0
28,motion_minus_centered_equal_cyclone,area90_km2,100000.0
29,motion_minus_centered_equal_cyclone,area90_km2,72500.0
30,motion_minus_centered_equal_cyclone,area90_km2,67500.0
31,motion_minus_centered_equal_cyclone,area90_km2,77500.0
32,motion_minus_centered_equal_cyclone,area90_km2,80000.0
33,motion_minus_centered_equal_cyclone,area90_km2,92500.0
34,motion_minus_centered_equal_cyclone,area90_km2,70000.0
35,motion_minus_centered_equal_cyclone,area90_km2,72500.0
36,motion_minus_centered_equal_cyclone,area90_km2,60000.0
37,motion_minus_centered_equal_cyclone,area90_km2,107500.0
38,motion_minus_centered_equal_cyclone,area90_km2,72500.0
39,motion_minus_centered_equal_cyclone,area90_km2,70000.0
40,motion_minus_centered_equal_cyclone,area90_km2,55000.0
41,motion_minus_centered_equal_cyclone,area90_km2,77500.0
42,motion_minus_centered_equal_cyclone,area90_km2,85000.0
43,motion_minus_centered_equal_cyclone,area90_km2,80000.0
44,motion_minus_centered_equal_cyclone,area90_km2,70000.0
45,motion_minus_centered_equal_cyclone,area90_km2,45000.0
46,motion_minus_centered_equal_cyclone,area90_km2,70000.0
47,motion_minus_centered_equal_cyclone,area90_km2,80000.0
48,motion_minus_centered_equal_cyclone,area90_km2,85000.0
49,motion_minus_centered_equal_cyclone,area90_km2,50000.0
50,motion_minus_centered_equal_cyclone,area90_km2,107500.0
51,motion_minus_centered_equal_cyclone,area90_km2,55000.0
52,motion_minus_centered_equal_cyclone,area90_km2,80000.0
53,motion_minus_centered_equal_cyclone,area90_km2,80000.0
54,motion_minus_centered_equal_cyclone,area90_km2,102500.0
55,motion_minus_centered_equal_cyclone,area90_km2,87500.0
56,motion_minus_centered_equal_cyclone,area90_km2,70000.0
57,motion_minus_centered_equal_cyclone,area90_km2,75000.0
58,motion_minus_centered_equal_cyclone,area90_km2,52500.0
59,motion_minus_centered_equal_cyclone,area90_km2,110000.0
60,motion_minus_centered_equal_cyclone,area90_km2,92500.0
61,motion_minus_centered_equal_cyclone,area90_km2,85000.0
62,motion_minus_centered_equal_cyclone,area90_km2,62500.0
63,motion_minus_centered_equal_cyclone,area90_km2,82500.0
64,motion_minus_centered_equal_cyclone,area90_km2,70000.0
65,motion_minus_centered_equal_cyclone,area90_km2,72500.0
66,motion_minus_centered_equal_cyclone,area90_km2,97500.0
67,motion_minus_centered_equal_cyclone,area90_km2,70000.0
68,motion_minus_centered_equal_cyclone,area90_km2,75000.0
69,motion_minus_centered_equal_cyclone,area90_km2,80000.0
70,motion_minus_centered_equal_cyclone,area90_km2,75000.0
71,motion_minus_centered_equal_cyclone,area90_km2,82500.0
72,motion_minus_centered_equal_cyclone,area90_km2,100000.0
73,motion_minus_centered_equal_cyclone,area90_km2,75000.0
74,motion_minus_centered_equal_cyclone,area90_km2,90000.0
75,motion_minus_centered_equal_cyclone,area90_km2,72500.0
76,motion_minus_centered_equal_cyclone,area90_km2,67500.0
77,motion_minus_centered_equal_cyclone,area90_km2,105000.0
78,motion_minus_centered_equal_cyclone,area90_km2,57500.0
79,motion_minus_centered_equal_cyclone,area90_km2,77500.0
80,motion_minus_centered_equal_cyclone,area90_km2,80000.0
81,motion_minus_centered_equal_cyclone,area90_km2,82500.0
82,motion_minus_centered_equal_cyclone,area90_km2,67500.0
83,motion_minus_centered_equal_cyclone,area90_km2,75000.0
84,motion_minus_centered_equal_cyclone,area90_km2,85000.0
85,motion_minus_centered_equal_cyclone,area90_km2,42500.0
86,motion_minus_centered_equal_cyclone,area90_km2,112500.0
87,motion_minus_centered_equal_cyclone,area90_km2,112500.0
88,motion_minus_centered_equal_cyclone,area90_km2,60000.0
89,motion_minus_centered_equal_cyclone,area90_km2,105000.0
90,motion_minus_centered_equal_cyclone,area90_km2,57500.0
91,motion_minus_centered_equal_cyclone,area90_km2,72500.0
92,motion_minus_centered_equal_cyclone,area90_km2,57500.0
93,motion_minus_centered_equal_cyclone,area90_km2,57500.0
94,motion_minus_centered_equal_cyclone,area90_km2,122500.0
95,motion_minus_centered_equal_cyclone,area90_km2,82500.0
96,motion_minus_centered_equal_cyclone,area90_km2,92500.0
97,motion_minus_centered_equal_cyclone,area90_km2,95000.0
98,motion_minus_centered_equal_cyclone,area90_km2,87500.0
99,motion_minus_centered_equal_cyclone,area90_km2,102500.0
100,motion_minus_centered_equal_cyclone,area90_km2,92500.0
101,motion_minus_centered_equal_cyclone,area90_km2,95000.0
102,motion_minus_centered_equal_cyclone,area90_km2,102500.0
103,motion_minus_centered_equal_cyclone,area90_km2,92500.0
104,motion_minus_centered_equal_cyclone,area90_km2,50000.0
105,motion_minus_centered_equal_cyclone,area90_km2,47500.0
106,motion_minus_centered_equal_cyclone,area90_km2,87500.0
107,motion_minus_centered_equal_cyclone,area90_km2,77500.0
108,motion_minus_centered_equal_cyclone,area90_km2,62500.0
109,motion_minus_centered_equal_cyclone,area90_km2,70000.0
110,motion_minus_centered_equal_cyclone,area90_km2,120000.0
111,motion_minus_centered_equal_cyclone,area90_km2,117500.0
112,motion_minus_centered_equal_cyclone,area90_km2,115000.0
113,motion_minus_centered_equal_cyclone,area90_km2,87500.0
114,motion_minus_centered_equal_cyclone,area90_km2,60000.0
115,motion_minus_centered_equal_cyclone,area90_km2,85000.0
116,motion_minus_centered_equal_cyclone,area90_km2,85000.0
117,motion_minus_centered_equal_cyclone,area90_km2,75000.0
118,motion_minus_centered_equal_cyclone,area90_km2,77500.0
119,motion_minus_centered_equal_cyclone,area90_km2,80000.0
120,motion_minus_centered_equal_cyclone,area90_km2,107500.0
121,motion_minus_centered_equal_cyclone,area90_km2,75000.0
122,motion_minus_centered_equal_cyclone,area90_km2,82500.0
123,motion_minus_centered_equal_cyclone,area90_km2,97500.0
124,motion_minus_centered_equal_cyclone,area90_km2,90000.0
125,motion_minus_centered_equal_cyclone,area90_km2,77500.0
126,motion_minus_centered_equal_cyclone,area90_km2,67500.0
127,motion_minus_centered_equal_cyclone,area90_km2,65000.0
128,motion_minus_centered_equal_cyclone,area90_km2,62500.0
129,motion_minus_centered_equal_cyclone,area90_km2,107500.0
130,motion_minus_centered_equal_cyclone,area90_km2,65000.0
131,motion_minus_centered_equal_cyclone,area90_km2,70000.0
132,motion_minus_centered_equal_cyclone,area90_km2,75000.0
133,motion_minus_centered_equal_cyclone,area90_km2,67500.0
134,motion_minus_centered_equal_cyclone,area90_km2,75000.0
135,motion_minus_centered_equal_cyclone,area90_km2,97500.0
136,motion_minus_centered_equal_cyclone,area90_km2,80000.0
137,motion_minus_centered_equal_cyclone,area90_km2,65000.0
138,motion_minus_centered_equal_cyclone,area90_km2,37500.0
139,motion_minus_centered_equal_cyclone,area90_km2,90000.0
140,motion_minus_centered_equal_cyclone,area90_km2,67500.0
141,motion_minus_centered_equal_cyclone,area90_km2,95000.0
142,motion_minus_centered_equal_cyclone,area90_km2,57500.0
143,motion_minus_centered_equal_cyclone,area90_km2,82500.0
144,motion_minus_centered_equal_cyclone,area90_km2,75000.0
145,motion_minus_centered_equal_cyclone,area90_km2,90000.0
146,motion_minus_centered_equal_cyclone,area90_km2,82500.0
147,motion_minus_centered_equal_cyclone,area90_km2,100000.0
148,motion_minus_centered_equal_cyclone,area90_km2,82500.0
149,motion_minus_centered_equal_cyclone,area90_km2,85000.0
150,motion_minus_centered_equal_cyclone,area90_km2,90000.0
151,motion_minus_centered_equal_cyclone,area90_km2,80000.0
152,motion_minus_centered_equal_cyclone,area90_km2,72500.0
153,motion_minus_centered_equal_cyclone,area90_km2,47500.0
154,motion_minus_centered_equal_cyclone,area90_km2,40000.0
155,motion_minus_centered_equal_cyclone,area90_km2,77500.0
156,motion_minus_centered_equal_cyclone,area90_km2,102500.0
157,motion_minus_centered_equal_cyclone,area90_km2,90000.0
158,motion_minus_centered_equal_cyclone,area90_km2,75000.0
159,motion_minus_centered_equal_cyclone,area90_km2,75000.0
160,motion_minus_centered_equal_cyclone,area90_km2,82500.0
161,motion_minus_centered_equal_cyclone,area90_km2,90000.0
162,motion_minus_centered_equal_cyclone,area90_km2,105000.0
163,motion_minus_centered_equal_cyclone,area90_km2,95000.0
164,motion_minus_centered_equal_cyclone,area90_km2,87500.0
165,motion_minus_centered_equal_cyclone,area90_km2,80000.0
166,motion_minus_centered_equal_cyclone,area90_km2,82500.0
167,motion_minus_centered_equal_cyclone,area90_km2,80000.0
168,motion_minus_centered_equal_cyclone,area90_km2,42500.0
169,motion_minus_centered_equal_cyclone,area90_km2,80000.0
170,motion_minus_centered_equal_cyclone,area90_km2,75000.0
171,motion_minus_centered_equal_cyclone,area90_km2,82500.0
172,motion_minus_centered_equal_cyclone,area90_km2,72500.0
173,motion_minus_centered_equal_cyclone,area90_km2,40000.0
174,motion_minus_centered_equal_cyclone,area90_km2,82500.0
175,motion_minus_centered_equal_cyclone,area90_km2,75000.0
176,motion_minus_centered_equal_cyclone,area90_km2,85000.0
177,motion_minus_centered_equal_cyclone,area90_km2,52500.0
178,motion_minus_centered_equal_cyclone,area90_km2,57500.0
179,motion_minus_centered_equal_cyclone,area90_km2,87500.0
180,motion_minus_centered_equal_cyclone,area90_km2,72500.0
181,motion_minus_centered_equal_cyclone,area90_km2,87500.0
182,motion_minus_centered_equal_cyclone,area90_km2,82500.0
183,motion_minus_centered_equal_cyclone,area90_km2,87500.0
184,motion_minus_centered_equal_cyclone,area90_km2,55000.0
185,motion_minus_centered_equal_cyclone,area90_km2,90000.0
186,motion_minus_centered_equal_cyclone,area90_km2,85000.0
187,motion_minus_centered_equal_cyclone,area90_km2,97500.0
188,motion_minus_centered_equal_cyclone,area90_km2,90000.0
189,motion_minus_centered_equal_cyclone,area90_km2,97500.0
190,motion_minus_centered_equal_cyclone,area90_km2,87500.0
191,motion_minus_centered_equal_cyclone,area90_km2,80000.0
192,motion_minus_centered_equal_cyclone,area90_km2,90000.0
193,motion_minus_centered_equal_cyclone,area90_km2,92500.0
194,motion_minus_centered_equal_cyclone,area90_km2,70000.0
195,motion_minus_centered_equal_cyclone,area90_km2,60000.0
196,motion_minus_centered_equal_cyclone,area90_km2,95000.0
197,motion_minus_centered_equal_cyclone,area90_km2,70000.0
198,motion_minus_centered_equal_cyclone,area90_km2,80000.0
199,motion_minus_centered_equal_cyclone,area90_km2,82500.0
200,motion_minus_centered_equal_cyclone,area90_km2,92500.0
201,motion_minus_centered_equal_cyclone,area90_km2,87500.0
202,motion_minus_centered_equal_cyclone,area90_km2,87500.0
203,motion_minus_centered_equal_cyclone,area90_km2,107500.0
204,motion_minus_centered_equal_cyclone,area90_km2,77500.0
205,motion_minus_centered_equal_cyclone,area90_km2,62500.0
206,motion_minus_centered_equal_cyclone,area90_km2,67500.0
207,motion_minus_centered_equal_cyclone,area90_km2,75000.0
208,motion_minus_centered_equal_cyclone,area90_km2,72500.0
209,motion_minus_centered_equal_cyclone,area90_km2,50000.0
210,motion_minus_centered_equal_cyclone,area90_km2,55000.0
211,motion_minus_centered_equal_cyclone,area90_km2,80000.0
212,motion_minus_centered_equal_cyclone,area90_km2,87500.0
213,motion_minus_centered_equal_cyclone,area90_km2,87500.0
214,motion_minus_centered_equal_cyclone,area90_km2,80000.0
215,motion_minus_centered_equal_cyclone,area90_km2,110000.0
216,motion_minus_centered_equal_cyclone,area90_km2,65000.0
217,motion_minus_centered_equal_cyclone,area90_km2,95000.0
218,motion_minus_centered_equal_cyclone,area90_km2,80000.0
219,motion_minus_centered_equal_cyclone,area90_km2,72500.0
220,motion_minus_centered_equal_cyclone,area90_km2,65000.0
221,motion_minus_centered_equal_cyclone,area90_km2,77500.0
222,motion_minus_centered_equal_cyclone,area90_km2,80000.0
223,motion_minus_centered_equal_cyclone,area90_km2,80000.0
224,motion_minus_centered_equal_cyclone,area90_km2,85000.0
225,motion_minus_centered_equal_cyclone,area90_km2,72500.0
226,motion_minus_centered_equal_cyclone,area90_km2,82500.0
227,motion_minus_centered_equal_cyclone,area90_km2,92500.0
228,motion_minus_centered_equal_cyclone,area90_km2,85000.0
229,motion_minus_centered_equal_cyclone,area90_km2,97500.0
230,motion_minus_centered_equal_cyclone,area90_km2,85000.0
231,motion_minus_centered_equal_cyclone,area90_km2,82500.0
232,motion_minus_centered_equal_cyclone,area90_km2,72500.0
233,motion_minus_centered_equal_cyclone,area90_km2,80000.0
234,motion_minus_centered_equal_cyclone,area90_km2,77500.0
235,motion_minus_centered_equal_cyclone,area90_km2,65000.0
236,motion_minus_centered_equal_cyclone,area90_km2,107500.0
237,motion_minus_centered_equal_cyclone,area90_km2,65000.0
238,motion_minus_centered_equal_cyclone,area90_km2,97500.0
239,motion_minus_centered_equal_cyclone,area90_km2,87500.0
240,motion_minus_centered_equal_cyclone,area90_km2,75000.0
241,motion_minus_centered_equal_cyclone,area90_km2,97500.0
242,motion_minus_centered_equal_cyclone,area90_km2,62500.0
243,motion_minus_centered_equal_cyclone,area90_km2,85000.0
244,motion_minus_centered_equal_cyclone,area90_km2,90000.0
245,motion_minus_centered_equal_cyclone,area90_km2,60000.0
246,motion_minus_centered_equal_cyclone,area90_km2,85000.0
247,motion_minus_centered_equal_cyclone,area90_km2,75000.0
248,motion_minus_centered_equal_cyclone,area90_km2,62500.0
249,motion_minus_centered_equal_cyclone,area90_km2,70000.0
250,motion_minus_centered_equal_cyclone,area90_km2,97500.0
251,motion_minus_centered_equal_cyclone,area90_km2,110000.0
252,motion_minus_centered_equal_cyclone,area90_km2,77500.0
253,motion_minus_centered_equal_cyclone,area90_km2,65000.0
254,motion_minus_centered_equal_cyclone,area90_km2,100000.0
255,motion_minus_centered_equal_cyclone,area90_km2,62500.0
256,motion_minus_centered_equal_cyclone,area90_km2,50000.0
257,motion_minus_centered_equal_cyclone,area90_km2,82500.0
258,motion_minus_centered_equal_cyclone,area90_km2,85000.0
259,motion_minus_centered_equal_cyclone,area90_km2,72500.0
260,motion_minus_centered_equal_cyclone,area90_km2,77500.0
261,motion_minus_centered_equal_cyclone,area90_km2,67500.0
262,motion_minus_centered_equal_cyclone,area90_km2,75000.0
263,motion_minus_centered_equal_cyclone,area90_km2,62500.0
264,motion_minus_centered_equal_cyclone,area90_km2,72500.0
265,motion_minus_centered_equal_cyclone,area90_km2,85000.0
266,motion_minus_centered_equal_cyclone,area90_km2,82500.0
267,motion_minus_centered_equal_cyclone,area90_km2,85000.0
268,motion_minus_centered_equal_cyclone,area90_km2,92500.0
269,motion_minus_centered_equal_cyclone,area90_km2,77500.0
270,motion_minus_centered_equal_cyclone,area90_km2,77500.0
271,motion_minus_centered_equal_cyclone,area90_km2,42500.0
272,motion_minus_centered_equal_cyclone,area90_km2,85000.0
273,motion_minus_centered_equal_cyclone,area90_km2,62500.0
274,motion_minus_centered_equal_cyclone,area90_km2,87500.0
275,motion_minus_centered_equal_cyclone,area90_km2,65000.0
276,motion_minus_centered_equal_cyclone,area90_km2,57500.0
277,motion_minus_centered_equal_cyclone,area90_km2,90000.0
278,motion_minus_centered_equal_cyclone,area90_km2,67500.0
279,motion_minus_centered_equal_cyclone,area90_km2,72500.0
280,motion_minus_centered_equal_cyclone,area90_km2,42500.0
281,motion_minus_centered_equal_cyclone,area90_km2,70000.0
282,motion_minus_centered_equal_cyclone,area90_km2,62500.0
283,motion_minus_centered_equal_cyclone,area90_km2,87500.0
284,motion_minus_centered_equal_cyclone,area90_km2,100000.0
285,motion_minus_centered_equal_cyclone,area90_km2,85000.0
286,motion_minus_centered_equal_cyclone,area90_km2,67500.0
287,motion_minus_centered_equal_cyclone,area90_km2,67500.0
288,motion_minus_centered_equal_cyclone,area90_km2,82500.0
289,motion_minus_centered_equal_cyclone,area90_km2,95000.0
290,motion_minus_centered_equal_cyclone,area90_km2,65000.0
291,motion_minus_centered_equal_cyclone,area90_km2,100000.0
292,motion_minus_centered_equal_cyclone,area90_km2,47500.0
293,motion_minus_centered_equal_cyclone,area90_km2,65000.0
294,motion_minus_centered_equal_cyclone,area90_km2,77500.0
295,motion_minus_centered_equal_cyclone,area90_km2,67500.0
296,motion_minus_centered_equal_cyclone,area90_km2,102500.0
297,motion_minus_centered_equal_cyclone,area90_km2,72500.0
298,motion_minus_centered_equal_cyclone,area90_km2,85000.0
299,motion_minus_centered_equal_cyclone,area90_km2,52500.0
300,motion_minus_centered_equal_cyclone,area90_km2,65000.0
301,motion_minus_centered_equal_cyclone,area90_km2,55000.0
302,motion_minus_centered_equal_cyclone,area90_km2,52500.0
303,motion_minus_centered_equal_cyclone,area90_km2,57500.0
304,motion_minus_centered_equal_cyclone,area90_km2,65000.0
305,motion_minus_centered_equal_cyclone,area90_km2,72500.0
306,motion_minus_centered_equal_cyclone,area90_km2,70000.0
307,motion_minus_centered_equal_cyclone,area90_km2,70000.0
308,motion_minus_centered_equal_cyclone,area90_km2,82500.0
309,motion_minus_centered_equal_cyclone,area90_km2,72500.0
310,motion_minus_centered_equal_cyclone,area90_km2,65000.0
311,motion_minus_centered_equal_cyclone,area90_km2,95000.0
312,motion_minus_centered_equal_cyclone,area90_km2,102500.0
313,motion_minus_centered_equal_cyclone,area90_km2,60000.0
314,motion_minus_centered_equal_cyclone,area90_km2,62500.0
315,motion_minus_centered_equal_cyclone,area90_km2,55000.0
316,motion_minus_centered_equal_cyclone,area90_km2,85000.0
317,motion_minus_centered_equal_cyclone,area90_km2,80000.0
318,motion_minus_centered_equal_cyclone,area90_km2,85000.0
319,motion_minus_centered_equal_cyclone,area90_km2,72500.0
320,motion_minus_centered_equal_cyclone,area90_km2,57500.0
321,motion_minus_centered_equal_cyclone,area90_km2,80000.0
322,motion_minus_centered_equal_cyclone,area90_km2,65000.0
323,motion_minus_centered_equal_cyclone,area90_km2,90000.0
324,motion_minus_centered_equal_cyclone,area90_km2,65000.0
325,motion_minus_centered_equal_cyclone,area90_km2,77500.0
326,motion_minus_centered_equal_cyclone,area90_km2,60000.0
327,motion_minus_centered_equal_cyclone,area90_km2,57500.0
328,motion_minus_centered_equal_cyclone,area90_km2,82500.0
329,motion_minus_centered_equal_cyclone,area90_km2,77500.0
330,motion_minus_centered_equal_cyclone,area90_km2,70000.0
331,motion_minus_centered_equal_cyclone,area90_km2,72500.0
332,motion_minus_centered_equal_cyclone,area90_km2,70000.0
333,motion_minus_centered_equal_cyclone,area90_km2,65000.0
334,motion_minus_centered_equal_cyclone,area90_km2,77500.0
335,motion_minus_centered_equal_cyclone,area90_km2,65000.0
336,motion_minus_centered_equal_cyclone,area90_km2,55000.0
337,motion_minus_centered_equal_cyclone,area90_km2,97500.0
338,motion_minus_centered_equal_cyclone,area90_km2,117500.0
339,motion_minus_centered_equal_cyclone,area90_km2,77500.0
340,motion_minus_centered_equal_cyclone,area90_km2,77500.0
341,motion_minus_centered_equal_cyclone,area90_km2,82500.0
342,motion_minus_centered_equal_cyclone,area90_km2,82500.0
343,motion_minus_centered_equal_cyclone,area90_km2,82500.0
344,motion_minus_centered_equal_cyclone,area90_km2,72500.0
345,motion_minus_centered_equal_cyclone,area90_km2,75000.0
346,motion_minus_centered_equal_cyclone,area90_km2,90000.0
347,motion_minus_centered_equal_cyclone,area90_km2,75000.0
348,motion_minus_centered_equal_cyclone,area90_km2,60000.0
349,motion_minus_centered_equal_cyclone,area90_km2,70000.0
350,motion_minus_centered_equal_cyclone,area90_km2,57500.0
351,motion_minus_centered_equal_cyclone,area90_km2,47500.0
352,motion_minus_centered_equal_cyclone,area90_km2,82500.0
353,motion_minus_centered_equal_cyclone,area90_km2,85000.0
354,motion_minus_centered_equal_cyclone,area90_km2,102500.0
355,motion_minus_centered_equal_cyclone,area90_km2,102500.0
356,motion_minus_centered_equal_cyclone,area90_km2,57500.0
357,motion_minus_centered_equal_cyclone,area90_km2,62500.0
358,motion_minus_centered_equal_cyclone,area90_km2,85000.0
359,motion_minus_centered_equal_cyclone,area90_km2,97500.0
360,motion_minus_centered_equal_cyclone,area90_km2,92500.0
361,motion_minus_centered_equal_cyclone,area90_km2,70000.0
362,motion_minus_centered_equal_cyclone,area90_km2,97500.0
363,motion_minus_centered_equal_cyclone,area90_km2,87500.0
364,motion_minus_centered_equal_cyclone,area90_km2,82500.0
365,motion_minus_centered_equal_cyclone,area90_km2,62500.0
366,motion_minus_centered_equal_cyclone,area90_km2,65000.0
367,motion_minus_centered_equal_cyclone,area90_km2,105000.0
368,motion_minus_centered_equal_cyclone,area90_km2,87500.0
369,motion_minus_centered_equal_cyclone,area90_km2,87500.0
370,motion_minus_centered_equal_cyclone,area90_km2,50000.0
371,motion_minus_centered_equal_cyclone,area90_km2,70000.0
372,motion_minus_centered_equal_cyclone,area90_km2,77500.0
373,motion_minus_centered_equal_cyclone,area90_km2,65000.0
374,motion_minus_centered_equal_cyclone,area90_km2,77500.0
375,motion_minus_centered_equal_cyclone,area90_km2,72500.0
376,motion_minus_centered_equal_cyclone,area90_km2,75000.0
377,motion_minus_centered_equal_cyclone,area90_km2,72500.0
378,motion_minus_centered_equal_cyclone,area90_km2,70000.0
379,motion_minus_centered_equal_cyclone,area90_km2,72500.0
380,motion_minus_centered_equal_cyclone,area90_km2,57500.0
381,motion_minus_centered_equal_cyclone,area90_km2,77500.0
382,motion_minus_centered_equal_cyclone,area90_km2,67500.0
383,motion_minus_centered_equal_cyclone,area90_km2,65000.0
384,motion_minus_centered_equal_cyclone,area90_km2,80000.0
385,motion_minus_centered_equal_cyclone,area90_km2,77500.0
386,motion_minus_centered_equal_cyclone,area90_km2,95000.0
387,motion_minus_centered_equal_cyclone,area90_km2,80000.0
388,motion_minus_centered_equal_cyclone,area90_km2,67500.0
389,motion_minus_centered_equal_cyclone,area90_km2,90000.0
390,motion_minus_centered_equal_cyclone,area90_km2,80000.0
391,motion_minus_centered_equal_cyclone,area90_km2,77500.0
392,motion_minus_centered_equal_cyclone,area90_km2,62500.0
393,motion_minus_centered_equal_cyclone,area90_km2,87500.0
394,motion_minus_centered_equal_cyclone,area90_km2,97500.0
395,motion_minus_centered_equal_cyclone,area90_km2,65000.0
396,motion_minus_centered_equal_cyclone,area90_km2,70000.0
397,motion_minus_centered_equal_cyclone,area90_km2,85000.0
398,motion_minus_centered_equal_cyclone,area90_km2,62500.0
399,motion_minus_centered_equal_cyclone,area90_km2,72500.0
400,motion_minus_centered_equal_cyclone,area90_km2,102500.0
401,motion_minus_centered_equal_cyclone,area90_km2,85000.0
402,motion_minus_centered_equal_cyclone,area90_km2,77500.0
403,motion_minus_centered_equal_cyclone,area90_km2,82500.0
404,motion_minus_centered_equal_cyclone,area90_km2,75000.0
405,motion_minus_centered_equal_cyclone,area90_km2,80000.0
406,motion_minus_centered_equal_cyclone,area90_km2,55000.0
407,motion_minus_centered_equal_cyclone,area90_km2,70000.0
408,motion_minus_centered_equal_cyclone,area90_km2,77500.0
409,motion_minus_centered_equal_cyclone,area90_km2,82500.0
410,motion_minus_centered_equal_cyclone,area90_km2,57500.0
411,motion_minus_centered_equal_cyclone,area90_km2,72500.0
412,motion_minus_centered_equal_cyclone,area90_km2,72500.0
413,motion_minus_centered_equal_cyclone,area90_km2,90000.0
414,motion_minus_centered_equal_cyclone,area90_km2,90000.0
415,motion_minus_centered_equal_cyclone,area90_km2,95000.0
416,motion_minus_centered_equal_cyclone,area90_km2,57500.0
417,motion_minus_centered_equal_cyclone,area90_km2,55000.0
418,motion_minus_centered_equal_cyclone,area90_km2,85000.0
419,motion_minus_centered_equal_cyclone,area90_km2,87500.0
420,motion_minus_centered_equal_cyclone,area90_km2,107500.0
421,motion_minus_centered_equal_cyclone,area90_km2,65000.0
422,motion_minus_centered_equal_cyclone,area90_km2,67500.0
423,motion_minus_centered_equal_cyclone,area90_km2,57500.0
424,motion_minus_centered_equal_cyclone,area90_km2,67500.0
425,motion_minus_centered_equal_cyclone,area90_km2,57500.0
426,motion_minus_centered_equal_cyclone,area90_km2,80000.0
427,motion_minus_centered_equal_cyclone,area90_km2,90000.0
428,motion_minus_centered_equal_cyclone,area90_km2,105000.0
429,motion_minus_centered_equal_cyclone,area90_km2,85000.0
430,motion_minus_centered_equal_cyclone,area90_km2,72500.0
431,motion_minus_centered_equal_cyclone,area90_km2,82500.0
432,motion_minus_centered_equal_cyclone,area90_km2,72500.0
433,motion_minus_centered_equal_cyclone,area90_km2,75000.0
434,motion_minus_centered_equal_cyclone,area90_km2,90000.0
435,motion_minus_centered_equal_cyclone,area90_km2,50000.0
436,motion_minus_centered_equal_cyclone,area90_km2,70000.0
437,motion_minus_centered_equal_cyclone,area90_km2,92500.0
438,motion_minus_centered_equal_cyclone,area90_km2,87500.0
439,motion_minus_centered_equal_cyclone,area90_km2,102500.0
440,motion_minus_centered_equal_cyclone,area90_km2,82500.0
441,motion_minus_centered_equal_cyclone,area90_km2,75000.0
442,motion_minus_centered_equal_cyclone,area90_km2,97500.0
443,motion_minus_centered_equal_cyclone,area90_km2,82500.0
444,motion_minus_centered_equal_cyclone,area90_km2,62500.0
445,motion_minus_centered_equal_cyclone,area90_km2,75000.0
446,motion_minus_centered_equal_cyclone,area90_km2,82500.0
447,motion_minus_centered_equal_cyclone,area90_km2,60000.0
448,motion_minus_centered_equal_cyclone,area90_km2,82500.0
449,motion_minus_centered_equal_cyclone,area90_km2,80000.0
450,motion_minus_centered_equal_cyclone,area90_km2,87500.0
451,motion_minus_centered_equal_cyclone,area90_km2,67500.0
452,motion_minus_centered_equal_cyclone,area90_km2,60000.0
453,motion_minus_centered_equal_cyclone,area90_km2,70000.0
454,motion_minus_centered_equal_cyclone,area90_km2,87500.0
455,motion_minus_centered_equal_cyclone,area90_km2,65000.0
456,motion_minus_centered_equal_cyclone,area90_km2,75000.0
457,motion_minus_centered_equal_cyclone,area90_km2,55000.0
458,motion_minus_centered_equal_cyclone,area90_km2,80000.0
459,motion_minus_centered_equal_cyclone,area90_km2,95000.0
460,motion_minus_centered_equal_cyclone,area90_km2,77500.0
461,motion_minus_centered_equal_cyclone,area90_km2,70000.0
462,motion_minus_centered_equal_cyclone,area90_km2,105000.0
463,motion_minus_centered_equal_cyclone,area90_km2,60000.0
464,motion_minus_centered_equal_cyclone,area90_km2,77500.0
465,motion_minus_centered_equal_cyclone,area90_km2,92500.0
466,motion_minus_centered_equal_cyclone,area90_km2,92500.0
467,motion_minus_centered_equal_cyclone,area90_km2,87500.0
468,motion_minus_centered_equal_cyclone,area90_km2,75000.0
469,motion_minus_centered_equal_cyclone,area90_km2,62500.0
470,motion_minus_centered_equal_cyclone,area90_km2,87500.0
471,motion_minus_centered_equal_cyclone,area90_km2,67500.0
472,motion_minus_centered_equal_cyclone,area90_km2,80000.0
473,motion_minus_centered_equal_cyclone,area90_km2,67500.0
474,motion_minus_centered_equal_cyclone,area90_km2,80000.0
475,motion_minus_centered_equal_cyclone,area90_km2,75000.0
476,motion_minus_centered_equal_cyclone,area90_km2,80000.0
477,motion_minus_centered_equal_cyclone,area90_km2,62500.0
478,motion_minus_centered_equal_cyclone,area90_km2,55000.0
479,motion_minus_centered_equal_cyclone,area90_km2,97500.0
480,motion_minus_centered_equal_cyclone,area90_km2,72500.0
481,motion_minus_centered_equal_cyclone,area90_km2,92500.0
482,motion_minus_centered_equal_cyclone,area90_km2,67500.0
483,motion_minus_centered_equal_cyclone,area90_km2,65000.0
484,motion_minus_centered_equal_cyclone,area90_km2,60000.0
485,motion_minus_centered_equal_cyclone,area90_km2,77500.0
486,motion_minus_centered_equal_cyclone,area90_km2,110000.0
487,motion_minus_centered_equal_cyclone,area90_km2,67500.0
488,motion_minus_centered_equal_cyclone,area90_km2,65000.0
489,motion_minus_centered_equal_cyclone,area90_km2,105000.0
490,motion_minus_centered_equal_cyclone,area90_km2,82500.0
491,motion_minus_centered_equal_cyclone,area90_km2,97500.0
492,motion_minus_centered_equal_cyclone,area90_km2,80000.0
493,motion_minus_centered_equal_cyclone,area90_km2,80000.0
494,motion_minus_centered_equal_cyclone,area90_km2,77500.0
495,motion_minus_centered_equal_cyclone,area90_km2,77500.0
496,motion_minus_centered_equal_cyclone,area90_km2,85000.0
497,motion_minus_centered_equal_cyclone,area90_km2,72500.0
498,motion_minus_centered_equal_cyclone,area90_km2,95000.0
499,motion_minus_centered_equal_cyclone,area90_km2,45000.0
500,motion_minus_centered_equal_cyclone,area90_km2,67500.0
1,motion_minus_centered_equal_cyclone,rms_about_centroid_km,6.486159730000054
2,motion_minus_centered_equal_cyclone,rms_about_centroid_km,6.406550134148006
3,motion_minus_centered_equal_cyclone,rms_about_centroid_km,8.324499725737269
4,motion_minus_centered_equal_cyclone,rms_about_centroid_km,7.780480359373087
5,motion_minus_centered_equal_cyclone,rms_about_centroid_km,6.711015419347859
6,motion_minus_centered_equal_cyclone,rms_about_centroid_km,10.45553391919475
7,motion_minus_centered_equal_cyclone,rms_about_centroid_km,8.66328952639833
8,motion_minus_centered_equal_cyclone,rms_about_centroid_km,7.042347510437253
9,motion_minus_centered_equal_cyclone,rms_about_centroid_km,5.95565943109375
10,motion_minus_centered_equal_cyclone,rms_about_centroid_km,6.694504179523278
11,motion_minus_centered_equal_cyclone,rms_about_centroid_km,7.248763580945365
12,motion_minus_centered_equal_cyclone,rms_about_centroid_km,9.995924889765888
13,motion_minus_centered_equal_cyclone,rms_about_centroid_km,10.737261006103495
14,motion_minus_centered_equal_cyclone,rms_about_centroid_km,7.934842247076631
15,motion_minus_centered_equal_cyclone,rms_about_centroid_km,8.421389410661845
16,motion_minus_centered_equal_cyclone,rms_about_centroid_km,7.451227515771393
17,motion_minus_centered_equal_cyclone,rms_about_centroid_km,9.1050481637119
18,motion_minus_centered_equal_cyclone,rms_about_centroid_km,6.272858220459284
19,motion_minus_centered_equal_cyclone,rms_about_centroid_km,10.41800326276973
20,motion_minus_centered_equal_cyclone,rms_about_centroid_km,10.884481315573794
21,motion_minus_centered_equal_cyclone,rms_about_centroid_km,11.761409302649895
22,motion_minus_centered_equal_cyclone,rms_about_centroid_km,10.021469499130944
23,motion_minus_centered_equal_cyclone,rms_about_centroid_km,8.791520251795077
24,motion_minus_centered_equal_cyclone,rms_about_centroid_km,8.242503279890116
25,motion_minus_centered_equal_cyclone,rms_about_centroid_km,10.256663002833648
26,motion_minus_centered_equal_cyclone,rms_about_centroid_km,10.078703498014193
27,motion_minus_centered_equal_cyclone,rms_about_centroid_km,8.03659599720038
28,motion_minus_centered_equal_cyclone,rms_about_centroid_km,10.011999980712972
29,motion_minus_centered_equal_cyclone,rms_about_centroid_km,6.995584882787284
30,motion_minus_centered_equal_cyclone,rms_about_centroid_km,7.07029876300146
31,motion_minus_centered_equal_cyclone,rms_about_centroid_km,8.775929981793638
32,motion_minus_centered_equal_cyclone,rms_about_centroid_km,9.205267789434856
33,motion_minus_centered_equal_cyclone,rms_about_centroid_km,8.331036987211746
34,motion_minus_centered_equal_cyclone,rms_about_centroid_km,8.875838694608092
35,motion_minus_centered_equal_cyclone,rms_about_centroid_km,9.094339819189372
36,motion_minus_centered_equal_cyclone,rms_about_centroid_km,7.00792172185993
37,motion_minus_centered_equal_cyclone,rms_about_centroid_km,9.79593535494655
38,motion_minus_centered_equal_cyclone,rms_about_centroid_km,8.381067507384728
39,motion_minus_centered_equal_cyclone,rms_about_centroid_km,8.083819384793173
40,motion_minus_centered_equal_cyclone,rms_about_centroid_km,6.368182112270006
41,motion_minus_centered_equal_cyclone,rms_about_centroid_km,9.03007938158612
42,motion_minus_centered_equal_cyclone,rms_about_centroid_km,8.689057204607593
43,motion_minus_centered_equal_cyclone,rms_about_centroid_km,8.241808416927029
44,motion_minus_centered_equal_cyclone,rms_about_centroid_km,8.289140597542655
45,motion_minus_centered_equal_cyclone,rms_about_centroid_km,7.387447616927943
46,motion_minus_centered_equal_cyclone,rms_about_centroid_km,8.246248450900566
47,motion_minus_centered_equal_cyclone,rms_about_centroid_km,8.174486944246269
48,motion_minus_centered_equal_cyclone,rms_about_centroid_km,6.8793209514427645
49,motion_minus_centered_equal_cyclone,rms_about_centroid_km,4.809301924077204
50,motion_minus_centered_equal_cyclone,rms_about_centroid_km,8.994907160424304
51,motion_minus_centered_equal_cyclone,rms_about_centroid_km,8.556693202326642
52,motion_minus_centered_equal_cyclone,rms_about_centroid_km,9.016311723491299
53,motion_minus_centered_equal_cyclone,rms_about_centroid_km,8.034190164113397
54,motion_minus_centered_equal_cyclone,rms_about_centroid_km,9.844986819916699
55,motion_minus_centered_equal_cyclone,rms_about_centroid_km,9.36866249224579
56,motion_minus_centered_equal_cyclone,rms_about_centroid_km,7.7084867753656
57,motion_minus_centered_equal_cyclone,rms_about_centroid_km,7.536267190681656
58,motion_minus_centered_equal_cyclone,rms_about_centroid_km,7.343707969985076
59,motion_minus_centered_equal_cyclone,rms_about_centroid_km,10.41236175352185
60,motion_minus_centered_equal_cyclone,rms_about_centroid_km,8.445419131979179
61,motion_minus_centered_equal_cyclone,rms_about_centroid_km,8.672730151915744
62,motion_minus_centered_equal_cyclone,rms_about_centroid_km,7.62720421143672
63,motion_minus_centered_equal_cyclone,rms_about_centroid_km,8.486800196271474
64,motion_minus_centered_equal_cyclone,rms_about_centroid_km,8.955647228711427
65,motion_minus_centered_equal_cyclone,rms_about_centroid_km,6.535063502718231
66,motion_minus_centered_equal_cyclone,rms_about_centroid_km,9.628126089887246
67,motion_minus_centered_equal_cyclone,rms_about_centroid_km,8.857182249935363
68,motion_minus_centered_equal_cyclone,rms_about_centroid_km,6.884561487670339
69,motion_minus_centered_equal_cyclone,rms_about_centroid_km,9.143010115505831
70,motion_minus_centered_equal_cyclone,rms_about_centroid_km,9.557208451160136
71,motion_minus_centered_equal_cyclone,rms_about_centroid_km,8.356858443439819
72,motion_minus_centered_equal_cyclone,rms_about_centroid_km,9.507192952483365
73,motion_minus_centered_equal_cyclone,rms_about_centroid_km,8.52306599075132
74,motion_minus_centered_equal_cyclone,rms_about_centroid_km,8.844186280283452
75,motion_minus_centered_equal_cyclone,rms_about_centroid_km,9.498460126197756
76,motion_minus_centered_equal_cyclone,rms_about_centroid_km,7.913451586990277
77,motion_minus_centered_equal_cyclone,rms_about_centroid_km,10.742052958541876
78,motion_minus_centered_equal_cyclone,rms_about_centroid_km,7.4809399548294095
79,motion_minus_centered_equal_cyclone,rms_about_centroid_km,9.160230542607337
80,motion_minus_centered_equal_cyclone,rms_about_centroid_km,8.173331523095385
81,motion_minus_centered_equal_cyclone,rms_about_centroid_km,8.384323967138016
82,motion_minus_centered_equal_cyclone,rms_about_centroid_km,6.2391440358283035
83,motion_minus_centered_equal_cyclone,rms_about_centroid_km,7.200471234295151
84,motion_minus_centered_equal_cyclone,rms_about_centroid_km,8.140511445545485
85,motion_minus_centered_equal_cyclone,rms_about_centroid_km,6.219791553678078
86,motion_minus_centered_equal_cyclone,rms_about_centroid_km,9.855585686122822
87,motion_minus_centered_equal_cyclone,rms_about_centroid_km,9.948855129135723
88,motion_minus_centered_equal_cyclone,rms_about_centroid_km,6.241081431683824
89,motion_minus_centered_equal_cyclone,rms_about_centroid_km,10.890216198137296
90,motion_minus_centered_equal_cyclone,rms_about_centroid_km,8.456114407074097
91,motion_minus_centered_equal_cyclone,rms_about_centroid_km,8.466541938148112
92,motion_minus_centered_equal_cyclone,rms_about_centroid_km,7.899849041003563
93,motion_minus_centered_equal_cyclone,rms_about_centroid_km,6.290727284789455
94,motion_minus_centered_equal_cyclone,rms_about_centroid_km,11.577742447859691
95,motion_minus_centered_equal_cyclone,rms_about_centroid_km,6.418646254231589
96,motion_minus_centered_equal_cyclone,rms_about_centroid_km,7.4380785315102
97,motion_minus_centered_equal_cyclone,rms_about_centroid_km,11.04457864367464
98,motion_minus_centered_equal_cyclone,rms_about_centroid_km,7.339229930702231
99,motion_minus_centered_equal_cyclone,rms_about_centroid_km,11.025937567989104
100,motion_minus_centered_equal_cyclone,rms_about_centroid_km,10.259205982072672
101,motion_minus_centered_equal_cyclone,rms_about_centroid_km,7.72026170708159
102,motion_minus_centered_equal_cyclone,rms_about_centroid_km,8.574990345564288
103,motion_minus_centered_equal_cyclone,rms_about_centroid_km,8.180000388941721
104,motion_minus_centered_equal_cyclone,rms_about_centroid_km,4.760897523035283
105,motion_minus_centered_equal_cyclone,rms_about_centroid_km,5.069383001425763
106,motion_minus_centered_equal_cyclone,rms_about_centroid_km,8.793489790853073
107,motion_minus_centered_equal_cyclone,rms_about_centroid_km,6.658839758027284
108,motion_minus_centered_equal_cyclone,rms_about_centroid_km,7.440682472624417
109,motion_minus_centered_equal_cyclone,rms_about_centroid_km,8.383846276115378
110,motion_minus_centered_equal_cyclone,rms_about_centroid_km,12.686726365932941
111,motion_minus_centered_equal_cyclone,rms_about_centroid_km,11.362871915218761
112,motion_minus_centered_equal_cyclone,rms_about_centroid_km,9.971855718256052
113,motion_minus_centered_equal_cyclone,rms_about_centroid_km,8.699266660758212
114,motion_minus_centered_equal_cyclone,rms_about_centroid_km,9.33878644478716
115,motion_minus_centered_equal_cyclone,rms_about_centroid_km,9.849547090303304
116,motion_minus_centered_equal_cyclone,rms_about_centroid_km,8.231636505204506
117,motion_minus_centered_equal_cyclone,rms_about_centroid_km,7.820785671875342
118,motion_minus_centered_equal_cyclone,rms_about_centroid_km,8.384654833342665
119,motion_minus_centered_equal_cyclone,rms_about_centroid_km,9.493664545643924
120,motion_minus_centered_equal_cyclone,rms_about_centroid_km,10.56382416478391
121,motion_minus_centered_equal_cyclone,rms_about_centroid_km,8.761829298134103
122,motion_minus_centered_equal_cyclone,rms_about_centroid_km,8.765650545059316
123,motion_minus_centered_equal_cyclone,rms_about_centroid_km,9.589257443449696
124,motion_minus_centered_equal_cyclone,rms_about_centroid_km,10.314242485309705
125,motion_minus_centered_equal_cyclone,rms_about_centroid_km,8.121395097775121
126,motion_minus_centered_equal_cyclone,rms_about_centroid_km,4.854737278141215
127,motion_minus_centered_equal_cyclone,rms_about_centroid_km,7.310748751072765
128,motion_minus_centered_equal_cyclone,rms_about_centroid_km,7.057148656004642
129,motion_minus_centered_equal_cyclone,rms_about_centroid_km,10.666554300879511
130,motion_minus_centered_equal_cyclone,rms_about_centroid_km,7.430859142036297
131,motion_minus_centered_equal_cyclone,rms_about_centroid_km,7.8457034457006785
132,motion_minus_centered_equal_cyclone,rms_about_centroid_km,7.866906313886375
133,motion_minus_centered_equal_cyclone,rms_about_centroid_km,7.272755650536283
134,motion_minus_centered_equal_cyclone,rms_about_centroid_km,9.003240725117848
135,motion_minus_centered_equal_cyclone,rms_about_centroid_km,7.944597499589577
136,motion_minus_centered_equal_cyclone,rms_about_centroid_km,6.675684111914279
137,motion_minus_centered_equal_cyclone,rms_about_centroid_km,6.312432983587314
138,motion_minus_centered_equal_cyclone,rms_about_centroid_km,6.413304352530531
139,motion_minus_centered_equal_cyclone,rms_about_centroid_km,8.110095181631323
140,motion_minus_centered_equal_cyclone,rms_about_centroid_km,8.306573574612912
141,motion_minus_centered_equal_cyclone,rms_about_centroid_km,7.478086537927879
142,motion_minus_centered_equal_cyclone,rms_about_centroid_km,7.852549720576349
143,motion_minus_centered_equal_cyclone,rms_about_centroid_km,11.201916680929685
144,motion_minus_centered_equal_cyclone,rms_about_centroid_km,7.747383718620426
145,motion_minus_centered_equal_cyclone,rms_about_centroid_km,8.670208974627371
146,motion_minus_centered_equal_cyclone,rms_about_centroid_km,7.649562931788296
147,motion_minus_centered_equal_cyclone,rms_about_centroid_km,10.30479399888452
148,motion_minus_centered_equal_cyclone,rms_about_centroid_km,8.867988555608349
149,motion_minus_centered_equal_cyclone,rms_about_centroid_km,9.394855189326108
150,motion_minus_centered_equal_cyclone,rms_about_centroid_km,10.341086639387072
151,motion_minus_centered_equal_cyclone,rms_about_centroid_km,8.129409751428398
152,motion_minus_centered_equal_cyclone,rms_about_centroid_km,7.694033859805359
153,motion_minus_centered_equal_cyclone,rms_about_centroid_km,5.744543211957193
154,motion_minus_centered_equal_cyclone,rms_about_centroid_km,3.2558616683784294
155,motion_minus_centered_equal_cyclone,rms_about_centroid_km,10.57415773373475
156,motion_minus_centered_equal_cyclone,rms_about_centroid_km,10.721462837650051
157,motion_minus_centered_equal_cyclone,rms_about_centroid_km,10.581091799546698
158,motion_minus_centered_equal_cyclone,rms_about_centroid_km,8.515484308147506
159,motion_minus_centered_equal_cyclone,rms_about_centroid_km,9.305395908183186
160,motion_minus_centered_equal_cyclone,rms_about_centroid_km,8.56974853396116
161,motion_minus_centered_equal_cyclone,rms_about_centroid_km,9.18082178095176
162,motion_minus_centered_equal_cyclone,rms_about_centroid_km,10.379280582812953
163,motion_minus_centered_equal_cyclone,rms_about_centroid_km,9.314389783509
164,motion_minus_centered_equal_cyclone,rms_about_centroid_km,8.959515768835672
165,motion_minus_centered_equal_cyclone,rms_about_centroid_km,9.213326906700217
166,motion_minus_centered_equal_cyclone,rms_about_centroid_km,9.668286325504255
167,motion_minus_centered_equal_cyclone,rms_about_centroid_km,8.576134874839454
168,motion_minus_centered_equal_cyclone,rms_about_centroid_km,4.975817164462455
169,motion_minus_centered_equal_cyclone,rms_about_centroid_km,8.81106168101735
170,motion_minus_centered_equal_cyclone,rms_about_centroid_km,9.00326238814182
171,motion_minus_centered_equal_cyclone,rms_about_centroid_km,9.013503496352087
172,motion_minus_centered_equal_cyclone,rms_about_centroid_km,7.780599961256598
173,motion_minus_centered_equal_cyclone,rms_about_centroid_km,5.424903096097182
174,motion_minus_centered_equal_cyclone,rms_about_centroid_km,9.706527526318382
175,motion_minus_centered_equal_cyclone,rms_about_centroid_km,8.880450870391542
176,motion_minus_centered_equal_cyclone,rms_about_centroid_km,9.0947214632738
177,motion_minus_centered_equal_cyclone,rms_about_centroid_km,8.117850840350343
178,motion_minus_centered_equal_cyclone,rms_about_centroid_km,8.314751798207908
179,motion_minus_centered_equal_cyclone,rms_about_centroid_km,7.161064886472218
180,motion_minus_centered_equal_cyclone,rms_about_centroid_km,9.466108281035986
181,motion_minus_centered_equal_cyclone,rms_about_centroid_km,7.6046350216197425
182,motion_minus_centered_equal_cyclone,rms_about_centroid_km,9.027564967521812
183,motion_minus_centered_equal_cyclone,rms_about_centroid_km,7.526016622756742
184,motion_minus_centered_equal_cyclone,rms_about_centroid_km,7.584211145478662
185,motion_minus_centered_equal_cyclone,rms_about_centroid_km,9.584649198047146
186,motion_minus_centered_equal_cyclone,rms_about_centroid_km,6.912741031011933
187,motion_minus_centered_equal_cyclone,rms_about_centroid_km,9.436952622572676
188,motion_minus_centered_equal_cyclone,rms_about_centroid_km,8.281606076914613
189,motion_minus_centered_equal_cyclone,rms_about_centroid_km,9.477721356142979
190,motion_minus_centered_equal_cyclone,rms_about_centroid_km,8.311263532553312
191,motion_minus_centered_equal_cyclone,rms_about_centroid_km,9.23292311123862
192,motion_minus_centered_equal_cyclone,rms_about_centroid_km,11.090182818239214
193,motion_minus_centered_equal_cyclone,rms_about_centroid_km,9.453552974045579
194,motion_minus_centered_equal_cyclone,rms_about_centroid_km,6.052302732208773
195,motion_minus_centered_equal_cyclone,rms_about_centroid_km,7.444632655326018
196,motion_minus_centered_equal_cyclone,rms_about_centroid_km,9.444077973996741
197,motion_minus_centered_equal_cyclone,rms_about_centroid_km,7.065070921075176
198,motion_minus_centered_equal_cyclone,rms_about_centroid_km,10.577012081941575
199,motion_minus_centered_equal_cyclone,rms_about_centroid_km,7.494156301069324
200,motion_minus_centered_equal_cyclone,rms_about_centroid_km,10.730739397212915
201,motion_minus_centered_equal_cyclone,rms_about_centroid_km,7.4542549858628036
202,motion_minus_centered_equal_cyclone,rms_about_centroid_km,10.492187413793317
203,motion_minus_centered_equal_cyclone,rms_about_centroid_km,11.238631813786128
204,motion_minus_centered_equal_cyclone,rms_about_centroid_km,7.070914823072371
205,motion_minus_centered_equal_cyclone,rms_about_centroid_km,6.227672609656679
206,motion_minus_centered_equal_cyclone,rms_about_centroid_km,7.054062708828155
207,motion_minus_centered_equal_cyclone,rms_about_centroid_km,5.750789330033854
208,motion_minus_centered_equal_cyclone,rms_about_centroid_km,6.7086942467186645
209,motion_minus_centered_equal_cyclone,rms_about_centroid_km,6.501594509114625
210,motion_minus_centered_equal_cyclone,rms_about_centroid_km,7.081890216605757
211,motion_minus_centered_equal_cyclone,rms_about_centroid_km,7.564074749704332
212,motion_minus_centered_equal_cyclone,rms_about_centroid_km,8.35561306053387
213,motion_minus_centered_equal_cyclone,rms_about_centroid_km,9.192303832482253
214,motion_minus_centered_equal_cyclone,rms_about_centroid_km,7.743031755196398
215,motion_minus_centered_equal_cyclone,rms_about_centroid_km,10.040769536811354
216,motion_minus_centered_equal_cyclone,rms_about_centroid_km,6.740796552927009
217,motion_minus_centered_equal_cyclone,rms_about_centroid_km,11.360006794669971
218,motion_minus_centered_equal_cyclone,rms_about_centroid_km,7.352874250341415
219,motion_minus_centered_equal_cyclone,rms_about_centroid_km,8.673887999110434
220,motion_minus_centered_equal_cyclone,rms_about_centroid_km,5.2441712128334075
221,motion_minus_centered_equal_cyclone,rms_about_centroid_km,8.60356793710639
222,motion_minus_centered_equal_cyclone,rms_about_centroid_km,7.3959416835322145
223,motion_minus_centered_equal_cyclone,rms_about_centroid_km,9.114151460555036
224,motion_minus_centered_equal_cyclone,rms_about_centroid_km,7.835662231868241
225,motion_minus_centered_equal_cyclone,rms_about_centroid_km,7.769088412224619
226,motion_minus_centered_equal_cyclone,rms_about_centroid_km,7.495916826140615
227,motion_minus_centered_equal_cyclone,rms_about_centroid_km,8.016358800221496
228,motion_minus_centered_equal_cyclone,rms_about_centroid_km,8.912359155727927
229,motion_minus_centered_equal_cyclone,rms_about_centroid_km,10.70195656565943
230,motion_minus_centered_equal_cyclone,rms_about_centroid_km,8.0783012593796
231,motion_minus_centered_equal_cyclone,rms_about_centroid_km,9.99026976854634
232,motion_minus_centered_equal_cyclone,rms_about_centroid_km,7.385547045636713
233,motion_minus_centered_equal_cyclone,rms_about_centroid_km,8.28401511421282
234,motion_minus_centered_equal_cyclone,rms_about_centroid_km,7.400850027677961
235,motion_minus_centered_equal_cyclone,rms_about_centroid_km,8.417205273349737
236,motion_minus_centered_equal_cyclone,rms_about_centroid_km,9.579752763925171
237,motion_minus_centered_equal_cyclone,rms_about_centroid_km,8.999592728516632
238,motion_minus_centered_equal_cyclone,rms_about_centroid_km,9.512476625388103
239,motion_minus_centered_equal_cyclone,rms_about_centroid_km,8.95395557400127
240,motion_minus_centered_equal_cyclone,rms_about_centroid_km,6.025058164697157
241,motion_minus_centered_equal_cyclone,rms_about_centroid_km,8.584031057771313
242,motion_minus_centered_equal_cyclone,rms_about_centroid_km,6.471323079476974
243,motion_minus_centered_equal_cyclone,rms_about_centroid_km,7.875131030997409
244,motion_minus_centered_equal_cyclone,rms_about_centroid_km,8.812178405371242
245,motion_minus_centered_equal_cyclone,rms_about_centroid_km,8.251930759511197
246,motion_minus_centered_equal_cyclone,rms_about_centroid_km,7.1653243027736835
247,motion_minus_centered_equal_cyclone,rms_about_centroid_km,6.5514644517924125
248,motion_minus_centered_equal_cyclone,rms_about_centroid_km,7.8833034762998295
249,motion_minus_centered_equal_cyclone,rms_about_centroid_km,6.794690116553056
250,motion_minus_centered_equal_cyclone,rms_about_centroid_km,10.52768103807216
251,motion_minus_centered_equal_cyclone,rms_about_centroid_km,10.253477591806814
252,motion_minus_centered_equal_cyclone,rms_about_centroid_km,8.124008500504942
253,motion_minus_centered_equal_cyclone,rms_about_centroid_km,6.315480980508482
254,motion_minus_centered_equal_cyclone,rms_about_centroid_km,8.104094253040444
255,motion_minus_centered_equal_cyclone,rms_about_centroid_km,8.54862528940862
256,motion_minus_centered_equal_cyclone,rms_about_centroid_km,6.532338045365691
257,motion_minus_centered_equal_cyclone,rms_about_centroid_km,7.147086282513101
258,motion_minus_centered_equal_cyclone,rms_about_centroid_km,8.707942225519673
259,motion_minus_centered_equal_cyclone,rms_about_centroid_km,8.779173224194778
260,motion_minus_centered_equal_cyclone,rms_about_centroid_km,9.476087340625782
261,motion_minus_centered_equal_cyclone,rms_about_centroid_km,7.6504870005724115
262,motion_minus_centered_equal_cyclone,rms_about_centroid_km,8.016671611239076
263,motion_minus_centered_equal_cyclone,rms_about_centroid_km,7.450426208836575
264,motion_minus_centered_equal_cyclone,rms_about_centroid_km,7.262351387141848
265,motion_minus_centered_equal_cyclone,rms_about_centroid_km,8.93897814355671
266,motion_minus_centered_equal_cyclone,rms_about_centroid_km,9.041272368272303
267,motion_minus_centered_equal_cyclone,rms_about_centroid_km,8.900539130726884
268,motion_minus_centered_equal_cyclone,rms_about_centroid_km,7.7324596159375005
269,motion_minus_centered_equal_cyclone,rms_about_centroid_km,10.59424465442487
270,motion_minus_centered_equal_cyclone,rms_about_centroid_km,7.895884379255108
271,motion_minus_centered_equal_cyclone,rms_about_centroid_km,6.438738234702214
272,motion_minus_centered_equal_cyclone,rms_about_centroid_km,8.608185616874835
273,motion_minus_centered_equal_cyclone,rms_about_centroid_km,7.9342062797824155
274,motion_minus_centered_equal_cyclone,rms_about_centroid_km,8.414282171595005
275,motion_minus_centered_equal_cyclone,rms_about_centroid_km,8.369277771475595
276,motion_minus_centered_equal_cyclone,rms_about_centroid_km,6.444000921738848
277,motion_minus_centered_equal_cyclone,rms_about_centroid_km,9.02913077911569
278,motion_minus_centered_equal_cyclone,rms_about_centroid_km,7.324848980737897
279,motion_minus_centered_equal_cyclone,rms_about_centroid_km,6.946782935006354
280,motion_minus_centered_equal_cyclone,rms_about_centroid_km,8.098074200301994
281,motion_minus_centered_equal_cyclone,rms_about_centroid_km,8.262821038762922
282,motion_minus_centered_equal_cyclone,rms_about_centroid_km,7.048990830417097
283,motion_minus_centered_equal_cyclone,rms_about_centroid_km,9.085385235351055
284,motion_minus_centered_equal_cyclone,rms_about_centroid_km,11.03521375040441
285,motion_minus_centered_equal_cyclone,rms_about_centroid_km,8.415564203055055
286,motion_minus_centered_equal_cyclone,rms_about_centroid_km,9.278022352045468
287,motion_minus_centered_equal_cyclone,rms_about_centroid_km,9.048344763982982
288,motion_minus_centered_equal_cyclone,rms_about_centroid_km,8.048530478257817
289,motion_minus_centered_equal_cyclone,rms_about_centroid_km,8.984091120206017
290,motion_minus_centered_equal_cyclone,rms_about_centroid_km,5.369787187926363
291,motion_minus_centered_equal_cyclone,rms_about_centroid_km,8.325278234654888
292,motion_minus_centered_equal_cyclone,rms_about_centroid_km,6.341726216956317
293,motion_minus_centered_equal_cyclone,rms_about_centroid_km,5.463652961592857
294,motion_minus_centered_equal_cyclone,rms_about_centroid_km,9.078141720903659
295,motion_minus_centered_equal_cyclone,rms_about_centroid_km,7.778911304523717
296,motion_minus_centered_equal_cyclone,rms_about_centroid_km,9.696594653372813
297,motion_minus_centered_equal_cyclone,rms_about_centroid_km,8.132672677792698
298,motion_minus_centered_equal_cyclone,rms_about_centroid_km,9.323289089966693
299,motion_minus_centered_equal_cyclone,rms_about_centroid_km,6.512939438395392
300,motion_minus_centered_equal_cyclone,rms_about_centroid_km,9.300203180552103
301,motion_minus_centered_equal_cyclone,rms_about_centroid_km,7.381201758385828
302,motion_minus_centered_equal_cyclone,rms_about_centroid_km,7.201489898087516
303,motion_minus_centered_equal_cyclone,rms_about_centroid_km,8.7771793921778
304,motion_minus_centered_equal_cyclone,rms_about_centroid_km,7.100905465118785
305,motion_minus_centered_equal_cyclone,rms_about_centroid_km,6.866692387134549
306,motion_minus_centered_equal_cyclone,rms_about_centroid_km,6.416315966786215
307,motion_minus_centered_equal_cyclone,rms_about_centroid_km,6.8462500978017715
308,motion_minus_centered_equal_cyclone,rms_about_centroid_km,7.671385984887593
309,motion_minus_centered_equal_cyclone,rms_about_centroid_km,8.164842047176194
310,motion_minus_centered_equal_cyclone,rms_about_centroid_km,6.353616156747194
311,motion_minus_centered_equal_cyclone,rms_about_centroid_km,10.488913994645486
312,motion_minus_centered_equal_cyclone,rms_about_centroid_km,9.830762984626176
313,motion_minus_centered_equal_cyclone,rms_about_centroid_km,8.143862781252437
314,motion_minus_centered_equal_cyclone,rms_about_centroid_km,5.69218607920925
315,motion_minus_centered_equal_cyclone,rms_about_centroid_km,6.714804694865734
316,motion_minus_centered_equal_cyclone,rms_about_centroid_km,8.623660492513295
317,motion_minus_centered_equal_cyclone,rms_about_centroid_km,7.623522220493555
318,motion_minus_centered_equal_cyclone,rms_about_centroid_km,9.325904317745994
319,motion_minus_centered_equal_cyclone,rms_about_centroid_km,7.857980969992241
320,motion_minus_centered_equal_cyclone,rms_about_centroid_km,8.38491362736579
321,motion_minus_centered_equal_cyclone,rms_about_centroid_km,7.2849962147624865
322,motion_minus_centered_equal_cyclone,rms_about_centroid_km,7.845487811120734
323,motion_minus_centered_equal_cyclone,rms_about_centroid_km,9.65602505156005
324,motion_minus_centered_equal_cyclone,rms_about_centroid_km,7.73615265781973
325,motion_minus_centered_equal_cyclone,rms_about_centroid_km,8.19698535574571
326,motion_minus_centered_equal_cyclone,rms_about_centroid_km,6.286430759287782
327,motion_minus_centered_equal_cyclone,rms_about_centroid_km,8.454088789453635
328,motion_minus_centered_equal_cyclone,rms_about_centroid_km,8.264723297672617
329,motion_minus_centered_equal_cyclone,rms_about_centroid_km,9.4729804587339
330,motion_minus_centered_equal_cyclone,rms_about_centroid_km,6.468434100309423
331,motion_minus_centered_equal_cyclone,rms_about_centroid_km,7.161612699549664
332,motion_minus_centered_equal_cyclone,rms_about_centroid_km,8.25062910651775
333,motion_minus_centered_equal_cyclone,rms_about_centroid_km,5.767772914745819
334,motion_minus_centered_equal_cyclone,rms_about_centroid_km,9.496013320772136
335,motion_minus_centered_equal_cyclone,rms_about_centroid_km,7.5788861698312076
336,motion_minus_centered_equal_cyclone,rms_about_centroid_km,4.794739678636688
337,motion_minus_centered_equal_cyclone,rms_about_centroid_km,10.061752122676126
338,motion_minus_centered_equal_cyclone,rms_about_centroid_km,11.019156542287192
339,motion_minus_centered_equal_cyclone,rms_about_centroid_km,10.25004353537338
340,motion_minus_centered_equal_cyclone,rms_about_centroid_km,7.79608491614772
341,motion_minus_centered_equal_cyclone,rms_about_centroid_km,8.228400475744365
342,motion_minus_centered_equal_cyclone,rms_about_centroid_km,9.007748611143825
343,motion_minus_centered_equal_cyclone,rms_about_centroid_km,10.182030340101733
344,motion_minus_centered_equal_cyclone,rms_about_centroid_km,7.595469867017755
345,motion_minus_centered_equal_cyclone,rms_about_centroid_km,9.909939727025403
346,motion_minus_centered_equal_cyclone,rms_about_centroid_km,9.096469987458704
347,motion_minus_centered_equal_cyclone,rms_about_centroid_km,7.562952919804957
348,motion_minus_centered_equal_cyclone,rms_about_centroid_km,7.900106025680998
349,motion_minus_centered_equal_cyclone,rms_about_centroid_km,7.65852784819856
350,motion_minus_centered_equal_cyclone,rms_about_centroid_km,7.568387425762353
351,motion_minus_centered_equal_cyclone,rms_about_centroid_km,6.581305511472692
352,motion_minus_centered_equal_cyclone,rms_about_centroid_km,10.035621878578354
353,motion_minus_centered_equal_cyclone,rms_about_centroid_km,8.692921043014053
354,motion_minus_centered_equal_cyclone,rms_about_centroid_km,11.440787184808528
355,motion_minus_centered_equal_cyclone,rms_about_centroid_km,10.020695027375268
356,motion_minus_centered_equal_cyclone,rms_about_centroid_km,7.286917967334375
357,motion_minus_centered_equal_cyclone,rms_about_centroid_km,7.340607089382161
358,motion_minus_centered_equal_cyclone,rms_about_centroid_km,8.999004234499353
359,motion_minus_centered_equal_cyclone,rms_about_centroid_km,5.682911873799071
360,motion_minus_centered_equal_cyclone,rms_about_centroid_km,8.01116148903111
361,motion_minus_centered_equal_cyclone,rms_about_centroid_km,9.838845070815864
362,motion_minus_centered_equal_cyclone,rms_about_centroid_km,9.740288126856058
363,motion_minus_centered_equal_cyclone,rms_about_centroid_km,10.371915358419528
364,motion_minus_centered_equal_cyclone,rms_about_centroid_km,7.32255584656923
365,motion_minus_centered_equal_cyclone,rms_about_centroid_km,7.695888724766178
366,motion_minus_centered_equal_cyclone,rms_about_centroid_km,5.483370629806018
367,motion_minus_centered_equal_cyclone,rms_about_centroid_km,9.073255995184127
368,motion_minus_centered_equal_cyclone,rms_about_centroid_km,10.78006747088159
369,motion_minus_centered_equal_cyclone,rms_about_centroid_km,5.726276785946538
370,motion_minus_centered_equal_cyclone,rms_about_centroid_km,4.8179850987907
371,motion_minus_centered_equal_cyclone,rms_about_centroid_km,7.306817681519192
372,motion_minus_centered_equal_cyclone,rms_about_centroid_km,8.192415466782904
373,motion_minus_centered_equal_cyclone,rms_about_centroid_km,7.796505337275789
374,motion_minus_centered_equal_cyclone,rms_about_centroid_km,7.242254844417289
375,motion_minus_centered_equal_cyclone,rms_about_centroid_km,5.669360170387222
376,motion_minus_centered_equal_cyclone,rms_about_centroid_km,6.213479782096783
377,motion_minus_centered_equal_cyclone,rms_about_centroid_km,7.245918999333298
378,motion_minus_centered_equal_cyclone,rms_about_centroid_km,8.684172389206651
379,motion_minus_centered_equal_cyclone,rms_about_centroid_km,7.73582721410196
380,motion_minus_centered_equal_cyclone,rms_about_centroid_km,6.087037774776604
381,motion_minus_centered_equal_cyclone,rms_about_centroid_km,7.757202176884789
382,motion_minus_centered_equal_cyclone,rms_about_centroid_km,5.996059216313029
383,motion_minus_centered_equal_cyclone,rms_about_centroid_km,8.319341200157396
384,motion_minus_centered_equal_cyclone,rms_about_centroid_km,8.305041053220407
385,motion_minus_centered_equal_cyclone,rms_about_centroid_km,9.504574283729767
386,motion_minus_centered_equal_cyclone,rms_about_centroid_km,10.598312578344121
387,motion_minus_centered_equal_cyclone,rms_about_centroid_km,6.632053331126713
388,motion_minus_centered_equal_cyclone,rms_about_centroid_km,7.289785544089
389,motion_minus_centered_equal_cyclone,rms_about_centroid_km,8.339234039090798
390,motion_minus_centered_equal_cyclone,rms_about_centroid_km,8.726926603386687
391,motion_minus_centered_equal_cyclone,rms_about_centroid_km,8.10659599191672
392,motion_minus_centered_equal_cyclone,rms_about_centroid_km,6.8746428169379215
393,motion_minus_centered_equal_cyclone,rms_about_centroid_km,9.914968589666614
394,motion_minus_centered_equal_cyclone,rms_about_centroid_km,8.440601176321138
395,motion_minus_centered_equal_cyclone,rms_about_centroid_km,6.417935522404491
396,motion_minus_centered_equal_cyclone,rms_about_centroid_km,7.327336770060356
397,motion_minus_centered_equal_cyclone,rms_about_centroid_km,9.743309348509001
398,motion_minus_centered_equal_cyclone,rms_about_centroid_km,7.400484811497336
399,motion_minus_centered_equal_cyclone,rms_about_centroid_km,9.132658582833187
400,motion_minus_centered_equal_cyclone,rms_about_centroid_km,9.606528295299427
401,motion_minus_centered_equal_cyclone,rms_about_centroid_km,9.222691668667153
402,motion_minus_centered_equal_cyclone,rms_about_centroid_km,9.754603367686059
403,motion_minus_centered_equal_cyclone,rms_about_centroid_km,7.887918100271918
404,motion_minus_centered_equal_cyclone,rms_about_centroid_km,8.118788323296258
405,motion_minus_centered_equal_cyclone,rms_about_centroid_km,6.9136314657311
406,motion_minus_centered_equal_cyclone,rms_about_centroid_km,7.4402605730746245
407,motion_minus_centered_equal_cyclone,rms_about_centroid_km,8.434455387803496
408,motion_minus_centered_equal_cyclone,rms_about_centroid_km,7.834564318409662
409,motion_minus_centered_equal_cyclone,rms_about_centroid_km,7.437296712329385
410,motion_minus_centered_equal_cyclone,rms_about_centroid_km,9.478503943477335
411,motion_minus_centered_equal_cyclone,rms_about_centroid_km,9.115849119916788
412,motion_minus_centered_equal_cyclone,rms_about_centroid_km,7.510391961171081
413,motion_minus_centered_equal_cyclone,rms_about_centroid_km,8.274328132766868
414,motion_minus_centered_equal_cyclone,rms_about_centroid_km,10.736873432253219
415,motion_minus_centered_equal_cyclone,rms_about_centroid_km,9.006230772632875
416,motion_minus_centered_equal_cyclone,rms_about_centroid_km,6.791136932876611
417,motion_minus_centered_equal_cyclone,rms_about_centroid_km,8.352959377855086
418,motion_minus_centered_equal_cyclone,rms_about_centroid_km,8.2648776669173
419,motion_minus_centered_equal_cyclone,rms_about_centroid_km,9.29977405228317
420,motion_minus_centered_equal_cyclone,rms_about_centroid_km,9.12813093657519
421,motion_minus_centered_equal_cyclone,rms_about_centroid_km,9.10444933496035
422,motion_minus_centered_equal_cyclone,rms_about_centroid_km,7.930895787136251
423,motion_minus_centered_equal_cyclone,rms_about_centroid_km,5.6759065158457815
424,motion_minus_centered_equal_cyclone,rms_about_centroid_km,8.126006755681942
425,motion_minus_centered_equal_cyclone,rms_about_centroid_km,7.321259957614757
426,motion_minus_centered_equal_cyclone,rms_about_centroid_km,6.690880907740393
427,motion_minus_centered_equal_cyclone,rms_about_centroid_km,8.982344304034768
428,motion_minus_centered_equal_cyclone,rms_about_centroid_km,11.466542783226146
429,motion_minus_centered_equal_cyclone,rms_about_centroid_km,6.708121376966687
430,motion_minus_centered_equal_cyclone,rms_about_centroid_km,7.546802884234921
431,motion_minus_centered_equal_cyclone,rms_about_centroid_km,5.798626297487431
432,motion_minus_centered_equal_cyclone,rms_about_centroid_km,7.129777850704613
433,motion_minus_centered_equal_cyclone,rms_about_centroid_km,8.899267086390523
434,motion_minus_centered_equal_cyclone,rms_about_centroid_km,7.206849352800418
435,motion_minus_centered_equal_cyclone,rms_about_centroid_km,6.547647760218069
436,motion_minus_centered_equal_cyclone,rms_about_centroid_km,7.819694467359454
437,motion_minus_centered_equal_cyclone,rms_about_centroid_km,11.642525470022747
438,motion_minus_centered_equal_cyclone,rms_about_centroid_km,9.98449620261431
439,motion_minus_centered_equal_cyclone,rms_about_centroid_km,10.039246037346288
440,motion_minus_centered_equal_cyclone,rms_about_centroid_km,8.854158756357151
441,motion_minus_centered_equal_cyclone,rms_about_centroid_km,7.487167158930333
442,motion_minus_centered_equal_cyclone,rms_about_centroid_km,9.675750152974047
443,motion_minus_centered_equal_cyclone,rms_about_centroid_km,10.81232370576322
444,motion_minus_centered_equal_cyclone,rms_about_centroid_km,9.032556674407829
445,motion_minus_centered_equal_cyclone,rms_about_centroid_km,7.427398473031872
446,motion_minus_centered_equal_cyclone,rms_about_centroid_km,7.607057250025491
447,motion_minus_centered_equal_cyclone,rms_about_centroid_km,6.006161734276361
448,motion_minus_centered_equal_cyclone,rms_about_centroid_km,9.370259027304087
449,motion_minus_centered_equal_cyclone,rms_about_centroid_km,7.189139525756104
450,motion_minus_centered_equal_cyclone,rms_about_centroid_km,9.220132395569635
451,motion_minus_centered_equal_cyclone,rms_about_centroid_km,7.53065821502355
452,motion_minus_centered_equal_cyclone,rms_about_centroid_km,9.501221387058422
453,motion_minus_centered_equal_cyclone,rms_about_centroid_km,8.900455352878339
454,motion_minus_centered_equal_cyclone,rms_about_centroid_km,9.470154000916978
455,motion_minus_centered_equal_cyclone,rms_about_centroid_km,8.998736341610538
456,motion_minus_centered_equal_cyclone,rms_about_centroid_km,8.403222105649661
457,motion_minus_centered_equal_cyclone,rms_about_centroid_km,8.373208465384096
458,motion_minus_centered_equal_cyclone,rms_about_centroid_km,7.9922380660075305
459,motion_minus_centered_equal_cyclone,rms_about_centroid_km,8.813354810980286
460,motion_minus_centered_equal_cyclone,rms_about_centroid_km,6.570043878990532
461,motion_minus_centered_equal_cyclone,rms_about_centroid_km,7.31847207000726
462,motion_minus_centered_equal_cyclone,rms_about_centroid_km,8.517076248285093
463,motion_minus_centered_equal_cyclone,rms_about_centroid_km,7.814241176040127
464,motion_minus_centered_equal_cyclone,rms_about_centroid_km,9.285600155641873
465,motion_minus_centered_equal_cyclone,rms_about_centroid_km,11.169923296277034
466,motion_minus_centered_equal_cyclone,rms_about_centroid_km,7.668650950585516
467,motion_minus_centered_equal_cyclone,rms_about_centroid_km,10.157420883334453
468,motion_minus_centered_equal_cyclone,rms_about_centroid_km,7.996580073003656
469,motion_minus_centered_equal_cyclone,rms_about_centroid_km,7.083878854116733
470,motion_minus_centered_equal_cyclone,rms_about_centroid_km,8.235561065702313
471,motion_minus_centered_equal_cyclone,rms_about_centroid_km,6.356876613466397
472,motion_minus_centered_equal_cyclone,rms_about_centroid_km,11.085913279514102
473,motion_minus_centered_equal_cyclone,rms_about_centroid_km,7.533720085905429
474,motion_minus_centered_equal_cyclone,rms_about_centroid_km,9.190038696237025
475,motion_minus_centered_equal_cyclone,rms_about_centroid_km,7.202455038761855
476,motion_minus_centered_equal_cyclone,rms_about_centroid_km,7.6075900434017285
477,motion_minus_centered_equal_cyclone,rms_about_centroid_km,8.895337000013683
478,motion_minus_centered_equal_cyclone,rms_about_centroid_km,7.939135110929556
479,motion_minus_centered_equal_cyclone,rms_about_centroid_km,10.251515399691925
480,motion_minus_centered_equal_cyclone,rms_about_centroid_km,9.813229852432187
481,motion_minus_centered_equal_cyclone,rms_about_centroid_km,9.344370978698294
482,motion_minus_centered_equal_cyclone,rms_about_centroid_km,7.627259757798697
483,motion_minus_centered_equal_cyclone,rms_about_centroid_km,9.233149879418875
484,motion_minus_centered_equal_cyclone,rms_about_centroid_km,7.785974065304686
485,motion_minus_centered_equal_cyclone,rms_about_centroid_km,9.752476315842841
486,motion_minus_centered_equal_cyclone,rms_about_centroid_km,10.069391471659856
487,motion_minus_centered_equal_cyclone,rms_about_centroid_km,7.833462256006555
488,motion_minus_centered_equal_cyclone,rms_about_centroid_km,9.398460920109414
489,motion_minus_centered_equal_cyclone,rms_about_centroid_km,9.709923180524811
490,motion_minus_centered_equal_cyclone,rms_about_centroid_km,9.059655340727545
491,motion_minus_centered_equal_cyclone,rms_about_centroid_km,9.535715285767083
492,motion_minus_centered_equal_cyclone,rms_about_centroid_km,8.425620420373775
493,motion_minus_centered_equal_cyclone,rms_about_centroid_km,8.672349492968578
494,motion_minus_centered_equal_cyclone,rms_about_centroid_km,8.052928341307393
495,motion_minus_centered_equal_cyclone,rms_about_centroid_km,7.251608460413763
496,motion_minus_centered_equal_cyclone,rms_about_centroid_km,8.383370066788302
497,motion_minus_centered_equal_cyclone,rms_about_centroid_km,8.720602324445622
498,motion_minus_centered_equal_cyclone,rms_about_centroid_km,10.190440786625118
499,motion_minus_centered_equal_cyclone,rms_about_centroid_km,6.004689620893487
500,motion_minus_centered_equal_cyclone,rms_about_centroid_km,7.463696193085866
