track_id,eligible_states,q95_positive_states,eligible_duration_hours,q95_positive_duration_hours,eligible_time_span_hours,equal_state_mass_fraction,equal_cyclone_mass_fraction,equal_state_contribution_rank
20100003,7,6,42,36,36.0,0.000354588972282962,0.0005691519635742744,1126
20100009,11,8,66,48,60.0,0.00047278529637728267,0.0005691519635742744,864
20100011,18,16,108,96,108.0,0.0009455705927545653,0.0005691519635742744,229
20100015,13,10,78,60,72.0,0.0005909816204716033,0.0005691519635742744,652
20100021,5,3,30,18,24.0,0.000177294486141481,0.0005691519635742744,1561
20100022,11,10,66,60,60.0,0.0005909816204716033,0.0005691519635742744,653
20100026,15,14,90,84,84.0,0.0008273742686602446,0.0005691519635742744,345
20100035,6,3,36,18,30.0,0.000177294486141481,0.0005691519635742744,1562
20100041,7,7,42,42,36.0,0.0004136871343301223,0.0005691519635742744,990
20100042,15,7,90,42,84.0,0.0004136871343301223,0.0005691519635742744,991
20100048,10,2,60,12,54.0,0.00011819632409432067,0.0005691519635742744,1639
20100050,16,16,96,96,90.0,0.0009455705927545653,0.0005691519635742744,230
20100056,14,9,84,54,78.0,0.000531883458424443,0.0005691519635742744,749
20100059,35,17,210,102,228.0,0.0010046687548017257,0.0005691519635742744,186
20100064,18,14,108,84,132.0,0.0008273742686602446,0.0005691519635742744,346
20100069,14,11,84,66,78.0,0.0006500797825187637,0.0005691519635742744,562
20100077,11,11,66,66,60.0,0.0006500797825187637,0.0005691519635742744,563
20100079,18,18,108,108,102.0,0.001063766916848886,0.0005691519635742744,143
20100083,18,14,108,84,102.0,0.0008273742686602446,0.0005691519635742744,347
20100087,24,5,144,30,222.0,0.00029549081023580166,0.0005691519635742744,1287
20100093,10,10,60,60,54.0,0.0005909816204716033,0.0005691519635742744,654
20100095,10,2,60,12,54.0,0.00011819632409432067,0.0005691519635742744,1640
20100102,11,11,66,66,60.0,0.0006500797825187637,0.0005691519635742744,564
20100105,14,13,84,78,78.0,0.0007682761066130844,0.0005691519635742744,419
20100108,5,4,30,24,24.0,0.00023639264818864133,0.0005691519635742744,1451
20100112,6,6,36,36,30.0,0.000354588972282962,0.0005691519635742744,1127
20100133,12,9,72,54,66.0,0.000531883458424443,0.0005691519635742744,750
20100135,21,20,126,120,120.0,0.0011819632409432066,0.0005691519635742744,86
20100137,5,5,30,30,24.0,0.00029549081023580166,0.0005691519635742744,1288
20100138,6,6,36,36,30.0,0.000354588972282962,0.0005691519635742744,1128
20100144,14,13,84,78,78.0,0.0007682761066130844,0.0005691519635742744,420
20100149,19,14,114,84,108.0,0.0008273742686602446,0.0005691519635742744,348
20100158,5,4,30,24,24.0,0.00023639264818864133,0.0005691519635742744,1452
20100173,24,18,144,108,138.0,0.001063766916848886,0.0005691519635742744,144
20100192,7,3,42,18,36.0,0.000177294486141481,0.0005691519635742744,1563
20100196,29,21,174,126,168.0,0.001241061402990367,0.0005691519635742744,74
20100208,5,5,30,30,24.0,0.00029549081023580166,0.0005691519635742744,1289
20100209,20,10,120,60,120.0,0.0005909816204716033,0.0005691519635742744,655
20100219,16,4,96,24,90.0,0.00023639264818864133,0.0005691519635742744,1453
20100222,10,1,60,6,54.0,5.9098162047160334e-05,0.0005691519635742744,1708
20100223,5,2,30,12,24.0,0.00011819632409432067,0.0005691519635742744,1641
20100234,18,18,108,108,102.0,0.001063766916848886,0.0005691519635742744,145
20100249,12,2,72,12,66.0,0.00011819632409432067,0.0005691519635742744,1642
20100257,14,6,84,36,78.0,0.000354588972282962,0.0005691519635742744,1129
20100260,16,3,96,18,90.0,0.000177294486141481,0.0005691519635742744,1564
20100269,13,13,78,78,72.0,0.0007682761066130844,0.0005691519635742744,421
20100290,23,18,138,108,144.0,0.001063766916848886,0.0005691519635742744,146
20100304,28,19,168,114,186.0,0.0011228650788960464,0.0005691519635742744,114
20100312,15,1,90,6,84.0,5.9098162047160334e-05,0.0005691519635742744,1709
20100320,7,7,42,42,36.0,0.0004136871343301223,0.0005691519635742744,992
20100321,4,4,24,24,18.0,0.00023639264818864133,0.0005691519635742744,1454
20100322,27,20,162,120,174.0,0.0011819632409432066,0.0005691519635742744,87
20100323,5,5,30,30,24.0,0.00029549081023580166,0.0005691519635742744,1290
20100328,11,11,66,66,60.0,0.0006500797825187637,0.0005691519635742744,565
20100350,15,14,90,84,84.0,0.0008273742686602446,0.0005691519635742744,349
20100355,5,5,30,30,24.0,0.00029549081023580166,0.0005691519635742744,1291
20100371,11,11,66,66,60.0,0.0006500797825187637,0.0005691519635742744,566
20100376,7,7,42,42,36.0,0.0004136871343301223,0.0005691519635742744,993
20100379,12,3,72,18,66.0,0.000177294486141481,0.0005691519635742744,1565
20100385,7,1,42,6,36.0,5.9098162047160334e-05,0.0005691519635742744,1710
20100418,4,4,24,24,18.0,0.00023639264818864133,0.0005691519635742744,1455
20100436,11,11,66,66,60.0,0.0006500797825187637,0.0005691519635742744,567
20100437,11,4,66,24,60.0,0.00023639264818864133,0.0005691519635742744,1456
20100445,19,12,114,72,108.0,0.000709177944565924,0.0005691519635742744,487
20100453,15,13,90,78,84.0,0.0007682761066130844,0.0005691519635742744,422
20100459,26,18,156,108,150.0,0.001063766916848886,0.0005691519635742744,147
20100481,17,11,102,66,96.0,0.0006500797825187637,0.0005691519635742744,568
20100491,4,0,24,0,18.0,0.0,0.0,1758
20100502,31,23,186,138,180.0,0.0013592577270846876,0.0005691519635742744,45
20100507,7,6,42,36,36.0,0.000354588972282962,0.0005691519635742744,1130
20100510,26,25,156,150,150.0,0.0014774540511790083,0.0005691519635742744,27
20100534,8,8,48,48,42.0,0.00047278529637728267,0.0005691519635742744,865
20100540,5,4,30,24,24.0,0.00023639264818864133,0.0005691519635742744,1457
20100541,8,7,48,42,42.0,0.0004136871343301223,0.0005691519635742744,994
20100543,6,5,36,30,30.0,0.00029549081023580166,0.0005691519635742744,1292
20100545,5,5,30,30,24.0,0.00029549081023580166,0.0005691519635742744,1293
20100560,16,15,96,90,90.0,0.000886472430707405,0.0005691519635742744,284
20100583,6,1,36,6,30.0,5.9098162047160334e-05,0.0005691519635742744,1711
20100596,22,20,132,120,126.0,0.0011819632409432066,0.0005691519635742744,88
20100601,6,6,36,36,30.0,0.000354588972282962,0.0005691519635742744,1131
20100609,23,20,138,120,138.0,0.0011819632409432066,0.0005691519635742744,89
20100650,15,13,90,78,90.0,0.0007682761066130844,0.0005691519635742744,423
20100651,12,11,72,66,66.0,0.0006500797825187637,0.0005691519635742744,569
20100655,9,9,54,54,48.0,0.000531883458424443,0.0005691519635742744,751
20100664,11,6,66,36,60.0,0.000354588972282962,0.0005691519635742744,1132
20100675,12,12,72,72,66.0,0.000709177944565924,0.0005691519635742744,488
20100676,24,17,144,102,138.0,0.0010046687548017257,0.0005691519635742744,187
20100680,5,5,30,30,24.0,0.00029549081023580166,0.0005691519635742744,1294
20100682,21,15,126,90,120.0,0.000886472430707405,0.0005691519635742744,285
20100690,10,10,60,60,54.0,0.0005909816204716033,0.0005691519635742744,656
20100705,22,19,132,114,126.0,0.0011228650788960464,0.0005691519635742744,115
20100707,9,5,54,30,48.0,0.00029549081023580166,0.0005691519635742744,1295
20100714,6,3,36,18,30.0,0.000177294486141481,0.0005691519635742744,1566
20100715,14,9,84,54,78.0,0.000531883458424443,0.0005691519635742744,752
20100718,15,14,90,84,84.0,0.0008273742686602446,0.0005691519635742744,350
20100730,21,20,126,120,126.0,0.0011819632409432066,0.0005691519635742744,90
20100731,9,9,54,54,48.0,0.000531883458424443,0.0005691519635742744,753
20100735,14,14,84,84,78.0,0.0008273742686602446,0.0005691519635742744,351
20100744,7,6,42,36,36.0,0.000354588972282962,0.0005691519635742744,1133
20100745,5,5,30,30,24.0,0.00029549081023580166,0.0005691519635742744,1296
20100751,11,1,66,6,60.0,5.9098162047160334e-05,0.0005691519635742744,1712
20100759,27,24,162,144,156.0,0.001418355889131848,0.0005691519635742744,32
20100760,16,2,96,12,90.0,0.00011819632409432067,0.0005691519635742744,1643
20100761,5,5,30,30,24.0,0.00029549081023580166,0.0005691519635742744,1297
20100769,12,12,72,72,66.0,0.000709177944565924,0.0005691519635742744,489
20100772,6,6,36,36,30.0,0.000354588972282962,0.0005691519635742744,1134
20100803,9,5,54,30,48.0,0.00029549081023580166,0.0005691519635742744,1298
20100814,9,9,54,54,48.0,0.000531883458424443,0.0005691519635742744,754
20100822,9,9,54,54,48.0,0.000531883458424443,0.0005691519635742744,755
20100833,11,5,66,30,60.0,0.00029549081023580166,0.0005691519635742744,1299
20100840,8,8,48,48,42.0,0.00047278529637728267,0.0005691519635742744,866
20100843,6,6,36,36,30.0,0.000354588972282962,0.0005691519635742744,1135
20100845,6,5,36,30,30.0,0.00029549081023580166,0.0005691519635742744,1300
20100850,11,6,66,36,60.0,0.000354588972282962,0.0005691519635742744,1136
20100851,7,7,42,42,36.0,0.0004136871343301223,0.0005691519635742744,995
20100862,10,2,60,12,54.0,0.00011819632409432067,0.0005691519635742744,1644
20100867,9,9,54,54,48.0,0.000531883458424443,0.0005691519635742744,756
20100872,9,8,54,48,48.0,0.00047278529637728267,0.0005691519635742744,867
20100877,11,1,66,6,60.0,5.9098162047160334e-05,0.0005691519635742744,1713
20100880,13,13,78,78,72.0,0.0007682761066130844,0.0005691519635742744,424
20100896,14,13,84,78,78.0,0.0007682761066130844,0.0005691519635742744,425
20100897,11,10,66,60,60.0,0.0005909816204716033,0.0005691519635742744,657
20100901,17,1,102,6,96.0,5.9098162047160334e-05,0.0005691519635742744,1714
20100905,10,9,60,54,60.0,0.000531883458424443,0.0005691519635742744,757
20100917,26,16,156,96,150.0,0.0009455705927545653,0.0005691519635742744,231
20100924,9,7,54,42,48.0,0.0004136871343301223,0.0005691519635742744,996
20100929,7,7,42,42,36.0,0.0004136871343301223,0.0005691519635742744,997
20100937,5,5,30,30,24.0,0.00029549081023580166,0.0005691519635742744,1301
20100953,20,19,120,114,126.0,0.0011228650788960464,0.0005691519635742744,116
20100954,6,6,36,36,30.0,0.000354588972282962,0.0005691519635742744,1137
20100959,9,8,54,48,48.0,0.00047278529637728267,0.0005691519635742744,868
20100960,14,11,84,66,78.0,0.0006500797825187637,0.0005691519635742744,570
20100974,13,6,78,36,72.0,0.000354588972282962,0.0005691519635742744,1138
20100983,6,6,36,36,30.0,0.000354588972282962,0.0005691519635742744,1139
20100997,32,17,192,102,186.0,0.0010046687548017257,0.0005691519635742744,188
20100999,16,12,96,72,90.0,0.000709177944565924,0.0005691519635742744,490
20101006,6,2,36,12,30.0,0.00011819632409432067,0.0005691519635742744,1645
20101019,30,13,180,78,174.0,0.0007682761066130844,0.0005691519635742744,426
20101027,11,8,66,48,60.0,0.00047278529637728267,0.0005691519635742744,869
20101034,5,4,30,24,24.0,0.00023639264818864133,0.0005691519635742744,1458
20101036,6,3,36,18,30.0,0.000177294486141481,0.0005691519635742744,1567
20101040,23,23,138,138,144.0,0.0013592577270846876,0.0005691519635742744,46
20101053,20,20,120,120,120.0,0.0011819632409432066,0.0005691519635742744,91
20101055,5,2,30,12,24.0,0.00011819632409432067,0.0005691519635742744,1646
20101064,10,4,60,24,54.0,0.00023639264818864133,0.0005691519635742744,1459
20101068,27,23,162,138,156.0,0.0013592577270846876,0.0005691519635742744,47
20101069,6,6,36,36,30.0,0.000354588972282962,0.0005691519635742744,1140
20101072,9,4,54,24,48.0,0.00023639264818864133,0.0005691519635742744,1460
20101078,28,24,168,144,162.0,0.001418355889131848,0.0005691519635742744,33
20101090,14,10,84,60,78.0,0.0005909816204716033,0.0005691519635742744,658
20101091,21,15,126,90,126.0,0.000886472430707405,0.0005691519635742744,286
20101094,12,10,72,60,66.0,0.0005909816204716033,0.0005691519635742744,659
20101110,11,9,66,54,60.0,0.000531883458424443,0.0005691519635742744,758
20101114,15,13,90,78,84.0,0.0007682761066130844,0.0005691519635742744,427
20101141,29,18,174,108,174.0,0.001063766916848886,0.0005691519635742744,148
20101143,5,5,30,30,24.0,0.00029549081023580166,0.0005691519635742744,1302
20101146,6,6,36,36,30.0,0.000354588972282962,0.0005691519635742744,1141
20101148,6,6,36,36,30.0,0.000354588972282962,0.0005691519635742744,1142
20101159,5,2,30,12,24.0,0.00011819632409432067,0.0005691519635742744,1647
20101161,15,15,90,90,84.0,0.000886472430707405,0.0005691519635742744,287
20101166,26,16,156,96,222.0,0.0009455705927545653,0.0005691519635742744,232
20101168,6,2,36,12,30.0,0.00011819632409432067,0.0005691519635742744,1648
20101169,11,7,66,42,60.0,0.0004136871343301223,0.0005691519635742744,998
20101174,28,26,168,156,180.0,0.0015365522132261688,0.0005691519635742744,18
20101185,16,10,96,60,90.0,0.0005909816204716033,0.0005691519635742744,660
20110008,14,14,84,84,78.0,0.0008273742686602446,0.0005691519635742744,352
20110010,24,12,144,72,156.0,0.000709177944565924,0.0005691519635742744,491
20110013,37,35,222,210,216.0,0.002068435671650612,0.0005691519635742744,1
20110017,16,15,96,90,90.0,0.000886472430707405,0.0005691519635742744,288
20110026,8,8,48,48,42.0,0.00047278529637728267,0.0005691519635742744,870
20110030,15,14,90,84,84.0,0.0008273742686602446,0.0005691519635742744,353
20110037,11,2,66,12,60.0,0.00011819632409432067,0.0005691519635742744,1649
20110040,9,1,54,6,48.0,5.9098162047160334e-05,0.0005691519635742744,1715
20110043,5,4,30,24,24.0,0.00023639264818864133,0.0005691519635742744,1461
20110047,20,16,120,96,114.0,0.0009455705927545653,0.0005691519635742744,233
20110051,14,13,84,78,78.0,0.0007682761066130844,0.0005691519635742744,428
20110056,17,3,102,18,96.0,0.000177294486141481,0.0005691519635742744,1568
20110060,9,6,54,36,48.0,0.000354588972282962,0.0005691519635742744,1143
20110064,8,8,48,48,42.0,0.00047278529637728267,0.0005691519635742744,871
20110066,21,7,126,42,120.0,0.0004136871343301223,0.0005691519635742744,999
20110072,11,8,66,48,60.0,0.00047278529637728267,0.0005691519635742744,872
20110073,18,8,108,48,102.0,0.00047278529637728267,0.0005691519635742744,873
20110077,23,17,138,102,132.0,0.0010046687548017257,0.0005691519635742744,189
20110080,15,4,90,24,84.0,0.00023639264818864133,0.0005691519635742744,1462
20110082,14,6,84,36,78.0,0.000354588972282962,0.0005691519635742744,1144
20110089,7,6,42,36,36.0,0.000354588972282962,0.0005691519635742744,1145
20110093,15,12,90,72,84.0,0.000709177944565924,0.0005691519635742744,492
20110098,6,6,36,36,30.0,0.000354588972282962,0.0005691519635742744,1146
20110104,22,17,132,102,138.0,0.0010046687548017257,0.0005691519635742744,190
20110118,6,5,36,30,30.0,0.00029549081023580166,0.0005691519635742744,1303
20110128,10,2,60,12,54.0,0.00011819632409432067,0.0005691519635742744,1650
20110140,8,6,48,36,42.0,0.000354588972282962,0.0005691519635742744,1147
20110149,17,3,102,18,96.0,0.000177294486141481,0.0005691519635742744,1569
20110153,20,18,120,108,114.0,0.001063766916848886,0.0005691519635742744,149
20110157,10,8,60,48,66.0,0.00047278529637728267,0.0005691519635742744,874
20110165,11,10,66,60,60.0,0.0005909816204716033,0.0005691519635742744,661
20110166,27,14,162,84,156.0,0.0008273742686602446,0.0005691519635742744,354
20110169,5,2,30,12,24.0,0.00011819632409432067,0.0005691519635742744,1651
20110172,32,30,192,180,234.0,0.00177294486141481,0.0005691519635742744,6
20110176,11,7,66,42,60.0,0.0004136871343301223,0.0005691519635742744,1000
20110177,6,0,36,0,30.0,0.0,0.0,1759
20110190,7,2,42,12,36.0,0.00011819632409432067,0.0005691519635742744,1652
20110205,28,23,168,138,168.0,0.0013592577270846876,0.0005691519635742744,48
20110213,6,6,36,36,30.0,0.000354588972282962,0.0005691519635742744,1148
20110219,11,11,66,66,60.0,0.0006500797825187637,0.0005691519635742744,571
20110235,9,3,54,18,48.0,0.000177294486141481,0.0005691519635742744,1570
20110236,13,13,78,78,72.0,0.0007682761066130844,0.0005691519635742744,429
20110241,8,8,48,48,42.0,0.00047278529637728267,0.0005691519635742744,875
20110244,19,14,114,84,114.0,0.0008273742686602446,0.0005691519635742744,355
20110248,23,15,138,90,132.0,0.000886472430707405,0.0005691519635742744,289
20110255,13,13,78,78,72.0,0.0007682761066130844,0.0005691519635742744,430
20110259,6,6,36,36,30.0,0.000354588972282962,0.0005691519635742744,1149
20110269,7,6,42,36,36.0,0.000354588972282962,0.0005691519635742744,1150
20110270,14,1,84,6,78.0,5.9098162047160334e-05,0.0005691519635742744,1716
20110277,22,14,132,84,126.0,0.0008273742686602446,0.0005691519635742744,356
20110283,5,5,30,30,24.0,0.00029549081023580166,0.0005691519635742744,1304
20110286,9,8,54,48,48.0,0.00047278529637728267,0.0005691519635742744,876
20110294,13,9,78,54,72.0,0.000531883458424443,0.0005691519635742744,759
20110299,9,9,54,54,48.0,0.000531883458424443,0.0005691519635742744,760
20110303,6,4,36,24,30.0,0.00023639264818864133,0.0005691519635742744,1463
20110304,11,2,66,12,60.0,0.00011819632409432067,0.0005691519635742744,1653
20110306,12,3,72,18,66.0,0.000177294486141481,0.0005691519635742744,1571
20110314,11,11,66,66,60.0,0.0006500797825187637,0.0005691519635742744,572
20110323,12,11,72,66,66.0,0.0006500797825187637,0.0005691519635742744,573
20110332,18,15,108,90,102.0,0.000886472430707405,0.0005691519635742744,290
20110335,13,10,78,60,84.0,0.0005909816204716033,0.0005691519635742744,662
20110342,7,7,42,42,36.0,0.0004136871343301223,0.0005691519635742744,1001
20110351,13,4,78,24,72.0,0.00023639264818864133,0.0005691519635742744,1464
20110358,31,29,186,174,192.0,0.0017138466993676497,0.0005691519635742744,10
20110362,8,8,48,48,42.0,0.00047278529637728267,0.0005691519635742744,877
20110365,9,8,54,48,48.0,0.00047278529637728267,0.0005691519635742744,878
20110374,21,19,126,114,120.0,0.0011228650788960464,0.0005691519635742744,117
20110398,22,13,132,78,126.0,0.0007682761066130844,0.0005691519635742744,431
20110407,15,13,90,78,84.0,0.0007682761066130844,0.0005691519635742744,432
20110424,5,1,30,6,24.0,5.9098162047160334e-05,0.0005691519635742744,1717
20110427,24,15,144,90,138.0,0.000886472430707405,0.0005691519635742744,291
20110443,11,5,66,30,60.0,0.00029549081023580166,0.0005691519635742744,1305
20110445,18,14,108,84,102.0,0.0008273742686602446,0.0005691519635742744,357
20110459,17,9,102,54,96.0,0.000531883458424443,0.0005691519635742744,761
20110472,16,2,96,12,90.0,0.00011819632409432067,0.0005691519635742744,1654
20110475,14,13,84,78,78.0,0.0007682761066130844,0.0005691519635742744,433
20110485,9,9,54,54,48.0,0.000531883458424443,0.0005691519635742744,762
20110486,6,4,36,24,30.0,0.00023639264818864133,0.0005691519635742744,1465
20110494,22,22,132,132,126.0,0.0013001595650375274,0.0005691519635742744,58
20110501,11,9,66,54,60.0,0.000531883458424443,0.0005691519635742744,763
20110503,8,0,48,0,42.0,0.0,0.0,1760
20110504,5,5,30,30,24.0,0.00029549081023580166,0.0005691519635742744,1306
20110505,6,3,36,18,30.0,0.000177294486141481,0.0005691519635742744,1572
20110508,15,9,90,54,84.0,0.000531883458424443,0.0005691519635742744,764
20110518,10,9,60,54,54.0,0.000531883458424443,0.0005691519635742744,765
20110519,5,4,30,24,24.0,0.00023639264818864133,0.0005691519635742744,1466
20110523,6,0,36,0,30.0,0.0,0.0,1761
20110524,18,15,108,90,102.0,0.000886472430707405,0.0005691519635742744,292
20110532,6,6,36,36,30.0,0.000354588972282962,0.0005691519635742744,1151
20110538,22,20,132,120,144.0,0.0011819632409432066,0.0005691519635742744,92
20110541,15,10,90,60,84.0,0.0005909816204716033,0.0005691519635742744,663
20110550,21,21,126,126,126.0,0.001241061402990367,0.0005691519635742744,75
20110572,13,13,78,78,72.0,0.0007682761066130844,0.0005691519635742744,434
20110573,15,14,90,84,84.0,0.0008273742686602446,0.0005691519635742744,358
20110579,14,14,84,84,78.0,0.0008273742686602446,0.0005691519635742744,359
20110583,21,20,126,120,120.0,0.0011819632409432066,0.0005691519635742744,93
20110587,20,17,120,102,114.0,0.0010046687548017257,0.0005691519635742744,191
20110598,14,11,84,66,78.0,0.0006500797825187637,0.0005691519635742744,574
20110614,9,3,54,18,48.0,0.000177294486141481,0.0005691519635742744,1573
20110617,7,7,42,42,36.0,0.0004136871343301223,0.0005691519635742744,1002
20110629,5,5,30,30,24.0,0.00029549081023580166,0.0005691519635742744,1307
20110635,7,7,42,42,36.0,0.0004136871343301223,0.0005691519635742744,1003
20110644,8,8,48,48,42.0,0.00047278529637728267,0.0005691519635742744,879
20110649,20,14,120,84,114.0,0.0008273742686602446,0.0005691519635742744,360
20110655,29,24,174,144,168.0,0.001418355889131848,0.0005691519635742744,34
20110659,8,5,48,30,42.0,0.00029549081023580166,0.0005691519635742744,1308
20110666,9,9,54,54,48.0,0.000531883458424443,0.0005691519635742744,766
20110669,11,10,66,60,60.0,0.0005909816204716033,0.0005691519635742744,664
20110677,5,5,30,30,24.0,0.00029549081023580166,0.0005691519635742744,1309
20110679,22,21,132,126,132.0,0.001241061402990367,0.0005691519635742744,76
20110691,7,7,42,42,36.0,0.0004136871343301223,0.0005691519635742744,1004
20110695,9,9,54,54,48.0,0.000531883458424443,0.0005691519635742744,767
20110699,8,7,48,42,42.0,0.0004136871343301223,0.0005691519635742744,1005
20110713,20,17,120,102,114.0,0.0010046687548017257,0.0005691519635742744,192
20110715,19,19,114,114,108.0,0.0011228650788960464,0.0005691519635742744,118
20110719,7,7,42,42,36.0,0.0004136871343301223,0.0005691519635742744,1006
20110725,18,17,108,102,102.0,0.0010046687548017257,0.0005691519635742744,193
20110749,6,6,36,36,30.0,0.000354588972282962,0.0005691519635742744,1152
20110762,7,4,42,24,36.0,0.00023639264818864133,0.0005691519635742744,1467
20110770,6,5,36,30,30.0,0.00029549081023580166,0.0005691519635742744,1310
20110774,17,16,102,96,96.0,0.0009455705927545653,0.0005691519635742744,234
20110783,7,5,42,30,36.0,0.00029549081023580166,0.0005691519635742744,1311
20110785,31,28,186,168,186.0,0.0016547485373204893,0.0005691519635742744,13
20110787,28,27,168,162,162.0,0.001595650375273329,0.0005691519635742744,15
20110802,6,6,36,36,30.0,0.000354588972282962,0.0005691519635742744,1153
20110804,20,19,120,114,114.0,0.0011228650788960464,0.0005691519635742744,119
20110813,13,10,78,60,72.0,0.0005909816204716033,0.0005691519635742744,665
20110817,15,4,90,24,84.0,0.00023639264818864133,0.0005691519635742744,1468
20110822,9,9,54,54,48.0,0.000531883458424443,0.0005691519635742744,768
20110830,18,16,108,96,102.0,0.0009455705927545653,0.0005691519635742744,235
20110838,12,10,72,60,66.0,0.0005909816204716033,0.0005691519635742744,666
20110844,5,5,30,30,24.0,0.00029549081023580166,0.0005691519635742744,1312
20110850,17,16,102,96,96.0,0.0009455705927545653,0.0005691519635742744,236
20110880,15,9,90,54,84.0,0.000531883458424443,0.0005691519635742744,769
20110888,33,21,198,126,192.0,0.001241061402990367,0.0005691519635742744,77
20110899,19,18,114,108,108.0,0.001063766916848886,0.0005691519635742744,150
20110900,10,8,60,48,54.0,0.00047278529637728267,0.0005691519635742744,880
20110908,16,12,96,72,90.0,0.000709177944565924,0.0005691519635742744,493
20110932,6,6,36,36,30.0,0.000354588972282962,0.0005691519635742744,1154
20110955,9,7,54,42,48.0,0.0004136871343301223,0.0005691519635742744,1007
20110959,13,8,78,48,72.0,0.00047278529637728267,0.0005691519635742744,881
20110962,5,5,30,30,24.0,0.00029549081023580166,0.0005691519635742744,1313
20110977,27,20,162,120,156.0,0.0011819632409432066,0.0005691519635742744,94
20110986,6,6,36,36,30.0,0.000354588972282962,0.0005691519635742744,1155
20110990,14,11,84,66,78.0,0.0006500797825187637,0.0005691519635742744,575
20110995,7,6,42,36,36.0,0.000354588972282962,0.0005691519635742744,1156
20111005,21,8,126,48,120.0,0.00047278529637728267,0.0005691519635742744,882
20111012,6,4,36,24,30.0,0.00023639264818864133,0.0005691519635742744,1469
20111013,20,6,120,36,114.0,0.000354588972282962,0.0005691519635742744,1157
20111016,10,9,60,54,54.0,0.000531883458424443,0.0005691519635742744,770
20111020,11,11,66,66,60.0,0.0006500797825187637,0.0005691519635742744,576
20111028,13,9,78,54,84.0,0.000531883458424443,0.0005691519635742744,771
20111033,11,3,66,18,60.0,0.000177294486141481,0.0005691519635742744,1574
20111034,19,17,114,102,108.0,0.0010046687548017257,0.0005691519635742744,194
20111040,8,8,48,48,42.0,0.00047278529637728267,0.0005691519635742744,883
20111044,7,7,42,42,36.0,0.0004136871343301223,0.0005691519635742744,1008
20111047,24,19,144,114,138.0,0.0011228650788960464,0.0005691519635742744,120
20111049,6,6,36,36,30.0,0.000354588972282962,0.0005691519635742744,1158
20111051,17,3,102,18,96.0,0.000177294486141481,0.0005691519635742744,1575
20111053,12,2,72,12,66.0,0.00011819632409432067,0.0005691519635742744,1655
20111057,6,4,36,24,30.0,0.00023639264818864133,0.0005691519635742744,1470
20111062,7,6,42,36,36.0,0.000354588972282962,0.0005691519635742744,1159
20111064,6,2,36,12,30.0,0.00011819632409432067,0.0005691519635742744,1656
20111066,22,16,132,96,126.0,0.0009455705927545653,0.0005691519635742744,237
20111075,32,13,192,78,186.0,0.0007682761066130844,0.0005691519635742744,435
20111082,7,2,42,12,36.0,0.00011819632409432067,0.0005691519635742744,1657
20111083,35,24,210,144,204.0,0.001418355889131848,0.0005691519635742744,35
20111088,18,6,108,36,102.0,0.000354588972282962,0.0005691519635742744,1160
20111092,8,6,48,36,42.0,0.000354588972282962,0.0005691519635742744,1161
20111098,17,12,102,72,96.0,0.000709177944565924,0.0005691519635742744,494
20111100,23,23,138,138,132.0,0.0013592577270846876,0.0005691519635742744,49
20111116,18,4,108,24,102.0,0.00023639264818864133,0.0005691519635742744,1471
20111118,7,1,42,6,36.0,5.9098162047160334e-05,0.0005691519635742744,1718
20111127,10,2,60,12,54.0,0.00011819632409432067,0.0005691519635742744,1658
20111128,16,11,96,66,90.0,0.0006500797825187637,0.0005691519635742744,577
20111133,32,11,192,66,228.0,0.0006500797825187637,0.0005691519635742744,578
20111137,6,6,36,36,30.0,0.000354588972282962,0.0005691519635742744,1162
20111141,29,24,174,144,198.0,0.001418355889131848,0.0005691519635742744,36
20111151,7,4,42,24,36.0,0.00023639264818864133,0.0005691519635742744,1472
20120005,10,6,60,36,54.0,0.000354588972282962,0.0005691519635742744,1163
20120011,5,5,30,30,24.0,0.00029549081023580166,0.0005691519635742744,1314
20120013,8,4,48,24,42.0,0.00023639264818864133,0.0005691519635742744,1473
20120017,7,7,42,42,36.0,0.0004136871343301223,0.0005691519635742744,1009
20120024,13,9,78,54,72.0,0.000531883458424443,0.0005691519635742744,772
20120027,7,6,42,36,36.0,0.000354588972282962,0.0005691519635742744,1164
20120046,8,5,48,30,42.0,0.00029549081023580166,0.0005691519635742744,1315
20120054,9,4,54,24,48.0,0.00023639264818864133,0.0005691519635742744,1474
20120056,11,1,66,6,60.0,5.9098162047160334e-05,0.0005691519635742744,1719
20120058,15,8,90,48,84.0,0.00047278529637728267,0.0005691519635742744,884
20120068,8,3,48,18,42.0,0.000177294486141481,0.0005691519635742744,1576
20120073,9,4,54,24,48.0,0.00023639264818864133,0.0005691519635742744,1475
20120079,9,9,54,54,48.0,0.000531883458424443,0.0005691519635742744,773
20120088,10,9,60,54,54.0,0.000531883458424443,0.0005691519635742744,774
20120089,18,12,108,72,102.0,0.000709177944565924,0.0005691519635742744,495
20120090,8,8,48,48,42.0,0.00047278529637728267,0.0005691519635742744,885
20120095,5,4,30,24,24.0,0.00023639264818864133,0.0005691519635742744,1476
20120103,33,30,198,180,204.0,0.00177294486141481,0.0005691519635742744,7
20120109,5,5,30,30,24.0,0.00029549081023580166,0.0005691519635742744,1316
20120116,12,6,72,36,66.0,0.000354588972282962,0.0005691519635742744,1165
20120120,13,10,78,60,72.0,0.0005909816204716033,0.0005691519635742744,667
20120123,24,20,144,120,138.0,0.0011819632409432066,0.0005691519635742744,95
20120129,8,7,48,42,42.0,0.0004136871343301223,0.0005691519635742744,1010
20120132,4,2,24,12,24.0,0.00011819632409432067,0.0005691519635742744,1659
20120134,25,22,150,132,150.0,0.0013001595650375274,0.0005691519635742744,59
20120138,11,9,66,54,60.0,0.000531883458424443,0.0005691519635742744,775
20120144,9,3,54,18,48.0,0.000177294486141481,0.0005691519635742744,1577
20120151,11,4,66,24,60.0,0.00023639264818864133,0.0005691519635742744,1477
20120153,5,3,30,18,24.0,0.000177294486141481,0.0005691519635742744,1578
20120157,13,7,78,42,72.0,0.0004136871343301223,0.0005691519635742744,1011
20120163,8,6,48,36,42.0,0.000354588972282962,0.0005691519635742744,1166
20120172,16,16,96,96,90.0,0.0009455705927545653,0.0005691519635742744,238
20120173,7,7,42,42,36.0,0.0004136871343301223,0.0005691519635742744,1012
20120178,4,0,24,0,18.0,0.0,0.0,1762
20120185,18,14,108,84,102.0,0.0008273742686602446,0.0005691519635742744,361
20120195,6,2,36,12,30.0,0.00011819632409432067,0.0005691519635742744,1660
20120199,7,2,42,12,36.0,0.00011819632409432067,0.0005691519635742744,1661
20120200,14,14,84,84,78.0,0.0008273742686602446,0.0005691519635742744,362
20120206,20,19,120,114,114.0,0.0011228650788960464,0.0005691519635742744,121
20120214,16,15,96,90,90.0,0.000886472430707405,0.0005691519635742744,293
20120227,8,1,48,6,42.0,5.9098162047160334e-05,0.0005691519635742744,1720
20120235,7,6,42,36,36.0,0.000354588972282962,0.0005691519635742744,1167
20120239,13,7,78,42,72.0,0.0004136871343301223,0.0005691519635742744,1013
20120244,15,7,90,42,84.0,0.0004136871343301223,0.0005691519635742744,1014
20120246,8,8,48,48,42.0,0.00047278529637728267,0.0005691519635742744,886
20120250,12,6,72,36,66.0,0.000354588972282962,0.0005691519635742744,1168
20120268,9,7,54,42,48.0,0.0004136871343301223,0.0005691519635742744,1015
20120275,19,17,114,102,108.0,0.0010046687548017257,0.0005691519635742744,195
20120277,10,6,60,36,54.0,0.000354588972282962,0.0005691519635742744,1169
20120283,18,16,108,96,102.0,0.0009455705927545653,0.0005691519635742744,239
20120289,7,4,42,24,36.0,0.00023639264818864133,0.0005691519635742744,1478
20120295,12,5,72,30,66.0,0.00029549081023580166,0.0005691519635742744,1317
20120297,7,5,42,30,36.0,0.00029549081023580166,0.0005691519635742744,1318
20120300,22,20,132,120,126.0,0.0011819632409432066,0.0005691519635742744,96
20120312,10,1,60,6,54.0,5.9098162047160334e-05,0.0005691519635742744,1721
20120317,8,5,48,30,42.0,0.00029549081023580166,0.0005691519635742744,1319
20120333,12,7,72,42,66.0,0.0004136871343301223,0.0005691519635742744,1016
20120341,19,17,114,102,120.0,0.0010046687548017257,0.0005691519635742744,196
20120345,10,7,60,42,54.0,0.0004136871343301223,0.0005691519635742744,1017
20120353,19,11,114,66,108.0,0.0006500797825187637,0.0005691519635742744,579
20120375,8,8,48,48,42.0,0.00047278529637728267,0.0005691519635742744,887
20120377,21,18,126,108,120.0,0.001063766916848886,0.0005691519635742744,151
20120383,5,2,30,12,24.0,0.00011819632409432067,0.0005691519635742744,1662
20120392,13,11,78,66,72.0,0.0006500797825187637,0.0005691519635742744,580
20120398,15,5,90,30,84.0,0.00029549081023580166,0.0005691519635742744,1320
20120402,14,14,84,84,78.0,0.0008273742686602446,0.0005691519635742744,363
20120409,7,7,42,42,36.0,0.0004136871343301223,0.0005691519635742744,1018
20120422,22,8,132,48,126.0,0.00047278529637728267,0.0005691519635742744,888
20120441,13,8,78,48,72.0,0.00047278529637728267,0.0005691519635742744,889
20120443,19,8,114,48,120.0,0.00047278529637728267,0.0005691519635742744,890
20120451,24,19,144,114,138.0,0.0011228650788960464,0.0005691519635742744,122
20120458,13,12,78,72,72.0,0.000709177944565924,0.0005691519635742744,496
20120465,21,19,126,114,120.0,0.0011228650788960464,0.0005691519635742744,123
20120478,16,14,96,84,90.0,0.0008273742686602446,0.0005691519635742744,364
20120502,8,7,48,42,42.0,0.0004136871343301223,0.0005691519635742744,1019
20120511,6,6,36,36,30.0,0.000354588972282962,0.0005691519635742744,1170
20120520,14,13,84,78,78.0,0.0007682761066130844,0.0005691519635742744,436
20120528,6,3,36,18,30.0,0.000177294486141481,0.0005691519635742744,1579
20120530,8,7,48,42,42.0,0.0004136871343301223,0.0005691519635742744,1020
20120540,20,9,120,54,114.0,0.000531883458424443,0.0005691519635742744,776
20120541,15,13,90,78,84.0,0.0007682761066130844,0.0005691519635742744,437
20120553,6,6,36,36,30.0,0.000354588972282962,0.0005691519635742744,1171
20120557,11,10,66,60,60.0,0.0005909816204716033,0.0005691519635742744,668
20120567,16,13,96,78,90.0,0.0007682761066130844,0.0005691519635742744,438
20120569,9,3,54,18,48.0,0.000177294486141481,0.0005691519635742744,1580
20120570,7,7,42,42,36.0,0.0004136871343301223,0.0005691519635742744,1021
20120582,10,10,60,60,54.0,0.0005909816204716033,0.0005691519635742744,669
20120595,5,5,30,30,24.0,0.00029549081023580166,0.0005691519635742744,1321
20120596,13,11,78,66,72.0,0.0006500797825187637,0.0005691519635742744,581
20120611,7,5,42,30,36.0,0.00029549081023580166,0.0005691519635742744,1322
20120612,24,19,144,114,138.0,0.0011228650788960464,0.0005691519635742744,124
20120613,21,14,126,84,120.0,0.0008273742686602446,0.0005691519635742744,365
20120626,16,16,96,96,90.0,0.0009455705927545653,0.0005691519635742744,240
20120628,27,18,162,108,156.0,0.001063766916848886,0.0005691519635742744,152
20120642,9,5,54,30,48.0,0.00029549081023580166,0.0005691519635742744,1323
20120672,7,7,42,42,36.0,0.0004136871343301223,0.0005691519635742744,1022
20120675,6,6,36,36,36.0,0.000354588972282962,0.0005691519635742744,1172
20120676,8,8,48,48,42.0,0.00047278529637728267,0.0005691519635742744,891
20120678,32,24,192,144,186.0,0.001418355889131848,0.0005691519635742744,37
20120683,6,6,36,36,30.0,0.000354588972282962,0.0005691519635742744,1173
20120693,8,6,48,36,42.0,0.000354588972282962,0.0005691519635742744,1174
20120705,15,15,90,90,84.0,0.000886472430707405,0.0005691519635742744,294
20120723,16,15,96,90,90.0,0.000886472430707405,0.0005691519635742744,295
20120733,11,11,66,66,60.0,0.0006500797825187637,0.0005691519635742744,582
20120745,24,22,144,132,138.0,0.0013001595650375274,0.0005691519635742744,60
20120754,11,11,66,66,60.0,0.0006500797825187637,0.0005691519635742744,583
20120755,16,14,96,84,90.0,0.0008273742686602446,0.0005691519635742744,366
20120774,18,7,108,42,102.0,0.0004136871343301223,0.0005691519635742744,1023
20120777,25,22,150,132,144.0,0.0013001595650375274,0.0005691519635742744,61
20120781,12,4,72,24,66.0,0.00023639264818864133,0.0005691519635742744,1479
20120789,18,14,108,84,102.0,0.0008273742686602446,0.0005691519635742744,367
20120804,10,9,60,54,66.0,0.000531883458424443,0.0005691519635742744,777
20120830,17,8,102,48,96.0,0.00047278529637728267,0.0005691519635742744,892
20120837,13,7,78,42,72.0,0.0004136871343301223,0.0005691519635742744,1024
20120841,6,0,36,0,30.0,0.0,0.0,1763
20120847,5,5,30,30,24.0,0.00029549081023580166,0.0005691519635742744,1324
20120853,10,10,60,60,54.0,0.0005909816204716033,0.0005691519635742744,670
20120859,10,8,60,48,54.0,0.00047278529637728267,0.0005691519635742744,893
20120877,10,9,60,54,54.0,0.000531883458424443,0.0005691519635742744,778
20120886,6,5,36,30,30.0,0.00029549081023580166,0.0005691519635742744,1325
20120890,22,11,132,66,126.0,0.0006500797825187637,0.0005691519635742744,584
20120893,6,4,36,24,30.0,0.00023639264818864133,0.0005691519635742744,1480
20120911,10,9,60,54,54.0,0.000531883458424443,0.0005691519635742744,779
20120914,7,7,42,42,36.0,0.0004136871343301223,0.0005691519635742744,1025
20120921,13,3,78,18,72.0,0.000177294486141481,0.0005691519635742744,1581
20120926,13,10,78,60,72.0,0.0005909816204716033,0.0005691519635742744,671
20120951,8,7,48,42,42.0,0.0004136871343301223,0.0005691519635742744,1026
20120955,24,20,144,120,138.0,0.0011819632409432066,0.0005691519635742744,97
20120959,10,10,60,60,54.0,0.0005909816204716033,0.0005691519635742744,672
20120968,12,10,72,60,66.0,0.0005909816204716033,0.0005691519635742744,673
20120970,7,6,42,36,36.0,0.000354588972282962,0.0005691519635742744,1175
20120981,24,19,144,114,138.0,0.0011228650788960464,0.0005691519635742744,125
20120987,15,4,90,24,84.0,0.00023639264818864133,0.0005691519635742744,1481
20120992,15,6,90,36,84.0,0.000354588972282962,0.0005691519635742744,1176
20120998,6,5,36,30,30.0,0.00029549081023580166,0.0005691519635742744,1326
20121002,16,12,96,72,120.0,0.000709177944565924,0.0005691519635742744,497
20121005,15,14,90,84,84.0,0.0008273742686602446,0.0005691519635742744,368
20121020,18,14,108,84,102.0,0.0008273742686602446,0.0005691519635742744,369
20121026,17,14,102,84,96.0,0.0008273742686602446,0.0005691519635742744,370
20121030,5,5,30,30,24.0,0.00029549081023580166,0.0005691519635742744,1327
20121035,9,7,54,42,48.0,0.0004136871343301223,0.0005691519635742744,1027
20121036,7,7,42,42,36.0,0.0004136871343301223,0.0005691519635742744,1028
20121041,31,26,186,156,180.0,0.0015365522132261688,0.0005691519635742744,19
20121042,10,1,60,6,54.0,5.9098162047160334e-05,0.0005691519635742744,1722
20121049,5,3,30,18,24.0,0.000177294486141481,0.0005691519635742744,1582
20121069,5,5,30,30,24.0,0.00029549081023580166,0.0005691519635742744,1328
20121086,7,6,42,36,36.0,0.000354588972282962,0.0005691519635742744,1177
20121090,13,8,78,48,72.0,0.00047278529637728267,0.0005691519635742744,894
20121099,15,14,90,84,84.0,0.0008273742686602446,0.0005691519635742744,371
20121109,15,13,90,78,84.0,0.0007682761066130844,0.0005691519635742744,439
20121110,9,4,54,24,48.0,0.00023639264818864133,0.0005691519635742744,1482
20121113,15,14,90,84,84.0,0.0008273742686602446,0.0005691519635742744,372
20121118,12,10,72,60,66.0,0.0005909816204716033,0.0005691519635742744,674
20121119,17,14,102,84,96.0,0.0008273742686602446,0.0005691519635742744,373
20121121,12,3,72,18,66.0,0.000177294486141481,0.0005691519635742744,1583
20121126,16,14,96,84,90.0,0.0008273742686602446,0.0005691519635742744,374
20121127,16,11,96,66,90.0,0.0006500797825187637,0.0005691519635742744,585
20121130,6,6,36,36,30.0,0.000354588972282962,0.0005691519635742744,1178
20121133,19,14,114,84,138.0,0.0008273742686602446,0.0005691519635742744,375
20121136,8,8,48,48,42.0,0.00047278529637728267,0.0005691519635742744,895
20121141,16,13,96,78,90.0,0.0007682761066130844,0.0005691519635742744,440
20121150,14,14,84,84,78.0,0.0008273742686602446,0.0005691519635742744,376
20121155,10,10,60,60,54.0,0.0005909816204716033,0.0005691519635742744,675
20121159,24,18,144,108,150.0,0.001063766916848886,0.0005691519635742744,153
20130004,14,13,84,78,78.0,0.0007682761066130844,0.0005691519635742744,441
20130009,24,13,144,78,138.0,0.0007682761066130844,0.0005691519635742744,442
20130016,14,12,84,72,78.0,0.000709177944565924,0.0005691519635742744,498
20130018,8,8,48,48,42.0,0.00047278529637728267,0.0005691519635742744,896
20130020,6,5,36,30,30.0,0.00029549081023580166,0.0005691519635742744,1329
20130022,6,6,36,36,30.0,0.000354588972282962,0.0005691519635742744,1179
20130028,10,8,60,48,54.0,0.00047278529637728267,0.0005691519635742744,897
20130043,13,9,78,54,72.0,0.000531883458424443,0.0005691519635742744,780
20130047,9,9,54,54,48.0,0.000531883458424443,0.0005691519635742744,781
20130051,8,7,48,42,42.0,0.0004136871343301223,0.0005691519635742744,1029
20130057,14,2,84,12,78.0,0.00011819632409432067,0.0005691519635742744,1663
20130061,12,9,72,54,66.0,0.000531883458424443,0.0005691519635742744,782
20130064,5,5,30,30,24.0,0.00029549081023580166,0.0005691519635742744,1330
20130073,14,10,84,60,102.0,0.0005909816204716033,0.0005691519635742744,676
20130086,7,3,42,18,36.0,0.000177294486141481,0.0005691519635742744,1584
20130088,11,8,66,48,60.0,0.00047278529637728267,0.0005691519635742744,898
20130096,25,9,150,54,150.0,0.000531883458424443,0.0005691519635742744,783
20130101,6,4,36,24,30.0,0.00023639264818864133,0.0005691519635742744,1483
20130106,11,10,66,60,60.0,0.0005909816204716033,0.0005691519635742744,677
20130111,20,19,120,114,114.0,0.0011228650788960464,0.0005691519635742744,126
20130112,8,7,48,42,42.0,0.0004136871343301223,0.0005691519635742744,1030
20130116,4,2,24,12,18.0,0.00011819632409432067,0.0005691519635742744,1664
20130117,5,2,30,12,30.0,0.00011819632409432067,0.0005691519635742744,1665
20130123,13,7,78,42,72.0,0.0004136871343301223,0.0005691519635742744,1031
20130135,15,10,90,60,84.0,0.0005909816204716033,0.0005691519635742744,678
20130138,5,3,30,18,24.0,0.000177294486141481,0.0005691519635742744,1585
20130143,38,33,228,198,222.0,0.001950239347556291,0.0005691519635742744,4
20130162,27,22,162,132,168.0,0.0013001595650375274,0.0005691519635742744,62
20130178,13,1,78,6,72.0,5.9098162047160334e-05,0.0005691519635742744,1723
20130181,21,17,126,102,120.0,0.0010046687548017257,0.0005691519635742744,197
20130191,17,16,102,96,96.0,0.0009455705927545653,0.0005691519635742744,241
20130197,4,4,24,24,18.0,0.00023639264818864133,0.0005691519635742744,1484
20130201,8,8,48,48,42.0,0.00047278529637728267,0.0005691519635742744,899
20130209,14,12,84,72,78.0,0.000709177944565924,0.0005691519635742744,499
20130211,10,6,60,36,54.0,0.000354588972282962,0.0005691519635742744,1180
20130245,9,4,54,24,48.0,0.00023639264818864133,0.0005691519635742744,1485
20130246,14,7,84,42,78.0,0.0004136871343301223,0.0005691519635742744,1032
20130247,6,5,36,30,30.0,0.00029549081023580166,0.0005691519635742744,1331
20130253,17,14,102,84,96.0,0.0008273742686602446,0.0005691519635742744,377
20130273,22,17,132,102,132.0,0.0010046687548017257,0.0005691519635742744,198
20130277,9,6,54,36,48.0,0.000354588972282962,0.0005691519635742744,1181
20130281,14,8,84,48,78.0,0.00047278529637728267,0.0005691519635742744,900
20130286,14,0,84,0,78.0,0.0,0.0,1764
20130297,12,11,72,66,66.0,0.0006500797825187637,0.0005691519635742744,586
20130301,38,29,228,174,234.0,0.0017138466993676497,0.0005691519635742744,11
20130305,7,7,42,42,36.0,0.0004136871343301223,0.0005691519635742744,1033
20130321,6,5,36,30,30.0,0.00029549081023580166,0.0005691519635742744,1332
20130332,14,12,84,72,78.0,0.000709177944565924,0.0005691519635742744,500
20130340,16,11,96,66,90.0,0.0006500797825187637,0.0005691519635742744,587
20130350,28,18,168,108,162.0,0.001063766916848886,0.0005691519635742744,154
20130368,15,3,90,18,84.0,0.000177294486141481,0.0005691519635742744,1586
20130375,17,16,102,96,96.0,0.0009455705927545653,0.0005691519635742744,242
20130384,7,7,42,42,36.0,0.0004136871343301223,0.0005691519635742744,1034
20130385,14,11,84,66,78.0,0.0006500797825187637,0.0005691519635742744,588
20130387,21,17,126,102,120.0,0.0010046687548017257,0.0005691519635742744,199
20130393,14,11,84,66,78.0,0.0006500797825187637,0.0005691519635742744,589
20130407,20,17,120,102,120.0,0.0010046687548017257,0.0005691519635742744,200
20130415,13,12,78,72,72.0,0.000709177944565924,0.0005691519635742744,501
20130421,8,8,48,48,42.0,0.00047278529637728267,0.0005691519635742744,901
20130425,7,6,42,36,36.0,0.000354588972282962,0.0005691519635742744,1182
20130434,34,22,204,132,198.0,0.0013001595650375274,0.0005691519635742744,63
20130436,22,9,132,54,138.0,0.000531883458424443,0.0005691519635742744,784
20130441,8,7,48,42,42.0,0.0004136871343301223,0.0005691519635742744,1035
20130444,10,9,60,54,54.0,0.000531883458424443,0.0005691519635742744,785
20130461,11,10,66,60,60.0,0.0005909816204716033,0.0005691519635742744,679
20130470,11,11,66,66,60.0,0.0006500797825187637,0.0005691519635742744,590
20130482,9,7,54,42,48.0,0.0004136871343301223,0.0005691519635742744,1036
20130486,7,6,42,36,36.0,0.000354588972282962,0.0005691519635742744,1183
20130501,17,12,102,72,96.0,0.000709177944565924,0.0005691519635742744,502
20130517,11,2,66,12,60.0,0.00011819632409432067,0.0005691519635742744,1666
20130529,5,5,30,30,24.0,0.00029549081023580166,0.0005691519635742744,1333
20130534,11,11,66,66,60.0,0.0006500797825187637,0.0005691519635742744,591
20130536,9,9,54,54,48.0,0.000531883458424443,0.0005691519635742744,786
20130540,23,23,138,138,132.0,0.0013592577270846876,0.0005691519635742744,50
20130544,5,5,30,30,24.0,0.00029549081023580166,0.0005691519635742744,1334
20130550,8,8,48,48,42.0,0.00047278529637728267,0.0005691519635742744,902
20130597,14,9,84,54,78.0,0.000531883458424443,0.0005691519635742744,787
20130613,18,9,108,54,102.0,0.000531883458424443,0.0005691519635742744,788
20130626,8,8,48,48,42.0,0.00047278529637728267,0.0005691519635742744,903
20130629,18,14,108,84,102.0,0.0008273742686602446,0.0005691519635742744,378
20130635,7,7,42,42,36.0,0.0004136871343301223,0.0005691519635742744,1037
20130656,7,7,42,42,36.0,0.0004136871343301223,0.0005691519635742744,1038
20130657,7,7,42,42,36.0,0.0004136871343301223,0.0005691519635742744,1039
20130658,6,5,36,30,30.0,0.00029549081023580166,0.0005691519635742744,1335
20130666,12,11,72,66,84.0,0.0006500797825187637,0.0005691519635742744,592
20130667,9,9,54,54,48.0,0.000531883458424443,0.0005691519635742744,789
20130669,9,6,54,36,48.0,0.000354588972282962,0.0005691519635742744,1184
20130681,5,5,30,30,24.0,0.00029549081023580166,0.0005691519635742744,1336
20130687,15,15,90,90,84.0,0.000886472430707405,0.0005691519635742744,296
20130706,17,17,102,102,96.0,0.0010046687548017257,0.0005691519635742744,201
20130711,26,22,156,132,150.0,0.0013001595650375274,0.0005691519635742744,64
20130718,19,17,114,102,114.0,0.0010046687548017257,0.0005691519635742744,202
20130729,7,7,42,42,36.0,0.0004136871343301223,0.0005691519635742744,1040
20130734,24,15,144,90,228.0,0.000886472430707405,0.0005691519635742744,297
20130741,14,14,84,84,78.0,0.0008273742686602446,0.0005691519635742744,379
20130743,5,5,30,30,24.0,0.00029549081023580166,0.0005691519635742744,1337
20130746,12,11,72,66,66.0,0.0006500797825187637,0.0005691519635742744,593
20130755,18,15,108,90,102.0,0.000886472430707405,0.0005691519635742744,298
20130767,11,10,66,60,60.0,0.0005909816204716033,0.0005691519635742744,680
20130776,6,6,36,36,30.0,0.000354588972282962,0.0005691519635742744,1185
20130777,29,18,174,108,168.0,0.001063766916848886,0.0005691519635742744,155
20130782,4,4,24,24,18.0,0.00023639264818864133,0.0005691519635742744,1486
20130783,7,7,42,42,36.0,0.0004136871343301223,0.0005691519635742744,1041
20130786,14,12,84,72,78.0,0.000709177944565924,0.0005691519635742744,503
20130790,10,7,60,42,54.0,0.0004136871343301223,0.0005691519635742744,1042
20130807,16,11,96,66,90.0,0.0006500797825187637,0.0005691519635742744,594
20130813,19,14,114,84,108.0,0.0008273742686602446,0.0005691519635742744,380
20130825,28,26,168,156,162.0,0.0015365522132261688,0.0005691519635742744,20
20130835,5,3,30,18,24.0,0.000177294486141481,0.0005691519635742744,1587
20130841,6,4,36,24,30.0,0.00023639264818864133,0.0005691519635742744,1487
20130850,6,6,36,36,30.0,0.000354588972282962,0.0005691519635742744,1186
20130853,13,7,78,42,72.0,0.0004136871343301223,0.0005691519635742744,1043
20130866,10,9,60,54,54.0,0.000531883458424443,0.0005691519635742744,790
20130878,23,23,138,138,144.0,0.0013592577270846876,0.0005691519635742744,51
20130902,8,1,48,6,42.0,5.9098162047160334e-05,0.0005691519635742744,1724
20130903,7,7,42,42,36.0,0.0004136871343301223,0.0005691519635742744,1044
20130909,9,6,54,36,48.0,0.000354588972282962,0.0005691519635742744,1187
20130910,16,12,96,72,90.0,0.000709177944565924,0.0005691519635742744,504
20130914,14,13,84,78,78.0,0.0007682761066130844,0.0005691519635742744,443
20130920,19,17,114,102,108.0,0.0010046687548017257,0.0005691519635742744,203
20130927,10,8,60,48,54.0,0.00047278529637728267,0.0005691519635742744,904
20130929,12,11,72,66,66.0,0.0006500797825187637,0.0005691519635742744,595
20130933,14,13,84,78,78.0,0.0007682761066130844,0.0005691519635742744,444
20130940,4,4,24,24,18.0,0.00023639264818864133,0.0005691519635742744,1488
20130948,6,6,36,36,30.0,0.000354588972282962,0.0005691519635742744,1188
20130952,11,9,66,54,60.0,0.000531883458424443,0.0005691519635742744,791
20130953,14,11,84,66,78.0,0.0006500797825187637,0.0005691519635742744,596
20130957,13,13,78,78,72.0,0.0007682761066130844,0.0005691519635742744,445
20130966,12,11,72,66,66.0,0.0006500797825187637,0.0005691519635742744,597
20130968,25,21,150,126,144.0,0.001241061402990367,0.0005691519635742744,78
20130977,20,5,120,30,114.0,0.00029549081023580166,0.0005691519635742744,1338
20130990,9,8,54,48,48.0,0.00047278529637728267,0.0005691519635742744,905
20130991,21,16,126,96,162.0,0.0009455705927545653,0.0005691519635742744,243
20131000,8,6,48,36,42.0,0.000354588972282962,0.0005691519635742744,1189
20131001,14,13,84,78,78.0,0.0007682761066130844,0.0005691519635742744,446
20131002,21,12,126,72,126.0,0.000709177944565924,0.0005691519635742744,505
20131017,12,9,72,54,66.0,0.000531883458424443,0.0005691519635742744,792
20131018,19,18,114,108,108.0,0.001063766916848886,0.0005691519635742744,156
20131021,6,6,36,36,30.0,0.000354588972282962,0.0005691519635742744,1190
20131029,7,7,42,42,36.0,0.0004136871343301223,0.0005691519635742744,1045
20131031,9,9,54,54,48.0,0.000531883458424443,0.0005691519635742744,793
20131038,16,5,96,30,96.0,0.00029549081023580166,0.0005691519635742744,1339
20131043,20,16,120,96,114.0,0.0009455705927545653,0.0005691519635742744,244
20131050,8,3,48,18,42.0,0.000177294486141481,0.0005691519635742744,1588
20131052,10,3,60,18,54.0,0.000177294486141481,0.0005691519635742744,1589
20131057,13,13,78,78,72.0,0.0007682761066130844,0.0005691519635742744,447
20131072,7,7,42,42,36.0,0.0004136871343301223,0.0005691519635742744,1046
20131083,15,15,90,90,84.0,0.000886472430707405,0.0005691519635742744,299
20131086,26,24,156,144,156.0,0.001418355889131848,0.0005691519635742744,38
20131096,21,16,126,96,120.0,0.0009455705927545653,0.0005691519635742744,245
20131099,14,9,84,54,78.0,0.000531883458424443,0.0005691519635742744,794
20131105,7,7,42,42,36.0,0.0004136871343301223,0.0005691519635742744,1047
20131115,9,0,54,0,48.0,0.0,0.0,1765
20131146,7,2,42,12,36.0,0.00011819632409432067,0.0005691519635742744,1667
20131147,12,1,72,6,66.0,5.9098162047160334e-05,0.0005691519635742744,1725
20131158,9,4,54,24,48.0,0.00023639264818864133,0.0005691519635742744,1489
20131161,14,11,84,66,78.0,0.0006500797825187637,0.0005691519635742744,598
20131163,10,9,60,54,54.0,0.000531883458424443,0.0005691519635742744,795
20140006,14,14,84,84,78.0,0.0008273742686602446,0.0005691519635742744,381
20140012,14,12,84,72,78.0,0.000709177944565924,0.0005691519635742744,506
20140018,20,14,120,84,114.0,0.0008273742686602446,0.0005691519635742744,382
20140027,16,2,96,12,90.0,0.00011819632409432067,0.0005691519635742744,1668
20140029,13,10,78,60,72.0,0.0005909816204716033,0.0005691519635742744,681
20140031,6,4,36,24,30.0,0.00023639264818864133,0.0005691519635742744,1490
20140041,23,18,138,108,132.0,0.001063766916848886,0.0005691519635742744,157
20140044,12,4,72,24,66.0,0.00023639264818864133,0.0005691519635742744,1491
20140045,24,18,144,108,138.0,0.001063766916848886,0.0005691519635742744,158
20140052,10,10,60,60,54.0,0.0005909816204716033,0.0005691519635742744,682
20140056,11,4,66,24,60.0,0.00023639264818864133,0.0005691519635742744,1492
20140060,11,5,66,30,60.0,0.00029549081023580166,0.0005691519635742744,1340
20140066,13,13,78,78,72.0,0.0007682761066130844,0.0005691519635742744,448
20140077,10,3,60,18,54.0,0.000177294486141481,0.0005691519635742744,1590
20140086,12,7,72,42,66.0,0.0004136871343301223,0.0005691519635742744,1048
20140089,21,16,126,96,120.0,0.0009455705927545653,0.0005691519635742744,246
20140090,13,4,78,24,72.0,0.00023639264818864133,0.0005691519635742744,1493
20140098,13,12,78,72,72.0,0.000709177944565924,0.0005691519635742744,507
20140104,14,10,84,60,78.0,0.0005909816204716033,0.0005691519635742744,683
20140108,8,7,48,42,42.0,0.0004136871343301223,0.0005691519635742744,1049
20140110,10,8,60,48,54.0,0.00047278529637728267,0.0005691519635742744,906
20140118,13,11,78,66,72.0,0.0006500797825187637,0.0005691519635742744,599
20140124,12,12,72,72,72.0,0.000709177944565924,0.0005691519635742744,508
20140133,14,10,84,60,78.0,0.0005909816204716033,0.0005691519635742744,684
20140139,19,14,114,84,108.0,0.0008273742686602446,0.0005691519635742744,383
20140150,8,6,48,36,42.0,0.000354588972282962,0.0005691519635742744,1191
20140156,20,19,120,114,114.0,0.0011228650788960464,0.0005691519635742744,127
20140162,13,3,78,18,72.0,0.000177294486141481,0.0005691519635742744,1591
20140174,13,11,78,66,72.0,0.0006500797825187637,0.0005691519635742744,600
20140178,22,14,132,84,132.0,0.0008273742686602446,0.0005691519635742744,384
20140181,8,6,48,36,42.0,0.000354588972282962,0.0005691519635742744,1192
20140185,5,5,30,30,24.0,0.00029549081023580166,0.0005691519635742744,1341
20140186,15,9,90,54,96.0,0.000531883458424443,0.0005691519635742744,796
20140191,6,2,36,12,30.0,0.00011819632409432067,0.0005691519635742744,1669
20140194,14,13,84,78,78.0,0.0007682761066130844,0.0005691519635742744,449
20140197,6,5,36,30,30.0,0.00029549081023580166,0.0005691519635742744,1342
20140201,14,14,84,84,78.0,0.0008273742686602446,0.0005691519635742744,385
20140207,21,19,126,114,120.0,0.0011228650788960464,0.0005691519635742744,128
20140243,6,0,36,0,30.0,0.0,0.0,1766
20140245,11,8,66,48,60.0,0.00047278529637728267,0.0005691519635742744,907
20140253,17,15,102,90,96.0,0.000886472430707405,0.0005691519635742744,300
20140284,26,26,156,156,150.0,0.0015365522132261688,0.0005691519635742744,21
20140300,6,1,36,6,30.0,5.9098162047160334e-05,0.0005691519635742744,1726
20140307,11,10,66,60,60.0,0.0005909816204716033,0.0005691519635742744,685
20140319,37,32,222,192,222.0,0.0018911411855091307,0.0005691519635742744,5
20140331,11,10,66,60,60.0,0.0005909816204716033,0.0005691519635742744,686
20140344,7,7,42,42,36.0,0.0004136871343301223,0.0005691519635742744,1050
20140345,17,7,102,42,96.0,0.0004136871343301223,0.0005691519635742744,1051
20140358,14,9,84,54,78.0,0.000531883458424443,0.0005691519635742744,797
20140363,5,4,30,24,24.0,0.00023639264818864133,0.0005691519635742744,1494
20140364,11,9,66,54,60.0,0.000531883458424443,0.0005691519635742744,798
20140367,24,6,144,36,144.0,0.000354588972282962,0.0005691519635742744,1193
20140368,9,8,54,48,48.0,0.00047278529637728267,0.0005691519635742744,908
20140374,6,3,36,18,30.0,0.000177294486141481,0.0005691519635742744,1592
20140379,24,16,144,96,144.0,0.0009455705927545653,0.0005691519635742744,247
20140385,15,12,90,72,84.0,0.000709177944565924,0.0005691519635742744,509
20140393,7,7,42,42,36.0,0.0004136871343301223,0.0005691519635742744,1052
20140404,6,1,36,6,30.0,5.9098162047160334e-05,0.0005691519635742744,1727
20140418,17,12,102,72,96.0,0.000709177944565924,0.0005691519635742744,510
20140421,11,7,66,42,60.0,0.0004136871343301223,0.0005691519635742744,1053
20140438,13,10,78,60,72.0,0.0005909816204716033,0.0005691519635742744,687
20140450,6,4,36,24,30.0,0.00023639264818864133,0.0005691519635742744,1495
20140468,18,18,108,108,114.0,0.001063766916848886,0.0005691519635742744,159
20140474,8,8,48,48,42.0,0.00047278529637728267,0.0005691519635742744,909
20140477,5,5,30,30,24.0,0.00029549081023580166,0.0005691519635742744,1343
20140487,16,16,96,96,90.0,0.0009455705927545653,0.0005691519635742744,248
20140496,13,6,78,36,72.0,0.000354588972282962,0.0005691519635742744,1194
20140500,15,15,90,90,84.0,0.000886472430707405,0.0005691519635742744,301
20140508,4,4,24,24,18.0,0.00023639264818864133,0.0005691519635742744,1496
20140515,11,11,66,66,60.0,0.0006500797825187637,0.0005691519635742744,601
20140516,25,15,150,90,150.0,0.000886472430707405,0.0005691519635742744,302
20140525,7,2,42,12,36.0,0.00011819632409432067,0.0005691519635742744,1670
20140532,7,5,42,30,36.0,0.00029549081023580166,0.0005691519635742744,1344
20140536,14,4,84,24,78.0,0.00023639264818864133,0.0005691519635742744,1497
20140544,19,10,114,60,108.0,0.0005909816204716033,0.0005691519635742744,688
20140547,10,9,60,54,54.0,0.000531883458424443,0.0005691519635742744,799
20140549,34,29,204,174,216.0,0.0017138466993676497,0.0005691519635742744,12
20140592,6,6,36,36,30.0,0.000354588972282962,0.0005691519635742744,1195
20140598,13,8,78,48,72.0,0.00047278529637728267,0.0005691519635742744,910
20140607,10,10,60,60,54.0,0.0005909816204716033,0.0005691519635742744,689
20140615,16,16,96,96,90.0,0.0009455705927545653,0.0005691519635742744,249
20140618,9,9,54,54,48.0,0.000531883458424443,0.0005691519635742744,800
20140623,23,20,138,120,132.0,0.0011819632409432066,0.0005691519635742744,98
20140642,5,5,30,30,24.0,0.00029549081023580166,0.0005691519635742744,1345
20140648,10,9,60,54,54.0,0.000531883458424443,0.0005691519635742744,801
20140651,12,11,72,66,66.0,0.0006500797825187637,0.0005691519635742744,602
20140668,10,1,60,6,54.0,5.9098162047160334e-05,0.0005691519635742744,1728
20140678,8,7,48,42,42.0,0.0004136871343301223,0.0005691519635742744,1054
20140686,12,9,72,54,66.0,0.000531883458424443,0.0005691519635742744,802
20140692,16,12,96,72,90.0,0.000709177944565924,0.0005691519635742744,511
20140706,9,7,54,42,48.0,0.0004136871343301223,0.0005691519635742744,1055
20140710,9,5,54,30,48.0,0.00029549081023580166,0.0005691519635742744,1346
20140711,7,7,42,42,36.0,0.0004136871343301223,0.0005691519635742744,1056
20140712,12,12,72,72,66.0,0.000709177944565924,0.0005691519635742744,512
20140726,14,8,84,48,78.0,0.00047278529637728267,0.0005691519635742744,911
20140727,13,11,78,66,72.0,0.0006500797825187637,0.0005691519635742744,603
20140731,12,8,72,48,66.0,0.00047278529637728267,0.0005691519635742744,912
20140736,22,17,132,102,126.0,0.0010046687548017257,0.0005691519635742744,204
20140759,19,10,114,60,108.0,0.0005909816204716033,0.0005691519635742744,690
20140766,16,15,96,90,90.0,0.000886472430707405,0.0005691519635742744,303
20140774,17,17,102,102,96.0,0.0010046687548017257,0.0005691519635742744,205
20140778,7,1,42,6,36.0,5.9098162047160334e-05,0.0005691519635742744,1729
20140797,8,8,48,48,42.0,0.00047278529637728267,0.0005691519635742744,913
20140807,37,27,222,162,216.0,0.001595650375273329,0.0005691519635742744,16
20140822,17,15,102,90,96.0,0.000886472430707405,0.0005691519635742744,304
20140830,20,18,120,108,114.0,0.001063766916848886,0.0005691519635742744,160
20140838,12,9,72,54,66.0,0.000531883458424443,0.0005691519635742744,803
20140840,11,9,66,54,60.0,0.000531883458424443,0.0005691519635742744,804
20140852,7,7,42,42,36.0,0.0004136871343301223,0.0005691519635742744,1057
20140855,5,5,30,30,30.0,0.00029549081023580166,0.0005691519635742744,1347
20140862,6,6,36,36,30.0,0.000354588972282962,0.0005691519635742744,1196
20140864,6,6,36,36,30.0,0.000354588972282962,0.0005691519635742744,1197
20140873,8,4,48,24,42.0,0.00023639264818864133,0.0005691519635742744,1498
20140877,10,9,60,54,54.0,0.000531883458424443,0.0005691519635742744,805
20140894,9,5,54,30,48.0,0.00029549081023580166,0.0005691519635742744,1348
20140918,10,3,60,18,54.0,0.000177294486141481,0.0005691519635742744,1593
20140924,17,14,102,84,102.0,0.0008273742686602446,0.0005691519635742744,386
20140932,12,12,72,72,66.0,0.000709177944565924,0.0005691519635742744,513
20140935,15,13,90,78,84.0,0.0007682761066130844,0.0005691519635742744,450
20140942,15,2,90,12,84.0,0.00011819632409432067,0.0005691519635742744,1671
20140944,5,5,30,30,24.0,0.00029549081023580166,0.0005691519635742744,1349
20140950,7,6,42,36,36.0,0.000354588972282962,0.0005691519635742744,1198
20140951,26,24,156,144,162.0,0.001418355889131848,0.0005691519635742744,39
20140954,7,7,42,42,36.0,0.0004136871343301223,0.0005691519635742744,1058
20140963,5,5,30,30,24.0,0.00029549081023580166,0.0005691519635742744,1350
20140976,20,5,120,30,114.0,0.00029549081023580166,0.0005691519635742744,1351
20140979,20,14,120,84,114.0,0.0008273742686602446,0.0005691519635742744,387
20140987,11,9,66,54,60.0,0.000531883458424443,0.0005691519635742744,806
20140991,7,4,42,24,36.0,0.00023639264818864133,0.0005691519635742744,1499
20140997,17,17,102,102,96.0,0.0010046687548017257,0.0005691519635742744,206
20141006,10,9,60,54,54.0,0.000531883458424443,0.0005691519635742744,807
20141009,9,8,54,48,48.0,0.00047278529637728267,0.0005691519635742744,914
20141011,6,6,36,36,30.0,0.000354588972282962,0.0005691519635742744,1199
20141014,19,18,114,108,108.0,0.001063766916848886,0.0005691519635742744,161
20141021,8,4,48,24,42.0,0.00023639264818864133,0.0005691519635742744,1500
20141031,9,4,54,24,48.0,0.00023639264818864133,0.0005691519635742744,1501
20141035,11,10,66,60,60.0,0.0005909816204716033,0.0005691519635742744,691
20141038,4,4,24,24,18.0,0.00023639264818864133,0.0005691519635742744,1502
20141039,20,16,120,96,114.0,0.0009455705927545653,0.0005691519635742744,250
20141045,9,2,54,12,48.0,0.00011819632409432067,0.0005691519635742744,1672
20141056,26,5,156,30,150.0,0.00029549081023580166,0.0005691519635742744,1352
20141063,19,15,114,90,108.0,0.000886472430707405,0.0005691519635742744,305
20141068,23,4,138,24,132.0,0.00023639264818864133,0.0005691519635742744,1503
20141074,16,16,96,96,90.0,0.0009455705927545653,0.0005691519635742744,251
20141076,5,5,30,30,24.0,0.00029549081023580166,0.0005691519635742744,1353
20141089,9,7,54,42,48.0,0.0004136871343301223,0.0005691519635742744,1059
20141094,6,2,36,12,30.0,0.00011819632409432067,0.0005691519635742744,1673
20141103,17,15,102,90,96.0,0.000886472430707405,0.0005691519635742744,306
20141104,9,6,54,36,48.0,0.000354588972282962,0.0005691519635742744,1200
20141118,8,3,48,18,42.0,0.000177294486141481,0.0005691519635742744,1594
20141124,8,8,48,48,42.0,0.00047278529637728267,0.0005691519635742744,915
20141142,17,16,102,96,96.0,0.0009455705927545653,0.0005691519635742744,252
20141147,7,6,42,36,36.0,0.000354588972282962,0.0005691519635742744,1201
20141148,13,8,78,48,72.0,0.00047278529637728267,0.0005691519635742744,916
20141157,13,3,78,18,72.0,0.000177294486141481,0.0005691519635742744,1595
20141160,19,7,114,42,120.0,0.0004136871343301223,0.0005691519635742744,1060
20141165,16,13,96,78,90.0,0.0007682761066130844,0.0005691519635742744,451
20141169,16,12,96,72,90.0,0.000709177944565924,0.0005691519635742744,514
20141170,12,4,72,24,66.0,0.00023639264818864133,0.0005691519635742744,1504
20141177,11,3,66,18,66.0,0.000177294486141481,0.0005691519635742744,1596
20141180,14,1,84,6,78.0,5.9098162047160334e-05,0.0005691519635742744,1730
20141181,4,3,24,18,18.0,0.000177294486141481,0.0005691519635742744,1597
20141185,9,6,54,36,48.0,0.000354588972282962,0.0005691519635742744,1202
20150005,15,12,90,72,84.0,0.000709177944565924,0.0005691519635742744,515
20150010,42,10,252,60,300.0,0.0005909816204716033,0.0005691519635742744,692
20150015,11,10,66,60,60.0,0.0005909816204716033,0.0005691519635742744,693
20150017,8,8,48,48,42.0,0.00047278529637728267,0.0005691519635742744,917
20150020,6,5,36,30,30.0,0.00029549081023580166,0.0005691519635742744,1354
20150024,7,5,42,30,36.0,0.00029549081023580166,0.0005691519635742744,1355
20150025,12,11,72,66,66.0,0.0006500797825187637,0.0005691519635742744,604
20150027,11,5,66,30,60.0,0.00029549081023580166,0.0005691519635742744,1356
20150031,10,9,60,54,54.0,0.000531883458424443,0.0005691519635742744,808
20150039,15,14,90,84,84.0,0.0008273742686602446,0.0005691519635742744,388
20150049,15,11,90,66,84.0,0.0006500797825187637,0.0005691519635742744,605
20150053,20,18,120,108,126.0,0.001063766916848886,0.0005691519635742744,162
20150059,19,8,114,48,108.0,0.00047278529637728267,0.0005691519635742744,918
20150069,11,11,66,66,60.0,0.0006500797825187637,0.0005691519635742744,606
20150075,4,4,24,24,18.0,0.00023639264818864133,0.0005691519635742744,1505
20150081,11,3,66,18,60.0,0.000177294486141481,0.0005691519635742744,1598
20150083,13,1,78,6,72.0,5.9098162047160334e-05,0.0005691519635742744,1731
20150087,5,3,30,18,24.0,0.000177294486141481,0.0005691519635742744,1599
20150097,33,17,198,102,192.0,0.0010046687548017257,0.0005691519635742744,207
20150098,5,1,30,6,24.0,5.9098162047160334e-05,0.0005691519635742744,1732
20150100,16,15,96,90,90.0,0.000886472430707405,0.0005691519635742744,307
20150108,19,6,114,36,108.0,0.000354588972282962,0.0005691519635742744,1203
20150111,7,5,42,30,36.0,0.00029549081023580166,0.0005691519635742744,1357
20150112,6,5,36,30,30.0,0.00029549081023580166,0.0005691519635742744,1358
20150115,8,4,48,24,42.0,0.00023639264818864133,0.0005691519635742744,1506
20150123,25,18,150,108,144.0,0.001063766916848886,0.0005691519635742744,163
20150134,5,5,30,30,24.0,0.00029549081023580166,0.0005691519635742744,1359
20150135,14,9,84,54,78.0,0.000531883458424443,0.0005691519635742744,809
20150140,6,4,36,24,30.0,0.00023639264818864133,0.0005691519635742744,1507
20150149,9,4,54,24,54.0,0.00023639264818864133,0.0005691519635742744,1508
20150153,7,5,42,30,36.0,0.00029549081023580166,0.0005691519635742744,1360
20150165,9,9,54,54,48.0,0.000531883458424443,0.0005691519635742744,810
20150167,26,20,156,120,156.0,0.0011819632409432066,0.0005691519635742744,99
20150175,20,15,120,90,114.0,0.000886472430707405,0.0005691519635742744,308
20150185,14,11,84,66,78.0,0.0006500797825187637,0.0005691519635742744,607
20150187,36,23,216,138,222.0,0.0013592577270846876,0.0005691519635742744,52
20150189,17,4,102,24,96.0,0.00023639264818864133,0.0005691519635742744,1509
20150198,7,3,42,18,36.0,0.000177294486141481,0.0005691519635742744,1600
20150206,14,11,84,66,78.0,0.0006500797825187637,0.0005691519635742744,608
20150212,5,5,30,30,24.0,0.00029549081023580166,0.0005691519635742744,1361
20150213,18,2,108,12,126.0,0.00011819632409432067,0.0005691519635742744,1674
20150218,13,11,78,66,72.0,0.0006500797825187637,0.0005691519635742744,609
20150222,6,5,36,30,30.0,0.00029549081023580166,0.0005691519635742744,1362
20150231,12,10,72,60,66.0,0.0005909816204716033,0.0005691519635742744,694
20150234,30,18,180,108,174.0,0.001063766916848886,0.0005691519635742744,164
20150252,14,7,84,42,78.0,0.0004136871343301223,0.0005691519635742744,1061
20150260,15,13,90,78,84.0,0.0007682761066130844,0.0005691519635742744,452
20150266,9,6,54,36,48.0,0.000354588972282962,0.0005691519635742744,1204
20150272,20,9,120,54,114.0,0.000531883458424443,0.0005691519635742744,811
20150285,16,13,96,78,90.0,0.0007682761066130844,0.0005691519635742744,453
20150293,11,1,66,6,60.0,5.9098162047160334e-05,0.0005691519635742744,1733
20150306,17,14,102,84,96.0,0.0008273742686602446,0.0005691519635742744,389
20150325,10,5,60,30,54.0,0.00029549081023580166,0.0005691519635742744,1363
20150359,12,12,72,72,66.0,0.000709177944565924,0.0005691519635742744,516
20150369,7,7,42,42,36.0,0.0004136871343301223,0.0005691519635742744,1062
20150370,12,10,72,60,66.0,0.0005909816204716033,0.0005691519635742744,695
20150371,13,9,78,54,72.0,0.000531883458424443,0.0005691519635742744,812
20150373,9,5,54,30,48.0,0.00029549081023580166,0.0005691519635742744,1364
20150377,20,16,120,96,114.0,0.0009455705927545653,0.0005691519635742744,253
20150391,15,13,90,78,84.0,0.0007682761066130844,0.0005691519635742744,454
20150403,6,4,36,24,30.0,0.00023639264818864133,0.0005691519635742744,1510
20150407,10,10,60,60,54.0,0.0005909816204716033,0.0005691519635742744,696
20150436,16,14,96,84,90.0,0.0008273742686602446,0.0005691519635742744,390
20150441,11,2,66,12,60.0,0.00011819632409432067,0.0005691519635742744,1675
20150445,6,6,36,36,30.0,0.000354588972282962,0.0005691519635742744,1205
20150448,5,1,30,6,24.0,5.9098162047160334e-05,0.0005691519635742744,1734
20150451,10,4,60,24,54.0,0.00023639264818864133,0.0005691519635742744,1511
20150458,21,10,126,60,126.0,0.0005909816204716033,0.0005691519635742744,697
20150468,19,15,114,90,108.0,0.000886472430707405,0.0005691519635742744,309
20150482,10,5,60,30,54.0,0.00029549081023580166,0.0005691519635742744,1365
20150483,10,10,60,60,54.0,0.0005909816204716033,0.0005691519635742744,698
20150491,10,9,60,54,54.0,0.000531883458424443,0.0005691519635742744,813
20150496,6,6,36,36,30.0,0.000354588972282962,0.0005691519635742744,1206
20150499,13,13,78,78,72.0,0.0007682761066130844,0.0005691519635742744,455
20150515,7,7,42,42,36.0,0.0004136871343301223,0.0005691519635742744,1063
20150528,9,9,54,54,48.0,0.000531883458424443,0.0005691519635742744,814
20150532,15,12,90,72,84.0,0.000709177944565924,0.0005691519635742744,517
20150537,9,3,54,18,48.0,0.000177294486141481,0.0005691519635742744,1601
20150539,6,0,36,0,30.0,0.0,0.0,1767
20150541,11,5,66,30,60.0,0.00029549081023580166,0.0005691519635742744,1366
20150544,6,6,36,36,30.0,0.000354588972282962,0.0005691519635742744,1207
20150546,8,8,48,48,42.0,0.00047278529637728267,0.0005691519635742744,919
20150550,5,5,30,30,24.0,0.00029549081023580166,0.0005691519635742744,1367
20150553,11,9,66,54,60.0,0.000531883458424443,0.0005691519635742744,815
20150560,6,5,36,30,30.0,0.00029549081023580166,0.0005691519635742744,1368
20150561,25,20,150,120,144.0,0.0011819632409432066,0.0005691519635742744,100
20150566,19,14,114,84,108.0,0.0008273742686602446,0.0005691519635742744,391
20150594,8,5,48,30,42.0,0.00029549081023580166,0.0005691519635742744,1369
20150604,6,6,36,36,30.0,0.000354588972282962,0.0005691519635742744,1208
20150608,13,12,78,72,72.0,0.000709177944565924,0.0005691519635742744,518
20150614,17,9,102,54,96.0,0.000531883458424443,0.0005691519635742744,816
20150628,13,12,78,72,72.0,0.000709177944565924,0.0005691519635742744,519
20150629,8,8,48,48,42.0,0.00047278529637728267,0.0005691519635742744,920
20150637,19,18,114,108,108.0,0.001063766916848886,0.0005691519635742744,165
20150638,25,20,150,120,174.0,0.0011819632409432066,0.0005691519635742744,101
20150646,10,6,60,36,54.0,0.000354588972282962,0.0005691519635742744,1209
20150650,9,3,54,18,48.0,0.000177294486141481,0.0005691519635742744,1602
20150655,7,0,42,0,36.0,0.0,0.0,1768
20150656,16,12,96,72,90.0,0.000709177944565924,0.0005691519635742744,520
20150667,10,10,60,60,54.0,0.0005909816204716033,0.0005691519635742744,699
20150669,7,7,42,42,36.0,0.0004136871343301223,0.0005691519635742744,1064
20150680,8,8,48,48,42.0,0.00047278529637728267,0.0005691519635742744,921
20150682,18,18,108,108,102.0,0.001063766916848886,0.0005691519635742744,166
20150699,11,10,66,60,60.0,0.0005909816204716033,0.0005691519635742744,700
20150700,22,18,132,108,132.0,0.001063766916848886,0.0005691519635742744,167
20150717,17,17,102,102,96.0,0.0010046687548017257,0.0005691519635742744,208
20150719,7,7,42,42,36.0,0.0004136871343301223,0.0005691519635742744,1065
20150746,13,13,78,78,72.0,0.0007682761066130844,0.0005691519635742744,456
20150751,11,7,66,42,60.0,0.0004136871343301223,0.0005691519635742744,1066
20150761,20,16,120,96,114.0,0.0009455705927545653,0.0005691519635742744,254
20150765,5,5,30,30,24.0,0.00029549081023580166,0.0005691519635742744,1370
20150783,5,5,30,30,24.0,0.00029549081023580166,0.0005691519635742744,1371
20150802,24,24,144,144,138.0,0.001418355889131848,0.0005691519635742744,40
20150805,26,26,156,156,150.0,0.0015365522132261688,0.0005691519635742744,22
20150807,9,9,54,54,48.0,0.000531883458424443,0.0005691519635742744,817
20150809,13,13,78,78,72.0,0.0007682761066130844,0.0005691519635742744,457
20150815,8,8,48,48,42.0,0.00047278529637728267,0.0005691519635742744,922
20150821,10,10,60,60,54.0,0.0005909816204716033,0.0005691519635742744,701
20150827,9,8,54,48,48.0,0.00047278529637728267,0.0005691519635742744,923
20150829,13,7,78,42,72.0,0.0004136871343301223,0.0005691519635742744,1067
20150836,16,15,96,90,90.0,0.000886472430707405,0.0005691519635742744,310
20150843,9,7,54,42,48.0,0.0004136871343301223,0.0005691519635742744,1068
20150871,16,16,96,96,90.0,0.0009455705927545653,0.0005691519635742744,255
20150880,13,13,78,78,72.0,0.0007682761066130844,0.0005691519635742744,458
20150882,23,13,138,78,132.0,0.0007682761066130844,0.0005691519635742744,459
20150890,20,19,120,114,114.0,0.0011228650788960464,0.0005691519635742744,129
20150908,10,1,60,6,54.0,5.9098162047160334e-05,0.0005691519635742744,1735
20150914,10,10,60,60,54.0,0.0005909816204716033,0.0005691519635742744,702
20150917,5,5,30,30,24.0,0.00029549081023580166,0.0005691519635742744,1372
20150922,5,5,30,30,30.0,0.00029549081023580166,0.0005691519635742744,1373
20150942,7,7,42,42,36.0,0.0004136871343301223,0.0005691519635742744,1069
20150949,6,6,36,36,30.0,0.000354588972282962,0.0005691519635742744,1210
20150953,20,19,120,114,114.0,0.0011228650788960464,0.0005691519635742744,130
20150971,5,2,30,12,24.0,0.00011819632409432067,0.0005691519635742744,1676
20150977,10,10,60,60,54.0,0.0005909816204716033,0.0005691519635742744,703
20150984,12,10,72,60,66.0,0.0005909816204716033,0.0005691519635742744,704
20150992,7,4,42,24,36.0,0.00023639264818864133,0.0005691519635742744,1512
20151014,8,1,48,6,42.0,5.9098162047160334e-05,0.0005691519635742744,1736
20151023,5,5,30,30,24.0,0.00029549081023580166,0.0005691519635742744,1374
20151026,22,15,132,90,126.0,0.000886472430707405,0.0005691519635742744,311
20151030,18,15,108,90,102.0,0.000886472430707405,0.0005691519635742744,312
20151042,5,4,30,24,24.0,0.00023639264818864133,0.0005691519635742744,1513
20151045,19,13,114,78,108.0,0.0007682761066130844,0.0005691519635742744,460
20151050,20,17,120,102,114.0,0.0010046687548017257,0.0005691519635742744,209
20151054,19,15,114,90,108.0,0.000886472430707405,0.0005691519635742744,313
20151067,6,6,36,36,30.0,0.000354588972282962,0.0005691519635742744,1211
20151076,14,0,84,0,78.0,0.0,0.0,1769
20151093,7,1,42,6,36.0,5.9098162047160334e-05,0.0005691519635742744,1737
20151116,25,24,150,144,144.0,0.001418355889131848,0.0005691519635742744,41
20151119,11,11,66,66,60.0,0.0006500797825187637,0.0005691519635742744,610
20151123,15,7,90,42,84.0,0.0004136871343301223,0.0005691519635742744,1070
20151130,10,3,60,18,54.0,0.000177294486141481,0.0005691519635742744,1603
20151136,6,4,36,24,30.0,0.00023639264818864133,0.0005691519635742744,1514
20151141,9,6,54,36,48.0,0.000354588972282962,0.0005691519635742744,1212
20151143,10,8,60,48,54.0,0.00047278529637728267,0.0005691519635742744,924
20151148,14,9,84,54,78.0,0.000531883458424443,0.0005691519635742744,818
20151157,5,3,30,18,24.0,0.000177294486141481,0.0005691519635742744,1604
20151160,13,0,78,0,132.0,0.0,0.0,1770
20151161,5,5,30,30,24.0,0.00029549081023580166,0.0005691519635742744,1375
20151162,7,4,42,24,36.0,0.00023639264818864133,0.0005691519635742744,1515
20151163,8,8,48,48,42.0,0.00047278529637728267,0.0005691519635742744,925
20151164,8,8,48,48,42.0,0.00047278529637728267,0.0005691519635742744,926
20151170,11,4,66,24,60.0,0.00023639264818864133,0.0005691519635742744,1516
20151172,10,4,60,24,54.0,0.00023639264818864133,0.0005691519635742744,1517
20151175,12,10,72,60,66.0,0.0005909816204716033,0.0005691519635742744,705
20151178,16,15,96,90,90.0,0.000886472430707405,0.0005691519635742744,314
20160006,14,9,84,54,78.0,0.000531883458424443,0.0005691519635742744,819
20160012,7,4,42,24,36.0,0.00023639264818864133,0.0005691519635742744,1518
20160030,12,11,72,66,66.0,0.0006500797825187637,0.0005691519635742744,611
20160037,42,18,252,108,264.0,0.001063766916848886,0.0005691519635742744,168
20160048,13,10,78,60,72.0,0.0005909816204716033,0.0005691519635742744,706
20160051,16,14,96,84,90.0,0.0008273742686602446,0.0005691519635742744,392
20160068,11,8,66,48,60.0,0.00047278529637728267,0.0005691519635742744,927
20160075,11,3,66,18,60.0,0.000177294486141481,0.0005691519635742744,1605
20160080,11,5,66,30,60.0,0.00029549081023580166,0.0005691519635742744,1376
20160093,22,13,132,78,126.0,0.0007682761066130844,0.0005691519635742744,461
20160102,13,6,78,36,72.0,0.000354588972282962,0.0005691519635742744,1213
20160104,25,20,150,120,150.0,0.0011819632409432066,0.0005691519635742744,102
20160127,14,13,84,78,78.0,0.0007682761066130844,0.0005691519635742744,462
20160132,21,16,126,96,126.0,0.0009455705927545653,0.0005691519635742744,256
20160135,9,7,54,42,48.0,0.0004136871343301223,0.0005691519635742744,1071
20160139,14,14,84,84,78.0,0.0008273742686602446,0.0005691519635742744,393
20160145,17,15,102,90,96.0,0.000886472430707405,0.0005691519635742744,315
20160161,26,17,156,102,150.0,0.0010046687548017257,0.0005691519635742744,210
20160162,8,5,48,30,42.0,0.00029549081023580166,0.0005691519635742744,1377
20160168,6,6,36,36,30.0,0.000354588972282962,0.0005691519635742744,1214
20160176,32,30,192,180,186.0,0.00177294486141481,0.0005691519635742744,8
20160186,25,8,150,48,144.0,0.00047278529637728267,0.0005691519635742744,928
20160195,7,7,42,42,36.0,0.0004136871343301223,0.0005691519635742744,1072
20160199,11,11,66,66,60.0,0.0006500797825187637,0.0005691519635742744,612
20160232,12,9,72,54,66.0,0.000531883458424443,0.0005691519635742744,820
20160248,5,0,30,0,24.0,0.0,0.0,1771
20160253,15,6,90,36,84.0,0.000354588972282962,0.0005691519635742744,1215
20160268,8,5,48,30,42.0,0.00029549081023580166,0.0005691519635742744,1378
20160281,7,5,42,30,36.0,0.00029549081023580166,0.0005691519635742744,1379
20160288,29,23,174,138,174.0,0.0013592577270846876,0.0005691519635742744,53
20160293,6,6,36,36,30.0,0.000354588972282962,0.0005691519635742744,1216
20160314,9,7,54,42,54.0,0.0004136871343301223,0.0005691519635742744,1073
20160315,18,14,108,84,102.0,0.0008273742686602446,0.0005691519635742744,394
20160317,21,20,126,120,120.0,0.0011819632409432066,0.0005691519635742744,103
20160330,14,7,84,42,78.0,0.0004136871343301223,0.0005691519635742744,1074
20160336,17,16,102,96,96.0,0.0009455705927545653,0.0005691519635742744,257
20160337,8,8,48,48,42.0,0.00047278529637728267,0.0005691519635742744,929
20160340,6,5,36,30,30.0,0.00029549081023580166,0.0005691519635742744,1380
20160343,6,5,36,30,30.0,0.00029549081023580166,0.0005691519635742744,1381
20160344,5,5,30,30,24.0,0.00029549081023580166,0.0005691519635742744,1382
20160348,8,8,48,48,42.0,0.00047278529637728267,0.0005691519635742744,930
20160365,11,11,66,66,60.0,0.0006500797825187637,0.0005691519635742744,613
20160368,5,5,30,30,24.0,0.00029549081023580166,0.0005691519635742744,1383
20160380,7,5,42,30,36.0,0.00029549081023580166,0.0005691519635742744,1384
20160395,9,5,54,30,48.0,0.00029549081023580166,0.0005691519635742744,1385
20160404,11,11,66,66,60.0,0.0006500797825187637,0.0005691519635742744,614
20160411,6,6,36,36,30.0,0.000354588972282962,0.0005691519635742744,1217
20160414,22,21,132,126,126.0,0.001241061402990367,0.0005691519635742744,79
20160429,6,2,36,12,30.0,0.00011819632409432067,0.0005691519635742744,1677
20160443,10,9,60,54,54.0,0.000531883458424443,0.0005691519635742744,821
20160453,26,22,156,132,156.0,0.0013001595650375274,0.0005691519635742744,65
20160465,7,7,42,42,36.0,0.0004136871343301223,0.0005691519635742744,1075
20160486,11,6,66,36,60.0,0.000354588972282962,0.0005691519635742744,1218
20160487,27,26,162,156,156.0,0.0015365522132261688,0.0005691519635742744,23
20160490,10,8,60,48,54.0,0.00047278529637728267,0.0005691519635742744,931
20160498,14,13,84,78,78.0,0.0007682761066130844,0.0005691519635742744,463
20160516,7,7,42,42,36.0,0.0004136871343301223,0.0005691519635742744,1076
20160523,24,12,144,72,138.0,0.000709177944565924,0.0005691519635742744,521
20160527,20,17,120,102,114.0,0.0010046687548017257,0.0005691519635742744,211
20160539,9,2,54,12,48.0,0.00011819632409432067,0.0005691519635742744,1678
20160546,19,4,114,24,108.0,0.00023639264818864133,0.0005691519635742744,1519
20160555,30,12,180,72,174.0,0.000709177944565924,0.0005691519635742744,522
20160565,6,6,36,36,30.0,0.000354588972282962,0.0005691519635742744,1219
20160579,15,11,90,66,84.0,0.0006500797825187637,0.0005691519635742744,615
20160587,14,14,84,84,78.0,0.0008273742686602446,0.0005691519635742744,395
20160599,14,8,84,48,78.0,0.00047278529637728267,0.0005691519635742744,932
20160601,15,13,90,78,84.0,0.0007682761066130844,0.0005691519635742744,464
20160609,12,6,72,36,66.0,0.000354588972282962,0.0005691519635742744,1220
20160610,7,7,42,42,36.0,0.0004136871343301223,0.0005691519635742744,1077
20160619,11,11,66,66,60.0,0.0006500797825187637,0.0005691519635742744,616
20160627,7,6,42,36,36.0,0.000354588972282962,0.0005691519635742744,1221
20160630,12,11,72,66,66.0,0.0006500797825187637,0.0005691519635742744,617
20160644,20,12,120,72,120.0,0.000709177944565924,0.0005691519635742744,523
20160647,22,15,132,90,126.0,0.000886472430707405,0.0005691519635742744,316
20160649,14,5,84,30,78.0,0.00029549081023580166,0.0005691519635742744,1386
20160692,18,10,108,60,150.0,0.0005909816204716033,0.0005691519635742744,707
20160696,14,7,84,42,78.0,0.0004136871343301223,0.0005691519635742744,1078
20160703,14,5,84,30,78.0,0.00029549081023580166,0.0005691519635742744,1387
20160711,8,8,48,48,42.0,0.00047278529637728267,0.0005691519635742744,933
20160715,7,1,42,6,36.0,5.9098162047160334e-05,0.0005691519635742744,1738
20160721,11,11,66,66,60.0,0.0006500797825187637,0.0005691519635742744,618
20160729,11,7,66,42,60.0,0.0004136871343301223,0.0005691519635742744,1079
20160735,12,10,72,60,66.0,0.0005909816204716033,0.0005691519635742744,708
20160738,4,4,24,24,18.0,0.00023639264818864133,0.0005691519635742744,1520
20160742,26,19,156,114,210.0,0.0011228650788960464,0.0005691519635742744,131
20160746,4,4,24,24,18.0,0.00023639264818864133,0.0005691519635742744,1521
20160748,6,2,36,12,30.0,0.00011819632409432067,0.0005691519635742744,1679
20160754,9,9,54,54,48.0,0.000531883458424443,0.0005691519635742744,822
20160758,9,7,54,42,48.0,0.0004136871343301223,0.0005691519635742744,1080
20160760,12,9,72,54,66.0,0.000531883458424443,0.0005691519635742744,823
20160766,5,1,30,6,24.0,5.9098162047160334e-05,0.0005691519635742744,1739
20160775,22,22,132,132,132.0,0.0013001595650375274,0.0005691519635742744,66
20160788,10,10,60,60,54.0,0.0005909816204716033,0.0005691519635742744,709
20160797,9,9,54,54,48.0,0.000531883458424443,0.0005691519635742744,824
20160800,23,22,138,132,132.0,0.0013001595650375274,0.0005691519635742744,67
20160815,14,1,84,6,78.0,5.9098162047160334e-05,0.0005691519635742744,1740
20160827,25,19,150,114,144.0,0.0011228650788960464,0.0005691519635742744,132
20160840,6,2,36,12,30.0,0.00011819632409432067,0.0005691519635742744,1680
20160844,5,5,30,30,24.0,0.00029549081023580166,0.0005691519635742744,1388
20160852,5,4,30,24,24.0,0.00023639264818864133,0.0005691519635742744,1522
20160857,21,20,126,120,132.0,0.0011819632409432066,0.0005691519635742744,104
20160861,10,2,60,12,54.0,0.00011819632409432067,0.0005691519635742744,1681
20160866,25,17,150,102,144.0,0.0010046687548017257,0.0005691519635742744,212
20160877,5,2,30,12,24.0,0.00011819632409432067,0.0005691519635742744,1682
20160881,11,8,66,48,60.0,0.00047278529637728267,0.0005691519635742744,934
20160895,10,2,60,12,54.0,0.00011819632409432067,0.0005691519635742744,1683
20160903,38,23,228,138,222.0,0.0013592577270846876,0.0005691519635742744,54
20160904,7,7,42,42,36.0,0.0004136871343301223,0.0005691519635742744,1081
20160911,30,28,180,168,174.0,0.0016547485373204893,0.0005691519635742744,14
20160922,11,1,66,6,60.0,5.9098162047160334e-05,0.0005691519635742744,1741
20160927,11,11,66,66,60.0,0.0006500797825187637,0.0005691519635742744,619
20160949,22,17,132,102,126.0,0.0010046687548017257,0.0005691519635742744,213
20160964,10,6,60,36,66.0,0.000354588972282962,0.0005691519635742744,1222
20160972,10,6,60,36,54.0,0.000354588972282962,0.0005691519635742744,1223
20160977,29,21,174,126,168.0,0.001241061402990367,0.0005691519635742744,80
20160980,18,3,108,18,102.0,0.000177294486141481,0.0005691519635742744,1606
20160994,21,17,126,102,120.0,0.0010046687548017257,0.0005691519635742744,214
20160999,8,8,48,48,42.0,0.00047278529637728267,0.0005691519635742744,935
20161003,10,10,60,60,54.0,0.0005909816204716033,0.0005691519635742744,710
20161008,10,9,60,54,54.0,0.000531883458424443,0.0005691519635742744,825
20161009,5,4,30,24,24.0,0.00023639264818864133,0.0005691519635742744,1523
20161021,12,12,72,72,66.0,0.000709177944565924,0.0005691519635742744,524
20161031,6,6,36,36,30.0,0.000354588972282962,0.0005691519635742744,1224
20161039,5,5,30,30,24.0,0.00029549081023580166,0.0005691519635742744,1389
20161043,15,14,90,84,84.0,0.0008273742686602446,0.0005691519635742744,396
20161047,6,4,36,24,30.0,0.00023639264818864133,0.0005691519635742744,1524
20161051,21,16,126,96,120.0,0.0009455705927545653,0.0005691519635742744,258
20161052,28,12,168,72,162.0,0.000709177944565924,0.0005691519635742744,525
20161053,6,5,36,30,30.0,0.00029549081023580166,0.0005691519635742744,1390
20161058,12,11,72,66,66.0,0.0006500797825187637,0.0005691519635742744,620
20161071,12,2,72,12,66.0,0.00011819632409432067,0.0005691519635742744,1684
20161074,19,12,114,72,108.0,0.000709177944565924,0.0005691519635742744,526
20161085,10,6,60,36,54.0,0.000354588972282962,0.0005691519635742744,1225
20161086,6,6,36,36,30.0,0.000354588972282962,0.0005691519635742744,1226
20161087,10,7,60,42,54.0,0.0004136871343301223,0.0005691519635742744,1082
20161094,5,5,30,30,24.0,0.00029549081023580166,0.0005691519635742744,1391
20161097,16,12,96,72,96.0,0.000709177944565924,0.0005691519635742744,527
20161098,18,18,108,108,102.0,0.001063766916848886,0.0005691519635742744,169
20161104,29,25,174,150,168.0,0.0014774540511790083,0.0005691519635742744,28
20161120,22,20,132,120,126.0,0.0011819632409432066,0.0005691519635742744,105
20161121,9,9,54,54,48.0,0.000531883458424443,0.0005691519635742744,826
20161130,8,8,48,48,42.0,0.00047278529637728267,0.0005691519635742744,936
20161135,10,10,60,60,54.0,0.0005909816204716033,0.0005691519635742744,711
20161143,23,12,138,72,132.0,0.000709177944565924,0.0005691519635742744,528
20161158,7,3,42,18,36.0,0.000177294486141481,0.0005691519635742744,1607
20161164,5,3,30,18,24.0,0.000177294486141481,0.0005691519635742744,1608
20161168,20,13,120,78,114.0,0.0007682761066130844,0.0005691519635742744,465
20161180,9,8,54,48,48.0,0.00047278529637728267,0.0005691519635742744,937
20161187,16,15,96,90,90.0,0.000886472430707405,0.0005691519635742744,317
20170002,6,6,36,36,30.0,0.000354588972282962,0.0005691519635742744,1227
20170005,7,5,42,30,36.0,0.00029549081023580166,0.0005691519635742744,1392
20170008,14,14,84,84,78.0,0.0008273742686602446,0.0005691519635742744,397
20170020,16,16,96,96,90.0,0.0009455705927545653,0.0005691519635742744,259
20170022,17,10,102,60,96.0,0.0005909816204716033,0.0005691519635742744,712
20170023,13,13,78,78,72.0,0.0007682761066130844,0.0005691519635742744,466
20170027,13,6,78,36,72.0,0.000354588972282962,0.0005691519635742744,1228
20170033,24,20,144,120,138.0,0.0011819632409432066,0.0005691519635742744,106
20170039,15,15,90,90,84.0,0.000886472430707405,0.0005691519635742744,318
20170049,13,13,78,78,72.0,0.0007682761066130844,0.0005691519635742744,467
20170051,6,3,36,18,30.0,0.000177294486141481,0.0005691519635742744,1609
20170056,19,12,114,72,108.0,0.000709177944565924,0.0005691519635742744,529
20170070,7,2,42,12,36.0,0.00011819632409432067,0.0005691519635742744,1685
20170073,7,3,42,18,36.0,0.000177294486141481,0.0005691519635742744,1610
20170082,15,14,90,84,84.0,0.0008273742686602446,0.0005691519635742744,398
20170092,12,2,72,12,66.0,0.00011819632409432067,0.0005691519635742744,1686
20170098,16,16,96,96,90.0,0.0009455705927545653,0.0005691519635742744,260
20170105,7,1,42,6,36.0,5.9098162047160334e-05,0.0005691519635742744,1742
20170111,18,5,108,30,102.0,0.00029549081023580166,0.0005691519635742744,1393
20170117,12,4,72,24,66.0,0.00023639264818864133,0.0005691519635742744,1525
20170127,14,7,84,42,78.0,0.0004136871343301223,0.0005691519635742744,1083
20170135,13,1,78,6,72.0,5.9098162047160334e-05,0.0005691519635742744,1743
20170141,6,6,36,36,30.0,0.000354588972282962,0.0005691519635742744,1229
20170145,7,7,42,42,36.0,0.0004136871343301223,0.0005691519635742744,1084
20170150,8,2,48,12,42.0,0.00011819632409432067,0.0005691519635742744,1687
20170154,18,11,108,66,102.0,0.0006500797825187637,0.0005691519635742744,621
20170167,5,0,30,0,24.0,0.0,0.0,1772
20170171,8,0,48,0,42.0,0.0,0.0,1773
20170181,5,3,30,18,24.0,0.000177294486141481,0.0005691519635742744,1611
20170193,9,9,54,54,48.0,0.000531883458424443,0.0005691519635742744,827
20170194,7,4,42,24,36.0,0.00023639264818864133,0.0005691519635742744,1526
20170225,6,6,36,36,30.0,0.000354588972282962,0.0005691519635742744,1230
20170228,8,1,48,6,42.0,5.9098162047160334e-05,0.0005691519635742744,1744
20170242,14,8,84,48,78.0,0.00047278529637728267,0.0005691519635742744,938
20170245,34,24,204,144,198.0,0.001418355889131848,0.0005691519635742744,42
20170284,6,4,36,24,30.0,0.00023639264818864133,0.0005691519635742744,1527
20170285,10,5,60,30,54.0,0.00029549081023580166,0.0005691519635742744,1394
20170288,9,8,54,48,48.0,0.00047278529637728267,0.0005691519635742744,939
20170296,15,15,90,90,84.0,0.000886472430707405,0.0005691519635742744,319
20170299,17,16,102,96,102.0,0.0009455705927545653,0.0005691519635742744,261
20170319,13,11,78,66,72.0,0.0006500797825187637,0.0005691519635742744,622
20170329,7,5,42,30,36.0,0.00029549081023580166,0.0005691519635742744,1395
20170340,13,7,78,42,72.0,0.0004136871343301223,0.0005691519635742744,1085
20170341,13,8,78,48,72.0,0.00047278529637728267,0.0005691519635742744,940
20170342,18,15,108,90,102.0,0.000886472430707405,0.0005691519635742744,320
20170347,7,6,42,36,36.0,0.000354588972282962,0.0005691519635742744,1231
20170348,19,19,114,114,108.0,0.0011228650788960464,0.0005691519635742744,133
20170369,6,4,36,24,30.0,0.00023639264818864133,0.0005691519635742744,1528
20170375,15,12,90,72,84.0,0.000709177944565924,0.0005691519635742744,530
20170381,10,3,60,18,54.0,0.000177294486141481,0.0005691519635742744,1612
20170385,8,5,48,30,48.0,0.00029549081023580166,0.0005691519635742744,1396
20170395,5,3,30,18,24.0,0.000177294486141481,0.0005691519635742744,1613
20170409,25,13,150,78,144.0,0.0007682761066130844,0.0005691519635742744,468
20170410,16,16,96,96,90.0,0.0009455705927545653,0.0005691519635742744,262
20170432,17,16,102,96,96.0,0.0009455705927545653,0.0005691519635742744,263
20170438,10,10,60,60,54.0,0.0005909816204716033,0.0005691519635742744,713
20170446,7,7,42,42,36.0,0.0004136871343301223,0.0005691519635742744,1086
20170453,7,7,42,42,36.0,0.0004136871343301223,0.0005691519635742744,1087
20170467,20,4,120,24,114.0,0.00023639264818864133,0.0005691519635742744,1529
20170479,6,6,36,36,30.0,0.000354588972282962,0.0005691519635742744,1232
20170482,13,9,78,54,72.0,0.000531883458424443,0.0005691519635742744,828
20170484,12,11,72,66,66.0,0.0006500797825187637,0.0005691519635742744,623
20170485,13,9,78,54,72.0,0.000531883458424443,0.0005691519635742744,829
20170489,5,5,30,30,24.0,0.00029549081023580166,0.0005691519635742744,1397
20170491,8,1,48,6,42.0,5.9098162047160334e-05,0.0005691519635742744,1745
20170492,12,12,72,72,66.0,0.000709177944565924,0.0005691519635742744,531
20170498,5,5,30,30,24.0,0.00029549081023580166,0.0005691519635742744,1398
20170504,11,11,66,66,60.0,0.0006500797825187637,0.0005691519635742744,624
20170510,9,9,54,54,48.0,0.000531883458424443,0.0005691519635742744,830
20170511,8,8,48,48,42.0,0.00047278529637728267,0.0005691519635742744,941
20170514,12,9,72,54,78.0,0.000531883458424443,0.0005691519635742744,831
20170520,10,10,60,60,54.0,0.0005909816204716033,0.0005691519635742744,714
20170534,12,10,72,60,66.0,0.0005909816204716033,0.0005691519635742744,715
20170544,9,7,54,42,48.0,0.0004136871343301223,0.0005691519635742744,1088
20170548,17,17,102,102,96.0,0.0010046687548017257,0.0005691519635742744,215
20170554,6,6,36,36,30.0,0.000354588972282962,0.0005691519635742744,1233
20170556,17,14,102,84,96.0,0.0008273742686602446,0.0005691519635742744,399
20170575,6,6,36,36,30.0,0.000354588972282962,0.0005691519635742744,1234
20170576,17,16,102,96,96.0,0.0009455705927545653,0.0005691519635742744,264
20170587,12,12,72,72,66.0,0.000709177944565924,0.0005691519635742744,532
20170595,15,13,90,78,84.0,0.0007682761066130844,0.0005691519635742744,469
20170596,14,8,84,48,78.0,0.00047278529637728267,0.0005691519635742744,942
20170601,6,2,36,12,30.0,0.00011819632409432067,0.0005691519635742744,1688
20170634,13,13,78,78,72.0,0.0007682761066130844,0.0005691519635742744,470
20170643,5,5,30,30,24.0,0.00029549081023580166,0.0005691519635742744,1399
20170662,28,19,168,114,162.0,0.0011228650788960464,0.0005691519635742744,134
20170673,13,11,78,66,84.0,0.0006500797825187637,0.0005691519635742744,625
20170676,8,7,48,42,42.0,0.0004136871343301223,0.0005691519635742744,1089
20170679,5,5,30,30,24.0,0.00029549081023580166,0.0005691519635742744,1400
20170684,38,35,228,210,228.0,0.002068435671650612,0.0005691519635742744,2
20170687,8,1,48,6,42.0,5.9098162047160334e-05,0.0005691519635742744,1746
20170688,6,0,36,0,30.0,0.0,0.0,1774
20170696,9,4,54,24,48.0,0.00023639264818864133,0.0005691519635742744,1530
20170699,9,6,54,36,48.0,0.000354588972282962,0.0005691519635742744,1235
20170707,14,12,84,72,78.0,0.000709177944565924,0.0005691519635742744,533
20170717,17,13,102,78,96.0,0.0007682761066130844,0.0005691519635742744,471
20170722,18,14,108,84,102.0,0.0008273742686602446,0.0005691519635742744,400
20170727,5,5,30,30,24.0,0.00029549081023580166,0.0005691519635742744,1401
20170743,17,11,102,66,96.0,0.0006500797825187637,0.0005691519635742744,626
20170749,11,11,66,66,60.0,0.0006500797825187637,0.0005691519635742744,627
20170756,12,12,72,72,66.0,0.000709177944565924,0.0005691519635742744,534
20170760,10,10,60,60,54.0,0.0005909816204716033,0.0005691519635742744,716
20170777,16,15,96,90,90.0,0.000886472430707405,0.0005691519635742744,321
20170781,6,2,36,12,30.0,0.00011819632409432067,0.0005691519635742744,1689
20170783,5,0,30,0,24.0,0.0,0.0,1775
20170794,22,17,132,102,126.0,0.0010046687548017257,0.0005691519635742744,216
20170799,8,8,48,48,42.0,0.00047278529637728267,0.0005691519635742744,943
20170807,9,9,54,54,48.0,0.000531883458424443,0.0005691519635742744,832
20170815,16,10,96,60,90.0,0.0005909816204716033,0.0005691519635742744,717
20170818,8,6,48,36,42.0,0.000354588972282962,0.0005691519635742744,1236
20170820,6,6,36,36,30.0,0.000354588972282962,0.0005691519635742744,1237
20170824,12,6,72,36,66.0,0.000354588972282962,0.0005691519635742744,1238
20170832,18,17,108,102,102.0,0.0010046687548017257,0.0005691519635742744,217
20170843,9,8,54,48,48.0,0.00047278529637728267,0.0005691519635742744,944
20170845,28,19,168,114,162.0,0.0011228650788960464,0.0005691519635742744,135
20170858,18,13,108,78,102.0,0.0007682761066130844,0.0005691519635742744,472
20170866,25,19,150,114,144.0,0.0011228650788960464,0.0005691519635742744,136
20170870,7,0,42,0,36.0,0.0,0.0,1776
20170881,10,8,60,48,54.0,0.00047278529637728267,0.0005691519635742744,945
20170885,20,12,120,72,114.0,0.000709177944565924,0.0005691519635742744,535
20170890,7,7,42,42,36.0,0.0004136871343301223,0.0005691519635742744,1090
20170899,10,10,60,60,54.0,0.0005909816204716033,0.0005691519635742744,718
20170905,5,5,30,30,24.0,0.00029549081023580166,0.0005691519635742744,1402
20170907,4,4,24,24,18.0,0.00023639264818864133,0.0005691519635742744,1531
20170909,7,7,42,42,36.0,0.0004136871343301223,0.0005691519635742744,1091
20170912,13,8,78,48,72.0,0.00047278529637728267,0.0005691519635742744,946
20170920,5,3,30,18,24.0,0.000177294486141481,0.0005691519635742744,1614
20170922,23,22,138,132,132.0,0.0013001595650375274,0.0005691519635742744,68
20170923,5,5,30,30,24.0,0.00029549081023580166,0.0005691519635742744,1403
20170932,5,5,30,30,24.0,0.00029549081023580166,0.0005691519635742744,1404
20170952,5,5,30,30,24.0,0.00029549081023580166,0.0005691519635742744,1405
20170957,10,8,60,48,54.0,0.00047278529637728267,0.0005691519635742744,947
20170960,5,2,30,12,24.0,0.00011819632409432067,0.0005691519635742744,1690
20170968,4,4,24,24,18.0,0.00023639264818864133,0.0005691519635742744,1532
20170969,8,5,48,30,42.0,0.00029549081023580166,0.0005691519635742744,1406
20170970,21,11,126,66,120.0,0.0006500797825187637,0.0005691519635742744,628
20170979,9,2,54,12,48.0,0.00011819632409432067,0.0005691519635742744,1691
20170984,19,18,114,108,108.0,0.001063766916848886,0.0005691519635742744,170
20170988,5,5,30,30,24.0,0.00029549081023580166,0.0005691519635742744,1407
20170993,11,11,66,66,60.0,0.0006500797825187637,0.0005691519635742744,629
20170998,26,21,156,126,150.0,0.001241061402990367,0.0005691519635742744,81
20171007,30,23,180,138,186.0,0.0013592577270846876,0.0005691519635742744,55
20171016,6,6,36,36,30.0,0.000354588972282962,0.0005691519635742744,1239
20171038,10,10,60,60,54.0,0.0005909816204716033,0.0005691519635742744,719
20171043,6,6,36,36,30.0,0.000354588972282962,0.0005691519635742744,1240
20171054,12,11,72,66,66.0,0.0006500797825187637,0.0005691519635742744,630
20171061,5,3,30,18,24.0,0.000177294486141481,0.0005691519635742744,1615
20171068,27,15,162,90,162.0,0.000886472430707405,0.0005691519635742744,322
20171069,19,14,114,84,114.0,0.0008273742686602446,0.0005691519635742744,401
20171073,12,9,72,54,66.0,0.000531883458424443,0.0005691519635742744,833
20171078,10,7,60,42,54.0,0.0004136871343301223,0.0005691519635742744,1092
20171080,6,6,36,36,30.0,0.000354588972282962,0.0005691519635742744,1241
20171085,17,17,102,102,96.0,0.0010046687548017257,0.0005691519635742744,218
20171092,6,5,36,30,30.0,0.00029549081023580166,0.0005691519635742744,1408
20171097,17,2,102,12,96.0,0.00011819632409432067,0.0005691519635742744,1692
20171104,9,4,54,24,48.0,0.00023639264818864133,0.0005691519635742744,1533
20171106,6,6,36,36,30.0,0.000354588972282962,0.0005691519635742744,1242
20171124,18,8,108,48,102.0,0.00047278529637728267,0.0005691519635742744,948
20171126,17,17,102,102,96.0,0.0010046687548017257,0.0005691519635742744,219
20171130,10,9,60,54,54.0,0.000531883458424443,0.0005691519635742744,834
20171141,5,5,30,30,24.0,0.00029549081023580166,0.0005691519635742744,1409
20171155,10,7,60,42,54.0,0.0004136871343301223,0.0005691519635742744,1093
20171159,6,6,36,36,30.0,0.000354588972282962,0.0005691519635742744,1243
20171171,14,5,84,30,78.0,0.00029549081023580166,0.0005691519635742744,1410
20171173,9,8,54,48,48.0,0.00047278529637728267,0.0005691519635742744,949
20171176,7,4,42,24,36.0,0.00023639264818864133,0.0005691519635742744,1534
20171179,11,7,66,42,60.0,0.0004136871343301223,0.0005691519635742744,1094
20171182,19,14,114,84,108.0,0.0008273742686602446,0.0005691519635742744,402
20171186,6,2,36,12,30.0,0.00011819632409432067,0.0005691519635742744,1693
20171189,9,3,54,18,48.0,0.000177294486141481,0.0005691519635742744,1616
20171190,10,7,60,42,54.0,0.0004136871343301223,0.0005691519635742744,1095
20171195,11,3,66,18,60.0,0.000177294486141481,0.0005691519635742744,1617
20171197,7,6,42,36,36.0,0.000354588972282962,0.0005691519635742744,1244
20171199,5,3,30,18,24.0,0.000177294486141481,0.0005691519635742744,1618
20171200,20,14,120,84,114.0,0.0008273742686602446,0.0005691519635742744,403
20180009,13,7,78,42,72.0,0.0004136871343301223,0.0005691519635742744,1096
20180010,12,10,72,60,66.0,0.0005909816204716033,0.0005691519635742744,720
20180011,13,7,78,42,72.0,0.0004136871343301223,0.0005691519635742744,1097
20180016,17,15,102,90,96.0,0.000886472430707405,0.0005691519635742744,323
20180039,15,9,90,54,84.0,0.000531883458424443,0.0005691519635742744,835
20180050,17,17,102,102,96.0,0.0010046687548017257,0.0005691519635742744,220
20180056,25,19,150,114,144.0,0.0011228650788960464,0.0005691519635742744,137
20180058,9,2,54,12,48.0,0.00011819632409432067,0.0005691519635742744,1694
20180079,11,3,66,18,60.0,0.000177294486141481,0.0005691519635742744,1619
20180082,21,19,126,114,120.0,0.0011228650788960464,0.0005691519635742744,138
20180096,13,12,78,72,72.0,0.000709177944565924,0.0005691519635742744,536
20180099,19,19,114,114,108.0,0.0011228650788960464,0.0005691519635742744,139
20180105,18,11,108,66,108.0,0.0006500797825187637,0.0005691519635742744,631
20180106,13,12,78,72,72.0,0.000709177944565924,0.0005691519635742744,537
20180117,12,3,72,18,66.0,0.000177294486141481,0.0005691519635742744,1620
20180129,10,10,60,60,54.0,0.0005909816204716033,0.0005691519635742744,721
20180131,8,8,48,48,42.0,0.00047278529637728267,0.0005691519635742744,950
20180138,14,12,84,72,78.0,0.000709177944565924,0.0005691519635742744,538
20180143,9,5,54,30,48.0,0.00029549081023580166,0.0005691519635742744,1411
20180148,27,5,162,30,174.0,0.00029549081023580166,0.0005691519635742744,1412
20180149,5,5,30,30,24.0,0.00029549081023580166,0.0005691519635742744,1413
20180154,16,7,96,42,90.0,0.0004136871343301223,0.0005691519635742744,1098
20180159,23,21,138,126,132.0,0.001241061402990367,0.0005691519635742744,82
20180160,9,1,54,6,48.0,5.9098162047160334e-05,0.0005691519635742744,1747
20180167,22,3,132,18,126.0,0.000177294486141481,0.0005691519635742744,1621
20180170,11,8,66,48,60.0,0.00047278529637728267,0.0005691519635742744,951
20180175,10,4,60,24,54.0,0.00023639264818864133,0.0005691519635742744,1535
20180178,12,4,72,24,66.0,0.00023639264818864133,0.0005691519635742744,1536
20180181,11,4,66,24,66.0,0.00023639264818864133,0.0005691519635742744,1537
20180182,21,15,126,90,120.0,0.000886472430707405,0.0005691519635742744,324
20180194,12,10,72,60,66.0,0.0005909816204716033,0.0005691519635742744,722
20180196,11,6,66,36,60.0,0.000354588972282962,0.0005691519635742744,1245
20180200,6,5,36,30,30.0,0.00029549081023580166,0.0005691519635742744,1414
20180203,12,10,72,60,66.0,0.0005909816204716033,0.0005691519635742744,723
20180231,15,14,90,84,102.0,0.0008273742686602446,0.0005691519635742744,404
20180234,17,15,102,90,96.0,0.000886472430707405,0.0005691519635742744,325
20180236,14,11,84,66,78.0,0.0006500797825187637,0.0005691519635742744,632
20180244,16,16,96,96,90.0,0.0009455705927545653,0.0005691519635742744,265
20180249,31,18,186,108,180.0,0.001063766916848886,0.0005691519635742744,171
20180255,4,4,24,24,18.0,0.00023639264818864133,0.0005691519635742744,1538
20180261,6,6,36,36,30.0,0.000354588972282962,0.0005691519635742744,1246
20180263,10,9,60,54,54.0,0.000531883458424443,0.0005691519635742744,836
20180267,6,6,36,36,30.0,0.000354588972282962,0.0005691519635742744,1247
20180276,7,3,42,18,36.0,0.000177294486141481,0.0005691519635742744,1622
20180278,16,11,96,66,90.0,0.0006500797825187637,0.0005691519635742744,633
20180283,6,6,36,36,30.0,0.000354588972282962,0.0005691519635742744,1248
20180287,28,14,168,84,192.0,0.0008273742686602446,0.0005691519635742744,405
20180300,10,10,60,60,54.0,0.0005909816204716033,0.0005691519635742744,724
20180309,17,13,102,78,96.0,0.0007682761066130844,0.0005691519635742744,473
20180313,6,6,36,36,30.0,0.000354588972282962,0.0005691519635742744,1249
20180324,12,12,72,72,66.0,0.000709177944565924,0.0005691519635742744,539
20180327,5,5,30,30,24.0,0.00029549081023580166,0.0005691519635742744,1415
20180333,24,15,144,90,138.0,0.000886472430707405,0.0005691519635742744,326
20180339,10,2,60,12,54.0,0.00011819632409432067,0.0005691519635742744,1695
20180346,8,0,48,0,48.0,0.0,0.0,1777
20180347,21,11,126,66,120.0,0.0006500797825187637,0.0005691519635742744,634
20180365,5,4,30,24,24.0,0.00023639264818864133,0.0005691519635742744,1539
20180368,15,13,90,78,84.0,0.0007682761066130844,0.0005691519635742744,474
20180409,14,9,84,54,78.0,0.000531883458424443,0.0005691519635742744,837
20180415,19,16,114,96,108.0,0.0009455705927545653,0.0005691519635742744,266
20180416,6,5,36,30,30.0,0.00029549081023580166,0.0005691519635742744,1416
20180419,7,7,42,42,36.0,0.0004136871343301223,0.0005691519635742744,1099
20180422,5,5,30,30,24.0,0.00029549081023580166,0.0005691519635742744,1417
20180427,13,10,78,60,72.0,0.0005909816204716033,0.0005691519635742744,725
20180435,11,10,66,60,60.0,0.0005909816204716033,0.0005691519635742744,726
20180438,25,23,150,138,144.0,0.0013592577270846876,0.0005691519635742744,56
20180441,25,24,150,144,144.0,0.001418355889131848,0.0005691519635742744,43
20180445,12,5,72,30,66.0,0.00029549081023580166,0.0005691519635742744,1418
20180464,5,2,30,12,24.0,0.00011819632409432067,0.0005691519635742744,1696
20180468,17,15,102,90,102.0,0.000886472430707405,0.0005691519635742744,327
20180490,4,4,24,24,18.0,0.00023639264818864133,0.0005691519635742744,1540
20180496,15,13,90,78,84.0,0.0007682761066130844,0.0005691519635742744,475
20180516,20,20,120,120,120.0,0.0011819632409432066,0.0005691519635742744,107
20180535,5,4,30,24,24.0,0.00023639264818864133,0.0005691519635742744,1541
20180540,6,6,36,36,30.0,0.000354588972282962,0.0005691519635742744,1250
20180545,10,8,60,48,54.0,0.00047278529637728267,0.0005691519635742744,952
20180548,14,13,84,78,78.0,0.0007682761066130844,0.0005691519635742744,476
20180555,26,25,156,150,150.0,0.0014774540511790083,0.0005691519635742744,29
20180558,11,11,66,66,60.0,0.0006500797825187637,0.0005691519635742744,635
20180563,12,9,72,54,66.0,0.000531883458424443,0.0005691519635742744,838
20180566,14,14,84,84,78.0,0.0008273742686602446,0.0005691519635742744,406
20180576,8,8,48,48,42.0,0.00047278529637728267,0.0005691519635742744,953
20180578,12,9,72,54,66.0,0.000531883458424443,0.0005691519635742744,839
20180583,9,3,54,18,48.0,0.000177294486141481,0.0005691519635742744,1623
20180602,9,9,54,54,48.0,0.000531883458424443,0.0005691519635742744,840
20180608,9,8,54,48,48.0,0.00047278529637728267,0.0005691519635742744,954
20180610,22,22,132,132,126.0,0.0013001595650375274,0.0005691519635742744,69
20180616,19,17,114,102,108.0,0.0010046687548017257,0.0005691519635742744,221
20180628,11,10,66,60,60.0,0.0005909816204716033,0.0005691519635742744,727
20180654,17,15,102,90,96.0,0.000886472430707405,0.0005691519635742744,328
20180686,5,5,30,30,24.0,0.00029549081023580166,0.0005691519635742744,1419
20180688,12,9,72,54,66.0,0.000531883458424443,0.0005691519635742744,841
20180690,7,3,42,18,36.0,0.000177294486141481,0.0005691519635742744,1624
20180705,12,11,72,66,66.0,0.0006500797825187637,0.0005691519635742744,636
20180707,11,6,66,36,60.0,0.000354588972282962,0.0005691519635742744,1251
20180715,6,6,36,36,30.0,0.000354588972282962,0.0005691519635742744,1252
20180719,29,27,174,162,174.0,0.001595650375273329,0.0005691519635742744,17
20180723,16,1,96,6,90.0,5.9098162047160334e-05,0.0005691519635742744,1748
20180725,17,1,102,6,96.0,5.9098162047160334e-05,0.0005691519635742744,1749
20180733,18,16,108,96,102.0,0.0009455705927545653,0.0005691519635742744,267
20180747,20,11,120,66,126.0,0.0006500797825187637,0.0005691519635742744,637
20180755,23,20,138,120,132.0,0.0011819632409432066,0.0005691519635742744,108
20180759,15,15,90,90,90.0,0.000886472430707405,0.0005691519635742744,329
20180772,23,15,138,90,132.0,0.000886472430707405,0.0005691519635742744,330
20180783,22,16,132,96,126.0,0.0009455705927545653,0.0005691519635742744,268
20180786,7,6,42,36,36.0,0.000354588972282962,0.0005691519635742744,1253
20180803,22,20,132,120,126.0,0.0011819632409432066,0.0005691519635742744,109
20180809,17,13,102,78,96.0,0.0007682761066130844,0.0005691519635742744,477
20180813,19,12,114,72,108.0,0.000709177944565924,0.0005691519635742744,540
20180842,9,8,54,48,54.0,0.00047278529637728267,0.0005691519635742744,955
20180849,10,9,60,54,54.0,0.000531883458424443,0.0005691519635742744,842
20180864,13,10,78,60,72.0,0.0005909816204716033,0.0005691519635742744,728
20180865,5,5,30,30,24.0,0.00029549081023580166,0.0005691519635742744,1420
20180866,25,9,150,54,144.0,0.000531883458424443,0.0005691519635742744,843
20180872,13,10,78,60,72.0,0.0005909816204716033,0.0005691519635742744,729
20180891,12,12,72,72,66.0,0.000709177944565924,0.0005691519635742744,541
20180897,9,9,54,54,48.0,0.000531883458424443,0.0005691519635742744,844
20180898,11,10,66,60,60.0,0.0005909816204716033,0.0005691519635742744,730
20180910,12,8,72,48,66.0,0.00047278529637728267,0.0005691519635742744,956
20180917,7,7,42,42,36.0,0.0004136871343301223,0.0005691519635742744,1100
20180923,9,3,54,18,48.0,0.000177294486141481,0.0005691519635742744,1625
20180930,8,8,48,48,42.0,0.00047278529637728267,0.0005691519635742744,957
20180931,19,16,114,96,108.0,0.0009455705927545653,0.0005691519635742744,269
20180939,7,7,42,42,36.0,0.0004136871343301223,0.0005691519635742744,1101
20180941,17,15,102,90,96.0,0.000886472430707405,0.0005691519635742744,331
20180942,5,4,30,24,24.0,0.00023639264818864133,0.0005691519635742744,1542
20180958,12,9,72,54,66.0,0.000531883458424443,0.0005691519635742744,845
20180970,26,22,156,132,150.0,0.0013001595650375274,0.0005691519635742744,70
20180989,7,3,42,18,36.0,0.000177294486141481,0.0005691519635742744,1626
20181005,14,11,84,66,78.0,0.0006500797825187637,0.0005691519635742744,638
20181011,16,12,96,72,90.0,0.000709177944565924,0.0005691519635742744,542
20181019,6,6,36,36,30.0,0.000354588972282962,0.0005691519635742744,1254
20181039,24,24,144,144,138.0,0.001418355889131848,0.0005691519635742744,44
20181046,5,5,30,30,24.0,0.00029549081023580166,0.0005691519635742744,1421
20181048,8,7,48,42,48.0,0.0004136871343301223,0.0005691519635742744,1102
20181052,17,16,102,96,96.0,0.0009455705927545653,0.0005691519635742744,270
20181059,13,6,78,36,72.0,0.000354588972282962,0.0005691519635742744,1255
20181060,11,8,66,48,60.0,0.00047278529637728267,0.0005691519635742744,958
20181068,10,9,60,54,54.0,0.000531883458424443,0.0005691519635742744,846
20181073,9,8,54,48,48.0,0.00047278529637728267,0.0005691519635742744,959
20181088,21,14,126,84,120.0,0.0008273742686602446,0.0005691519635742744,407
20181089,12,11,72,66,66.0,0.0006500797825187637,0.0005691519635742744,639
20181098,6,4,36,24,30.0,0.00023639264818864133,0.0005691519635742744,1543
20181099,8,4,48,24,42.0,0.00023639264818864133,0.0005691519635742744,1544
20181107,5,5,30,30,24.0,0.00029549081023580166,0.0005691519635742744,1422
20181118,29,16,174,96,168.0,0.0009455705927545653,0.0005691519635742744,271
20181128,9,2,54,12,48.0,0.00011819632409432067,0.0005691519635742744,1697
20181129,6,4,36,24,30.0,0.00023639264818864133,0.0005691519635742744,1545
20181133,14,1,84,6,78.0,5.9098162047160334e-05,0.0005691519635742744,1750
20181134,15,2,90,12,84.0,0.00011819632409432067,0.0005691519635742744,1698
20181135,24,18,144,108,138.0,0.001063766916848886,0.0005691519635742744,172
20181141,19,15,114,90,108.0,0.000886472430707405,0.0005691519635742744,332
20181155,11,9,66,54,60.0,0.000531883458424443,0.0005691519635742744,847
20181177,21,13,126,78,132.0,0.0007682761066130844,0.0005691519635742744,478
20181188,16,12,96,72,90.0,0.000709177944565924,0.0005691519635742744,543
20181194,8,8,48,48,48.0,0.00047278529637728267,0.0005691519635742744,960
20181202,11,6,66,36,60.0,0.000354588972282962,0.0005691519635742744,1256
20190004,49,12,294,72,330.0,0.000709177944565924,0.0005691519635742744,544
20190008,12,11,72,66,66.0,0.0006500797825187637,0.0005691519635742744,640
20190012,12,8,72,48,66.0,0.00047278529637728267,0.0005691519635742744,961
20190013,10,8,60,48,54.0,0.00047278529637728267,0.0005691519635742744,962
20190014,11,7,66,42,60.0,0.0004136871343301223,0.0005691519635742744,1103
20190021,15,12,90,72,84.0,0.000709177944565924,0.0005691519635742744,545
20190028,11,11,66,66,60.0,0.0006500797825187637,0.0005691519635742744,641
20190036,14,9,84,54,78.0,0.000531883458424443,0.0005691519635742744,848
20190042,19,16,114,96,108.0,0.0009455705927545653,0.0005691519635742744,272
20190050,5,5,30,30,24.0,0.00029549081023580166,0.0005691519635742744,1423
20190052,27,20,162,120,156.0,0.0011819632409432066,0.0005691519635742744,110
20190065,21,17,126,102,120.0,0.0010046687548017257,0.0005691519635742744,222
20190069,10,6,60,36,54.0,0.000354588972282962,0.0005691519635742744,1257
20190077,8,7,48,42,42.0,0.0004136871343301223,0.0005691519635742744,1104
20190087,21,13,126,78,126.0,0.0007682761066130844,0.0005691519635742744,479
20190094,9,4,54,24,48.0,0.00023639264818864133,0.0005691519635742744,1546
20190096,14,10,84,60,78.0,0.0005909816204716033,0.0005691519635742744,731
20190110,22,14,132,84,126.0,0.0008273742686602446,0.0005691519635742744,408
20190116,14,7,84,42,78.0,0.0004136871343301223,0.0005691519635742744,1105
20190118,14,2,84,12,78.0,0.00011819632409432067,0.0005691519635742744,1699
20190120,5,5,30,30,24.0,0.00029549081023580166,0.0005691519635742744,1424
20190122,12,10,72,60,66.0,0.0005909816204716033,0.0005691519635742744,732
20190129,6,6,36,36,30.0,0.000354588972282962,0.0005691519635742744,1258
20190137,43,22,258,132,276.0,0.0013001595650375274,0.0005691519635742744,71
20190151,11,10,66,60,60.0,0.0005909816204716033,0.0005691519635742744,733
20190156,15,14,90,84,84.0,0.0008273742686602446,0.0005691519635742744,409
20190160,14,4,84,24,78.0,0.00023639264818864133,0.0005691519635742744,1547
20190171,4,1,24,6,18.0,5.9098162047160334e-05,0.0005691519635742744,1751
20190172,22,21,132,126,126.0,0.001241061402990367,0.0005691519635742744,83
20190178,13,5,78,30,72.0,0.00029549081023580166,0.0005691519635742744,1425
20190188,9,8,54,48,66.0,0.00047278529637728267,0.0005691519635742744,963
20190190,18,18,108,108,102.0,0.001063766916848886,0.0005691519635742744,173
20190197,19,14,114,84,108.0,0.0008273742686602446,0.0005691519635742744,410
20190202,11,9,66,54,60.0,0.000531883458424443,0.0005691519635742744,849
20190207,16,14,96,84,90.0,0.0008273742686602446,0.0005691519635742744,411
20190209,11,10,66,60,60.0,0.0005909816204716033,0.0005691519635742744,734
20190218,28,26,168,156,168.0,0.0015365522132261688,0.0005691519635742744,24
20190221,22,17,132,102,126.0,0.0010046687548017257,0.0005691519635742744,223
20190237,16,16,96,96,90.0,0.0009455705927545653,0.0005691519635742744,273
20190239,16,9,96,54,96.0,0.000531883458424443,0.0005691519635742744,850
20190255,10,7,60,42,54.0,0.0004136871343301223,0.0005691519635742744,1106
20190257,23,12,138,72,132.0,0.000709177944565924,0.0005691519635742744,546
20190277,10,8,60,48,54.0,0.00047278529637728267,0.0005691519635742744,964
20190278,6,6,36,36,30.0,0.000354588972282962,0.0005691519635742744,1259
20190310,22,22,132,132,132.0,0.0013001595650375274,0.0005691519635742744,72
20190316,6,5,36,30,30.0,0.00029549081023580166,0.0005691519635742744,1426
20190325,16,14,96,84,90.0,0.0008273742686602446,0.0005691519635742744,412
20190332,14,14,84,84,78.0,0.0008273742686602446,0.0005691519635742744,413
20190337,16,15,96,90,90.0,0.000886472430707405,0.0005691519635742744,333
20190342,5,3,30,18,24.0,0.000177294486141481,0.0005691519635742744,1627
20190348,11,5,66,30,60.0,0.00029549081023580166,0.0005691519635742744,1427
20190349,6,6,36,36,30.0,0.000354588972282962,0.0005691519635742744,1260
20190371,11,8,66,48,60.0,0.00047278529637728267,0.0005691519635742744,965
20190376,7,7,42,42,36.0,0.0004136871343301223,0.0005691519635742744,1107
20190394,10,7,60,42,54.0,0.0004136871343301223,0.0005691519635742744,1108
20190397,10,9,60,54,54.0,0.000531883458424443,0.0005691519635742744,851
20190400,5,4,30,24,24.0,0.00023639264818864133,0.0005691519635742744,1548
20190414,17,5,102,30,96.0,0.00029549081023580166,0.0005691519635742744,1428
20190425,10,10,60,60,54.0,0.0005909816204716033,0.0005691519635742744,735
20190445,14,8,84,48,78.0,0.00047278529637728267,0.0005691519635742744,966
20190453,13,9,78,54,72.0,0.000531883458424443,0.0005691519635742744,852
20190464,23,18,138,108,132.0,0.001063766916848886,0.0005691519635742744,174
20190467,9,9,54,54,48.0,0.000531883458424443,0.0005691519635742744,853
20190472,9,6,54,36,48.0,0.000354588972282962,0.0005691519635742744,1261
20190480,6,5,36,30,30.0,0.00029549081023580166,0.0005691519635742744,1429
20190489,9,9,54,54,48.0,0.000531883458424443,0.0005691519635742744,854
20190490,9,1,54,6,48.0,5.9098162047160334e-05,0.0005691519635742744,1752
20190492,16,8,96,48,90.0,0.00047278529637728267,0.0005691519635742744,967
20190497,8,1,48,6,42.0,5.9098162047160334e-05,0.0005691519635742744,1753
20190503,16,15,96,90,90.0,0.000886472430707405,0.0005691519635742744,334
20190509,10,5,60,30,54.0,0.00029549081023580166,0.0005691519635742744,1430
20190512,14,13,84,78,78.0,0.0007682761066130844,0.0005691519635742744,480
20190517,12,12,72,72,66.0,0.000709177944565924,0.0005691519635742744,547
20190519,18,18,108,108,102.0,0.001063766916848886,0.0005691519635742744,175
20190529,11,7,66,42,60.0,0.0004136871343301223,0.0005691519635742744,1109
20190532,20,16,120,96,114.0,0.0009455705927545653,0.0005691519635742744,274
20190536,32,30,192,180,192.0,0.00177294486141481,0.0005691519635742744,9
20190559,10,10,60,60,54.0,0.0005909816204716033,0.0005691519635742744,736
20190568,15,13,90,78,84.0,0.0007682761066130844,0.0005691519635742744,481
20190574,11,11,66,66,60.0,0.0006500797825187637,0.0005691519635742744,642
20190580,19,18,114,108,108.0,0.001063766916848886,0.0005691519635742744,176
20190583,8,8,48,48,42.0,0.00047278529637728267,0.0005691519635742744,968
20190591,8,8,48,48,42.0,0.00047278529637728267,0.0005691519635742744,969
20190598,7,7,42,42,42.0,0.0004136871343301223,0.0005691519635742744,1110
20190605,14,12,84,72,78.0,0.000709177944565924,0.0005691519635742744,548
20190620,18,9,108,54,102.0,0.000531883458424443,0.0005691519635742744,855
20190626,18,16,108,96,102.0,0.0009455705927545653,0.0005691519635742744,275
20190639,27,23,162,138,156.0,0.0013592577270846876,0.0005691519635742744,57
20190657,12,10,72,60,66.0,0.0005909816204716033,0.0005691519635742744,737
20190661,14,14,84,84,78.0,0.0008273742686602446,0.0005691519635742744,414
20190664,8,8,48,48,42.0,0.00047278529637728267,0.0005691519635742744,970
20190674,8,7,48,42,42.0,0.0004136871343301223,0.0005691519635742744,1111
20190677,20,12,120,72,126.0,0.000709177944565924,0.0005691519635742744,549
20190683,13,8,78,48,72.0,0.00047278529637728267,0.0005691519635742744,971
20190687,22,18,132,108,126.0,0.001063766916848886,0.0005691519635742744,177
20190691,20,20,120,120,120.0,0.0011819632409432066,0.0005691519635742744,111
20190695,12,8,72,48,66.0,0.00047278529637728267,0.0005691519635742744,972
20190716,17,17,102,102,96.0,0.0010046687548017257,0.0005691519635742744,224
20190725,8,8,48,48,42.0,0.00047278529637728267,0.0005691519635742744,973
20190728,6,6,36,36,30.0,0.000354588972282962,0.0005691519635742744,1262
20190742,17,15,102,90,96.0,0.000886472430707405,0.0005691519635742744,335
20190746,11,11,66,66,60.0,0.0006500797825187637,0.0005691519635742744,643
20190765,15,5,90,30,84.0,0.00029549081023580166,0.0005691519635742744,1431
20190777,8,5,48,30,42.0,0.00029549081023580166,0.0005691519635742744,1432
20190785,9,7,54,42,48.0,0.0004136871343301223,0.0005691519635742744,1112
20190797,7,7,42,42,36.0,0.0004136871343301223,0.0005691519635742744,1113
20190812,6,6,36,36,30.0,0.000354588972282962,0.0005691519635742744,1263
20190813,10,10,60,60,54.0,0.0005909816204716033,0.0005691519635742744,738
20190815,6,6,36,36,30.0,0.000354588972282962,0.0005691519635742744,1264
20190836,11,1,66,6,60.0,5.9098162047160334e-05,0.0005691519635742744,1754
20190844,13,13,78,78,72.0,0.0007682761066130844,0.0005691519635742744,482
20190853,8,6,48,36,42.0,0.000354588972282962,0.0005691519635742744,1265
20190857,9,8,54,48,48.0,0.00047278529637728267,0.0005691519635742744,974
20190863,9,9,54,54,48.0,0.000531883458424443,0.0005691519635742744,856
20190867,6,2,36,12,30.0,0.00011819632409432067,0.0005691519635742744,1700
20190870,22,13,132,78,132.0,0.0007682761066130844,0.0005691519635742744,483
20190875,12,11,72,66,66.0,0.0006500797825187637,0.0005691519635742744,644
20190879,14,13,84,78,78.0,0.0007682761066130844,0.0005691519635742744,484
20190886,9,9,54,54,48.0,0.000531883458424443,0.0005691519635742744,857
20190887,5,5,30,30,24.0,0.00029549081023580166,0.0005691519635742744,1433
20190893,5,5,30,30,24.0,0.00029549081023580166,0.0005691519635742744,1434
20190900,21,18,126,108,120.0,0.001063766916848886,0.0005691519635742744,178
20190904,9,5,54,30,48.0,0.00029549081023580166,0.0005691519635742744,1435
20190925,6,4,36,24,30.0,0.00023639264818864133,0.0005691519635742744,1549
20190927,17,16,102,96,96.0,0.0009455705927545653,0.0005691519635742744,276
20190943,9,8,54,48,54.0,0.00047278529637728267,0.0005691519635742744,975
20190948,6,6,36,36,30.0,0.000354588972282962,0.0005691519635742744,1266
20190951,5,5,30,30,24.0,0.00029549081023580166,0.0005691519635742744,1436
20190968,11,4,66,24,60.0,0.00023639264818864133,0.0005691519635742744,1550
20190970,28,26,168,156,162.0,0.0015365522132261688,0.0005691519635742744,25
20190977,6,6,36,36,30.0,0.000354588972282962,0.0005691519635742744,1267
20190987,43,10,258,60,264.0,0.0005909816204716033,0.0005691519635742744,739
20191004,19,8,114,48,108.0,0.00047278529637728267,0.0005691519635742744,976
20191010,17,16,102,96,96.0,0.0009455705927545653,0.0005691519635742744,277
20191014,18,16,108,96,102.0,0.0009455705927545653,0.0005691519635742744,278
20191015,12,9,72,54,66.0,0.000531883458424443,0.0005691519635742744,858
20191020,18,18,108,108,102.0,0.001063766916848886,0.0005691519635742744,179
20191039,11,6,66,36,60.0,0.000354588972282962,0.0005691519635742744,1268
20191042,19,2,114,12,108.0,0.00011819632409432067,0.0005691519635742744,1701
20191052,23,21,138,126,132.0,0.001241061402990367,0.0005691519635742744,84
20191057,28,18,168,108,162.0,0.001063766916848886,0.0005691519635742744,180
20191058,5,2,30,12,24.0,0.00011819632409432067,0.0005691519635742744,1702
20191070,13,0,78,0,72.0,0.0,0.0,1778
20191084,8,8,48,48,42.0,0.00047278529637728267,0.0005691519635742744,977
20191087,11,8,66,48,60.0,0.00047278529637728267,0.0005691519635742744,978
20191097,20,11,120,66,120.0,0.0006500797825187637,0.0005691519635742744,645
20191103,15,12,90,72,84.0,0.000709177944565924,0.0005691519635742744,550
20191104,21,15,126,90,120.0,0.000886472430707405,0.0005691519635742744,336
20191110,9,8,54,48,48.0,0.00047278529637728267,0.0005691519635742744,979
20191127,6,5,36,30,30.0,0.00029549081023580166,0.0005691519635742744,1437
20191128,15,15,90,90,84.0,0.000886472430707405,0.0005691519635742744,337
20191150,19,13,114,78,108.0,0.0007682761066130844,0.0005691519635742744,485
20191155,14,12,84,72,90.0,0.000709177944565924,0.0005691519635742744,551
20191177,20,0,120,0,120.0,0.0,0.0,1779
20191179,22,5,132,30,126.0,0.00029549081023580166,0.0005691519635742744,1438
20200075,7,6,42,36,36.0,0.000354588972282962,0.0005691519635742744,1269
20200115,10,0,60,0,54.0,0.0,0.0,1780
20200222,20,14,120,84,114.0,0.0008273742686602446,0.0005691519635742744,415
20200285,15,13,90,78,84.0,0.0007682761066130844,0.0005691519635742744,486
20200288,8,8,48,48,42.0,0.00047278529637728267,0.0005691519635742744,980
20200367,17,17,102,102,96.0,0.0010046687548017257,0.0005691519635742744,225
20200502,19,12,114,72,108.0,0.000709177944565924,0.0005691519635742744,552
20200561,19,18,114,108,108.0,0.001063766916848886,0.0005691519635742744,181
20200569,22,20,132,120,126.0,0.0011819632409432066,0.0005691519635742744,112
20200598,14,7,84,42,78.0,0.0004136871343301223,0.0005691519635742744,1114
20200632,10,10,60,60,54.0,0.0005909816204716033,0.0005691519635742744,740
20200643,6,6,36,36,30.0,0.000354588972282962,0.0005691519635742744,1270
20200685,14,14,84,84,78.0,0.0008273742686602446,0.0005691519635742744,416
20200759,11,6,66,36,60.0,0.000354588972282962,0.0005691519635742744,1271
20200790,9,6,54,36,48.0,0.000354588972282962,0.0005691519635742744,1272
20200994,10,8,60,48,54.0,0.00047278529637728267,0.0005691519635742744,981
20201027,31,20,186,120,180.0,0.0011819632409432066,0.0005691519635742744,113
20201100,8,4,48,24,42.0,0.00023639264818864133,0.0005691519635742744,1551
20201113,22,17,132,102,126.0,0.0010046687548017257,0.0005691519635742744,226
20201175,5,3,30,18,24.0,0.000177294486141481,0.0005691519635742744,1628
20201192,16,14,96,84,90.0,0.0008273742686602446,0.0005691519635742744,417
20201245,17,17,102,102,96.0,0.0010046687548017257,0.0005691519635742744,227
20201322,8,6,48,36,42.0,0.000354588972282962,0.0005691519635742744,1273
20201408,6,4,36,24,30.0,0.00023639264818864133,0.0005691519635742744,1552
20201416,12,10,72,60,66.0,0.0005909816204716033,0.0005691519635742744,741
20201429,7,7,42,42,36.0,0.0004136871343301223,0.0005691519635742744,1115
20201535,29,25,174,150,180.0,0.0014774540511790083,0.0005691519635742744,30
20201617,20,17,120,102,114.0,0.0010046687548017257,0.0005691519635742744,228
20201732,23,18,138,108,132.0,0.001063766916848886,0.0005691519635742744,182
20201807,20,11,120,66,114.0,0.0006500797825187637,0.0005691519635742744,646
20201882,14,8,84,48,78.0,0.00047278529637728267,0.0005691519635742744,982
20201884,12,3,72,18,66.0,0.000177294486141481,0.0005691519635742744,1629
20202023,10,7,60,42,54.0,0.0004136871343301223,0.0005691519635742744,1116
20202129,9,1,54,6,48.0,5.9098162047160334e-05,0.0005691519635742744,1755
20202177,8,7,48,42,42.0,0.0004136871343301223,0.0005691519635742744,1117
20202267,29,26,174,156,168.0,0.0015365522132261688,0.0005691519635742744,26
20202365,32,21,192,126,204.0,0.001241061402990367,0.0005691519635742744,85
20202523,36,34,216,204,210.0,0.0020093375096034514,0.0005691519635742744,3
20202667,6,4,36,24,30.0,0.00023639264818864133,0.0005691519635742744,1553
20202709,13,10,78,60,72.0,0.0005909816204716033,0.0005691519635742744,742
20202743,10,7,60,42,54.0,0.0004136871343301223,0.0005691519635742744,1118
20202994,8,5,48,30,42.0,0.00029549081023580166,0.0005691519635742744,1439
20203066,8,8,48,48,42.0,0.00047278529637728267,0.0005691519635742744,983
20203101,10,8,60,48,54.0,0.00047278529637728267,0.0005691519635742744,984
20203146,8,8,48,48,42.0,0.00047278529637728267,0.0005691519635742744,985
20203207,6,0,36,0,30.0,0.0,0.0,1781
20203231,5,3,30,18,24.0,0.000177294486141481,0.0005691519635742744,1630
20203282,9,9,54,54,48.0,0.000531883458424443,0.0005691519635742744,859
20203303,5,5,30,30,24.0,0.00029549081023580166,0.0005691519635742744,1440
20203333,6,5,36,30,30.0,0.00029549081023580166,0.0005691519635742744,1441
20203373,14,12,84,72,78.0,0.000709177944565924,0.0005691519635742744,553
20203389,16,16,96,96,90.0,0.0009455705927545653,0.0005691519635742744,279
20203470,12,12,72,72,66.0,0.000709177944565924,0.0005691519635742744,554
20203660,15,15,90,90,84.0,0.000886472430707405,0.0005691519635742744,338
20203664,10,9,60,54,54.0,0.000531883458424443,0.0005691519635742744,860
20203686,6,6,36,36,30.0,0.000354588972282962,0.0005691519635742744,1274
20203738,9,3,54,18,48.0,0.000177294486141481,0.0005691519635742744,1631
20203778,23,22,138,132,132.0,0.0013001595650375274,0.0005691519635742744,73
20203888,5,2,30,12,24.0,0.00011819632409432067,0.0005691519635742744,1703
20203947,15,10,90,60,84.0,0.0005909816204716033,0.0005691519635742744,743
20203983,18,8,108,48,102.0,0.00047278529637728267,0.0005691519635742744,986
20204034,8,4,48,24,42.0,0.00023639264818864133,0.0005691519635742744,1554
20204062,16,15,96,90,90.0,0.000886472430707405,0.0005691519635742744,339
20204069,15,15,90,90,108.0,0.000886472430707405,0.0005691519635742744,340
20204070,5,4,30,24,24.0,0.00023639264818864133,0.0005691519635742744,1555
20204079,20,19,120,114,114.0,0.0011228650788960464,0.0005691519635742744,140
20204121,12,11,72,66,66.0,0.0006500797825187637,0.0005691519635742744,647
20204146,5,5,30,30,24.0,0.00029549081023580166,0.0005691519635742744,1442
20204260,6,3,36,18,30.0,0.000177294486141481,0.0005691519635742744,1632
20204367,5,5,30,30,24.0,0.00029549081023580166,0.0005691519635742744,1443
20204371,7,7,42,42,36.0,0.0004136871343301223,0.0005691519635742744,1119
20204384,5,1,30,6,24.0,5.9098162047160334e-05,0.0005691519635742744,1756
20204409,11,10,66,60,60.0,0.0005909816204716033,0.0005691519635742744,744
20204418,15,3,90,18,84.0,0.000177294486141481,0.0005691519635742744,1633
20204458,17,10,102,60,96.0,0.0005909816204716033,0.0005691519635742744,745
20204474,13,12,78,72,72.0,0.000709177944565924,0.0005691519635742744,555
20204563,8,6,48,36,42.0,0.000354588972282962,0.0005691519635742744,1275
20204603,10,8,60,48,54.0,0.00047278529637728267,0.0005691519635742744,987
20204655,10,10,60,60,54.0,0.0005909816204716033,0.0005691519635742744,746
20204777,7,3,42,18,36.0,0.000177294486141481,0.0005691519635742744,1634
20204795,9,3,54,18,48.0,0.000177294486141481,0.0005691519635742744,1635
20204822,7,6,42,36,36.0,0.000354588972282962,0.0005691519635742744,1276
20204833,8,6,48,36,42.0,0.000354588972282962,0.0005691519635742744,1277
20205052,13,11,78,66,72.0,0.0006500797825187637,0.0005691519635742744,648
20205294,5,5,30,30,24.0,0.00029549081023580166,0.0005691519635742744,1444
20205386,16,16,96,96,96.0,0.0009455705927545653,0.0005691519635742744,280
20205515,8,7,48,42,42.0,0.0004136871343301223,0.0005691519635742744,1120
20205522,12,11,72,66,66.0,0.0006500797825187637,0.0005691519635742744,649
20205692,29,18,174,108,168.0,0.001063766916848886,0.0005691519635742744,183
20205754,14,10,84,60,78.0,0.0005909816204716033,0.0005691519635742744,747
20205822,16,6,96,36,90.0,0.000354588972282962,0.0005691519635742744,1278
20206010,16,15,96,90,90.0,0.000886472430707405,0.0005691519635742744,341
20206145,16,15,96,90,90.0,0.000886472430707405,0.0005691519635742744,342
20206175,6,5,36,30,30.0,0.00029549081023580166,0.0005691519635742744,1445
20206231,5,4,30,24,24.0,0.00023639264818864133,0.0005691519635742744,1556
20206447,5,2,30,12,24.0,0.00011819632409432067,0.0005691519635742744,1704
20206478,6,6,36,36,30.0,0.000354588972282962,0.0005691519635742744,1279
20206498,13,12,78,72,72.0,0.000709177944565924,0.0005691519635742744,556
20206517,11,7,66,42,60.0,0.0004136871343301223,0.0005691519635742744,1121
20206591,7,5,42,30,36.0,0.00029549081023580166,0.0005691519635742744,1446
20206745,6,6,36,36,30.0,0.000354588972282962,0.0005691519635742744,1280
20206945,12,9,72,54,66.0,0.000531883458424443,0.0005691519635742744,861
20206957,9,8,54,48,48.0,0.00047278529637728267,0.0005691519635742744,988
20207012,9,7,54,42,48.0,0.0004136871343301223,0.0005691519635742744,1122
20207038,5,4,30,24,24.0,0.00023639264818864133,0.0005691519635742744,1557
20207041,5,2,30,12,24.0,0.00011819632409432067,0.0005691519635742744,1705
20207084,16,14,96,84,90.0,0.0008273742686602446,0.0005691519635742744,418
20207121,14,6,84,36,78.0,0.000354588972282962,0.0005691519635742744,1281
20207167,10,10,60,60,54.0,0.0005909816204716033,0.0005691519635742744,748
20207194,5,5,30,30,24.0,0.00029549081023580166,0.0005691519635742744,1447
20207340,13,2,78,12,72.0,0.00011819632409432067,0.0005691519635742744,1706
20207440,20,19,120,114,114.0,0.0011228650788960464,0.0005691519635742744,141
20207514,13,7,78,42,72.0,0.0004136871343301223,0.0005691519635742744,1123
20207711,16,12,96,72,90.0,0.000709177944565924,0.0005691519635742744,557
20207746,7,5,42,30,36.0,0.00029549081023580166,0.0005691519635742744,1448
20207777,7,5,42,30,36.0,0.00029549081023580166,0.0005691519635742744,1449
20207789,10,6,60,36,54.0,0.000354588972282962,0.0005691519635742744,1282
20207822,20,16,120,96,132.0,0.0009455705927545653,0.0005691519635742744,281
20207824,9,6,54,36,48.0,0.000354588972282962,0.0005691519635742744,1283
20207954,22,19,132,114,126.0,0.0011228650788960464,0.0005691519635742744,142
20207997,6,6,36,36,30.0,0.000354588972282962,0.0005691519635742744,1284
20208066,11,11,66,66,60.0,0.0006500797825187637,0.0005691519635742744,650
20208180,12,12,72,72,66.0,0.000709177944565924,0.0005691519635742744,558
20208267,5,5,30,30,24.0,0.00029549081023580166,0.0005691519635742744,1450
20208276,21,15,126,90,120.0,0.000886472430707405,0.0005691519635742744,343
20208309,11,6,66,36,60.0,0.000354588972282962,0.0005691519635742744,1285
20208327,11,2,66,12,60.0,0.00011819632409432067,0.0005691519635742744,1707
20208427,8,0,48,0,42.0,0.0,0.0,1782
20208517,21,15,126,90,120.0,0.000886472430707405,0.0005691519635742744,344
20208620,8,3,48,18,42.0,0.000177294486141481,0.0005691519635742744,1636
20208688,32,25,192,150,192.0,0.0014774540511790083,0.0005691519635742744,31
20208758,18,9,108,54,114.0,0.000531883458424443,0.0005691519635742744,862
20208782,5,4,30,24,24.0,0.00023639264818864133,0.0005691519635742744,1558
20208841,13,11,78,66,72.0,0.0006500797825187637,0.0005691519635742744,651
20208943,15,0,90,0,84.0,0.0,0.0,1783
20208961,14,3,84,18,78.0,0.000177294486141481,0.0005691519635742744,1637
20208980,8,4,48,24,42.0,0.00023639264818864133,0.0005691519635742744,1559
20209125,15,9,90,54,84.0,0.000531883458424443,0.0005691519635742744,863
20209135,14,12,84,72,78.0,0.000709177944565924,0.0005691519635742744,559
20209220,12,4,72,24,72.0,0.00023639264818864133,0.0005691519635742744,1560
20209235,5,3,30,18,24.0,0.000177294486141481,0.0005691519635742744,1638
20209245,18,18,108,108,102.0,0.001063766916848886,0.0005691519635742744,184
20209372,16,16,96,96,90.0,0.0009455705927545653,0.0005691519635742744,282
20209489,8,7,48,42,42.0,0.0004136871343301223,0.0005691519635742744,1124
20209525,7,6,42,36,36.0,0.000354588972282962,0.0005691519635742744,1286
20209569,17,16,102,96,96.0,0.0009455705927545653,0.0005691519635742744,283
20209664,12,12,72,72,72.0,0.000709177944565924,0.0005691519635742744,560
20209676,9,7,54,42,48.0,0.0004136871343301223,0.0005691519635742744,1125
20209703,12,12,72,72,66.0,0.000709177944565924,0.0005691519635742744,561
20209838,30,18,180,108,174.0,0.001063766916848886,0.0005691519635742744,185
20209956,6,1,36,6,30.0,5.9098162047160334e-05,0.0005691519635742744,1757
20209992,8,8,48,48,42.0,0.00047278529637728267,0.0005691519635742744,989
20210007,6,0,36,0,30.0,0.0,0.0,1784
