representation,weighting,bin_x_center_km,bin_y_center_km,probability_mass
centered,equal_state,-1075.0,-1075.0,0.0
centered,equal_state,-1025.0,-1075.0,0.0
centered,equal_state,-975.0,-1075.0,0.0
centered,equal_state,-925.0,-1075.0,0.0
centered,equal_state,-875.0,-1075.0,0.0
centered,equal_state,-825.0,-1075.0,0.0
centered,equal_state,-775.0,-1075.0,0.0
centered,equal_state,-725.0,-1075.0,0.0
centered,equal_state,-675.0,-1075.0,0.0
centered,equal_state,-625.0,-1075.0,0.0
centered,equal_state,-575.0,-1075.0,0.0
centered,equal_state,-525.0,-1075.0,0.0
centered,equal_state,-475.0,-1075.0,0.0
centered,equal_state,-425.0,-1075.0,0.0
centered,equal_state,-375.0,-1075.0,0.0
centered,equal_state,-325.0,-1075.0,5.300238608847145e-05
centered,equal_state,-275.0,-1075.0,0.0003019813972221824
centered,equal_state,-225.0,-1075.0,0.0004617012522097551
centered,equal_state,-175.0,-1075.0,0.0006496771570470379
centered,equal_state,-125.0,-1075.0,0.0006346457898627072
centered,equal_state,-75.0,-1075.0,0.0005983888084810639
centered,equal_state,-25.0,-1075.0,0.0004526575587079972
centered,equal_state,25.0,-1075.0,0.0003839971644994607
centered,equal_state,75.0,-1075.0,0.00035296791704877826
centered,equal_state,125.0,-1075.0,0.00039971134826826245
centered,equal_state,175.0,-1075.0,0.0004499090951832171
centered,equal_state,225.0,-1075.0,0.0004874377595802806
centered,equal_state,275.0,-1075.0,0.0002804546821272067
centered,equal_state,325.0,-1075.0,4.394757509209929e-05
centered,equal_state,375.0,-1075.0,0.0
centered,equal_state,425.0,-1075.0,0.0
centered,equal_state,475.0,-1075.0,0.0
centered,equal_state,525.0,-1075.0,0.0
centered,equal_state,575.0,-1075.0,0.0
centered,equal_state,625.0,-1075.0,0.0
centered,equal_state,675.0,-1075.0,0.0
centered,equal_state,725.0,-1075.0,0.0
centered,equal_state,775.0,-1075.0,0.0
centered,equal_state,825.0,-1075.0,0.0
centered,equal_state,875.0,-1075.0,0.0
centered,equal_state,925.0,-1075.0,0.0
centered,equal_state,975.0,-1075.0,0.0
centered,equal_state,1025.0,-1075.0,0.0
centered,equal_state,1075.0,-1075.0,0.0
centered,equal_state,-1075.0,-1025.0,0.0
centered,equal_state,-1025.0,-1025.0,0.0
centered,equal_state,-975.0,-1025.0,0.0
centered,equal_state,-925.0,-1025.0,0.0
centered,equal_state,-875.0,-1025.0,0.0
centered,equal_state,-825.0,-1025.0,0.0
centered,equal_state,-775.0,-1025.0,0.0
centered,equal_state,-725.0,-1025.0,0.0
centered,equal_state,-675.0,-1025.0,0.0
centered,equal_state,-625.0,-1025.0,0.0
centered,equal_state,-575.0,-1025.0,0.0
centered,equal_state,-525.0,-1025.0,0.0
centered,equal_state,-475.0,-1025.0,2.7117234366180717e-05
centered,equal_state,-425.0,-1025.0,0.0002623206001014223
centered,equal_state,-375.0,-1025.0,0.000449292715823577
centered,equal_state,-325.0,-1025.0,0.0006458423050914193
centered,equal_state,-275.0,-1025.0,0.0005550984388366939
centered,equal_state,-225.0,-1025.0,0.0005216019378552126
centered,equal_state,-175.0,-1025.0,0.000405037446588185
centered,equal_state,-125.0,-1025.0,0.0003872694387102874
centered,equal_state,-75.0,-1025.0,0.00031131745478453157
centered,equal_state,-25.0,-1025.0,0.00027417626307196975
centered,equal_state,25.0,-1025.0,0.00023798901334800407
centered,equal_state,75.0,-1025.0,0.0002837766744916493
centered,equal_state,125.0,-1025.0,0.0003188619067767907
centered,equal_state,175.0,-1025.0,0.0003134074056023551
centered,equal_state,225.0,-1025.0,0.000348859583959204
centered,equal_state,275.0,-1025.0,0.0004278983897715751
centered,equal_state,325.0,-1025.0,0.0004553009981862071
centered,equal_state,375.0,-1025.0,0.00038924381281038405
centered,equal_state,425.0,-1025.0,0.0002288481205986264
centered,equal_state,475.0,-1025.0,2.669517848300698e-06
centered,equal_state,525.0,-1025.0,0.0
centered,equal_state,575.0,-1025.0,0.0
centered,equal_state,625.0,-1025.0,0.0
centered,equal_state,675.0,-1025.0,0.0
centered,equal_state,725.0,-1025.0,0.0
centered,equal_state,775.0,-1025.0,0.0
centered,equal_state,825.0,-1025.0,0.0
centered,equal_state,875.0,-1025.0,0.0
centered,equal_state,925.0,-1025.0,0.0
centered,equal_state,975.0,-1025.0,0.0
centered,equal_state,1025.0,-1025.0,0.0
centered,equal_state,1075.0,-1025.0,0.0
centered,equal_state,-1075.0,-975.0,0.0
centered,equal_state,-1025.0,-975.0,0.0
centered,equal_state,-975.0,-975.0,0.0
centered,equal_state,-925.0,-975.0,0.0
centered,equal_state,-875.0,-975.0,0.0
centered,equal_state,-825.0,-975.0,0.0
centered,equal_state,-775.0,-975.0,0.0
centered,equal_state,-725.0,-975.0,0.0
centered,equal_state,-675.0,-975.0,0.0
centered,equal_state,-625.0,-975.0,0.0
centered,equal_state,-575.0,-975.0,2.255304141064414e-07
centered,equal_state,-525.0,-975.0,0.0002878402892122989
centered,equal_state,-475.0,-975.0,0.0007333075557992408
centered,equal_state,-425.0,-975.0,0.0006826191653883268
centered,equal_state,-375.0,-975.0,0.00047402296421107995
centered,equal_state,-325.0,-975.0,0.0003800263922298193
centered,equal_state,-275.0,-975.0,0.00038504235251373613
centered,equal_state,-225.0,-975.0,0.00044039831524472843
centered,equal_state,-175.0,-975.0,0.00027485978632860647
centered,equal_state,-125.0,-975.0,0.0002526664975155951
centered,equal_state,-75.0,-975.0,0.00021624610233564453
centered,equal_state,-25.0,-975.0,0.00018788333590741196
centered,equal_state,25.0,-975.0,0.00018095970322483683
centered,equal_state,75.0,-975.0,0.00021029134228844296
centered,equal_state,125.0,-975.0,0.00019291792141808966
centered,equal_state,175.0,-975.0,0.00021991611601345537
centered,equal_state,225.0,-975.0,0.0002751906646293796
centered,equal_state,275.0,-975.0,0.00029074143026895714
centered,equal_state,325.0,-975.0,0.0003230091263624412
centered,equal_state,375.0,-975.0,0.0004077089494936661
centered,equal_state,425.0,-975.0,0.0004079066257946778
centered,equal_state,475.0,-975.0,0.000406435868861438
centered,equal_state,525.0,-975.0,0.00020227669708877837
centered,equal_state,575.0,-975.0,1.7467598992125986e-07
centered,equal_state,625.0,-975.0,0.0
centered,equal_state,675.0,-975.0,0.0
centered,equal_state,725.0,-975.0,0.0
centered,equal_state,775.0,-975.0,0.0
centered,equal_state,825.0,-975.0,0.0
centered,equal_state,875.0,-975.0,0.0
centered,equal_state,925.0,-975.0,0.0
centered,equal_state,975.0,-975.0,0.0
centered,equal_state,1025.0,-975.0,0.0
centered,equal_state,1075.0,-975.0,0.0
centered,equal_state,-1075.0,-925.0,0.0
centered,equal_state,-1025.0,-925.0,0.0
centered,equal_state,-975.0,-925.0,0.0
centered,equal_state,-925.0,-925.0,0.0
centered,equal_state,-875.0,-925.0,0.0
centered,equal_state,-825.0,-925.0,0.0
centered,equal_state,-775.0,-925.0,0.0
centered,equal_state,-725.0,-925.0,0.0
centered,equal_state,-675.0,-925.0,0.0
centered,equal_state,-625.0,-925.0,0.00011380180133901979
centered,equal_state,-575.0,-925.0,0.0006219493908527896
centered,equal_state,-525.0,-925.0,0.000780196932426676
centered,equal_state,-475.0,-925.0,0.000510424702179468
centered,equal_state,-425.0,-925.0,0.00042607354223858195
centered,equal_state,-375.0,-925.0,0.00044797105556492004
centered,equal_state,-325.0,-925.0,0.0003451984534167687
centered,equal_state,-275.0,-925.0,0.00030341053562478107
centered,equal_state,-225.0,-925.0,0.00029454714025022065
centered,equal_state,-175.0,-925.0,0.00024168121748812673
centered,equal_state,-125.0,-925.0,0.00018305376105217836
centered,equal_state,-75.0,-925.0,0.00016817340155176783
centered,equal_state,-25.0,-925.0,0.00012922458916109344
centered,equal_state,25.0,-925.0,0.000123397898830941
centered,equal_state,75.0,-925.0,0.0001400288602044804
centered,equal_state,125.0,-925.0,0.0001391902496967323
centered,equal_state,175.0,-925.0,0.000153302234788811
centered,equal_state,225.0,-925.0,0.00017090882357468555
centered,equal_state,275.0,-925.0,0.00019474304373038757
centered,equal_state,325.0,-925.0,0.00022251190167698056
centered,equal_state,375.0,-925.0,0.0002596159632109834
centered,equal_state,425.0,-925.0,0.0002921538719050787
centered,equal_state,475.0,-925.0,0.00030074480926373917
centered,equal_state,525.0,-925.0,0.00040107197478892175
centered,equal_state,575.0,-925.0,0.0003421117455736183
centered,equal_state,625.0,-925.0,0.00011741042844604447
centered,equal_state,675.0,-925.0,0.0
centered,equal_state,725.0,-925.0,0.0
centered,equal_state,775.0,-925.0,0.0
centered,equal_state,825.0,-925.0,0.0
centered,equal_state,875.0,-925.0,0.0
centered,equal_state,925.0,-925.0,0.0
centered,equal_state,975.0,-925.0,0.0
centered,equal_state,1025.0,-925.0,0.0
centered,equal_state,1075.0,-925.0,0.0
centered,equal_state,-1075.0,-875.0,0.0
centered,equal_state,-1025.0,-875.0,0.0
centered,equal_state,-975.0,-875.0,0.0
centered,equal_state,-925.0,-875.0,0.0
centered,equal_state,-875.0,-875.0,0.0
centered,equal_state,-825.0,-875.0,0.0
centered,equal_state,-775.0,-875.0,0.0
centered,equal_state,-725.0,-875.0,0.0
centered,equal_state,-675.0,-875.0,0.0004468673744898559
centered,equal_state,-625.0,-875.0,0.000791099163194353
centered,equal_state,-575.0,-875.0,0.0005054209155026527
centered,equal_state,-525.0,-875.0,0.0003606318194440048
centered,equal_state,-475.0,-875.0,0.0003143888329620765
centered,equal_state,-425.0,-875.0,0.0002735497646385369
centered,equal_state,-375.0,-875.0,0.0002406773261337763
centered,equal_state,-325.0,-875.0,0.00025323190093253965
centered,equal_state,-275.0,-875.0,0.0002336467501376557
centered,equal_state,-225.0,-875.0,0.00019677748478740602
centered,equal_state,-175.0,-875.0,0.00015868087800261147
centered,equal_state,-125.0,-875.0,0.0001397791179199036
centered,equal_state,-75.0,-875.0,0.00012819284600358526
centered,equal_state,-25.0,-875.0,0.00013154732936920612
centered,equal_state,25.0,-875.0,0.0001339197515235751
centered,equal_state,75.0,-875.0,0.0001269042063030352
centered,equal_state,125.0,-875.0,0.00014364633804584315
centered,equal_state,175.0,-875.0,0.00015212367153293862
centered,equal_state,225.0,-875.0,0.0001314198457827625
centered,equal_state,275.0,-875.0,0.00017188603734442985
centered,equal_state,325.0,-875.0,0.00023364304188208839
centered,equal_state,375.0,-875.0,0.00024410924927582657
centered,equal_state,425.0,-875.0,0.0001996142214953777
centered,equal_state,475.0,-875.0,0.00022456120226120441
centered,equal_state,525.0,-875.0,0.00027770718003329635
centered,equal_state,575.0,-875.0,0.0003307246863398982
centered,equal_state,625.0,-875.0,0.0004322326185359799
centered,equal_state,675.0,-875.0,0.00017094020361570255
centered,equal_state,725.0,-875.0,0.0
centered,equal_state,775.0,-875.0,0.0
centered,equal_state,825.0,-875.0,0.0
centered,equal_state,875.0,-875.0,0.0
centered,equal_state,925.0,-875.0,0.0
centered,equal_state,975.0,-875.0,0.0
centered,equal_state,1025.0,-875.0,0.0
centered,equal_state,1075.0,-875.0,0.0
centered,equal_state,-1075.0,-825.0,0.0
centered,equal_state,-1025.0,-825.0,0.0
centered,equal_state,-975.0,-825.0,0.0
centered,equal_state,-925.0,-825.0,0.0
centered,equal_state,-875.0,-825.0,0.0
centered,equal_state,-825.0,-825.0,0.0
centered,equal_state,-775.0,-825.0,4.2758979874407015e-06
centered,equal_state,-725.0,-825.0,0.00047747721682273833
centered,equal_state,-675.0,-825.0,0.0006605057718801421
centered,equal_state,-625.0,-825.0,0.00047520299360959806
centered,equal_state,-575.0,-825.0,0.0003900604028176485
centered,equal_state,-525.0,-825.0,0.000289906056999465
centered,equal_state,-475.0,-825.0,0.0002269633089327279
centered,equal_state,-425.0,-825.0,0.00022335652504707545
centered,equal_state,-375.0,-825.0,0.0002707607577100137
centered,equal_state,-325.0,-825.0,0.00022013755740734472
centered,equal_state,-275.0,-825.0,0.00017733046761835315
centered,equal_state,-225.0,-825.0,0.0001528667025921031
centered,equal_state,-175.0,-825.0,0.00011920278866980258
centered,equal_state,-125.0,-825.0,0.0001029678654662623
centered,equal_state,-75.0,-825.0,0.00011144552965962587
centered,equal_state,-25.0,-825.0,0.00010452976949864612
centered,equal_state,25.0,-825.0,0.00016104674635399825
centered,equal_state,75.0,-825.0,9.166016502138942e-05
centered,equal_state,125.0,-825.0,0.00014853177398558464
centered,equal_state,175.0,-825.0,0.0001489366767942634
centered,equal_state,225.0,-825.0,0.00013492528142821506
centered,equal_state,275.0,-825.0,0.0001314038185419808
centered,equal_state,325.0,-825.0,0.00012082183063834427
centered,equal_state,375.0,-825.0,0.00013289729200977572
centered,equal_state,425.0,-825.0,0.00014401113126486057
centered,equal_state,475.0,-825.0,0.00016497601570852771
centered,equal_state,525.0,-825.0,0.0001954862712047169
centered,equal_state,575.0,-825.0,0.0002206775058224333
centered,equal_state,625.0,-825.0,0.00025411277308112713
centered,equal_state,675.0,-825.0,0.00035197171181803867
centered,equal_state,725.0,-825.0,0.0002698398720087289
centered,equal_state,775.0,-825.0,1.9896567413702411e-07
centered,equal_state,825.0,-825.0,0.0
centered,equal_state,875.0,-825.0,0.0
centered,equal_state,925.0,-825.0,0.0
centered,equal_state,975.0,-825.0,0.0
centered,equal_state,1025.0,-825.0,0.0
centered,equal_state,1075.0,-825.0,0.0
centered,equal_state,-1075.0,-775.0,0.0
centered,equal_state,-1025.0,-775.0,0.0
centered,equal_state,-975.0,-775.0,0.0
centered,equal_state,-925.0,-775.0,0.0
centered,equal_state,-875.0,-775.0,0.0
centered,equal_state,-825.0,-775.0,9.52810759468586e-06
centered,equal_state,-775.0,-775.0,0.0005363879490604644
centered,equal_state,-725.0,-775.0,0.0006776532787200075
centered,equal_state,-675.0,-775.0,0.00045866563610542753
centered,equal_state,-625.0,-775.0,0.000358221323980825
centered,equal_state,-575.0,-775.0,0.00026543738616236834
centered,equal_state,-525.0,-775.0,0.0002343979692681945
centered,equal_state,-475.0,-775.0,0.00022759508484294775
centered,equal_state,-425.0,-775.0,0.00020764214431959424
centered,equal_state,-375.0,-775.0,0.0001865183284579213
centered,equal_state,-325.0,-775.0,0.00014270273710515022
centered,equal_state,-275.0,-775.0,0.00011461314767490073
centered,equal_state,-225.0,-775.0,0.0001056229703344726
centered,equal_state,-175.0,-775.0,0.00012465526693109465
centered,equal_state,-125.0,-775.0,9.728407193976733e-05
centered,equal_state,-75.0,-775.0,0.00011772033373912697
centered,equal_state,-25.0,-775.0,8.984017863988745e-05
centered,equal_state,25.0,-775.0,9.233014835264518e-05
centered,equal_state,75.0,-775.0,9.217484232487154e-05
centered,equal_state,125.0,-775.0,8.992507367522578e-05
centered,equal_state,175.0,-775.0,8.931527001136992e-05
centered,equal_state,225.0,-775.0,0.00017320493110006518
centered,equal_state,275.0,-775.0,0.00010915928192921995
centered,equal_state,325.0,-775.0,9.806968900102247e-05
centered,equal_state,375.0,-775.0,0.00010223873290074952
centered,equal_state,425.0,-775.0,0.00011508126352826458
centered,equal_state,475.0,-775.0,0.00012597068254251208
centered,equal_state,525.0,-775.0,0.00017942753806794647
centered,equal_state,575.0,-775.0,0.00022272339881441696
centered,equal_state,625.0,-775.0,0.00019085582647806332
centered,equal_state,675.0,-775.0,0.00023994756239302637
centered,equal_state,725.0,-775.0,0.00025515924104990164
centered,equal_state,775.0,-775.0,0.00027209921008067875
centered,equal_state,825.0,-775.0,1.0811298859030712e-06
centered,equal_state,875.0,-775.0,0.0
centered,equal_state,925.0,-775.0,0.0
centered,equal_state,975.0,-775.0,0.0
centered,equal_state,1025.0,-775.0,0.0
centered,equal_state,1075.0,-775.0,0.0
centered,equal_state,-1075.0,-725.0,0.0
centered,equal_state,-1025.0,-725.0,0.0
centered,equal_state,-975.0,-725.0,0.0
centered,equal_state,-925.0,-725.0,0.0
centered,equal_state,-875.0,-725.0,0.0
centered,equal_state,-825.0,-725.0,0.0005436844111589431
centered,equal_state,-775.0,-725.0,0.0007236124294201724
centered,equal_state,-725.0,-725.0,0.000516343928718537
centered,equal_state,-675.0,-725.0,0.0004362673269053089
centered,equal_state,-625.0,-725.0,0.0003019772111312915
centered,equal_state,-575.0,-725.0,0.00020337558191246534
centered,equal_state,-525.0,-725.0,0.00021205257715506892
centered,equal_state,-475.0,-725.0,0.00020992658448903295
centered,equal_state,-425.0,-725.0,0.00017083418199368236
centered,equal_state,-375.0,-725.0,0.0001310960059735669
centered,equal_state,-325.0,-725.0,0.00019980769787683621
centered,equal_state,-275.0,-725.0,0.00014839714851595272
centered,equal_state,-225.0,-725.0,9.287387957767892e-05
centered,equal_state,-175.0,-725.0,8.309265486841e-05
centered,equal_state,-125.0,-725.0,7.796522517212136e-05
centered,equal_state,-75.0,-725.0,0.000208007391985608
centered,equal_state,-25.0,-725.0,9.028469530476222e-05
centered,equal_state,25.0,-725.0,8.583004216612501e-05
centered,equal_state,75.0,-725.0,8.748143882032187e-05
centered,equal_state,125.0,-725.0,8.214374528828031e-05
centered,equal_state,175.0,-725.0,9.276907864040782e-05
centered,equal_state,225.0,-725.0,0.00012680187785147248
centered,equal_state,275.0,-725.0,9.548989212462178e-05
centered,equal_state,325.0,-725.0,9.796950861199753e-05
centered,equal_state,375.0,-725.0,0.00010505792991647471
centered,equal_state,425.0,-725.0,0.00011894040585093214
centered,equal_state,475.0,-725.0,0.00012005036737467948
centered,equal_state,525.0,-725.0,0.00014124715162661087
centered,equal_state,575.0,-725.0,0.0001750553537894782
centered,equal_state,625.0,-725.0,0.00018035475568668215
centered,equal_state,675.0,-725.0,0.0001758370285674156
centered,equal_state,725.0,-725.0,0.00022568872387275523
centered,equal_state,775.0,-725.0,0.0003292986047029119
centered,equal_state,825.0,-725.0,0.00015778091309033703
centered,equal_state,875.0,-725.0,0.0
centered,equal_state,925.0,-725.0,0.0
centered,equal_state,975.0,-725.0,0.0
centered,equal_state,1025.0,-725.0,0.0
centered,equal_state,1075.0,-725.0,0.0
centered,equal_state,-1075.0,-675.0,0.0
centered,equal_state,-1025.0,-675.0,0.0
centered,equal_state,-975.0,-675.0,0.0
centered,equal_state,-925.0,-675.0,0.0
centered,equal_state,-875.0,-675.0,0.00034134291654801176
centered,equal_state,-825.0,-675.0,0.0008173676151927182
centered,equal_state,-775.0,-675.0,0.0005579762102202385
centered,equal_state,-725.0,-675.0,0.00039169941013245124
centered,equal_state,-675.0,-675.0,0.0003258688781423964
centered,equal_state,-625.0,-675.0,0.00024066383658497389
centered,equal_state,-575.0,-675.0,0.00018151997725552026
centered,equal_state,-525.0,-675.0,0.00014406095650633044
centered,equal_state,-475.0,-675.0,0.0001425904605976924
centered,equal_state,-425.0,-675.0,0.0001452080214113035
centered,equal_state,-375.0,-675.0,0.00012289023436205175
centered,equal_state,-325.0,-675.0,0.00012083988817615603
centered,equal_state,-275.0,-675.0,0.00011355344873782983
centered,equal_state,-225.0,-675.0,9.179594057821315e-05
centered,equal_state,-175.0,-675.0,9.091702510106857e-05
centered,equal_state,-125.0,-675.0,8.350797226801992e-05
centered,equal_state,-75.0,-675.0,8.876028591358946e-05
centered,equal_state,-25.0,-675.0,0.00012137507347533759
centered,equal_state,25.0,-675.0,9.711268847351165e-05
centered,equal_state,75.0,-675.0,9.194578848799794e-05
centered,equal_state,125.0,-675.0,8.541926698674096e-05
centered,equal_state,175.0,-675.0,0.00010138731581500061
centered,equal_state,225.0,-675.0,0.00011202260218173386
centered,equal_state,275.0,-675.0,9.448052762823208e-05
centered,equal_state,325.0,-675.0,9.875709089301049e-05
centered,equal_state,375.0,-675.0,0.0001124990709479112
centered,equal_state,425.0,-675.0,0.00010511424955701806
centered,equal_state,475.0,-675.0,0.00010677198512727613
centered,equal_state,525.0,-675.0,0.00013580943480018061
centered,equal_state,575.0,-675.0,0.00014017932755749912
centered,equal_state,625.0,-675.0,0.0001613037075494766
centered,equal_state,675.0,-675.0,0.00023673141667760565
centered,equal_state,725.0,-675.0,0.0002014746459058717
centered,equal_state,775.0,-675.0,0.00022692278980826315
centered,equal_state,825.0,-675.0,0.0003108239729005861
centered,equal_state,875.0,-675.0,0.00013964306899588103
centered,equal_state,925.0,-675.0,0.0
centered,equal_state,975.0,-675.0,0.0
centered,equal_state,1025.0,-675.0,0.0
centered,equal_state,1075.0,-675.0,0.0
centered,equal_state,-1075.0,-625.0,0.0
centered,equal_state,-1025.0,-625.0,0.0
centered,equal_state,-975.0,-625.0,0.0
centered,equal_state,-925.0,-625.0,9.762502893945511e-05
centered,equal_state,-875.0,-625.0,0.0007036145151284965
centered,equal_state,-825.0,-625.0,0.000586777848642574
centered,equal_state,-775.0,-625.0,0.0003969318875044349
centered,equal_state,-725.0,-625.0,0.00027551273256725274
centered,equal_state,-675.0,-625.0,0.00022488736998466753
centered,equal_state,-625.0,-625.0,0.00019649394833426296
centered,equal_state,-575.0,-625.0,0.0001830590991704017
centered,equal_state,-525.0,-625.0,0.00015127898863767625
centered,equal_state,-475.0,-625.0,0.00013163021549378155
centered,equal_state,-425.0,-625.0,0.00011007435421565264
centered,equal_state,-375.0,-625.0,0.00013972578331394663
centered,equal_state,-325.0,-625.0,0.00012927263419620382
centered,equal_state,-275.0,-625.0,0.00011165018926140443
centered,equal_state,-225.0,-625.0,0.00010347613381082045
centered,equal_state,-175.0,-625.0,0.00010309933284781045
centered,equal_state,-125.0,-625.0,0.0001090877869657347
centered,equal_state,-75.0,-625.0,0.00011529291009437354
centered,equal_state,-25.0,-625.0,0.00011363933887786269
centered,equal_state,25.0,-625.0,0.00011856639309540776
centered,equal_state,75.0,-625.0,0.00010392437195965084
centered,equal_state,125.0,-625.0,0.00010368594360033305
centered,equal_state,175.0,-625.0,0.00014544028264989003
centered,equal_state,225.0,-625.0,0.00020989690087658942
centered,equal_state,275.0,-625.0,0.0001373531116958409
centered,equal_state,325.0,-625.0,0.00012672738277517097
centered,equal_state,375.0,-625.0,0.00011939187096800065
centered,equal_state,425.0,-625.0,9.933126726494733e-05
centered,equal_state,475.0,-625.0,9.939740192759004e-05
centered,equal_state,525.0,-625.0,0.00011644817989731347
centered,equal_state,575.0,-625.0,0.00020022204695876496
centered,equal_state,625.0,-625.0,0.00015894033007643512
centered,equal_state,675.0,-625.0,0.00017006282689802085
centered,equal_state,725.0,-625.0,0.00018155773550044735
centered,equal_state,775.0,-625.0,0.0002232200831293248
centered,equal_state,825.0,-625.0,0.0003059274987505611
centered,equal_state,875.0,-625.0,0.0003029798209401587
centered,equal_state,925.0,-625.0,8.853396799070203e-05
centered,equal_state,975.0,-625.0,0.0
centered,equal_state,1025.0,-625.0,0.0
centered,equal_state,1075.0,-625.0,0.0
centered,equal_state,-1075.0,-575.0,0.0
centered,equal_state,-1025.0,-575.0,0.0
centered,equal_state,-975.0,-575.0,3.969431389908754e-07
centered,equal_state,-925.0,-575.0,0.0007432145379493758
centered,equal_state,-875.0,-575.0,0.0005861943664976286
centered,equal_state,-825.0,-575.0,0.0003832706295312109
centered,equal_state,-775.0,-575.0,0.00031517295076069555
centered,equal_state,-725.0,-575.0,0.00032467670583331116
centered,equal_state,-675.0,-575.0,0.00023960150287321004
centered,equal_state,-625.0,-575.0,0.00018902713133649003
centered,equal_state,-575.0,-575.0,0.0001575809646971022
centered,equal_state,-525.0,-575.0,0.00014853247854733129
centered,equal_state,-475.0,-575.0,0.0001399301373943064
centered,equal_state,-425.0,-575.0,0.000129655366009337
centered,equal_state,-375.0,-575.0,0.00011962803681367994
centered,equal_state,-325.0,-575.0,0.00012704677888648001
centered,equal_state,-275.0,-575.0,0.00012200007779404318
centered,equal_state,-225.0,-575.0,0.00012615769814368246
centered,equal_state,-175.0,-575.0,0.0001195802192359854
centered,equal_state,-125.0,-575.0,0.00013543108701528797
centered,equal_state,-75.0,-575.0,0.0001363591446375421
centered,equal_state,-25.0,-575.0,0.00014824494183884757
centered,equal_state,25.0,-575.0,0.00022692388330801825
centered,equal_state,75.0,-575.0,0.0001464243904894094
centered,equal_state,125.0,-575.0,0.00015204951814499584
centered,equal_state,175.0,-575.0,0.00013532488291426422
centered,equal_state,225.0,-575.0,0.00014780819091903108
centered,equal_state,275.0,-575.0,0.00016244301754356354
centered,equal_state,325.0,-575.0,0.0001508805817726156
centered,equal_state,375.0,-575.0,0.00013629230800344693
centered,equal_state,425.0,-575.0,0.0001208016332904726
centered,equal_state,475.0,-575.0,0.00011587644501871353
centered,equal_state,525.0,-575.0,0.00013291781300854571
centered,equal_state,575.0,-575.0,0.000132328113620848
centered,equal_state,625.0,-575.0,0.0001314286776299686
centered,equal_state,675.0,-575.0,0.00017659163398992661
centered,equal_state,725.0,-575.0,0.00019184145045841072
centered,equal_state,775.0,-575.0,0.00016626867594645656
centered,equal_state,825.0,-575.0,0.00021338468444783413
centered,equal_state,875.0,-575.0,0.00026308863520529166
centered,equal_state,925.0,-575.0,0.0002081600865444567
centered,equal_state,975.0,-575.0,8.016785709757525e-07
centered,equal_state,1025.0,-575.0,0.0
centered,equal_state,1075.0,-575.0,0.0
centered,equal_state,-1075.0,-525.0,0.0
centered,equal_state,-1025.0,-525.0,0.0
centered,equal_state,-975.0,-525.0,0.00033890414355667193
centered,equal_state,-925.0,-525.0,0.0008439365253380248
centered,equal_state,-875.0,-525.0,0.0006278922073362998
centered,equal_state,-825.0,-525.0,0.0003724971533038064
centered,equal_state,-775.0,-525.0,0.0002782991018676314
centered,equal_state,-725.0,-525.0,0.00022468481501585903
centered,equal_state,-675.0,-525.0,0.00020468110842212082
centered,equal_state,-625.0,-525.0,0.00021614152190017853
centered,equal_state,-575.0,-525.0,0.0001921370251800825
centered,equal_state,-525.0,-525.0,0.00016385538885130515
centered,equal_state,-475.0,-525.0,0.0001597269249720367
centered,equal_state,-425.0,-525.0,0.0001632335170892575
centered,equal_state,-375.0,-525.0,0.00016109152729504005
centered,equal_state,-325.0,-525.0,0.00016834450630511788
centered,equal_state,-275.0,-525.0,0.00015741974842116034
centered,equal_state,-225.0,-525.0,0.0001550550154433718
centered,equal_state,-175.0,-525.0,0.0002010584145572394
centered,equal_state,-125.0,-525.0,0.00022599261325138132
centered,equal_state,-75.0,-525.0,0.00022122581323563478
centered,equal_state,-25.0,-525.0,0.00021850843874366842
centered,equal_state,25.0,-525.0,0.000211808460653272
centered,equal_state,75.0,-525.0,0.00019522147460659367
centered,equal_state,125.0,-525.0,0.0002244643715216364
centered,equal_state,175.0,-525.0,0.00019918356579412823
centered,equal_state,225.0,-525.0,0.00018025707148816962
centered,equal_state,275.0,-525.0,0.00021419256950822927
centered,equal_state,325.0,-525.0,0.00019004197855522365
centered,equal_state,375.0,-525.0,0.00017245325226454233
centered,equal_state,425.0,-525.0,0.00014135880728904872
centered,equal_state,475.0,-525.0,0.00013878987635288637
centered,equal_state,525.0,-525.0,0.0001377124622354358
centered,equal_state,575.0,-525.0,0.0001332750213404246
centered,equal_state,625.0,-525.0,0.00013567804973873304
centered,equal_state,675.0,-525.0,0.00013161074827004206
centered,equal_state,725.0,-525.0,0.00013900170947005836
centered,equal_state,775.0,-525.0,0.00017683325378607624
centered,equal_state,825.0,-525.0,0.00017686745610055976
centered,equal_state,875.0,-525.0,0.00022641992766917057
centered,equal_state,925.0,-525.0,0.00037564164963051905
centered,equal_state,975.0,-525.0,0.00011691720939870269
centered,equal_state,1025.0,-525.0,0.0
centered,equal_state,1075.0,-525.0,0.0
centered,equal_state,-1075.0,-475.0,0.0
centered,equal_state,-1025.0,-475.0,3.1243027456034733e-06
centered,equal_state,-975.0,-475.0,0.0009451778043933437
centered,equal_state,-925.0,-475.0,0.0005772873915883474
centered,equal_state,-875.0,-475.0,0.000453339198131026
centered,equal_state,-825.0,-475.0,0.00034353262063667185
centered,equal_state,-775.0,-475.0,0.0002724086147271648
centered,equal_state,-725.0,-475.0,0.000212893870049216
centered,equal_state,-675.0,-475.0,0.00022567425688004247
centered,equal_state,-625.0,-475.0,0.00027136655513126847
centered,equal_state,-575.0,-475.0,0.00017705425078798915
centered,equal_state,-525.0,-475.0,0.00016900714490012455
centered,equal_state,-475.0,-475.0,0.00019418741033391034
centered,equal_state,-425.0,-475.0,0.0001979441124508476
centered,equal_state,-375.0,-475.0,0.00020974075705203538
centered,equal_state,-325.0,-475.0,0.00022102640297172327
centered,equal_state,-275.0,-475.0,0.00022535455110473589
centered,equal_state,-225.0,-475.0,0.0002172441048229339
centered,equal_state,-175.0,-475.0,0.0002621695745090404
centered,equal_state,-125.0,-475.0,0.0002851022314798775
centered,equal_state,-75.0,-475.0,0.0003418990508877825
centered,equal_state,-25.0,-475.0,0.0002997978137080769
centered,equal_state,25.0,-475.0,0.0002892794980467145
centered,equal_state,75.0,-475.0,0.00027167294399933414
centered,equal_state,125.0,-475.0,0.0003311161649952436
centered,equal_state,175.0,-475.0,0.00033203093894548596
centered,equal_state,225.0,-475.0,0.00028096664561418267
centered,equal_state,275.0,-475.0,0.00029245488766702933
centered,equal_state,325.0,-475.0,0.00026097899859862434
centered,equal_state,375.0,-475.0,0.00021130512411882165
centered,equal_state,425.0,-475.0,0.00017613992663218943
centered,equal_state,475.0,-475.0,0.0001827077068815088
centered,equal_state,525.0,-475.0,0.00016677008213724192
centered,equal_state,575.0,-475.0,0.00015806867098345907
centered,equal_state,625.0,-475.0,0.00016014151927364447
centered,equal_state,675.0,-475.0,0.00014737353389261156
centered,equal_state,725.0,-475.0,0.00015790260037059823
centered,equal_state,775.0,-475.0,0.00016284493135567538
centered,equal_state,825.0,-475.0,0.0002401678038683799
centered,equal_state,875.0,-475.0,0.0002634731251230043
centered,equal_state,925.0,-475.0,0.00029475610600285495
centered,equal_state,975.0,-475.0,0.00034949007339790965
centered,equal_state,1025.0,-475.0,1.2080575601203423e-06
centered,equal_state,1075.0,-475.0,0.0
centered,equal_state,-1075.0,-425.0,0.0
centered,equal_state,-1025.0,-425.0,0.0004271013513024709
centered,equal_state,-975.0,-425.0,0.0009085173601073286
centered,equal_state,-925.0,-425.0,0.00048386995418570863
centered,equal_state,-875.0,-425.0,0.00032941930566415107
centered,equal_state,-825.0,-425.0,0.0003170422307231997
centered,equal_state,-775.0,-425.0,0.00030691009667043053
centered,equal_state,-725.0,-425.0,0.00022660595801770835
centered,equal_state,-675.0,-425.0,0.00027062472067279283
centered,equal_state,-625.0,-425.0,0.00022655855008145616
centered,equal_state,-575.0,-425.0,0.00020889371969972975
centered,equal_state,-525.0,-425.0,0.0002121462122584669
centered,equal_state,-475.0,-425.0,0.000220725952566425
centered,equal_state,-425.0,-425.0,0.00023053506455177856
centered,equal_state,-375.0,-425.0,0.00023941822356504788
centered,equal_state,-325.0,-425.0,0.0002578379249690415
centered,equal_state,-275.0,-425.0,0.00028874718691288296
centered,equal_state,-225.0,-425.0,0.00029746238574526057
centered,equal_state,-175.0,-425.0,0.000321198690851508
centered,equal_state,-125.0,-425.0,0.00036797682140118833
centered,equal_state,-75.0,-425.0,0.0003910586700085829
centered,equal_state,-25.0,-425.0,0.00042934031906593075
centered,equal_state,25.0,-425.0,0.0004649755798720214
centered,equal_state,75.0,-425.0,0.0004944948662710295
centered,equal_state,125.0,-425.0,0.0004515605481892131
centered,equal_state,175.0,-425.0,0.00038557391591769076
centered,equal_state,225.0,-425.0,0.0003737426854002579
centered,equal_state,275.0,-425.0,0.0003808607871145705
centered,equal_state,325.0,-425.0,0.0003214717967127192
centered,equal_state,375.0,-425.0,0.0002915331083933593
centered,equal_state,425.0,-425.0,0.00024407315907287548
centered,equal_state,475.0,-425.0,0.00023660576221727457
centered,equal_state,525.0,-425.0,0.0002057485167662108
centered,equal_state,575.0,-425.0,0.0001834975034616002
centered,equal_state,625.0,-425.0,0.0001702442645190355
centered,equal_state,675.0,-425.0,0.00017994475381504044
centered,equal_state,725.0,-425.0,0.00015765396868068637
centered,equal_state,775.0,-425.0,0.00015769950753390376
centered,equal_state,825.0,-425.0,0.00016660904424760435
centered,equal_state,875.0,-425.0,0.00020238824681059078
centered,equal_state,925.0,-425.0,0.00022078971912740025
centered,equal_state,975.0,-425.0,0.00044462041371569994
centered,equal_state,1025.0,-425.0,0.00014415591782918698
centered,equal_state,1075.0,-425.0,0.0
centered,equal_state,-1075.0,-375.0,0.0
centered,equal_state,-1025.0,-375.0,0.0008371391862631386
centered,equal_state,-975.0,-375.0,0.000719112865287428
centered,equal_state,-925.0,-375.0,0.00046003333038145304
centered,equal_state,-875.0,-375.0,0.0003145432749530109
centered,equal_state,-825.0,-375.0,0.00030526581174296217
centered,equal_state,-775.0,-375.0,0.00027274156675625565
centered,equal_state,-725.0,-375.0,0.00023246896517231606
centered,equal_state,-675.0,-375.0,0.0002709899161992456
centered,equal_state,-625.0,-375.0,0.00024366289741157977
centered,equal_state,-575.0,-375.0,0.00022790616798288574
centered,equal_state,-525.0,-375.0,0.00024267466986734873
centered,equal_state,-475.0,-375.0,0.0002705916578684664
centered,equal_state,-425.0,-375.0,0.0002758295010417978
centered,equal_state,-375.0,-375.0,0.0002918023181459131
centered,equal_state,-325.0,-375.0,0.00035130924486012345
centered,equal_state,-275.0,-375.0,0.00042754738087374586
centered,equal_state,-225.0,-375.0,0.0004179004173812947
centered,equal_state,-175.0,-375.0,0.00043994947014489976
centered,equal_state,-125.0,-375.0,0.0005317552263386064
centered,equal_state,-75.0,-375.0,0.000528053774803414
centered,equal_state,-25.0,-375.0,0.0005625308427679013
centered,equal_state,25.0,-375.0,0.0007690680200293922
centered,equal_state,75.0,-375.0,0.000536957696369849
centered,equal_state,125.0,-375.0,0.0005024245762410758
centered,equal_state,175.0,-375.0,0.00048017118409350476
centered,equal_state,225.0,-375.0,0.0005452746645855315
centered,equal_state,275.0,-375.0,0.00045725545222547186
centered,equal_state,325.0,-375.0,0.0004400275379438377
centered,equal_state,375.0,-375.0,0.0004480979435488124
centered,equal_state,425.0,-375.0,0.0003392614078636736
centered,equal_state,475.0,-375.0,0.00032052499413053607
centered,equal_state,525.0,-375.0,0.00029508063926614775
centered,equal_state,575.0,-375.0,0.000258169777495637
centered,equal_state,625.0,-375.0,0.00021105640904929977
centered,equal_state,675.0,-375.0,0.00018269594582090068
centered,equal_state,725.0,-375.0,0.00016935941554299414
centered,equal_state,775.0,-375.0,0.00016523053150114807
centered,equal_state,825.0,-375.0,0.00015578110932373227
centered,equal_state,875.0,-375.0,0.000200897856348467
centered,equal_state,925.0,-375.0,0.00020763364303073772
centered,equal_state,975.0,-375.0,0.00023507589620621805
centered,equal_state,1025.0,-375.0,0.00021516968637241818
centered,equal_state,1075.0,-375.0,0.0
centered,equal_state,-1075.0,-325.0,7.653363836185461e-05
centered,equal_state,-1025.0,-325.0,0.0008440078616950089
centered,equal_state,-975.0,-325.0,0.0005485001790098542
centered,equal_state,-925.0,-325.0,0.0004646489046727698
centered,equal_state,-875.0,-325.0,0.00035825413411622655
centered,equal_state,-825.0,-325.0,0.00040930826945740446
centered,equal_state,-775.0,-325.0,0.00035415316536382627
centered,equal_state,-725.0,-325.0,0.00026657211152833157
centered,equal_state,-675.0,-325.0,0.00027477840546080744
centered,equal_state,-625.0,-325.0,0.00033997675393737984
centered,equal_state,-575.0,-325.0,0.0002522080301022688
centered,equal_state,-525.0,-325.0,0.00028522060096476464
centered,equal_state,-475.0,-325.0,0.00030791185448233863
centered,equal_state,-425.0,-325.0,0.00032762289984716354
centered,equal_state,-375.0,-325.0,0.00037667791413110085
centered,equal_state,-325.0,-325.0,0.00044447411127714287
centered,equal_state,-275.0,-325.0,0.0005029086127530424
centered,equal_state,-225.0,-325.0,0.0005600356700192155
centered,equal_state,-175.0,-325.0,0.0006442216488553063
centered,equal_state,-125.0,-325.0,0.0008063498531785018
centered,equal_state,-75.0,-325.0,0.0006876837972025178
centered,equal_state,-25.0,-325.0,0.0006928947749054733
centered,equal_state,25.0,-325.0,0.0006999841922950353
centered,equal_state,75.0,-325.0,0.0007531329671411246
centered,equal_state,125.0,-325.0,0.0007041772642076629
centered,equal_state,175.0,-325.0,0.0006835583146762124
centered,equal_state,225.0,-325.0,0.0006893735394646151
centered,equal_state,275.0,-325.0,0.0006049721648076161
centered,equal_state,325.0,-325.0,0.0005247925897006042
centered,equal_state,375.0,-325.0,0.00044317895683184186
centered,equal_state,425.0,-325.0,0.00036679664567340685
centered,equal_state,475.0,-325.0,0.00033935249444866003
centered,equal_state,525.0,-325.0,0.0002972274955799229
centered,equal_state,575.0,-325.0,0.0002691582093814111
centered,equal_state,625.0,-325.0,0.0002484767569844863
centered,equal_state,675.0,-325.0,0.0002118619657172722
centered,equal_state,725.0,-325.0,0.00020005318938196609
centered,equal_state,775.0,-325.0,0.00019533371746946641
centered,equal_state,825.0,-325.0,0.00015804021039924127
centered,equal_state,875.0,-325.0,0.00017058114765585531
centered,equal_state,925.0,-325.0,0.00017293785623670024
centered,equal_state,975.0,-325.0,0.0002285593824941416
centered,equal_state,1025.0,-325.0,0.0002918642092667969
centered,equal_state,1075.0,-325.0,1.2502061508710812e-05
centered,equal_state,-1075.0,-275.0,0.0003885807866481953
centered,equal_state,-1025.0,-275.0,0.0006164822842446109
centered,equal_state,-975.0,-275.0,0.0004642752951569115
centered,equal_state,-925.0,-275.0,0.0004926205871800077
centered,equal_state,-875.0,-275.0,0.0003455893385447222
centered,equal_state,-825.0,-275.0,0.0003207039626628085
centered,equal_state,-775.0,-275.0,0.0003210153679916594
centered,equal_state,-725.0,-275.0,0.00029032678789038795
centered,equal_state,-675.0,-275.0,0.00029895020610920764
centered,equal_state,-625.0,-275.0,0.0003137678687679147
centered,equal_state,-575.0,-275.0,0.00041845154220041116
centered,equal_state,-525.0,-275.0,0.0003667080754956116
centered,equal_state,-475.0,-275.0,0.0004536593083637465
centered,equal_state,-425.0,-275.0,0.0004947519377053705
centered,equal_state,-375.0,-275.0,0.0005001402058771423
centered,equal_state,-325.0,-275.0,0.0005652834531834424
centered,equal_state,-275.0,-275.0,0.0006368900581533046
centered,equal_state,-225.0,-275.0,0.0008623557288843742
centered,equal_state,-175.0,-275.0,0.0007878473096763346
centered,equal_state,-125.0,-275.0,0.00082668710863539
centered,equal_state,-75.0,-275.0,0.0007789044081000743
centered,equal_state,-25.0,-275.0,0.0008255678045138006
centered,equal_state,25.0,-275.0,0.0008078173873970212
centered,equal_state,75.0,-275.0,0.000858740681910294
centered,equal_state,125.0,-275.0,0.0008314733911070443
centered,equal_state,175.0,-275.0,0.0008042847347975315
centered,equal_state,225.0,-275.0,0.0008359849246298831
centered,equal_state,275.0,-275.0,0.0007313678733994963
centered,equal_state,325.0,-275.0,0.0006533180397016246
centered,equal_state,375.0,-275.0,0.0005683278625299603
centered,equal_state,425.0,-275.0,0.0004822397300202367
centered,equal_state,475.0,-275.0,0.00045609379721141155
centered,equal_state,525.0,-275.0,0.0003677564746061232
centered,equal_state,575.0,-275.0,0.00034221049587083866
centered,equal_state,625.0,-275.0,0.0002970583133804354
centered,equal_state,675.0,-275.0,0.0002150527876878904
centered,equal_state,725.0,-275.0,0.0001927978386565368
centered,equal_state,775.0,-275.0,0.00017009140881671088
centered,equal_state,825.0,-275.0,0.00016863870811237593
centered,equal_state,875.0,-275.0,0.00015880099067466658
centered,equal_state,925.0,-275.0,0.00022319022394618891
centered,equal_state,975.0,-275.0,0.00023608451755820515
centered,equal_state,1025.0,-275.0,0.00029639893321903364
centered,equal_state,1075.0,-275.0,0.0001882728821568329
centered,equal_state,-1075.0,-225.0,0.0005520949476214291
centered,equal_state,-1025.0,-225.0,0.0006495781215990161
centered,equal_state,-975.0,-225.0,0.0004372030903982973
centered,equal_state,-925.0,-225.0,0.0004074181654592268
centered,equal_state,-875.0,-225.0,0.0003844630534393917
centered,equal_state,-825.0,-225.0,0.00035723496236690015
centered,equal_state,-775.0,-225.0,0.0003771351328901765
centered,equal_state,-725.0,-225.0,0.0003288400959859167
centered,equal_state,-675.0,-225.0,0.00033602088782711963
centered,equal_state,-625.0,-225.0,0.00037705719699156556
centered,equal_state,-575.0,-225.0,0.00039062626015183463
centered,equal_state,-525.0,-225.0,0.0005133637578756566
centered,equal_state,-475.0,-225.0,0.0005831331126828239
centered,equal_state,-425.0,-225.0,0.0006358691444878776
centered,equal_state,-375.0,-225.0,0.0006731327222271851
centered,equal_state,-325.0,-225.0,0.0007251005263814461
centered,equal_state,-275.0,-225.0,0.0008568011569199427
centered,equal_state,-225.0,-225.0,0.0009235214066192146
centered,equal_state,-175.0,-225.0,0.0009486241673816169
centered,equal_state,-125.0,-225.0,0.0007939359528743573
centered,equal_state,-75.0,-225.0,0.0008542237177685527
centered,equal_state,-25.0,-225.0,0.000817187508520255
centered,equal_state,25.0,-225.0,0.0007527768106286557
centered,equal_state,75.0,-225.0,0.000822555295258023
centered,equal_state,125.0,-225.0,0.0009783417972913753
centered,equal_state,175.0,-225.0,0.0009295476286595496
centered,equal_state,225.0,-225.0,0.00104411328683317
centered,equal_state,275.0,-225.0,0.0008790923722478144
centered,equal_state,325.0,-225.0,0.0008344324418157586
centered,equal_state,375.0,-225.0,0.0008769850827831032
centered,equal_state,425.0,-225.0,0.0006464257380912939
centered,equal_state,475.0,-225.0,0.0005325563373014722
centered,equal_state,525.0,-225.0,0.0004587884332115213
centered,equal_state,575.0,-225.0,0.0003728554818622543
centered,equal_state,625.0,-225.0,0.0003008866481162477
centered,equal_state,675.0,-225.0,0.00025397398998288105
centered,equal_state,725.0,-225.0,0.0002715821290512438
centered,equal_state,775.0,-225.0,0.00021488653591267287
centered,equal_state,825.0,-225.0,0.0001857820105022533
centered,equal_state,875.0,-225.0,0.00018449307194091816
centered,equal_state,925.0,-225.0,0.0002507742754152615
centered,equal_state,975.0,-225.0,0.00023481858790443488
centered,equal_state,1025.0,-225.0,0.00026563691086534065
centered,equal_state,1075.0,-225.0,0.0001965852924299261
centered,equal_state,-1075.0,-175.0,0.0006858415886989792
centered,equal_state,-1025.0,-175.0,0.0006176955496703712
centered,equal_state,-975.0,-175.0,0.0004881418752459364
centered,equal_state,-925.0,-175.0,0.00041595261021758564
centered,equal_state,-875.0,-175.0,0.0004987994308587973
centered,equal_state,-825.0,-175.0,0.00036298471370395824
centered,equal_state,-775.0,-175.0,0.0003068953999464846
centered,equal_state,-725.0,-175.0,0.00040946229672950704
centered,equal_state,-675.0,-175.0,0.0004309043972237529
centered,equal_state,-625.0,-175.0,0.00042897679717913826
centered,equal_state,-575.0,-175.0,0.00048725232940944853
centered,equal_state,-525.0,-175.0,0.0005863654337312722
centered,equal_state,-475.0,-175.0,0.0007176075652964765
centered,equal_state,-425.0,-175.0,0.0007627706443015337
centered,equal_state,-375.0,-175.0,0.000934690144483908
centered,equal_state,-325.0,-175.0,0.0009015257989076871
centered,equal_state,-275.0,-175.0,0.001023195230065451
centered,equal_state,-225.0,-175.0,0.0010761074104874073
centered,equal_state,-175.0,-175.0,0.001009038490604346
centered,equal_state,-125.0,-175.0,0.0008841245313752049
centered,equal_state,-75.0,-175.0,0.0008142560293211285
centered,equal_state,-25.0,-175.0,0.0006852029481564912
centered,equal_state,25.0,-175.0,0.0006883968896153374
centered,equal_state,75.0,-175.0,0.0008271137837957425
centered,equal_state,125.0,-175.0,0.0008620732340907022
centered,equal_state,175.0,-175.0,0.001050238890187724
centered,equal_state,225.0,-175.0,0.0010429506771150931
centered,equal_state,275.0,-175.0,0.0010847022312302917
centered,equal_state,325.0,-175.0,0.0009459301843042078
centered,equal_state,375.0,-175.0,0.0009160924499791723
centered,equal_state,425.0,-175.0,0.0007847194603311947
centered,equal_state,475.0,-175.0,0.0006335326055279204
centered,equal_state,525.0,-175.0,0.0005110835696586931
centered,equal_state,575.0,-175.0,0.0003947214404893339
centered,equal_state,625.0,-175.0,0.00034798303827963
centered,equal_state,675.0,-175.0,0.00029971079152175267
centered,equal_state,725.0,-175.0,0.0002603325887214738
centered,equal_state,775.0,-175.0,0.00021696137408717055
centered,equal_state,825.0,-175.0,0.00019187855295212529
centered,equal_state,875.0,-175.0,0.00021263419241081768
centered,equal_state,925.0,-175.0,0.00023782748907300808
centered,equal_state,975.0,-175.0,0.00020315981652227596
centered,equal_state,1025.0,-175.0,0.00021987090374714705
centered,equal_state,1075.0,-175.0,0.00020763471398151727
centered,equal_state,-1075.0,-125.0,0.0008384523728971437
centered,equal_state,-1025.0,-125.0,0.000690179796592175
centered,equal_state,-975.0,-125.0,0.0005376020988997009
centered,equal_state,-925.0,-125.0,0.000408802588694649
centered,equal_state,-875.0,-125.0,0.000420526184164422
centered,equal_state,-825.0,-125.0,0.0004278829474161313
centered,equal_state,-775.0,-125.0,0.0003882451411723556
centered,equal_state,-725.0,-125.0,0.00041582982298763355
centered,equal_state,-675.0,-125.0,0.0004516697921484175
centered,equal_state,-625.0,-125.0,0.00046497480362998824
centered,equal_state,-575.0,-125.0,0.0005336769634087822
centered,equal_state,-525.0,-125.0,0.0006954912004989485
centered,equal_state,-475.0,-125.0,0.0007968555520003804
centered,equal_state,-425.0,-125.0,0.0008745351085873024
centered,equal_state,-375.0,-125.0,0.0010578582443383927
centered,equal_state,-325.0,-125.0,0.0011521037753979863
centered,equal_state,-275.0,-125.0,0.0011357909114936427
centered,equal_state,-225.0,-125.0,0.0011778523743031903
centered,equal_state,-175.0,-125.0,0.001027144325889664
centered,equal_state,-125.0,-125.0,0.0008994885819961
centered,equal_state,-75.0,-125.0,0.0007558607535700885
centered,equal_state,-25.0,-125.0,0.0006011609075375713
centered,equal_state,25.0,-125.0,0.0005667257967975939
centered,equal_state,75.0,-125.0,0.0007190351083633555
centered,equal_state,125.0,-125.0,0.0009328750727324648
centered,equal_state,175.0,-125.0,0.0009228057286180525
centered,equal_state,225.0,-125.0,0.0010154022993619973
centered,equal_state,275.0,-125.0,0.001167563850389196
centered,equal_state,325.0,-125.0,0.0010809993115073941
centered,equal_state,375.0,-125.0,0.0009702008614019727
centered,equal_state,425.0,-125.0,0.000786507761342899
centered,equal_state,475.0,-125.0,0.000746183731534726
centered,equal_state,525.0,-125.0,0.0005365563826236439
centered,equal_state,575.0,-125.0,0.0003971823439087032
centered,equal_state,625.0,-125.0,0.0003950170769308714
centered,equal_state,675.0,-125.0,0.0003297026976043326
centered,equal_state,725.0,-125.0,0.000278042364103089
centered,equal_state,775.0,-125.0,0.00023690269049151283
centered,equal_state,825.0,-125.0,0.00023759413116645803
centered,equal_state,875.0,-125.0,0.0002125926812827875
centered,equal_state,925.0,-125.0,0.0001827020018892174
centered,equal_state,975.0,-125.0,0.00019121100275594963
centered,equal_state,1025.0,-125.0,0.00022091451392136863
centered,equal_state,1075.0,-125.0,0.00032968983823833723
centered,equal_state,-1075.0,-75.0,0.0011767353872272966
centered,equal_state,-1025.0,-75.0,0.0006378049495611778
centered,equal_state,-975.0,-75.0,0.0005161651875336015
centered,equal_state,-925.0,-75.0,0.0004349507755513569
centered,equal_state,-875.0,-75.0,0.0004896379066894687
centered,equal_state,-825.0,-75.0,0.0004782073541626894
centered,equal_state,-775.0,-75.0,0.0004490255338241986
centered,equal_state,-725.0,-75.0,0.0004578163102144225
centered,equal_state,-675.0,-75.0,0.0005138452973474391
centered,equal_state,-625.0,-75.0,0.0006397134386687664
centered,equal_state,-575.0,-75.0,0.0007216997340978933
centered,equal_state,-525.0,-75.0,0.0008178716180158562
centered,equal_state,-475.0,-75.0,0.0009536317539030878
centered,equal_state,-425.0,-75.0,0.0011485266103536621
centered,equal_state,-375.0,-75.0,0.0011815959802692491
centered,equal_state,-325.0,-75.0,0.0013881957860891233
centered,equal_state,-275.0,-75.0,0.001493500687268758
centered,equal_state,-225.0,-75.0,0.0012841091362525779
centered,equal_state,-175.0,-75.0,0.0012594548216657753
centered,equal_state,-125.0,-75.0,0.0009043398496090797
centered,equal_state,-75.0,-75.0,0.0007119439082235794
centered,equal_state,-25.0,-75.0,0.0006016017655219454
centered,equal_state,25.0,-75.0,0.0006379750682122237
centered,equal_state,75.0,-75.0,0.0006163688890121292
centered,equal_state,125.0,-75.0,0.0006838530603919362
centered,equal_state,175.0,-75.0,0.0011180905447193727
centered,equal_state,225.0,-75.0,0.0012139102386969226
centered,equal_state,275.0,-75.0,0.0014794737505209716
centered,equal_state,325.0,-75.0,0.0012351937192964617
centered,equal_state,375.0,-75.0,0.0010854219083980454
centered,equal_state,425.0,-75.0,0.0009673885881308872
centered,equal_state,475.0,-75.0,0.0008539723702695346
centered,equal_state,525.0,-75.0,0.0005884920457726028
centered,equal_state,575.0,-75.0,0.0004926152607912076
centered,equal_state,625.0,-75.0,0.00041369712220347155
centered,equal_state,675.0,-75.0,0.0003035324324367965
centered,equal_state,725.0,-75.0,0.0002515814582634066
centered,equal_state,775.0,-75.0,0.00025062823796758664
centered,equal_state,825.0,-75.0,0.0002289470419756638
centered,equal_state,875.0,-75.0,0.0001965370303106166
centered,equal_state,925.0,-75.0,0.00022634432559812828
centered,equal_state,975.0,-75.0,0.00021612265947917872
centered,equal_state,1025.0,-75.0,0.00025980787251948085
centered,equal_state,1075.0,-75.0,0.00033127689321400366
centered,equal_state,-1075.0,-25.0,0.0012266710187583587
centered,equal_state,-1025.0,-25.0,0.0007305555163320163
centered,equal_state,-975.0,-25.0,0.0005407084668884705
centered,equal_state,-925.0,-25.0,0.0005652283337607119
centered,equal_state,-875.0,-25.0,0.0004852279592271426
centered,equal_state,-825.0,-25.0,0.000509104438916705
centered,equal_state,-775.0,-25.0,0.0004498176929882523
centered,equal_state,-725.0,-25.0,0.0005554377053357294
centered,equal_state,-675.0,-25.0,0.0005501595032612182
centered,equal_state,-625.0,-25.0,0.0006298925076052023
centered,equal_state,-575.0,-25.0,0.0008017257305585169
centered,equal_state,-525.0,-25.0,0.0009014921193295401
centered,equal_state,-475.0,-25.0,0.0010942745887969848
centered,equal_state,-425.0,-25.0,0.0014007925227267194
centered,equal_state,-375.0,-25.0,0.001499584443245509
centered,equal_state,-325.0,-25.0,0.0015489646820486984
centered,equal_state,-275.0,-25.0,0.001593936944870057
centered,equal_state,-225.0,-25.0,0.0015176477853759921
centered,equal_state,-175.0,-25.0,0.0012800276368773358
centered,equal_state,-125.0,-25.0,0.000934835772845695
centered,equal_state,-75.0,-25.0,0.0006689273819243595
centered,equal_state,-25.0,-25.0,0.0004979677256351126
centered,equal_state,25.0,-25.0,0.000495384316713827
centered,equal_state,75.0,-25.0,0.0007241184937459898
centered,equal_state,125.0,-25.0,0.0006951432109880638
centered,equal_state,175.0,-25.0,0.0011227831196978495
centered,equal_state,225.0,-25.0,0.0013500962382325048
centered,equal_state,275.0,-25.0,0.0014902093134444125
centered,equal_state,325.0,-25.0,0.0014504192761066548
centered,equal_state,375.0,-25.0,0.001184220107779694
centered,equal_state,425.0,-25.0,0.0011562432836880764
centered,equal_state,475.0,-25.0,0.0009016181090644138
centered,equal_state,525.0,-25.0,0.0007394037508899706
centered,equal_state,575.0,-25.0,0.0005771791906216008
centered,equal_state,625.0,-25.0,0.00046363268529813487
centered,equal_state,675.0,-25.0,0.0003458166687996527
centered,equal_state,725.0,-25.0,0.0002638569546704905
centered,equal_state,775.0,-25.0,0.0002386021394718275
centered,equal_state,825.0,-25.0,0.00019635140246559223
centered,equal_state,875.0,-25.0,0.0001983195461650675
centered,equal_state,925.0,-25.0,0.00017351243532370838
centered,equal_state,975.0,-25.0,0.00022584665538903423
centered,equal_state,1025.0,-25.0,0.00022676418873618904
centered,equal_state,1075.0,-25.0,0.0002796254938886275
centered,equal_state,-1075.0,25.0,0.001184819759223967
centered,equal_state,-1025.0,25.0,0.0008135693016194295
centered,equal_state,-975.0,25.0,0.0005857831623029151
centered,equal_state,-925.0,25.0,0.0005542534953795053
centered,equal_state,-875.0,25.0,0.0005473171143111101
centered,equal_state,-825.0,25.0,0.0004846080937012845
centered,equal_state,-775.0,25.0,0.000575400125063125
centered,equal_state,-725.0,25.0,0.0006115043683411131
centered,equal_state,-675.0,25.0,0.0006395399756769908
centered,equal_state,-625.0,25.0,0.0007846991565456225
centered,equal_state,-575.0,25.0,0.0008753769509188003
centered,equal_state,-525.0,25.0,0.0010469871103400126
centered,equal_state,-475.0,25.0,0.0012254365929714728
centered,equal_state,-425.0,25.0,0.0013612389065557793
centered,equal_state,-375.0,25.0,0.001495479219984739
centered,equal_state,-325.0,25.0,0.0016593345924480474
centered,equal_state,-275.0,25.0,0.0016582283597732224
centered,equal_state,-225.0,25.0,0.0016489687060553743
centered,equal_state,-175.0,25.0,0.0014145141190529638
centered,equal_state,-125.0,25.0,0.0010241879709771953
centered,equal_state,-75.0,25.0,0.0007441794589240849
centered,equal_state,-25.0,25.0,0.000614579145281366
centered,equal_state,25.0,25.0,0.000613302019613183
centered,equal_state,75.0,25.0,0.0006959619323052327
centered,equal_state,125.0,25.0,0.0009976170224947987
centered,equal_state,175.0,25.0,0.0013711623136187776
centered,equal_state,225.0,25.0,0.0015558085576477109
centered,equal_state,275.0,25.0,0.001640360469038398
centered,equal_state,325.0,25.0,0.0014787832401168264
centered,equal_state,375.0,25.0,0.0012344345784356173
centered,equal_state,425.0,25.0,0.0009450588838087423
centered,equal_state,475.0,25.0,0.0007945892370775995
centered,equal_state,525.0,25.0,0.000701855273643768
centered,equal_state,575.0,25.0,0.0005293216741213779
centered,equal_state,625.0,25.0,0.0004246963300485797
centered,equal_state,675.0,25.0,0.0003508354190333978
centered,equal_state,725.0,25.0,0.00030548628342770415
centered,equal_state,775.0,25.0,0.00024817588594361513
centered,equal_state,825.0,25.0,0.00021450247061401346
centered,equal_state,875.0,25.0,0.00020179795343196576
centered,equal_state,925.0,25.0,0.00018484815443243805
centered,equal_state,975.0,25.0,0.00023074110498677203
centered,equal_state,1025.0,25.0,0.00020898909810811454
centered,equal_state,1075.0,25.0,0.00026846871434765867
centered,equal_state,-1075.0,75.0,0.0009554926747900798
centered,equal_state,-1025.0,75.0,0.0007718267011055849
centered,equal_state,-975.0,75.0,0.0005778611657749676
centered,equal_state,-925.0,75.0,0.0005390236518252069
centered,equal_state,-875.0,75.0,0.0005171525824126211
centered,equal_state,-825.0,75.0,0.0005850421531077046
centered,equal_state,-775.0,75.0,0.0005306996727460319
centered,equal_state,-725.0,75.0,0.0006161406949276175
centered,equal_state,-675.0,75.0,0.0008038165587688466
centered,equal_state,-625.0,75.0,0.0008378064136950671
centered,equal_state,-575.0,75.0,0.001001283338684995
centered,equal_state,-525.0,75.0,0.0011484248106833157
centered,equal_state,-475.0,75.0,0.001309884069485405
centered,equal_state,-425.0,75.0,0.001562960345517385
centered,equal_state,-375.0,75.0,0.0017461717436127336
centered,equal_state,-325.0,75.0,0.0017265082068925984
centered,equal_state,-275.0,75.0,0.002038943187787058
centered,equal_state,-225.0,75.0,0.0017914751048479544
centered,equal_state,-175.0,75.0,0.001468850083316259
centered,equal_state,-125.0,75.0,0.0011940573255305575
centered,equal_state,-75.0,75.0,0.0009406670896253548
centered,equal_state,-25.0,75.0,0.0009281084140176117
centered,equal_state,25.0,75.0,0.0009166646300495407
centered,equal_state,75.0,75.0,0.0011439053543861417
centered,equal_state,125.0,75.0,0.0014824536838668962
centered,equal_state,175.0,75.0,0.001632635562871775
centered,equal_state,225.0,75.0,0.0016607252141543287
centered,equal_state,275.0,75.0,0.0015756888237740397
centered,equal_state,325.0,75.0,0.0014601164714359285
centered,equal_state,375.0,75.0,0.0012564060356611434
centered,equal_state,425.0,75.0,0.0010383709961936066
centered,equal_state,475.0,75.0,0.0008154680235901022
centered,equal_state,525.0,75.0,0.000817994350015438
centered,equal_state,575.0,75.0,0.0005230376020912918
centered,equal_state,625.0,75.0,0.0004133975480658107
centered,equal_state,675.0,75.0,0.00037816254781224877
centered,equal_state,725.0,75.0,0.00031544414236868163
centered,equal_state,775.0,75.0,0.0002643336255346561
centered,equal_state,825.0,75.0,0.0002366928841901255
centered,equal_state,875.0,75.0,0.00021712424600831183
centered,equal_state,925.0,75.0,0.000254387735175381
centered,equal_state,975.0,75.0,0.0002524533225709799
centered,equal_state,1025.0,75.0,0.0002223997977921644
centered,equal_state,1075.0,75.0,0.0002619647765346392
centered,equal_state,-1075.0,125.0,0.0009544122507885902
centered,equal_state,-1025.0,125.0,0.0008219209797139631
centered,equal_state,-975.0,125.0,0.0006576185908417831
centered,equal_state,-925.0,125.0,0.00068302643259211
centered,equal_state,-875.0,125.0,0.0005619120017154453
centered,equal_state,-825.0,125.0,0.0006413131980735105
centered,equal_state,-775.0,125.0,0.0006337446403646843
centered,equal_state,-725.0,125.0,0.0006554809198402955
centered,equal_state,-675.0,125.0,0.0007393736069206694
centered,equal_state,-625.0,125.0,0.0008831272132243835
centered,equal_state,-575.0,125.0,0.0010349330324613657
centered,equal_state,-525.0,125.0,0.0011795599855860958
centered,equal_state,-475.0,125.0,0.0014492039773842144
centered,equal_state,-425.0,125.0,0.001667066713915328
centered,equal_state,-375.0,125.0,0.001905968739280313
centered,equal_state,-325.0,125.0,0.002007763560361927
centered,equal_state,-275.0,125.0,0.0019053729185182686
centered,equal_state,-225.0,125.0,0.0017792787421011585
centered,equal_state,-175.0,125.0,0.0017312655522570585
centered,equal_state,-125.0,125.0,0.001599047046449193
centered,equal_state,-75.0,125.0,0.001249998614654697
centered,equal_state,-25.0,125.0,0.001192311916481818
centered,equal_state,25.0,125.0,0.0012558776570858465
centered,equal_state,75.0,125.0,0.001427381248947853
centered,equal_state,125.0,125.0,0.0016585111698810356
centered,equal_state,175.0,125.0,0.0017104479803824134
centered,equal_state,225.0,125.0,0.0016915155536938269
centered,equal_state,275.0,125.0,0.001705954368105943
centered,equal_state,325.0,125.0,0.0014909663089379323
centered,equal_state,375.0,125.0,0.0012144004226168966
centered,equal_state,425.0,125.0,0.0010329936545777098
centered,equal_state,475.0,125.0,0.0008584521980072389
centered,equal_state,525.0,125.0,0.0007403360801997834
centered,equal_state,575.0,125.0,0.0005131060546193648
centered,equal_state,625.0,125.0,0.00042496345875428867
centered,equal_state,675.0,125.0,0.0003557316251541908
centered,equal_state,725.0,125.0,0.00034215609039064135
centered,equal_state,775.0,125.0,0.0002585298866061609
centered,equal_state,825.0,125.0,0.00023471450439438237
centered,equal_state,875.0,125.0,0.00019696286522493314
centered,equal_state,925.0,125.0,0.0001712310970677126
centered,equal_state,975.0,125.0,0.0002085975550996097
centered,equal_state,1025.0,125.0,0.00023372482475804575
centered,equal_state,1075.0,125.0,0.0002378008332117857
centered,equal_state,-1075.0,175.0,0.0008342974351944808
centered,equal_state,-1025.0,175.0,0.0007792551235688244
centered,equal_state,-975.0,175.0,0.0006343833196807464
centered,equal_state,-925.0,175.0,0.0006740023203833562
centered,equal_state,-875.0,175.0,0.0006392229236323084
centered,equal_state,-825.0,175.0,0.000651394816597201
centered,equal_state,-775.0,175.0,0.0006642195346073064
centered,equal_state,-725.0,175.0,0.0007680081327696759
centered,equal_state,-675.0,175.0,0.000792627628539072
centered,equal_state,-625.0,175.0,0.0009541625178934
centered,equal_state,-575.0,175.0,0.0012349439508664252
centered,equal_state,-525.0,175.0,0.0012808567077993228
centered,equal_state,-475.0,175.0,0.0015736357274524792
centered,equal_state,-425.0,175.0,0.0016887330199415085
centered,equal_state,-375.0,175.0,0.0017414380263101154
centered,equal_state,-325.0,175.0,0.001870422417320028
centered,equal_state,-275.0,175.0,0.0019785515006191653
centered,equal_state,-225.0,175.0,0.0019825979359779614
centered,equal_state,-175.0,175.0,0.0019465798118849663
centered,equal_state,-125.0,175.0,0.0018153986430867667
centered,equal_state,-75.0,175.0,0.0016578581771736118
centered,equal_state,-25.0,175.0,0.0016705753501651212
centered,equal_state,25.0,175.0,0.0016675582345440762
centered,equal_state,75.0,175.0,0.0018136882117612124
centered,equal_state,125.0,175.0,0.0018012401630047082
centered,equal_state,175.0,175.0,0.0018172342364123142
centered,equal_state,225.0,175.0,0.0018181662801602496
centered,equal_state,275.0,175.0,0.001790188072636523
centered,equal_state,325.0,175.0,0.0015414241145139326
centered,equal_state,375.0,175.0,0.0012853841564200595
centered,equal_state,425.0,175.0,0.0010834297178277774
centered,equal_state,475.0,175.0,0.0007812251018433179
centered,equal_state,525.0,175.0,0.0006443288518037074
centered,equal_state,575.0,175.0,0.0005333494243550096
centered,equal_state,625.0,175.0,0.0004242297753892754
centered,equal_state,675.0,175.0,0.0004122795026173723
centered,equal_state,725.0,175.0,0.00028195078439619404
centered,equal_state,775.0,175.0,0.00024046257214339924
centered,equal_state,825.0,175.0,0.00023742277583740226
centered,equal_state,875.0,175.0,0.00020608544367745486
centered,equal_state,925.0,175.0,0.0001731202006137689
centered,equal_state,975.0,175.0,0.00023199853497448964
centered,equal_state,1025.0,175.0,0.00023801288894462173
centered,equal_state,1075.0,175.0,0.00025422137740793856
centered,equal_state,-1075.0,225.0,0.0008062282181840003
centered,equal_state,-1025.0,225.0,0.0009112688893605518
centered,equal_state,-975.0,225.0,0.000667644893152622
centered,equal_state,-925.0,225.0,0.0006819715251145439
centered,equal_state,-875.0,225.0,0.0006186560616960079
centered,equal_state,-825.0,225.0,0.0006145207194469681
centered,equal_state,-775.0,225.0,0.0007276797157891337
centered,equal_state,-725.0,225.0,0.0007734668915553304
centered,equal_state,-675.0,225.0,0.0009250669072110014
centered,equal_state,-625.0,225.0,0.0009951994668519171
centered,equal_state,-575.0,225.0,0.0012236179416733612
centered,equal_state,-525.0,225.0,0.0012545012999492127
centered,equal_state,-475.0,225.0,0.0013938847717382549
centered,equal_state,-425.0,225.0,0.0016248318859922106
centered,equal_state,-375.0,225.0,0.00187471171454513
centered,equal_state,-325.0,225.0,0.0019322891778282743
centered,equal_state,-275.0,225.0,0.0020062451593491058
centered,equal_state,-225.0,225.0,0.00211043055461016
centered,equal_state,-175.0,225.0,0.002028903273765633
centered,equal_state,-125.0,225.0,0.0018976331245857611
centered,equal_state,-75.0,225.0,0.001720483757915534
centered,equal_state,-25.0,225.0,0.0019700183993273932
centered,equal_state,25.0,225.0,0.002040502339293001
centered,equal_state,75.0,225.0,0.0018771036399775195
centered,equal_state,125.0,225.0,0.0019169053658373274
centered,equal_state,175.0,225.0,0.0019047252587725597
centered,equal_state,225.0,225.0,0.0019072239948252556
centered,equal_state,275.0,225.0,0.0017464706582607991
centered,equal_state,325.0,225.0,0.001385132143467497
centered,equal_state,375.0,225.0,0.0012801845023533863
centered,equal_state,425.0,225.0,0.0009916167876783618
centered,equal_state,475.0,225.0,0.0007916017516033303
centered,equal_state,525.0,225.0,0.0006021921832260928
centered,equal_state,575.0,225.0,0.0005230470379276856
centered,equal_state,625.0,225.0,0.00040328516777732873
centered,equal_state,675.0,225.0,0.00035630062562378963
centered,equal_state,725.0,225.0,0.00030932357694889894
centered,equal_state,775.0,225.0,0.0002574130426775624
centered,equal_state,825.0,225.0,0.00023539691476705694
centered,equal_state,875.0,225.0,0.0002231995828976281
centered,equal_state,925.0,225.0,0.00020526763607883058
centered,equal_state,975.0,225.0,0.00023795874407451029
centered,equal_state,1025.0,225.0,0.000289182348800717
centered,equal_state,1075.0,225.0,0.00018833918788897276
centered,equal_state,-1075.0,275.0,0.0004061399576818754
centered,equal_state,-1025.0,275.0,0.0011837544764708387
centered,equal_state,-975.0,275.0,0.0007440631042615418
centered,equal_state,-925.0,275.0,0.0007395899718676507
centered,equal_state,-875.0,275.0,0.0006908613249473093
centered,equal_state,-825.0,275.0,0.0006489995101187871
centered,equal_state,-775.0,275.0,0.000716342560912656
centered,equal_state,-725.0,275.0,0.0007478368510390132
centered,equal_state,-675.0,275.0,0.0008259548900851956
centered,equal_state,-625.0,275.0,0.0009314535047562487
centered,equal_state,-575.0,275.0,0.0011427035519290369
centered,equal_state,-525.0,275.0,0.0012910498152898704
centered,equal_state,-475.0,275.0,0.001381657875451196
centered,equal_state,-425.0,275.0,0.0015579519834074745
centered,equal_state,-375.0,275.0,0.0017661652123541014
centered,equal_state,-325.0,275.0,0.0018081329728115002
centered,equal_state,-275.0,275.0,0.0018575425672883175
centered,equal_state,-225.0,275.0,0.0019517565523586458
centered,equal_state,-175.0,275.0,0.002056926927669417
centered,equal_state,-125.0,275.0,0.0020689273925706183
centered,equal_state,-75.0,275.0,0.0018691937092515866
centered,equal_state,-25.0,275.0,0.0018941657574882069
centered,equal_state,25.0,275.0,0.002020128364145228
centered,equal_state,75.0,275.0,0.001898837297598949
centered,equal_state,125.0,275.0,0.001968972149600366
centered,equal_state,175.0,275.0,0.0018627433096724373
centered,equal_state,225.0,275.0,0.0017240080232163125
centered,equal_state,275.0,275.0,0.0015420844322896012
centered,equal_state,325.0,275.0,0.001348071734825485
centered,equal_state,375.0,275.0,0.0011731963788421537
centered,equal_state,425.0,275.0,0.0009743889629063566
centered,equal_state,475.0,275.0,0.000862692267241166
centered,equal_state,525.0,275.0,0.0006206590839874549
centered,equal_state,575.0,275.0,0.0005294940627215483
centered,equal_state,625.0,275.0,0.0004374431686563517
centered,equal_state,675.0,275.0,0.000390484804568271
centered,equal_state,725.0,275.0,0.0003010049092078138
centered,equal_state,775.0,275.0,0.0002689664446907941
centered,equal_state,825.0,275.0,0.00021996851908614502
centered,equal_state,875.0,275.0,0.00019807898038474598
centered,equal_state,925.0,275.0,0.0002068280163904218
centered,equal_state,975.0,275.0,0.0002888208349509361
centered,equal_state,1025.0,275.0,0.000299449433716359
centered,equal_state,1075.0,275.0,0.00012581064657902116
centered,equal_state,-1075.0,325.0,7.038942729856524e-05
centered,equal_state,-1025.0,325.0,0.0012142877241099195
centered,equal_state,-975.0,325.0,0.0010174493743330955
centered,equal_state,-925.0,325.0,0.0007956249893793198
centered,equal_state,-875.0,325.0,0.0007471985124962791
centered,equal_state,-825.0,325.0,0.0006854429823107445
centered,equal_state,-775.0,325.0,0.0007391102443427917
centered,equal_state,-725.0,325.0,0.0008149173530373838
centered,equal_state,-675.0,325.0,0.0007930751802392954
centered,equal_state,-625.0,325.0,0.0009522540887143148
centered,equal_state,-575.0,325.0,0.00110913673641348
centered,equal_state,-525.0,325.0,0.0011720581840471258
centered,equal_state,-475.0,325.0,0.0013523287646850226
centered,equal_state,-425.0,325.0,0.0014239958224985655
centered,equal_state,-375.0,325.0,0.0016624692989022501
centered,equal_state,-325.0,325.0,0.0016845201912769835
centered,equal_state,-275.0,325.0,0.0017440472092677213
centered,equal_state,-225.0,325.0,0.0018025033463755756
centered,equal_state,-175.0,325.0,0.001873775601104425
centered,equal_state,-125.0,325.0,0.0018789039411584117
centered,equal_state,-75.0,325.0,0.0019457447589640053
centered,equal_state,-25.0,325.0,0.0018096546752179388
centered,equal_state,25.0,325.0,0.0018647921030130704
centered,equal_state,75.0,325.0,0.0019048888022988556
centered,equal_state,125.0,325.0,0.0019103174295936848
centered,equal_state,175.0,325.0,0.001708044389193667
centered,equal_state,225.0,325.0,0.0016683790622537577
centered,equal_state,275.0,325.0,0.0015455922923506805
centered,equal_state,325.0,325.0,0.0012448478906558044
centered,equal_state,375.0,325.0,0.0011640458143263306
centered,equal_state,425.0,325.0,0.0009656055483352517
centered,equal_state,475.0,325.0,0.0008412033888197567
centered,equal_state,525.0,325.0,0.0007142056372506093
centered,equal_state,575.0,325.0,0.0005469459237396132
centered,equal_state,625.0,325.0,0.0005020888128122503
centered,equal_state,675.0,325.0,0.00033583507772926946
centered,equal_state,725.0,325.0,0.00031370440792701627
centered,equal_state,775.0,325.0,0.0002712595817300625
centered,equal_state,825.0,325.0,0.00025939698027634204
centered,equal_state,875.0,325.0,0.00023990754877152972
centered,equal_state,925.0,325.0,0.00021547356298189137
centered,equal_state,975.0,325.0,0.0003278751733032646
centered,equal_state,1025.0,325.0,0.00026537956953128633
centered,equal_state,1075.0,325.0,2.305824845571506e-05
centered,equal_state,-1075.0,375.0,0.0
centered,equal_state,-1025.0,375.0,0.0008658555218146754
centered,equal_state,-975.0,375.0,0.0008862336780929087
centered,equal_state,-925.0,375.0,0.0009245962662008934
centered,equal_state,-875.0,375.0,0.0007733485520256652
centered,equal_state,-825.0,375.0,0.0008471920078771591
centered,equal_state,-775.0,375.0,0.0007831059732477386
centered,equal_state,-725.0,375.0,0.0008522614156271494
centered,equal_state,-675.0,375.0,0.0008337735717238795
centered,equal_state,-625.0,375.0,0.0008478326180374011
centered,equal_state,-575.0,375.0,0.001093829563211536
centered,equal_state,-525.0,375.0,0.0011616040599218282
centered,equal_state,-475.0,375.0,0.0012633381806611054
centered,equal_state,-425.0,375.0,0.0013478404056318607
centered,equal_state,-375.0,375.0,0.0015120634611193408
centered,equal_state,-325.0,375.0,0.0015753121410667325
centered,equal_state,-275.0,375.0,0.0015934933400575454
centered,equal_state,-225.0,375.0,0.0015379700677309054
centered,equal_state,-175.0,375.0,0.0016085337167994333
centered,equal_state,-125.0,375.0,0.0017335314295594355
centered,equal_state,-75.0,375.0,0.001663472616408393
centered,equal_state,-25.0,375.0,0.0017136515332363059
centered,equal_state,25.0,375.0,0.0017366335971780165
centered,equal_state,75.0,375.0,0.0016752989442849076
centered,equal_state,125.0,375.0,0.00161213984425878
centered,equal_state,175.0,375.0,0.0016320798462797258
centered,equal_state,225.0,375.0,0.0015254503220058066
centered,equal_state,275.0,375.0,0.0014452146825363903
centered,equal_state,325.0,375.0,0.0012157864964184087
centered,equal_state,375.0,375.0,0.0010884561981410158
centered,equal_state,425.0,375.0,0.0008544634839804333
centered,equal_state,475.0,375.0,0.0007771803850690546
centered,equal_state,525.0,375.0,0.0006008289006837922
centered,equal_state,575.0,375.0,0.000540866192111723
centered,equal_state,625.0,375.0,0.00045124599822082454
centered,equal_state,675.0,375.0,0.00039713188570837394
centered,equal_state,725.0,375.0,0.0003157912806565997
centered,equal_state,775.0,375.0,0.00027320905995001756
centered,equal_state,825.0,375.0,0.00026973018311403347
centered,equal_state,875.0,375.0,0.0002875306132600135
centered,equal_state,925.0,375.0,0.00028721856720142054
centered,equal_state,975.0,375.0,0.0003149761476347921
centered,equal_state,1025.0,375.0,0.00021224038123165065
centered,equal_state,1075.0,375.0,0.0
centered,equal_state,-1075.0,425.0,0.0
centered,equal_state,-1025.0,425.0,0.0003928609547132908
centered,equal_state,-975.0,425.0,0.0010568464129083993
centered,equal_state,-925.0,425.0,0.0009171468153920941
centered,equal_state,-875.0,425.0,0.0008782954164522673
centered,equal_state,-825.0,425.0,0.0008416627051013931
centered,equal_state,-775.0,425.0,0.0007488420558488292
centered,equal_state,-725.0,425.0,0.000781484264859399
centered,equal_state,-675.0,425.0,0.0007425012180911802
centered,equal_state,-625.0,425.0,0.0008714371890477953
centered,equal_state,-575.0,425.0,0.0010326062470599195
centered,equal_state,-525.0,425.0,0.001067576257256844
centered,equal_state,-475.0,425.0,0.0011230279760735017
centered,equal_state,-425.0,425.0,0.001304723126399155
centered,equal_state,-375.0,425.0,0.0013552218900994503
centered,equal_state,-325.0,425.0,0.0013933955971867935
centered,equal_state,-275.0,425.0,0.0014643959920685086
centered,equal_state,-225.0,425.0,0.0014269003434428397
centered,equal_state,-175.0,425.0,0.0014850654719380902
centered,equal_state,-125.0,425.0,0.0015866045654905458
centered,equal_state,-75.0,425.0,0.0016323963178422264
centered,equal_state,-25.0,425.0,0.0015875211599222668
centered,equal_state,25.0,425.0,0.0015430590558287692
centered,equal_state,75.0,425.0,0.001507785336751662
centered,equal_state,125.0,425.0,0.0015156424614731158
centered,equal_state,175.0,425.0,0.0015433387788631517
centered,equal_state,225.0,425.0,0.0014486192961962044
centered,equal_state,275.0,425.0,0.0012499737683737018
centered,equal_state,325.0,425.0,0.0011708889117053299
centered,equal_state,375.0,425.0,0.0010064882272770427
centered,equal_state,425.0,425.0,0.0007981384347995557
centered,equal_state,475.0,425.0,0.000711763044794769
centered,equal_state,525.0,425.0,0.0005854256315378858
centered,equal_state,575.0,425.0,0.0005074707699970428
centered,equal_state,625.0,425.0,0.00040602387439135103
centered,equal_state,675.0,425.0,0.00037094796003777714
centered,equal_state,725.0,425.0,0.0003038745534692973
centered,equal_state,775.0,425.0,0.0002662722672226401
centered,equal_state,825.0,425.0,0.00024828973793475026
centered,equal_state,875.0,425.0,0.0002741492622165815
centered,equal_state,925.0,425.0,0.00026824237613155323
centered,equal_state,975.0,425.0,0.00029913803912020134
centered,equal_state,1025.0,425.0,9.243241510842203e-05
centered,equal_state,1075.0,425.0,0.0
centered,equal_state,-1075.0,475.0,0.0
centered,equal_state,-1025.0,475.0,6.727091610683152e-06
centered,equal_state,-975.0,475.0,0.0009750653620781879
centered,equal_state,-925.0,475.0,0.001089825154027063
centered,equal_state,-875.0,475.0,0.0008769259414298078
centered,equal_state,-825.0,475.0,0.000768065823221094
centered,equal_state,-775.0,475.0,0.0008061387916439294
centered,equal_state,-725.0,475.0,0.0009002828240611403
centered,equal_state,-675.0,475.0,0.0008381297384545296
centered,equal_state,-625.0,475.0,0.000838053908576055
centered,equal_state,-575.0,475.0,0.001061684169235433
centered,equal_state,-525.0,475.0,0.0011253492520963092
centered,equal_state,-475.0,475.0,0.0011039602095203945
centered,equal_state,-425.0,475.0,0.0012003407620734092
centered,equal_state,-375.0,475.0,0.0012773652630364023
centered,equal_state,-325.0,475.0,0.001345418266027349
centered,equal_state,-275.0,475.0,0.0013444832148927896
centered,equal_state,-225.0,475.0,0.001342636500142467
centered,equal_state,-175.0,475.0,0.0013151592360532921
centered,equal_state,-125.0,475.0,0.001377242954685895
centered,equal_state,-75.0,475.0,0.0014039722903708145
centered,equal_state,-25.0,475.0,0.0013780317543071504
centered,equal_state,25.0,475.0,0.0013074459015118027
centered,equal_state,75.0,475.0,0.0013916868643856118
centered,equal_state,125.0,475.0,0.0014522322824725572
centered,equal_state,175.0,475.0,0.0012849701093344446
centered,equal_state,225.0,475.0,0.0011813600577581477
centered,equal_state,275.0,475.0,0.0010600903939357819
centered,equal_state,325.0,475.0,0.001035118502694039
centered,equal_state,375.0,475.0,0.000891159865519922
centered,equal_state,425.0,475.0,0.000703982358109356
centered,equal_state,475.0,475.0,0.0007175587348965438
centered,equal_state,525.0,475.0,0.0005299008591556976
centered,equal_state,575.0,475.0,0.0004695993155818578
centered,equal_state,625.0,475.0,0.00041135384042903354
centered,equal_state,675.0,475.0,0.00033265134540251957
centered,equal_state,725.0,475.0,0.0003009803978212449
centered,equal_state,775.0,475.0,0.00030624706296783683
centered,equal_state,825.0,475.0,0.00028045732827270645
centered,equal_state,875.0,475.0,0.00029699732107960465
centered,equal_state,925.0,475.0,0.00033393922412416454
centered,equal_state,975.0,475.0,0.0002787249077727167
centered,equal_state,1025.0,475.0,8.151484792936682e-07
centered,equal_state,1075.0,475.0,0.0
centered,equal_state,-1075.0,525.0,0.0
centered,equal_state,-1025.0,525.0,0.0
centered,equal_state,-975.0,525.0,0.0007370536158575112
centered,equal_state,-925.0,525.0,0.0011405600618315938
centered,equal_state,-875.0,525.0,0.0008879429436037477
centered,equal_state,-825.0,525.0,0.0008755543417726972
centered,equal_state,-775.0,525.0,0.0008344895667574459
centered,equal_state,-725.0,525.0,0.0008385471315716174
centered,equal_state,-675.0,525.0,0.000783651334472167
centered,equal_state,-625.0,525.0,0.0008308873293076973
centered,equal_state,-575.0,525.0,0.0009273748563541072
centered,equal_state,-525.0,525.0,0.0010478269015816073
centered,equal_state,-475.0,525.0,0.0010238317234053927
centered,equal_state,-425.0,525.0,0.0011351130099700863
centered,equal_state,-375.0,525.0,0.0012527022499939455
centered,equal_state,-325.0,525.0,0.0010809006657042936
centered,equal_state,-275.0,525.0,0.0011176600558753821
centered,equal_state,-225.0,525.0,0.0011539216387530212
centered,equal_state,-175.0,525.0,0.0012246676638256629
centered,equal_state,-125.0,525.0,0.0012117612042793888
centered,equal_state,-75.0,525.0,0.0012495312574496615
centered,equal_state,-25.0,525.0,0.0012753780306556193
centered,equal_state,25.0,525.0,0.0012673931971331636
centered,equal_state,75.0,525.0,0.0012947691719534715
centered,equal_state,125.0,525.0,0.0012347782364138592
centered,equal_state,175.0,525.0,0.0012112887470567997
centered,equal_state,225.0,525.0,0.001093590690345003
centered,equal_state,275.0,525.0,0.0010211392723855333
centered,equal_state,325.0,525.0,0.0009193348941863727
centered,equal_state,375.0,525.0,0.0007580998317917089
centered,equal_state,425.0,525.0,0.0006720348263317342
centered,equal_state,475.0,525.0,0.000614901047983064
centered,equal_state,525.0,525.0,0.0005064270667304679
centered,equal_state,575.0,525.0,0.00048046770579303013
centered,equal_state,625.0,525.0,0.00037862794660693875
centered,equal_state,675.0,525.0,0.0003226283086786944
centered,equal_state,725.0,525.0,0.00029532932472444443
centered,equal_state,775.0,525.0,0.00030015820515379046
centered,equal_state,825.0,525.0,0.00027315544106787035
centered,equal_state,875.0,525.0,0.00028052169009567634
centered,equal_state,925.0,525.0,0.00036763085973979794
centered,equal_state,975.0,525.0,0.00011874399789109513
centered,equal_state,1025.0,525.0,0.0
centered,equal_state,1075.0,525.0,0.0
centered,equal_state,-1075.0,575.0,0.0
centered,equal_state,-1025.0,575.0,0.0
centered,equal_state,-975.0,575.0,1.2220595262220514e-06
centered,equal_state,-925.0,575.0,0.0012163142903147657
centered,equal_state,-875.0,575.0,0.0011729479692295511
centered,equal_state,-825.0,575.0,0.0009352392940643663
centered,equal_state,-775.0,575.0,0.000825710366287153
centered,equal_state,-725.0,575.0,0.0008268916571899139
centered,equal_state,-675.0,575.0,0.0008378145910010686
centered,equal_state,-625.0,575.0,0.0008967268491319255
centered,equal_state,-575.0,575.0,0.0008531914451779546
centered,equal_state,-525.0,575.0,0.000981687200269684
centered,equal_state,-475.0,575.0,0.0009387680401544622
centered,equal_state,-425.0,575.0,0.0010143499041946234
centered,equal_state,-375.0,575.0,0.0009332102377921467
centered,equal_state,-325.0,575.0,0.0009636122511297194
centered,equal_state,-275.0,575.0,0.0010382630297413658
centered,equal_state,-225.0,575.0,0.0010418984424444813
centered,equal_state,-175.0,575.0,0.001090138402289189
centered,equal_state,-125.0,575.0,0.0010899490021708345
centered,equal_state,-75.0,575.0,0.0012487789973751643
centered,equal_state,-25.0,575.0,0.0012363463854753187
centered,equal_state,25.0,575.0,0.0010847702472824468
centered,equal_state,75.0,575.0,0.0011285350471211264
centered,equal_state,125.0,575.0,0.001086145935182342
centered,equal_state,175.0,575.0,0.0010550973003839253
centered,equal_state,225.0,575.0,0.000982579632299362
centered,equal_state,275.0,575.0,0.000884306881930452
centered,equal_state,325.0,575.0,0.0008189039633479702
centered,equal_state,375.0,575.0,0.0007444832863523677
centered,equal_state,425.0,575.0,0.0005884917155720096
centered,equal_state,475.0,575.0,0.0005492740329620016
centered,equal_state,525.0,575.0,0.0005261987248819014
centered,equal_state,575.0,575.0,0.0004603139860576319
centered,equal_state,625.0,575.0,0.0003825852150725596
centered,equal_state,675.0,575.0,0.00038395513817119893
centered,equal_state,725.0,575.0,0.00034868791886295174
centered,equal_state,775.0,575.0,0.00032710342074019955
centered,equal_state,825.0,575.0,0.00040512502046503765
centered,equal_state,875.0,575.0,0.0003802761230059906
centered,equal_state,925.0,575.0,0.00050493105191831
centered,equal_state,975.0,575.0,6.644765171116526e-07
centered,equal_state,1025.0,575.0,0.0
centered,equal_state,1075.0,575.0,0.0
centered,equal_state,-1075.0,625.0,0.0
centered,equal_state,-1025.0,625.0,0.0
centered,equal_state,-975.0,625.0,0.0
centered,equal_state,-925.0,625.0,0.0001969895136231498
centered,equal_state,-875.0,625.0,0.001388515541467016
centered,equal_state,-825.0,625.0,0.0010943109620575183
centered,equal_state,-775.0,625.0,0.0009057501483039125
centered,equal_state,-725.0,625.0,0.0009272924060886732
centered,equal_state,-675.0,625.0,0.0009337520763635003
centered,equal_state,-625.0,625.0,0.0009185438594525261
centered,equal_state,-575.0,625.0,0.0008358581075952844
centered,equal_state,-525.0,625.0,0.0008692347161450785
centered,equal_state,-475.0,625.0,0.0007950612364975055
centered,equal_state,-425.0,625.0,0.0009709558629227809
centered,equal_state,-375.0,625.0,0.0008284528521043164
centered,equal_state,-325.0,625.0,0.0008495987954356481
centered,equal_state,-275.0,625.0,0.0009435199088113584
centered,equal_state,-225.0,625.0,0.0009658774724443863
centered,equal_state,-175.0,625.0,0.0009940613581695523
centered,equal_state,-125.0,625.0,0.0009799071304699646
centered,equal_state,-75.0,625.0,0.0011415030615694712
centered,equal_state,-25.0,625.0,0.000996912808878698
centered,equal_state,25.0,625.0,0.0009817454649941456
centered,equal_state,75.0,625.0,0.00098979114436261
centered,equal_state,125.0,625.0,0.0010405788479471813
centered,equal_state,175.0,625.0,0.0009493294401416748
centered,equal_state,225.0,625.0,0.0008886222739342817
centered,equal_state,275.0,625.0,0.0007910991500949633
centered,equal_state,325.0,625.0,0.0008202826210012641
centered,equal_state,375.0,625.0,0.0007133737657819795
centered,equal_state,425.0,625.0,0.0005889914839538181
centered,equal_state,475.0,625.0,0.0005409845390201148
centered,equal_state,525.0,625.0,0.0005008466327250722
centered,equal_state,575.0,625.0,0.00045195163738195524
centered,equal_state,625.0,625.0,0.0005197503429028685
centered,equal_state,675.0,625.0,0.00039065212503765055
centered,equal_state,725.0,625.0,0.00036513851939613796
centered,equal_state,775.0,625.0,0.0003412767886982212
centered,equal_state,825.0,625.0,0.0003970401306486016
centered,equal_state,875.0,625.0,0.0005156830708218049
centered,equal_state,925.0,625.0,6.13081214090084e-05
centered,equal_state,975.0,625.0,0.0
centered,equal_state,1025.0,625.0,0.0
centered,equal_state,1075.0,625.0,0.0
centered,equal_state,-1075.0,675.0,0.0
centered,equal_state,-1025.0,675.0,0.0
centered,equal_state,-975.0,675.0,0.0
centered,equal_state,-925.0,675.0,0.0
centered,equal_state,-875.0,675.0,0.0005511327109749796
centered,equal_state,-825.0,675.0,0.0013754273508328086
centered,equal_state,-775.0,675.0,0.0011204717473244192
centered,equal_state,-725.0,675.0,0.0009702564048228426
centered,equal_state,-675.0,675.0,0.0009414358756651492
centered,equal_state,-625.0,675.0,0.0007562318135966049
centered,equal_state,-575.0,675.0,0.0009585960834244672
centered,equal_state,-525.0,675.0,0.0008078413154634365
centered,equal_state,-475.0,675.0,0.0008361832080263716
centered,equal_state,-425.0,675.0,0.0009701041709442083
centered,equal_state,-375.0,675.0,0.0008261580202558385
centered,equal_state,-325.0,675.0,0.0007609458424564458
centered,equal_state,-275.0,675.0,0.0008083064952406667
centered,equal_state,-225.0,675.0,0.0008573885507153106
centered,equal_state,-175.0,675.0,0.0008995931845694657
centered,equal_state,-125.0,675.0,0.0009468620299083957
centered,equal_state,-75.0,675.0,0.000953879701930765
centered,equal_state,-25.0,675.0,0.0008785739724799865
centered,equal_state,25.0,675.0,0.0008856092953691356
centered,equal_state,75.0,675.0,0.0009104616715933143
centered,equal_state,125.0,675.0,0.0009029708284471023
centered,equal_state,175.0,675.0,0.0008095119273845209
centered,equal_state,225.0,675.0,0.0009412892450211791
centered,equal_state,275.0,675.0,0.0007347908144383562
centered,equal_state,325.0,675.0,0.0007195059127271174
centered,equal_state,375.0,675.0,0.0006292933381276517
centered,equal_state,425.0,675.0,0.0005567777194766482
centered,equal_state,475.0,675.0,0.0005413773642362963
centered,equal_state,525.0,675.0,0.0005768067341014254
centered,equal_state,575.0,675.0,0.0004925659275001007
centered,equal_state,625.0,675.0,0.0004501970936778642
centered,equal_state,675.0,675.0,0.00041392655225220025
centered,equal_state,725.0,675.0,0.000471263091912585
centered,equal_state,775.0,675.0,0.0004021648859297519
centered,equal_state,825.0,675.0,0.0004412276579928096
centered,equal_state,875.0,675.0,0.0001613430167468252
centered,equal_state,925.0,675.0,0.0
centered,equal_state,975.0,675.0,0.0
centered,equal_state,1025.0,675.0,0.0
centered,equal_state,1075.0,675.0,0.0
centered,equal_state,-1075.0,725.0,0.0
centered,equal_state,-1025.0,725.0,0.0
centered,equal_state,-975.0,725.0,0.0
centered,equal_state,-925.0,725.0,0.0
centered,equal_state,-875.0,725.0,0.0
centered,equal_state,-825.0,725.0,0.0007376320458795464
centered,equal_state,-775.0,725.0,0.0014431791900951175
centered,equal_state,-725.0,725.0,0.00103259224489086
centered,equal_state,-675.0,725.0,0.0009226679682095864
centered,equal_state,-625.0,725.0,0.0008145573204162184
centered,equal_state,-575.0,725.0,0.0007476922638809019
centered,equal_state,-525.0,725.0,0.0009521079490308576
centered,equal_state,-475.0,725.0,0.0008030602566090252
centered,equal_state,-425.0,725.0,0.0007742868260211435
centered,equal_state,-375.0,725.0,0.0008517071558769387
centered,equal_state,-325.0,725.0,0.0007474158777749829
centered,equal_state,-275.0,725.0,0.0007870016283980904
centered,equal_state,-225.0,725.0,0.0007219471311161553
centered,equal_state,-175.0,725.0,0.0008471277039350531
centered,equal_state,-125.0,725.0,0.0008582767196040251
centered,equal_state,-75.0,725.0,0.0008305763757409495
centered,equal_state,-25.0,725.0,0.0007837451333721145
centered,equal_state,25.0,725.0,0.0008970711272207545
centered,equal_state,75.0,725.0,0.0008603199083615272
centered,equal_state,125.0,725.0,0.0007615521162269589
centered,equal_state,175.0,725.0,0.0007165387565526464
centered,equal_state,225.0,725.0,0.0006634198209843311
centered,equal_state,275.0,725.0,0.0006416118074022552
centered,equal_state,325.0,725.0,0.0006186413395661949
centered,equal_state,375.0,725.0,0.000549407835825742
centered,equal_state,425.0,725.0,0.0005277811683271919
centered,equal_state,475.0,725.0,0.0004685195817338183
centered,equal_state,525.0,725.0,0.0004905060796248267
centered,equal_state,575.0,725.0,0.0005055473330953075
centered,equal_state,625.0,725.0,0.00042646043597340655
centered,equal_state,675.0,725.0,0.00039504017149014363
centered,equal_state,725.0,725.0,0.00041101294859261715
centered,equal_state,775.0,725.0,0.0004370785668817486
centered,equal_state,825.0,725.0,0.0003219893512087212
centered,equal_state,875.0,725.0,0.0
centered,equal_state,925.0,725.0,0.0
centered,equal_state,975.0,725.0,0.0
centered,equal_state,1025.0,725.0,0.0
centered,equal_state,1075.0,725.0,0.0
centered,equal_state,-1075.0,775.0,0.0
centered,equal_state,-1025.0,775.0,0.0
centered,equal_state,-975.0,775.0,0.0
centered,equal_state,-925.0,775.0,0.0
centered,equal_state,-875.0,775.0,0.0
centered,equal_state,-825.0,775.0,6.808746116578336e-06
centered,equal_state,-775.0,775.0,0.000983042721329044
centered,equal_state,-725.0,775.0,0.001177880474337717
centered,equal_state,-675.0,775.0,0.0009220895841334538
centered,equal_state,-625.0,775.0,0.0007962020957541308
centered,equal_state,-575.0,775.0,0.0008119428108573945
centered,equal_state,-525.0,775.0,0.000770269594657565
centered,equal_state,-475.0,775.0,0.0007549624637121603
centered,equal_state,-425.0,775.0,0.0007413292469999282
centered,equal_state,-375.0,775.0,0.000774893556137514
centered,equal_state,-325.0,775.0,0.0006705938648046652
centered,equal_state,-275.0,775.0,0.0007071913588438993
centered,equal_state,-225.0,775.0,0.0007642039723880675
centered,equal_state,-175.0,775.0,0.0008169946866456014
centered,equal_state,-125.0,775.0,0.0007947517259963932
centered,equal_state,-75.0,775.0,0.0007865188135418033
centered,equal_state,-25.0,775.0,0.0008243819948754601
centered,equal_state,25.0,775.0,0.0007798320958245305
centered,equal_state,75.0,775.0,0.0007664139401230593
centered,equal_state,125.0,775.0,0.0007101590328656554
centered,equal_state,175.0,775.0,0.0006635363362898351
centered,equal_state,225.0,775.0,0.0005922367059058482
centered,equal_state,275.0,775.0,0.0005629144571059696
centered,equal_state,325.0,775.0,0.0005645065614474137
centered,equal_state,375.0,775.0,0.0005733503464259998
centered,equal_state,425.0,775.0,0.0005396712491682171
centered,equal_state,475.0,775.0,0.0005335503289262864
centered,equal_state,525.0,775.0,0.00045033083447946224
centered,equal_state,575.0,775.0,0.00043305266900259823
centered,equal_state,625.0,775.0,0.0003716801745614915
centered,equal_state,675.0,775.0,0.00039283215861889273
centered,equal_state,725.0,775.0,0.0005413255309251352
centered,equal_state,775.0,775.0,0.0003788566602827984
centered,equal_state,825.0,775.0,7.759069976710002e-07
centered,equal_state,875.0,775.0,0.0
centered,equal_state,925.0,775.0,0.0
centered,equal_state,975.0,775.0,0.0
centered,equal_state,1025.0,775.0,0.0
centered,equal_state,1075.0,775.0,0.0
centered,equal_state,-1075.0,825.0,0.0
centered,equal_state,-1025.0,825.0,0.0
centered,equal_state,-975.0,825.0,0.0
centered,equal_state,-925.0,825.0,0.0
centered,equal_state,-875.0,825.0,0.0
centered,equal_state,-825.0,825.0,0.0
centered,equal_state,-775.0,825.0,3.6780656572598644e-06
centered,equal_state,-725.0,825.0,0.000902738131693371
centered,equal_state,-675.0,825.0,0.0010089855687401006
centered,equal_state,-625.0,825.0,0.0010485496400884078
centered,equal_state,-575.0,825.0,0.000969631753731861
centered,equal_state,-525.0,825.0,0.0007724302407655138
centered,equal_state,-475.0,825.0,0.0008399106493121169
centered,equal_state,-425.0,825.0,0.0007572493509218807
centered,equal_state,-375.0,825.0,0.0006776651199834173
centered,equal_state,-325.0,825.0,0.0006780530345538803
centered,equal_state,-275.0,825.0,0.000762232211045163
centered,equal_state,-225.0,825.0,0.0007071361946732342
centered,equal_state,-175.0,825.0,0.000686985182119508
centered,equal_state,-125.0,825.0,0.0006920054084202001
centered,equal_state,-75.0,825.0,0.000679152511115317
centered,equal_state,-25.0,825.0,0.0007443615826841096
centered,equal_state,25.0,825.0,0.000728324552585423
centered,equal_state,75.0,825.0,0.0006633510720698312
centered,equal_state,125.0,825.0,0.000673616387504927
centered,equal_state,175.0,825.0,0.0006107081426843179
centered,equal_state,225.0,825.0,0.0005450236083028345
centered,equal_state,275.0,825.0,0.000557826045130131
centered,equal_state,325.0,825.0,0.0005794203641298043
centered,equal_state,375.0,825.0,0.0005863390164488749
centered,equal_state,425.0,825.0,0.00046174670811851816
centered,equal_state,475.0,825.0,0.0004713066297927605
centered,equal_state,525.0,825.0,0.0004994707918928991
centered,equal_state,575.0,825.0,0.00047506166820637856
centered,equal_state,625.0,825.0,0.0004800380196805292
centered,equal_state,675.0,825.0,0.0005817259983496733
centered,equal_state,725.0,825.0,0.0004467162222568546
centered,equal_state,775.0,825.0,7.195076170013927e-07
centered,equal_state,825.0,825.0,0.0
centered,equal_state,875.0,825.0,0.0
centered,equal_state,925.0,825.0,0.0
centered,equal_state,975.0,825.0,0.0
centered,equal_state,1025.0,825.0,0.0
centered,equal_state,1075.0,825.0,0.0
centered,equal_state,-1075.0,875.0,0.0
centered,equal_state,-1025.0,875.0,0.0
centered,equal_state,-975.0,875.0,0.0
centered,equal_state,-925.0,875.0,0.0
centered,equal_state,-875.0,875.0,0.0
centered,equal_state,-825.0,875.0,0.0
centered,equal_state,-775.0,875.0,0.0
centered,equal_state,-725.0,875.0,0.0
centered,equal_state,-675.0,875.0,0.0005301256855842516
centered,equal_state,-625.0,875.0,0.0011515594789857184
centered,equal_state,-575.0,875.0,0.0011482482480665343
centered,equal_state,-525.0,875.0,0.0008139598934722423
centered,equal_state,-475.0,875.0,0.0009023426634001393
centered,equal_state,-425.0,875.0,0.0007930552771770543
centered,equal_state,-375.0,875.0,0.0006645396844323128
centered,equal_state,-325.0,875.0,0.0006367758898039985
centered,equal_state,-275.0,875.0,0.0007197467097840767
centered,equal_state,-225.0,875.0,0.0007018033043232407
centered,equal_state,-175.0,875.0,0.0007364450677656771
centered,equal_state,-125.0,875.0,0.0006657654969508569
centered,equal_state,-75.0,875.0,0.0006530112217477101
centered,equal_state,-25.0,875.0,0.0006544531325505298
centered,equal_state,25.0,875.0,0.000671860351657209
centered,equal_state,75.0,875.0,0.0005971224531229313
centered,equal_state,125.0,875.0,0.0006154074299707992
centered,equal_state,175.0,875.0,0.0006018932656402966
centered,equal_state,225.0,875.0,0.0005389564439878468
centered,equal_state,275.0,875.0,0.0005646753323112757
centered,equal_state,325.0,875.0,0.0005450184128812707
centered,equal_state,375.0,875.0,0.0005547590301243142
centered,equal_state,425.0,875.0,0.0005028895399695366
centered,equal_state,475.0,875.0,0.0005409777001850099
centered,equal_state,525.0,875.0,0.00047675938708859495
centered,equal_state,575.0,875.0,0.0005956209835820108
centered,equal_state,625.0,875.0,0.0006962998799798759
centered,equal_state,675.0,875.0,0.00025406945624111135
centered,equal_state,725.0,875.0,0.0
centered,equal_state,775.0,875.0,0.0
centered,equal_state,825.0,875.0,0.0
centered,equal_state,875.0,875.0,0.0
centered,equal_state,925.0,875.0,0.0
centered,equal_state,975.0,875.0,0.0
centered,equal_state,1025.0,875.0,0.0
centered,equal_state,1075.0,875.0,0.0
centered,equal_state,-1075.0,925.0,0.0
centered,equal_state,-1025.0,925.0,0.0
centered,equal_state,-975.0,925.0,0.0
centered,equal_state,-925.0,925.0,0.0
centered,equal_state,-875.0,925.0,0.0
centered,equal_state,-825.0,925.0,0.0
centered,equal_state,-775.0,925.0,0.0
centered,equal_state,-725.0,925.0,0.0
centered,equal_state,-675.0,925.0,0.0
centered,equal_state,-625.0,925.0,0.00018311396480191855
centered,equal_state,-575.0,925.0,0.0011550301263047607
centered,equal_state,-525.0,925.0,0.0012845060722089204
centered,equal_state,-475.0,925.0,0.0009798639081172083
centered,equal_state,-425.0,925.0,0.0007790455235776634
centered,equal_state,-375.0,925.0,0.0007947154448770625
centered,equal_state,-325.0,925.0,0.0009571191669969003
centered,equal_state,-275.0,925.0,0.0007009018621417514
centered,equal_state,-225.0,925.0,0.0007294374254295904
centered,equal_state,-175.0,925.0,0.0006499015307141788
centered,equal_state,-125.0,925.0,0.0006618378405687515
centered,equal_state,-75.0,925.0,0.0006361854050136389
centered,equal_state,-25.0,925.0,0.0005719545853360569
centered,equal_state,25.0,925.0,0.0007333457857726923
centered,equal_state,75.0,925.0,0.0005575819760646019
centered,equal_state,125.0,925.0,0.0006137495823737563
centered,equal_state,175.0,925.0,0.0006143626423960577
centered,equal_state,225.0,925.0,0.0005384287541624938
centered,equal_state,275.0,925.0,0.0006062076081948525
centered,equal_state,325.0,925.0,0.0006988934581812546
centered,equal_state,375.0,925.0,0.0005573510291423324
centered,equal_state,425.0,925.0,0.0005344148098977549
centered,equal_state,475.0,925.0,0.0006025768700491655
centered,equal_state,525.0,925.0,0.0005650402708826062
centered,equal_state,575.0,925.0,0.00062384843451444
centered,equal_state,625.0,925.0,7.238045256151296e-05
centered,equal_state,675.0,925.0,0.0
centered,equal_state,725.0,925.0,0.0
centered,equal_state,775.0,925.0,0.0
centered,equal_state,825.0,925.0,0.0
centered,equal_state,875.0,925.0,0.0
centered,equal_state,925.0,925.0,0.0
centered,equal_state,975.0,925.0,0.0
centered,equal_state,1025.0,925.0,0.0
centered,equal_state,1075.0,925.0,0.0
centered,equal_state,-1075.0,975.0,0.0
centered,equal_state,-1025.0,975.0,0.0
centered,equal_state,-975.0,975.0,0.0
centered,equal_state,-925.0,975.0,0.0
centered,equal_state,-875.0,975.0,0.0
centered,equal_state,-825.0,975.0,0.0
centered,equal_state,-775.0,975.0,0.0
centered,equal_state,-725.0,975.0,0.0
centered,equal_state,-675.0,975.0,0.0
centered,equal_state,-625.0,975.0,0.0
centered,equal_state,-575.0,975.0,1.6776476219896334e-06
centered,equal_state,-525.0,975.0,0.000527662421883977
centered,equal_state,-475.0,975.0,0.0009216575201343028
centered,equal_state,-425.0,975.0,0.000884941875969918
centered,equal_state,-375.0,975.0,0.0008179844705266604
centered,equal_state,-325.0,975.0,0.0008271479681630647
centered,equal_state,-275.0,975.0,0.0006492774366267526
centered,equal_state,-225.0,975.0,0.0007769696359934518
centered,equal_state,-175.0,975.0,0.0007708052914693348
centered,equal_state,-125.0,975.0,0.0006963671501287758
centered,equal_state,-75.0,975.0,0.0006281976728883163
centered,equal_state,-25.0,975.0,0.0006218529574352866
centered,equal_state,25.0,975.0,0.0006056742667534369
centered,equal_state,75.0,975.0,0.0006815380769230515
centered,equal_state,125.0,975.0,0.0006192871167493633
centered,equal_state,175.0,975.0,0.0005786939416862744
centered,equal_state,225.0,975.0,0.0006255670728535402
centered,equal_state,275.0,975.0,0.0006850588336015155
centered,equal_state,325.0,975.0,0.0007241531359710344
centered,equal_state,375.0,975.0,0.0007108185595007992
centered,equal_state,425.0,975.0,0.0008893362149281742
centered,equal_state,475.0,975.0,0.0007707433261621495
centered,equal_state,525.0,975.0,0.0003166002767949749
centered,equal_state,575.0,975.0,4.4764284383616334e-07
centered,equal_state,625.0,975.0,0.0
centered,equal_state,675.0,975.0,0.0
centered,equal_state,725.0,975.0,0.0
centered,equal_state,775.0,975.0,0.0
centered,equal_state,825.0,975.0,0.0
centered,equal_state,875.0,975.0,0.0
centered,equal_state,925.0,975.0,0.0
centered,equal_state,975.0,975.0,0.0
centered,equal_state,1025.0,975.0,0.0
centered,equal_state,1075.0,975.0,0.0
centered,equal_state,-1075.0,1025.0,0.0
centered,equal_state,-1025.0,1025.0,0.0
centered,equal_state,-975.0,1025.0,0.0
centered,equal_state,-925.0,1025.0,0.0
centered,equal_state,-875.0,1025.0,0.0
centered,equal_state,-825.0,1025.0,0.0
centered,equal_state,-775.0,1025.0,0.0
centered,equal_state,-725.0,1025.0,0.0
centered,equal_state,-675.0,1025.0,0.0
centered,equal_state,-625.0,1025.0,0.0
centered,equal_state,-575.0,1025.0,0.0
centered,equal_state,-525.0,1025.0,0.0
centered,equal_state,-475.0,1025.0,2.5472491381471932e-06
centered,equal_state,-425.0,1025.0,0.00046263737593251766
centered,equal_state,-375.0,1025.0,0.0007025174693328635
centered,equal_state,-325.0,1025.0,0.0009983100427874
centered,equal_state,-275.0,1025.0,0.0009180114300647116
centered,equal_state,-225.0,1025.0,0.0008853202917680936
centered,equal_state,-175.0,1025.0,0.000763617318230057
centered,equal_state,-125.0,1025.0,0.0008568545821096579
centered,equal_state,-75.0,1025.0,0.0007066848527301596
centered,equal_state,-25.0,1025.0,0.0007369841326806002
centered,equal_state,25.0,1025.0,0.0006956680156126565
centered,equal_state,75.0,1025.0,0.0006771061997650177
centered,equal_state,125.0,1025.0,0.0006991252941162346
centered,equal_state,175.0,1025.0,0.0006381422469188944
centered,equal_state,225.0,1025.0,0.0006701534217678808
centered,equal_state,275.0,1025.0,0.000762879750135793
centered,equal_state,325.0,1025.0,0.0009642358746719694
centered,equal_state,375.0,1025.0,0.0006623538057506939
centered,equal_state,425.0,1025.0,0.00018790255530225838
centered,equal_state,475.0,1025.0,2.2269659688880855e-06
centered,equal_state,525.0,1025.0,0.0
centered,equal_state,575.0,1025.0,0.0
centered,equal_state,625.0,1025.0,0.0
centered,equal_state,675.0,1025.0,0.0
centered,equal_state,725.0,1025.0,0.0
centered,equal_state,775.0,1025.0,0.0
centered,equal_state,825.0,1025.0,0.0
centered,equal_state,875.0,1025.0,0.0
centered,equal_state,925.0,1025.0,0.0
centered,equal_state,975.0,1025.0,0.0
centered,equal_state,1025.0,1025.0,0.0
centered,equal_state,1075.0,1025.0,0.0
centered,equal_state,-1075.0,1075.0,0.0
centered,equal_state,-1025.0,1075.0,0.0
centered,equal_state,-975.0,1075.0,0.0
centered,equal_state,-925.0,1075.0,0.0
centered,equal_state,-875.0,1075.0,0.0
centered,equal_state,-825.0,1075.0,0.0
centered,equal_state,-775.0,1075.0,0.0
centered,equal_state,-725.0,1075.0,0.0
centered,equal_state,-675.0,1075.0,0.0
centered,equal_state,-625.0,1075.0,0.0
centered,equal_state,-575.0,1075.0,0.0
centered,equal_state,-525.0,1075.0,0.0
centered,equal_state,-475.0,1075.0,0.0
centered,equal_state,-425.0,1075.0,0.0
centered,equal_state,-375.0,1075.0,0.0
centered,equal_state,-325.0,1075.0,5.533957767787229e-05
centered,equal_state,-275.0,1075.0,0.0002892112303352646
centered,equal_state,-225.0,1075.0,0.0005661240870584095
centered,equal_state,-175.0,1075.0,0.0008837073625894641
centered,equal_state,-125.0,1075.0,0.0007843689009113312
centered,equal_state,-75.0,1075.0,0.0007383138768759882
centered,equal_state,-25.0,1075.0,0.0008253626285852016
centered,equal_state,25.0,1075.0,0.0009449801393685397
centered,equal_state,75.0,1075.0,0.0007655356072677552
centered,equal_state,125.0,1075.0,0.0007394746440280064
centered,equal_state,175.0,1075.0,0.0006753787605900029
centered,equal_state,225.0,1075.0,0.0005063781596640184
centered,equal_state,275.0,1075.0,0.00021407129661140325
centered,equal_state,325.0,1075.0,3.76157464860914e-05
centered,equal_state,375.0,1075.0,0.0
centered,equal_state,425.0,1075.0,0.0
centered,equal_state,475.0,1075.0,0.0
centered,equal_state,525.0,1075.0,0.0
centered,equal_state,575.0,1075.0,0.0
centered,equal_state,625.0,1075.0,0.0
centered,equal_state,675.0,1075.0,0.0
centered,equal_state,725.0,1075.0,0.0
centered,equal_state,775.0,1075.0,0.0
centered,equal_state,825.0,1075.0,0.0
centered,equal_state,875.0,1075.0,0.0
centered,equal_state,925.0,1075.0,0.0
centered,equal_state,975.0,1075.0,0.0
centered,equal_state,1025.0,1075.0,0.0
centered,equal_state,1075.0,1075.0,0.0
motion_relative,equal_state,-1075.0,-1075.0,0.0
motion_relative,equal_state,-1025.0,-1075.0,0.0
motion_relative,equal_state,-975.0,-1075.0,0.0
motion_relative,equal_state,-925.0,-1075.0,0.0
motion_relative,equal_state,-875.0,-1075.0,0.0
motion_relative,equal_state,-825.0,-1075.0,0.0
motion_relative,equal_state,-775.0,-1075.0,0.0
motion_relative,equal_state,-725.0,-1075.0,0.0
motion_relative,equal_state,-675.0,-1075.0,0.0
motion_relative,equal_state,-625.0,-1075.0,0.0
motion_relative,equal_state,-575.0,-1075.0,0.0
motion_relative,equal_state,-525.0,-1075.0,0.0
motion_relative,equal_state,-475.0,-1075.0,0.0
motion_relative,equal_state,-425.0,-1075.0,0.0
motion_relative,equal_state,-375.0,-1075.0,0.0
motion_relative,equal_state,-325.0,-1075.0,6.683108705919022e-05
motion_relative,equal_state,-275.0,-1075.0,0.00039553172218464094
motion_relative,equal_state,-225.0,-1075.0,0.0006057407739650211
motion_relative,equal_state,-175.0,-1075.0,0.0008740345388662194
motion_relative,equal_state,-125.0,-1075.0,0.0009174067656006818
motion_relative,equal_state,-75.0,-1075.0,0.0009242161210225943
motion_relative,equal_state,-25.0,-1075.0,0.0009726800987917441
motion_relative,equal_state,25.0,-1075.0,0.0011518931049421743
motion_relative,equal_state,75.0,-1075.0,0.00123005908971396
motion_relative,equal_state,125.0,-1075.0,0.0008154023655268541
motion_relative,equal_state,175.0,-1075.0,0.0007275362155517238
motion_relative,equal_state,225.0,-1075.0,0.0006212201741813652
motion_relative,equal_state,275.0,-1075.0,0.0003745287827938237
motion_relative,equal_state,325.0,-1075.0,4.031628164962539e-05
motion_relative,equal_state,375.0,-1075.0,0.0
motion_relative,equal_state,425.0,-1075.0,0.0
motion_relative,equal_state,475.0,-1075.0,0.0
motion_relative,equal_state,525.0,-1075.0,0.0
motion_relative,equal_state,575.0,-1075.0,0.0
motion_relative,equal_state,625.0,-1075.0,0.0
motion_relative,equal_state,675.0,-1075.0,0.0
motion_relative,equal_state,725.0,-1075.0,0.0
motion_relative,equal_state,775.0,-1075.0,0.0
motion_relative,equal_state,825.0,-1075.0,0.0
motion_relative,equal_state,875.0,-1075.0,0.0
motion_relative,equal_state,925.0,-1075.0,0.0
motion_relative,equal_state,975.0,-1075.0,0.0
motion_relative,equal_state,1025.0,-1075.0,0.0
motion_relative,equal_state,1075.0,-1075.0,0.0
motion_relative,equal_state,-1075.0,-1025.0,0.0
motion_relative,equal_state,-1025.0,-1025.0,0.0
motion_relative,equal_state,-975.0,-1025.0,0.0
motion_relative,equal_state,-925.0,-1025.0,0.0
motion_relative,equal_state,-875.0,-1025.0,0.0
motion_relative,equal_state,-825.0,-1025.0,0.0
motion_relative,equal_state,-775.0,-1025.0,0.0
motion_relative,equal_state,-725.0,-1025.0,0.0
motion_relative,equal_state,-675.0,-1025.0,0.0
motion_relative,equal_state,-625.0,-1025.0,0.0
motion_relative,equal_state,-575.0,-1025.0,0.0
motion_relative,equal_state,-525.0,-1025.0,0.0
motion_relative,equal_state,-475.0,-1025.0,1.300364340959959e-05
motion_relative,equal_state,-425.0,-1025.0,0.00044486039000655564
motion_relative,equal_state,-375.0,-1025.0,0.0007339903521665205
motion_relative,equal_state,-325.0,-1025.0,0.0009593491115214216
motion_relative,equal_state,-275.0,-1025.0,0.001061057874653996
motion_relative,equal_state,-225.0,-1025.0,0.0008692094184508937
motion_relative,equal_state,-175.0,-1025.0,0.0008435586559539755
motion_relative,equal_state,-125.0,-1025.0,0.0007942497637487345
motion_relative,equal_state,-75.0,-1025.0,0.0006756195047338
motion_relative,equal_state,-25.0,-1025.0,0.0007417955239432883
motion_relative,equal_state,25.0,-1025.0,0.0006111540846328275
motion_relative,equal_state,75.0,-1025.0,0.0006227217898437398
motion_relative,equal_state,125.0,-1025.0,0.000655107809998859
motion_relative,equal_state,175.0,-1025.0,0.000596794460281447
motion_relative,equal_state,225.0,-1025.0,0.0007261055537496753
motion_relative,equal_state,275.0,-1025.0,0.0006854128060881484
motion_relative,equal_state,325.0,-1025.0,0.0010063943696762305
motion_relative,equal_state,375.0,-1025.0,0.0007354082776759459
motion_relative,equal_state,425.0,-1025.0,0.0002714076236706031
motion_relative,equal_state,475.0,-1025.0,8.282219007685044e-06
motion_relative,equal_state,525.0,-1025.0,0.0
motion_relative,equal_state,575.0,-1025.0,0.0
motion_relative,equal_state,625.0,-1025.0,0.0
motion_relative,equal_state,675.0,-1025.0,0.0
motion_relative,equal_state,725.0,-1025.0,0.0
motion_relative,equal_state,775.0,-1025.0,0.0
motion_relative,equal_state,825.0,-1025.0,0.0
motion_relative,equal_state,875.0,-1025.0,0.0
motion_relative,equal_state,925.0,-1025.0,0.0
motion_relative,equal_state,975.0,-1025.0,0.0
motion_relative,equal_state,1025.0,-1025.0,0.0
motion_relative,equal_state,1075.0,-1025.0,0.0
motion_relative,equal_state,-1075.0,-975.0,0.0
motion_relative,equal_state,-1025.0,-975.0,0.0
motion_relative,equal_state,-975.0,-975.0,0.0
motion_relative,equal_state,-925.0,-975.0,0.0
motion_relative,equal_state,-875.0,-975.0,0.0
motion_relative,equal_state,-825.0,-975.0,0.0
motion_relative,equal_state,-775.0,-975.0,0.0
motion_relative,equal_state,-725.0,-975.0,0.0
motion_relative,equal_state,-675.0,-975.0,0.0
motion_relative,equal_state,-625.0,-975.0,0.0
motion_relative,equal_state,-575.0,-975.0,6.911485772748265e-07
motion_relative,equal_state,-525.0,-975.0,0.00033041269695126654
motion_relative,equal_state,-475.0,-975.0,0.0010963420646896847
motion_relative,equal_state,-425.0,-975.0,0.0011186994130576904
motion_relative,equal_state,-375.0,-975.0,0.0008911253576616211
motion_relative,equal_state,-325.0,-975.0,0.0007961658559077347
motion_relative,equal_state,-275.0,-975.0,0.000711705041555932
motion_relative,equal_state,-225.0,-975.0,0.00073468195335729
motion_relative,equal_state,-175.0,-975.0,0.0007270111203445157
motion_relative,equal_state,-125.0,-975.0,0.0006614996697865985
motion_relative,equal_state,-75.0,-975.0,0.0005949686477086848
motion_relative,equal_state,-25.0,-975.0,0.0006019526688660167
motion_relative,equal_state,25.0,-975.0,0.00046122712212684795
motion_relative,equal_state,75.0,-975.0,0.0005490938407369181
motion_relative,equal_state,125.0,-975.0,0.0004887255134886092
motion_relative,equal_state,175.0,-975.0,0.0005973654096525833
motion_relative,equal_state,225.0,-975.0,0.0005732039029505496
motion_relative,equal_state,275.0,-975.0,0.0006108965263727595
motion_relative,equal_state,325.0,-975.0,0.0005796894382208844
motion_relative,equal_state,375.0,-975.0,0.0006823013544743428
motion_relative,equal_state,425.0,-975.0,0.0009191065840887076
motion_relative,equal_state,475.0,-975.0,0.0008242240338330669
motion_relative,equal_state,525.0,-975.0,0.00032117428369826824
motion_relative,equal_state,575.0,-975.0,7.128743758964711e-07
motion_relative,equal_state,625.0,-975.0,0.0
motion_relative,equal_state,675.0,-975.0,0.0
motion_relative,equal_state,725.0,-975.0,0.0
motion_relative,equal_state,775.0,-975.0,0.0
motion_relative,equal_state,825.0,-975.0,0.0
motion_relative,equal_state,875.0,-975.0,0.0
motion_relative,equal_state,925.0,-975.0,0.0
motion_relative,equal_state,975.0,-975.0,0.0
motion_relative,equal_state,1025.0,-975.0,0.0
motion_relative,equal_state,1075.0,-975.0,0.0
motion_relative,equal_state,-1075.0,-925.0,0.0
motion_relative,equal_state,-1025.0,-925.0,0.0
motion_relative,equal_state,-975.0,-925.0,0.0
motion_relative,equal_state,-925.0,-925.0,0.0
motion_relative,equal_state,-875.0,-925.0,0.0
motion_relative,equal_state,-825.0,-925.0,0.0
motion_relative,equal_state,-775.0,-925.0,0.0
motion_relative,equal_state,-725.0,-925.0,0.0
motion_relative,equal_state,-675.0,-925.0,0.0
motion_relative,equal_state,-625.0,-925.0,0.00025590630591710586
motion_relative,equal_state,-575.0,-925.0,0.0009945273838891137
motion_relative,equal_state,-525.0,-925.0,0.0009846903845774943
motion_relative,equal_state,-475.0,-925.0,0.0009129400927856127
motion_relative,equal_state,-425.0,-925.0,0.0008649849663596424
motion_relative,equal_state,-375.0,-925.0,0.000681348787577463
motion_relative,equal_state,-325.0,-925.0,0.0006142698500324937
motion_relative,equal_state,-275.0,-925.0,0.0006485808317221274
motion_relative,equal_state,-225.0,-925.0,0.0006089791974497501
motion_relative,equal_state,-175.0,-925.0,0.0005666357992003406
motion_relative,equal_state,-125.0,-925.0,0.0006062764228392582
motion_relative,equal_state,-75.0,-925.0,0.0005490010744682325
motion_relative,equal_state,-25.0,-925.0,0.0004989000028631763
motion_relative,equal_state,25.0,-925.0,0.00047442817017996397
motion_relative,equal_state,75.0,-925.0,0.0005015515992764554
motion_relative,equal_state,125.0,-925.0,0.000535740615196495
motion_relative,equal_state,175.0,-925.0,0.00045956072884698794
motion_relative,equal_state,225.0,-925.0,0.0005153565657057747
motion_relative,equal_state,275.0,-925.0,0.0005050545171755701
motion_relative,equal_state,325.0,-925.0,0.0005192484216804841
motion_relative,equal_state,375.0,-925.0,0.0005216364833816647
motion_relative,equal_state,425.0,-925.0,0.0005909420636088577
motion_relative,equal_state,475.0,-925.0,0.0007353836302679659
motion_relative,equal_state,525.0,-925.0,0.0008342832272960082
motion_relative,equal_state,575.0,-925.0,0.0006583515184474616
motion_relative,equal_state,625.0,-925.0,0.00019198738575447905
motion_relative,equal_state,675.0,-925.0,0.0
motion_relative,equal_state,725.0,-925.0,0.0
motion_relative,equal_state,775.0,-925.0,0.0
motion_relative,equal_state,825.0,-925.0,0.0
motion_relative,equal_state,875.0,-925.0,0.0
motion_relative,equal_state,925.0,-925.0,0.0
motion_relative,equal_state,975.0,-925.0,0.0
motion_relative,equal_state,1025.0,-925.0,0.0
motion_relative,equal_state,1075.0,-925.0,0.0
motion_relative,equal_state,-1075.0,-875.0,0.0
motion_relative,equal_state,-1025.0,-875.0,0.0
motion_relative,equal_state,-975.0,-875.0,0.0
motion_relative,equal_state,-925.0,-875.0,0.0
motion_relative,equal_state,-875.0,-875.0,0.0
motion_relative,equal_state,-825.0,-875.0,0.0
motion_relative,equal_state,-775.0,-875.0,0.0
motion_relative,equal_state,-725.0,-875.0,0.0
motion_relative,equal_state,-675.0,-875.0,0.0004454609806476031
motion_relative,equal_state,-625.0,-875.0,0.0012225675180812198
motion_relative,equal_state,-575.0,-875.0,0.000892588770313848
motion_relative,equal_state,-525.0,-875.0,0.0008886397269018617
motion_relative,equal_state,-475.0,-875.0,0.0008366448092794076
motion_relative,equal_state,-425.0,-875.0,0.0007759331650462722
motion_relative,equal_state,-375.0,-875.0,0.0006971194280623648
motion_relative,equal_state,-325.0,-875.0,0.0006514725947937503
motion_relative,equal_state,-275.0,-875.0,0.0006576751799427274
motion_relative,equal_state,-225.0,-875.0,0.0005986209746244237
motion_relative,equal_state,-175.0,-875.0,0.0005925676308642595
motion_relative,equal_state,-125.0,-875.0,0.0005787844724573435
motion_relative,equal_state,-75.0,-875.0,0.0005662850988054483
motion_relative,equal_state,-25.0,-875.0,0.0005296502398764225
motion_relative,equal_state,25.0,-875.0,0.0005586464446376061
motion_relative,equal_state,75.0,-875.0,0.000493808972432516
motion_relative,equal_state,125.0,-875.0,0.0005383331652064014
motion_relative,equal_state,175.0,-875.0,0.000441798911127922
motion_relative,equal_state,225.0,-875.0,0.000539934300065443
motion_relative,equal_state,275.0,-875.0,0.0005103030590012436
motion_relative,equal_state,325.0,-875.0,0.0004931654814091785
motion_relative,equal_state,375.0,-875.0,0.0005228420165008015
motion_relative,equal_state,425.0,-875.0,0.00046005078335727086
motion_relative,equal_state,475.0,-875.0,0.0005659027851217945
motion_relative,equal_state,525.0,-875.0,0.0005682975851139023
motion_relative,equal_state,575.0,-875.0,0.0008242453383322021
motion_relative,equal_state,625.0,-875.0,0.0012060414512344237
motion_relative,equal_state,675.0,-875.0,0.0004482848321009775
motion_relative,equal_state,725.0,-875.0,0.0
motion_relative,equal_state,775.0,-875.0,0.0
motion_relative,equal_state,825.0,-875.0,0.0
motion_relative,equal_state,875.0,-875.0,0.0
motion_relative,equal_state,925.0,-875.0,0.0
motion_relative,equal_state,975.0,-875.0,0.0
motion_relative,equal_state,1025.0,-875.0,0.0
motion_relative,equal_state,1075.0,-875.0,0.0
motion_relative,equal_state,-1075.0,-825.0,0.0
motion_relative,equal_state,-1025.0,-825.0,0.0
motion_relative,equal_state,-975.0,-825.0,0.0
motion_relative,equal_state,-925.0,-825.0,0.0
motion_relative,equal_state,-875.0,-825.0,0.0
motion_relative,equal_state,-825.0,-825.0,0.0
motion_relative,equal_state,-775.0,-825.0,2.3738064985567815e-06
motion_relative,equal_state,-725.0,-825.0,0.0006135568731387378
motion_relative,equal_state,-675.0,-825.0,0.0011161059408308037
motion_relative,equal_state,-625.0,-825.0,0.0008173410561504694
motion_relative,equal_state,-575.0,-825.0,0.0008184046397482103
motion_relative,equal_state,-525.0,-825.0,0.0008017961265162443
motion_relative,equal_state,-475.0,-825.0,0.0007146758038006779
motion_relative,equal_state,-425.0,-825.0,0.0007714382625512412
motion_relative,equal_state,-375.0,-825.0,0.0007150659062358826
motion_relative,equal_state,-325.0,-825.0,0.0007459493734996365
motion_relative,equal_state,-275.0,-825.0,0.0006577058937354827
motion_relative,equal_state,-225.0,-825.0,0.0006859242791917709
motion_relative,equal_state,-175.0,-825.0,0.000640475234111675
motion_relative,equal_state,-125.0,-825.0,0.0005765680188367379
motion_relative,equal_state,-75.0,-825.0,0.0005841483436775496
motion_relative,equal_state,-25.0,-825.0,0.0005470170568571615
motion_relative,equal_state,25.0,-825.0,0.0004635956339075083
motion_relative,equal_state,75.0,-825.0,0.00048706109247527733
motion_relative,equal_state,125.0,-825.0,0.00042226567568336815
motion_relative,equal_state,175.0,-825.0,0.00045121692278729975
motion_relative,equal_state,225.0,-825.0,0.00046932003646486955
motion_relative,equal_state,275.0,-825.0,0.00041345294808379964
motion_relative,equal_state,325.0,-825.0,0.0004153135855850749
motion_relative,equal_state,375.0,-825.0,0.0003924978479373111
motion_relative,equal_state,425.0,-825.0,0.0004161938838873555
motion_relative,equal_state,475.0,-825.0,0.0004475650183767552
motion_relative,equal_state,525.0,-825.0,0.0004985107306637075
motion_relative,equal_state,575.0,-825.0,0.0005556592097504686
motion_relative,equal_state,625.0,-825.0,0.0006816195967369917
motion_relative,equal_state,675.0,-825.0,0.000895082467126818
motion_relative,equal_state,725.0,-825.0,0.0008060709689837504
motion_relative,equal_state,775.0,-825.0,5.183346060391547e-06
motion_relative,equal_state,825.0,-825.0,0.0
motion_relative,equal_state,875.0,-825.0,0.0
motion_relative,equal_state,925.0,-825.0,0.0
motion_relative,equal_state,975.0,-825.0,0.0
motion_relative,equal_state,1025.0,-825.0,0.0
motion_relative,equal_state,1075.0,-825.0,0.0
motion_relative,equal_state,-1075.0,-775.0,0.0
motion_relative,equal_state,-1025.0,-775.0,0.0
motion_relative,equal_state,-975.0,-775.0,0.0
motion_relative,equal_state,-925.0,-775.0,0.0
motion_relative,equal_state,-875.0,-775.0,0.0
motion_relative,equal_state,-825.0,-775.0,6.425345842019673e-06
motion_relative,equal_state,-775.0,-775.0,0.0005622279120719195
motion_relative,equal_state,-725.0,-775.0,0.0010696561643048375
motion_relative,equal_state,-675.0,-775.0,0.0008814239949279368
motion_relative,equal_state,-625.0,-775.0,0.0007949593046498924
motion_relative,equal_state,-575.0,-775.0,0.0008013617562848407
motion_relative,equal_state,-525.0,-775.0,0.0007662900616079355
motion_relative,equal_state,-475.0,-775.0,0.0007258905745739356
motion_relative,equal_state,-425.0,-775.0,0.000842443491896306
motion_relative,equal_state,-375.0,-775.0,0.0006962462352553162
motion_relative,equal_state,-325.0,-775.0,0.0007630845159313412
motion_relative,equal_state,-275.0,-775.0,0.0007383442112133765
motion_relative,equal_state,-225.0,-775.0,0.0007562182464754703
motion_relative,equal_state,-175.0,-775.0,0.0006801206865285671
motion_relative,equal_state,-125.0,-775.0,0.0006293643538474923
motion_relative,equal_state,-75.0,-775.0,0.0006906462831978161
motion_relative,equal_state,-25.0,-775.0,0.0005918224409219918
motion_relative,equal_state,25.0,-775.0,0.000616244851326473
motion_relative,equal_state,75.0,-775.0,0.00047791814421204164
motion_relative,equal_state,125.0,-775.0,0.0004167107028396654
motion_relative,equal_state,175.0,-775.0,0.0004404951657531488
motion_relative,equal_state,225.0,-775.0,0.00041865664320143693
motion_relative,equal_state,275.0,-775.0,0.0004103136685763126
motion_relative,equal_state,325.0,-775.0,0.00035973697020368
motion_relative,equal_state,375.0,-775.0,0.0003926183201253723
motion_relative,equal_state,425.0,-775.0,0.0003451784893265151
motion_relative,equal_state,475.0,-775.0,0.0005084186443654857
motion_relative,equal_state,525.0,-775.0,0.00043074095894229383
motion_relative,equal_state,575.0,-775.0,0.0005302202385098225
motion_relative,equal_state,625.0,-775.0,0.0005765659603302682
motion_relative,equal_state,675.0,-775.0,0.0007140788734087564
motion_relative,equal_state,725.0,-775.0,0.0009481330524921672
motion_relative,equal_state,775.0,-775.0,0.0007266265804388615
motion_relative,equal_state,825.0,-775.0,3.752138328897227e-06
motion_relative,equal_state,875.0,-775.0,0.0
motion_relative,equal_state,925.0,-775.0,0.0
motion_relative,equal_state,975.0,-775.0,0.0
motion_relative,equal_state,1025.0,-775.0,0.0
motion_relative,equal_state,1075.0,-775.0,0.0
motion_relative,equal_state,-1075.0,-725.0,0.0
motion_relative,equal_state,-1025.0,-725.0,0.0
motion_relative,equal_state,-975.0,-725.0,0.0
motion_relative,equal_state,-925.0,-725.0,0.0
motion_relative,equal_state,-875.0,-725.0,0.0
motion_relative,equal_state,-825.0,-725.0,0.0005876069885001179
motion_relative,equal_state,-775.0,-725.0,0.0009470240546866389
motion_relative,equal_state,-725.0,-725.0,0.0008234425767446019
motion_relative,equal_state,-675.0,-725.0,0.0007881389206083185
motion_relative,equal_state,-625.0,-725.0,0.0006938345894636513
motion_relative,equal_state,-575.0,-725.0,0.0007776693947239016
motion_relative,equal_state,-525.0,-725.0,0.0008223363934708978
motion_relative,equal_state,-475.0,-725.0,0.0008879509579123006
motion_relative,equal_state,-425.0,-725.0,0.0007447469239898854
motion_relative,equal_state,-375.0,-725.0,0.0007402632611065354
motion_relative,equal_state,-325.0,-725.0,0.0007461174369861744
motion_relative,equal_state,-275.0,-725.0,0.0007516457962062689
motion_relative,equal_state,-225.0,-725.0,0.0007696614923301921
motion_relative,equal_state,-175.0,-725.0,0.0006914688027705454
motion_relative,equal_state,-125.0,-725.0,0.0006449437993791866
motion_relative,equal_state,-75.0,-725.0,0.0006984702964324362
motion_relative,equal_state,-25.0,-725.0,0.000600801082039819
motion_relative,equal_state,25.0,-725.0,0.0005651470667790464
motion_relative,equal_state,75.0,-725.0,0.0005658223351706324
motion_relative,equal_state,125.0,-725.0,0.0004550621814020787
motion_relative,equal_state,175.0,-725.0,0.00040834635259067386
motion_relative,equal_state,225.0,-725.0,0.00047293848115751173
motion_relative,equal_state,275.0,-725.0,0.00035796340708678734
motion_relative,equal_state,325.0,-725.0,0.0003196994713013743
motion_relative,equal_state,375.0,-725.0,0.0003261053085678221
motion_relative,equal_state,425.0,-725.0,0.0003098094318594758
motion_relative,equal_state,475.0,-725.0,0.0003733924400916062
motion_relative,equal_state,525.0,-725.0,0.00041132618565016906
motion_relative,equal_state,575.0,-725.0,0.0003620285188220308
motion_relative,equal_state,625.0,-725.0,0.0005115299589069758
motion_relative,equal_state,675.0,-725.0,0.0005123813441250569
motion_relative,equal_state,725.0,-725.0,0.000763077356614405
motion_relative,equal_state,775.0,-725.0,0.0010664814594709736
motion_relative,equal_state,825.0,-725.0,0.0006466644901810896
motion_relative,equal_state,875.0,-725.0,0.0
motion_relative,equal_state,925.0,-725.0,0.0
motion_relative,equal_state,975.0,-725.0,0.0
motion_relative,equal_state,1025.0,-725.0,0.0
motion_relative,equal_state,1075.0,-725.0,0.0
motion_relative,equal_state,-1075.0,-675.0,0.0
motion_relative,equal_state,-1025.0,-675.0,0.0
motion_relative,equal_state,-975.0,-675.0,0.0
motion_relative,equal_state,-925.0,-675.0,0.0
motion_relative,equal_state,-875.0,-675.0,0.00033183766751658555
motion_relative,equal_state,-825.0,-675.0,0.0010287349917198496
motion_relative,equal_state,-775.0,-675.0,0.000815337658819784
motion_relative,equal_state,-725.0,-675.0,0.0007996317417687858
motion_relative,equal_state,-675.0,-675.0,0.0007578713230510446
motion_relative,equal_state,-625.0,-675.0,0.0007290301630041077
motion_relative,equal_state,-575.0,-675.0,0.0008250862137256179
motion_relative,equal_state,-525.0,-675.0,0.0008372265568423789
motion_relative,equal_state,-475.0,-675.0,0.0008234696279524945
motion_relative,equal_state,-425.0,-675.0,0.0007776038012160186
motion_relative,equal_state,-375.0,-675.0,0.0008532684286308074
motion_relative,equal_state,-325.0,-675.0,0.0008746948563393066
motion_relative,equal_state,-275.0,-675.0,0.0008638790271996684
motion_relative,equal_state,-225.0,-675.0,0.0009501213318492968
motion_relative,equal_state,-175.0,-675.0,0.0009096044900944845
motion_relative,equal_state,-125.0,-675.0,0.0007598700358776396
motion_relative,equal_state,-75.0,-675.0,0.0007591264442501022
motion_relative,equal_state,-25.0,-675.0,0.0007178324114081213
motion_relative,equal_state,25.0,-675.0,0.000713507029111608
motion_relative,equal_state,75.0,-675.0,0.0007235325399055862
motion_relative,equal_state,125.0,-675.0,0.0005900318059361523
motion_relative,equal_state,175.0,-675.0,0.000540845917535973
motion_relative,equal_state,225.0,-675.0,0.000495736974716163
motion_relative,equal_state,275.0,-675.0,0.00040927182213768037
motion_relative,equal_state,325.0,-675.0,0.0003370913926981441
motion_relative,equal_state,375.0,-675.0,0.0002936581701325736
motion_relative,equal_state,425.0,-675.0,0.00028446579989590366
motion_relative,equal_state,475.0,-675.0,0.0003309641459004099
motion_relative,equal_state,525.0,-675.0,0.00035874117262587793
motion_relative,equal_state,575.0,-675.0,0.00041833864008527637
motion_relative,equal_state,625.0,-675.0,0.00036424395000569373
motion_relative,equal_state,675.0,-675.0,0.00040636275114494037
motion_relative,equal_state,725.0,-675.0,0.000670166641246822
motion_relative,equal_state,775.0,-675.0,0.0007078566297894194
motion_relative,equal_state,825.0,-675.0,0.0008600271608595827
motion_relative,equal_state,875.0,-675.0,0.0005700405859891711
motion_relative,equal_state,925.0,-675.0,0.0
motion_relative,equal_state,975.0,-675.0,0.0
motion_relative,equal_state,1025.0,-675.0,0.0
motion_relative,equal_state,1075.0,-675.0,0.0
motion_relative,equal_state,-1075.0,-625.0,0.0
motion_relative,equal_state,-1025.0,-625.0,0.0
motion_relative,equal_state,-975.0,-625.0,0.0
motion_relative,equal_state,-925.0,-625.0,0.00013821530098708675
motion_relative,equal_state,-875.0,-625.0,0.0009310173547025507
motion_relative,equal_state,-825.0,-625.0,0.0009014298403004166
motion_relative,equal_state,-775.0,-625.0,0.0008750917411976193
motion_relative,equal_state,-725.0,-625.0,0.0008694935889052642
motion_relative,equal_state,-675.0,-625.0,0.0007239024963567639
motion_relative,equal_state,-625.0,-625.0,0.0007650148006443088
motion_relative,equal_state,-575.0,-625.0,0.0008429013780982719
motion_relative,equal_state,-525.0,-625.0,0.0009085427565550481
motion_relative,equal_state,-475.0,-625.0,0.0009036430807057666
motion_relative,equal_state,-425.0,-625.0,0.0009273252432859463
motion_relative,equal_state,-375.0,-625.0,0.0009547010742473525
motion_relative,equal_state,-325.0,-625.0,0.0009426742772279549
motion_relative,equal_state,-275.0,-625.0,0.0009351032957348996
motion_relative,equal_state,-225.0,-625.0,0.0009731607667844203
motion_relative,equal_state,-175.0,-625.0,0.000979085267979002
motion_relative,equal_state,-125.0,-625.0,0.0009212304616346143
motion_relative,equal_state,-75.0,-625.0,0.0008814480935014198
motion_relative,equal_state,-25.0,-625.0,0.0009010178894627706
motion_relative,equal_state,25.0,-625.0,0.0007400034629420033
motion_relative,equal_state,75.0,-625.0,0.0007082298246880016
motion_relative,equal_state,125.0,-625.0,0.0006322060248773308
motion_relative,equal_state,175.0,-625.0,0.0005707576246981759
motion_relative,equal_state,225.0,-625.0,0.0005120310916360662
motion_relative,equal_state,275.0,-625.0,0.0004073315585604822
motion_relative,equal_state,325.0,-625.0,0.00036555948622946094
motion_relative,equal_state,375.0,-625.0,0.00032807388166142764
motion_relative,equal_state,425.0,-625.0,0.0003300683885622884
motion_relative,equal_state,475.0,-625.0,0.0003559799079800352
motion_relative,equal_state,525.0,-625.0,0.00029110583324756627
motion_relative,equal_state,575.0,-625.0,0.0003176375565170909
motion_relative,equal_state,625.0,-625.0,0.0003078597365170813
motion_relative,equal_state,675.0,-625.0,0.0003666263125694035
motion_relative,equal_state,725.0,-625.0,0.0004116234563902594
motion_relative,equal_state,775.0,-625.0,0.0006146466802920495
motion_relative,equal_state,825.0,-625.0,0.0007994776957041186
motion_relative,equal_state,875.0,-625.0,0.001142485961541574
motion_relative,equal_state,925.0,-625.0,0.00017357342292079824
motion_relative,equal_state,975.0,-625.0,0.0
motion_relative,equal_state,1025.0,-625.0,0.0
motion_relative,equal_state,1075.0,-625.0,0.0
motion_relative,equal_state,-1075.0,-575.0,0.0
motion_relative,equal_state,-1025.0,-575.0,0.0
motion_relative,equal_state,-975.0,-575.0,2.0410377524931415e-06
motion_relative,equal_state,-925.0,-575.0,0.000840146574502756
motion_relative,equal_state,-875.0,-575.0,0.0008534848718404941
motion_relative,equal_state,-825.0,-575.0,0.0006937500978674797
motion_relative,equal_state,-775.0,-575.0,0.0007118957767731957
motion_relative,equal_state,-725.0,-575.0,0.0007117283127436908
motion_relative,equal_state,-675.0,-575.0,0.0007496677283427741
motion_relative,equal_state,-625.0,-575.0,0.0008015947617927466
motion_relative,equal_state,-575.0,-575.0,0.0009029361680158476
motion_relative,equal_state,-525.0,-575.0,0.0009198560238265929
motion_relative,equal_state,-475.0,-575.0,0.0009758189313702799
motion_relative,equal_state,-425.0,-575.0,0.0009717403647094866
motion_relative,equal_state,-375.0,-575.0,0.001028766520956488
motion_relative,equal_state,-325.0,-575.0,0.0011203792649559035
motion_relative,equal_state,-275.0,-575.0,0.0010453658402452902
motion_relative,equal_state,-225.0,-575.0,0.0010887354654884479
motion_relative,equal_state,-175.0,-575.0,0.0010938879326514875
motion_relative,equal_state,-125.0,-575.0,0.0011181799170947872
motion_relative,equal_state,-75.0,-575.0,0.0010108204432001443
motion_relative,equal_state,-25.0,-575.0,0.000971203784990835
motion_relative,equal_state,25.0,-575.0,0.0009959608392409152
motion_relative,equal_state,75.0,-575.0,0.0008187168420415121
motion_relative,equal_state,125.0,-575.0,0.0007143768179383799
motion_relative,equal_state,175.0,-575.0,0.0006081879541058974
motion_relative,equal_state,225.0,-575.0,0.0005529817941427135
motion_relative,equal_state,275.0,-575.0,0.000496041264484506
motion_relative,equal_state,325.0,-575.0,0.00042493884180854255
motion_relative,equal_state,375.0,-575.0,0.0003743889280997757
motion_relative,equal_state,425.0,-575.0,0.0003339532126054335
motion_relative,equal_state,475.0,-575.0,0.00032355486500814865
motion_relative,equal_state,525.0,-575.0,0.00028280087802527726
motion_relative,equal_state,575.0,-575.0,0.00026682707448189827
motion_relative,equal_state,625.0,-575.0,0.0003048890501872197
motion_relative,equal_state,675.0,-575.0,0.000316763535933882
motion_relative,equal_state,725.0,-575.0,0.0003080714091512943
motion_relative,equal_state,775.0,-575.0,0.00044135952679038876
motion_relative,equal_state,825.0,-575.0,0.0005963675868620202
motion_relative,equal_state,875.0,-575.0,0.0007495351642571156
motion_relative,equal_state,925.0,-575.0,0.0006906094346991256
motion_relative,equal_state,975.0,-575.0,3.68463575697707e-06
motion_relative,equal_state,1025.0,-575.0,0.0
motion_relative,equal_state,1075.0,-575.0,0.0
motion_relative,equal_state,-1075.0,-525.0,0.0
motion_relative,equal_state,-1025.0,-525.0,0.0
motion_relative,equal_state,-975.0,-525.0,0.0003391093692555881
motion_relative,equal_state,-925.0,-525.0,0.000923959870916145
motion_relative,equal_state,-875.0,-525.0,0.000738735494697185
motion_relative,equal_state,-825.0,-525.0,0.0006882752411279822
motion_relative,equal_state,-775.0,-525.0,0.0006308924950101524
motion_relative,equal_state,-725.0,-525.0,0.0006626455238737398
motion_relative,equal_state,-675.0,-525.0,0.0008035297473410421
motion_relative,equal_state,-625.0,-525.0,0.0008399475916201493
motion_relative,equal_state,-575.0,-525.0,0.000917802233876795
motion_relative,equal_state,-525.0,-525.0,0.0009656637143711958
motion_relative,equal_state,-475.0,-525.0,0.001050976598673144
motion_relative,equal_state,-425.0,-525.0,0.0011046152717696745
motion_relative,equal_state,-375.0,-525.0,0.001153213307470893
motion_relative,equal_state,-325.0,-525.0,0.0013047920793533407
motion_relative,equal_state,-275.0,-525.0,0.001203339578844391
motion_relative,equal_state,-225.0,-525.0,0.0012107496163227213
motion_relative,equal_state,-175.0,-525.0,0.0012338088958028324
motion_relative,equal_state,-125.0,-525.0,0.0012482640320608084
motion_relative,equal_state,-75.0,-525.0,0.0011540449369690624
motion_relative,equal_state,-25.0,-525.0,0.0011091784321413075
motion_relative,equal_state,25.0,-525.0,0.00102553586410433
motion_relative,equal_state,75.0,-525.0,0.0009091148044259301
motion_relative,equal_state,125.0,-525.0,0.000766582956506903
motion_relative,equal_state,175.0,-525.0,0.0006426450046673232
motion_relative,equal_state,225.0,-525.0,0.000623787599037407
motion_relative,equal_state,275.0,-525.0,0.0004921927632978037
motion_relative,equal_state,325.0,-525.0,0.0003924945617896214
motion_relative,equal_state,375.0,-525.0,0.0003510588112782165
motion_relative,equal_state,425.0,-525.0,0.0003531326036725903
motion_relative,equal_state,475.0,-525.0,0.00031628995236922746
motion_relative,equal_state,525.0,-525.0,0.0002517784371183855
motion_relative,equal_state,575.0,-525.0,0.00023535464768956096
motion_relative,equal_state,625.0,-525.0,0.00023369540496848438
motion_relative,equal_state,675.0,-525.0,0.00025018039874280155
motion_relative,equal_state,725.0,-525.0,0.00031540516940336714
motion_relative,equal_state,775.0,-525.0,0.0003246475630708444
motion_relative,equal_state,825.0,-525.0,0.000488658316540447
motion_relative,equal_state,875.0,-525.0,0.0005635750910013156
motion_relative,equal_state,925.0,-525.0,0.0008210703212320067
motion_relative,equal_state,975.0,-525.0,0.00045060309701559455
motion_relative,equal_state,1025.0,-525.0,0.0
motion_relative,equal_state,1075.0,-525.0,0.0
motion_relative,equal_state,-1075.0,-475.0,0.0
motion_relative,equal_state,-1025.0,-475.0,2.163631658114782e-06
motion_relative,equal_state,-975.0,-475.0,0.0007312001794519483
motion_relative,equal_state,-925.0,-475.0,0.0007079498236114491
motion_relative,equal_state,-875.0,-475.0,0.0007459143226788919
motion_relative,equal_state,-825.0,-475.0,0.0006954837654947316
motion_relative,equal_state,-775.0,-475.0,0.0006724789756914309
motion_relative,equal_state,-725.0,-475.0,0.0007036731483714664
motion_relative,equal_state,-675.0,-475.0,0.0008420527757488502
motion_relative,equal_state,-625.0,-475.0,0.0008747345034273
motion_relative,equal_state,-575.0,-475.0,0.0009758898259995555
motion_relative,equal_state,-525.0,-475.0,0.001063671516564554
motion_relative,equal_state,-475.0,-475.0,0.0011502393880290138
motion_relative,equal_state,-425.0,-475.0,0.0012285607636530007
motion_relative,equal_state,-375.0,-475.0,0.0013655359307681262
motion_relative,equal_state,-325.0,-475.0,0.001351011136593284
motion_relative,equal_state,-275.0,-475.0,0.0013863566838654637
motion_relative,equal_state,-225.0,-475.0,0.0013507640158171217
motion_relative,equal_state,-175.0,-475.0,0.0014745224447429504
motion_relative,equal_state,-125.0,-475.0,0.00146542735515641
motion_relative,equal_state,-75.0,-475.0,0.0013506689863674436
motion_relative,equal_state,-25.0,-475.0,0.0011780353680060614
motion_relative,equal_state,25.0,-475.0,0.001140380612454475
motion_relative,equal_state,75.0,-475.0,0.0009894198812443375
motion_relative,equal_state,125.0,-475.0,0.000867076945257868
motion_relative,equal_state,175.0,-475.0,0.0007537096066645227
motion_relative,equal_state,225.0,-475.0,0.0006360411478565997
motion_relative,equal_state,275.0,-475.0,0.00046979801140811236
motion_relative,equal_state,325.0,-475.0,0.00040390319125185186
motion_relative,equal_state,375.0,-475.0,0.00034288591292207487
motion_relative,equal_state,425.0,-475.0,0.00032116469525295154
motion_relative,equal_state,475.0,-475.0,0.00034930115691420824
motion_relative,equal_state,525.0,-475.0,0.00023876133823800153
motion_relative,equal_state,575.0,-475.0,0.0002184059437669694
motion_relative,equal_state,625.0,-475.0,0.00021431530838706802
motion_relative,equal_state,675.0,-475.0,0.0002753215604243206
motion_relative,equal_state,725.0,-475.0,0.0003053048948287468
motion_relative,equal_state,775.0,-475.0,0.00031694192291589995
motion_relative,equal_state,825.0,-475.0,0.0004446524431459363
motion_relative,equal_state,875.0,-475.0,0.0005370848857930807
motion_relative,equal_state,925.0,-475.0,0.0007272273910502395
motion_relative,equal_state,975.0,-475.0,0.001007718840265065
motion_relative,equal_state,1025.0,-475.0,1.0983343365123535e-05
motion_relative,equal_state,1075.0,-475.0,0.0
motion_relative,equal_state,-1075.0,-425.0,0.0
motion_relative,equal_state,-1025.0,-425.0,0.00019722768428528635
motion_relative,equal_state,-975.0,-425.0,0.0007019154064706496
motion_relative,equal_state,-925.0,-425.0,0.0006924991363489766
motion_relative,equal_state,-875.0,-425.0,0.0006749537636180597
motion_relative,equal_state,-825.0,-425.0,0.0006885347141211509
motion_relative,equal_state,-775.0,-425.0,0.000672216693390026
motion_relative,equal_state,-725.0,-425.0,0.000711442554202468
motion_relative,equal_state,-675.0,-425.0,0.0008091895381137484
motion_relative,equal_state,-625.0,-425.0,0.0009221742677453789
motion_relative,equal_state,-575.0,-425.0,0.0010347576175541399
motion_relative,equal_state,-525.0,-425.0,0.0012215562321315487
motion_relative,equal_state,-475.0,-425.0,0.0012272680974619455
motion_relative,equal_state,-425.0,-425.0,0.001335425175279688
motion_relative,equal_state,-375.0,-425.0,0.0014205302536856536
motion_relative,equal_state,-325.0,-425.0,0.0014689753425340235
motion_relative,equal_state,-275.0,-425.0,0.0015814236039724124
motion_relative,equal_state,-225.0,-425.0,0.0016579771647603284
motion_relative,equal_state,-175.0,-425.0,0.0016322517575726625
motion_relative,equal_state,-125.0,-425.0,0.0016669340207057248
motion_relative,equal_state,-75.0,-425.0,0.001507409546505829
motion_relative,equal_state,-25.0,-425.0,0.0014310316642807306
motion_relative,equal_state,25.0,-425.0,0.0012580748315629403
motion_relative,equal_state,75.0,-425.0,0.0011613722862068305
motion_relative,equal_state,125.0,-425.0,0.0010314397252756023
motion_relative,equal_state,175.0,-425.0,0.0008192045619089541
motion_relative,equal_state,225.0,-425.0,0.0006991266376026636
motion_relative,equal_state,275.0,-425.0,0.000541522119714864
motion_relative,equal_state,325.0,-425.0,0.0004974138231785523
motion_relative,equal_state,375.0,-425.0,0.0003671973393948089
motion_relative,equal_state,425.0,-425.0,0.00037868187402864017
motion_relative,equal_state,475.0,-425.0,0.0002934930763590151
motion_relative,equal_state,525.0,-425.0,0.00022542911430600875
motion_relative,equal_state,575.0,-425.0,0.0002204792880817234
motion_relative,equal_state,625.0,-425.0,0.00024553903489652514
motion_relative,equal_state,675.0,-425.0,0.00024413089109313272
motion_relative,equal_state,725.0,-425.0,0.00031098841322278856
motion_relative,equal_state,775.0,-425.0,0.00028324132456059736
motion_relative,equal_state,825.0,-425.0,0.00035438060567675236
motion_relative,equal_state,875.0,-425.0,0.0004599499473743911
motion_relative,equal_state,925.0,-425.0,0.0006297229500714695
motion_relative,equal_state,975.0,-425.0,0.0008737630787602502
motion_relative,equal_state,1025.0,-425.0,0.00035519965906086415
motion_relative,equal_state,1075.0,-425.0,0.0
motion_relative,equal_state,-1075.0,-375.0,0.0
motion_relative,equal_state,-1025.0,-375.0,0.0005809074022290443
motion_relative,equal_state,-975.0,-375.0,0.0007831013501505983
motion_relative,equal_state,-925.0,-375.0,0.0006762719510784765
motion_relative,equal_state,-875.0,-375.0,0.0007257543385587474
motion_relative,equal_state,-825.0,-375.0,0.0007357226563513041
motion_relative,equal_state,-775.0,-375.0,0.0007277981894206389
motion_relative,equal_state,-725.0,-375.0,0.0007919967766821425
motion_relative,equal_state,-675.0,-375.0,0.0008988992800524249
motion_relative,equal_state,-625.0,-375.0,0.0010170790534976477
motion_relative,equal_state,-575.0,-375.0,0.0010162291439681176
motion_relative,equal_state,-525.0,-375.0,0.0011623406701385076
motion_relative,equal_state,-475.0,-375.0,0.0012598907756513733
motion_relative,equal_state,-425.0,-375.0,0.0014263675822727905
motion_relative,equal_state,-375.0,-375.0,0.0016881413017887671
motion_relative,equal_state,-325.0,-375.0,0.001641846776595151
motion_relative,equal_state,-275.0,-375.0,0.0017556043120060415
motion_relative,equal_state,-225.0,-375.0,0.001859039216501764
motion_relative,equal_state,-175.0,-375.0,0.0018049923480676453
motion_relative,equal_state,-125.0,-375.0,0.0018698244973453999
motion_relative,equal_state,-75.0,-375.0,0.0017735549842563315
motion_relative,equal_state,-25.0,-375.0,0.0015724970698941523
motion_relative,equal_state,25.0,-375.0,0.0015608148850084094
motion_relative,equal_state,75.0,-375.0,0.0013433417048798013
motion_relative,equal_state,125.0,-375.0,0.0011712755060323315
motion_relative,equal_state,175.0,-375.0,0.0009616745271487606
motion_relative,equal_state,225.0,-375.0,0.0007905863506128277
motion_relative,equal_state,275.0,-375.0,0.0007308798377043065
motion_relative,equal_state,325.0,-375.0,0.0005332770645819302
motion_relative,equal_state,375.0,-375.0,0.00045012271018335967
motion_relative,equal_state,425.0,-375.0,0.00030192803720102966
motion_relative,equal_state,475.0,-375.0,0.0002953457212976482
motion_relative,equal_state,525.0,-375.0,0.00022348025069745522
motion_relative,equal_state,575.0,-375.0,0.00019494734348989303
motion_relative,equal_state,625.0,-375.0,0.00020010191419027418
motion_relative,equal_state,675.0,-375.0,0.0002367922076687051
motion_relative,equal_state,725.0,-375.0,0.00021464688110175694
motion_relative,equal_state,775.0,-375.0,0.0002352197491605794
motion_relative,equal_state,825.0,-375.0,0.00032406650499740996
motion_relative,equal_state,875.0,-375.0,0.000513453919361575
motion_relative,equal_state,925.0,-375.0,0.0005430085360639724
motion_relative,equal_state,975.0,-375.0,0.0007628051648965183
motion_relative,equal_state,1025.0,-375.0,0.0006994581493680392
motion_relative,equal_state,1075.0,-375.0,0.0
motion_relative,equal_state,-1075.0,-325.0,9.038447630051832e-05
motion_relative,equal_state,-1025.0,-325.0,0.0008590989829277754
motion_relative,equal_state,-975.0,-325.0,0.0006972277337262114
motion_relative,equal_state,-925.0,-325.0,0.0006367309994051052
motion_relative,equal_state,-875.0,-325.0,0.0007187044942611983
motion_relative,equal_state,-825.0,-325.0,0.0008381384378813653
motion_relative,equal_state,-775.0,-325.0,0.0007468541359113216
motion_relative,equal_state,-725.0,-325.0,0.0007398984152318871
motion_relative,equal_state,-675.0,-325.0,0.0007899833829296413
motion_relative,equal_state,-625.0,-325.0,0.001102628681382413
motion_relative,equal_state,-575.0,-325.0,0.0011110858294050164
motion_relative,equal_state,-525.0,-325.0,0.0012923360272662633
motion_relative,equal_state,-475.0,-325.0,0.001460765291613738
motion_relative,equal_state,-425.0,-325.0,0.0015367751270846497
motion_relative,equal_state,-375.0,-325.0,0.0017114668499023634
motion_relative,equal_state,-325.0,-325.0,0.001858014923303687
motion_relative,equal_state,-275.0,-325.0,0.0019413313751392215
motion_relative,equal_state,-225.0,-325.0,0.002051331835065399
motion_relative,equal_state,-175.0,-325.0,0.0018523620813701723
motion_relative,equal_state,-125.0,-325.0,0.001980336911998786
motion_relative,equal_state,-75.0,-325.0,0.001829491398650891
motion_relative,equal_state,-25.0,-325.0,0.0016661382629967682
motion_relative,equal_state,25.0,-325.0,0.0015831035054886917
motion_relative,equal_state,75.0,-325.0,0.0014361607278637692
motion_relative,equal_state,125.0,-325.0,0.0013433825019070682
motion_relative,equal_state,175.0,-325.0,0.0010439993387771104
motion_relative,equal_state,225.0,-325.0,0.000776113412420252
motion_relative,equal_state,275.0,-325.0,0.0006636973579020757
motion_relative,equal_state,325.0,-325.0,0.000581942898905402
motion_relative,equal_state,375.0,-325.0,0.0005287730975414875
motion_relative,equal_state,425.0,-325.0,0.0003755972331467609
motion_relative,equal_state,475.0,-325.0,0.0003347146270430027
motion_relative,equal_state,525.0,-325.0,0.00023395475106131628
motion_relative,equal_state,575.0,-325.0,0.00029368340046081115
motion_relative,equal_state,625.0,-325.0,0.0002503074309576043
motion_relative,equal_state,675.0,-325.0,0.0002464388183086512
motion_relative,equal_state,725.0,-325.0,0.00024980959019662565
motion_relative,equal_state,775.0,-325.0,0.0002712819383692332
motion_relative,equal_state,825.0,-325.0,0.0003282584211666835
motion_relative,equal_state,875.0,-325.0,0.00041255810306587695
motion_relative,equal_state,925.0,-325.0,0.0005161135668650737
motion_relative,equal_state,975.0,-325.0,0.0006648834879493905
motion_relative,equal_state,1025.0,-325.0,0.0010581670482867692
motion_relative,equal_state,1075.0,-325.0,6.808881812586931e-05
motion_relative,equal_state,-1075.0,-275.0,0.00020756999209011067
motion_relative,equal_state,-1025.0,-275.0,0.0007668646884658663
motion_relative,equal_state,-975.0,-275.0,0.0005657165853497449
motion_relative,equal_state,-925.0,-275.0,0.0005658227309128931
motion_relative,equal_state,-875.0,-275.0,0.0005978684052091312
motion_relative,equal_state,-825.0,-275.0,0.0006508872118319658
motion_relative,equal_state,-775.0,-275.0,0.0007129452784755076
motion_relative,equal_state,-725.0,-275.0,0.0009480602849907341
motion_relative,equal_state,-675.0,-275.0,0.0009285974421743728
motion_relative,equal_state,-625.0,-275.0,0.0010370888165456512
motion_relative,equal_state,-575.0,-275.0,0.001183836839219162
motion_relative,equal_state,-525.0,-275.0,0.0014696267827815947
motion_relative,equal_state,-475.0,-275.0,0.001523977785102008
motion_relative,equal_state,-425.0,-275.0,0.0017183353668908225
motion_relative,equal_state,-375.0,-275.0,0.0017745662592221919
motion_relative,equal_state,-325.0,-275.0,0.0019902474088258917
motion_relative,equal_state,-275.0,-275.0,0.002205338986320506
motion_relative,equal_state,-225.0,-275.0,0.0021759513067119386
motion_relative,equal_state,-175.0,-275.0,0.0019949191454267184
motion_relative,equal_state,-125.0,-275.0,0.0020685431227869147
motion_relative,equal_state,-75.0,-275.0,0.0018329664941602695
motion_relative,equal_state,-25.0,-275.0,0.0017431413637525285
motion_relative,equal_state,25.0,-275.0,0.0017133783500355925
motion_relative,equal_state,75.0,-275.0,0.0015977375295911402
motion_relative,equal_state,125.0,-275.0,0.0012664348890184622
motion_relative,equal_state,175.0,-275.0,0.0010750027374061089
motion_relative,equal_state,225.0,-275.0,0.0008783764675184304
motion_relative,equal_state,275.0,-275.0,0.0007124936581230115
motion_relative,equal_state,325.0,-275.0,0.000595505136951077
motion_relative,equal_state,375.0,-275.0,0.0004732039685575731
motion_relative,equal_state,425.0,-275.0,0.0003877098445366632
motion_relative,equal_state,475.0,-275.0,0.00027397918870259363
motion_relative,equal_state,525.0,-275.0,0.00026779301269252016
motion_relative,equal_state,575.0,-275.0,0.00020066608340094019
motion_relative,equal_state,625.0,-275.0,0.00020104146399700597
motion_relative,equal_state,675.0,-275.0,0.0001759708628501281
motion_relative,equal_state,725.0,-275.0,0.00022483800529934117
motion_relative,equal_state,775.0,-275.0,0.00023008500632307194
motion_relative,equal_state,825.0,-275.0,0.00027217446568442627
motion_relative,equal_state,875.0,-275.0,0.000459342348145387
motion_relative,equal_state,925.0,-275.0,0.0003862233532934803
motion_relative,equal_state,975.0,-275.0,0.0005759413955599389
motion_relative,equal_state,1025.0,-275.0,0.000815291742249717
motion_relative,equal_state,1075.0,-275.0,0.00045858814514711515
motion_relative,equal_state,-1075.0,-225.0,0.000376415208638242
motion_relative,equal_state,-1025.0,-225.0,0.0005536925681064775
motion_relative,equal_state,-975.0,-225.0,0.0005470022735406744
motion_relative,equal_state,-925.0,-225.0,0.0005692103005664629
motion_relative,equal_state,-875.0,-225.0,0.0006019599013811244
motion_relative,equal_state,-825.0,-225.0,0.0006113285846220966
motion_relative,equal_state,-775.0,-225.0,0.000730723491587374
motion_relative,equal_state,-725.0,-225.0,0.0008169003287625849
motion_relative,equal_state,-675.0,-225.0,0.0009690574595596543
motion_relative,equal_state,-625.0,-225.0,0.001091697539452957
motion_relative,equal_state,-575.0,-225.0,0.001247882594163197
motion_relative,equal_state,-525.0,-225.0,0.0014381766494183487
motion_relative,equal_state,-475.0,-225.0,0.0015948284980788871
motion_relative,equal_state,-425.0,-225.0,0.0017669024874856097
motion_relative,equal_state,-375.0,-225.0,0.0019845859614189957
motion_relative,equal_state,-325.0,-225.0,0.002149714841740616
motion_relative,equal_state,-275.0,-225.0,0.002252174983713754
motion_relative,equal_state,-225.0,-225.0,0.0023747895819471805
motion_relative,equal_state,-175.0,-225.0,0.0019775354383190233
motion_relative,equal_state,-125.0,-225.0,0.0018448262762273719
motion_relative,equal_state,-75.0,-225.0,0.001678088661269678
motion_relative,equal_state,-25.0,-225.0,0.0016308945855857372
motion_relative,equal_state,25.0,-225.0,0.0014165260063516065
motion_relative,equal_state,75.0,-225.0,0.0015922386889459781
motion_relative,equal_state,125.0,-225.0,0.0012948128681885365
motion_relative,equal_state,175.0,-225.0,0.0010084878217191523
motion_relative,equal_state,225.0,-225.0,0.0008586319636459601
motion_relative,equal_state,275.0,-225.0,0.000801474019489974
motion_relative,equal_state,325.0,-225.0,0.0006097010874977447
motion_relative,equal_state,375.0,-225.0,0.0004882843977389105
motion_relative,equal_state,425.0,-225.0,0.0003911636300765007
motion_relative,equal_state,475.0,-225.0,0.0002816786925864185
motion_relative,equal_state,525.0,-225.0,0.0002553365155564327
motion_relative,equal_state,575.0,-225.0,0.000209633717711929
motion_relative,equal_state,625.0,-225.0,0.0002488035794550853
motion_relative,equal_state,675.0,-225.0,0.0001815281168933638
motion_relative,equal_state,725.0,-225.0,0.0001700457152877004
motion_relative,equal_state,775.0,-225.0,0.00021375382960974146
motion_relative,equal_state,825.0,-225.0,0.0002592239514056199
motion_relative,equal_state,875.0,-225.0,0.00031273960507104457
motion_relative,equal_state,925.0,-225.0,0.00039990859498769825
motion_relative,equal_state,975.0,-225.0,0.0004703350461757543
motion_relative,equal_state,1025.0,-225.0,0.0006328782022756446
motion_relative,equal_state,1075.0,-225.0,0.0005130520999351611
motion_relative,equal_state,-1075.0,-175.0,0.0005162618198554051
motion_relative,equal_state,-1025.0,-175.0,0.0005851310097966621
motion_relative,equal_state,-975.0,-175.0,0.0005563581828050587
motion_relative,equal_state,-925.0,-175.0,0.0005848676060922196
motion_relative,equal_state,-875.0,-175.0,0.0006372013655534458
motion_relative,equal_state,-825.0,-175.0,0.0006708648202300362
motion_relative,equal_state,-775.0,-175.0,0.0008501694492836529
motion_relative,equal_state,-725.0,-175.0,0.0008389598918920213
motion_relative,equal_state,-675.0,-175.0,0.0010310859813125255
motion_relative,equal_state,-625.0,-175.0,0.0010726078708506637
motion_relative,equal_state,-575.0,-175.0,0.0012206655410150382
motion_relative,equal_state,-525.0,-175.0,0.001402554131885848
motion_relative,equal_state,-475.0,-175.0,0.0017103577211338987
motion_relative,equal_state,-425.0,-175.0,0.001889289004630473
motion_relative,equal_state,-375.0,-175.0,0.002069018504021775
motion_relative,equal_state,-325.0,-175.0,0.0021543632567289457
motion_relative,equal_state,-275.0,-175.0,0.0023886285263682435
motion_relative,equal_state,-225.0,-175.0,0.002473613400218924
motion_relative,equal_state,-175.0,-175.0,0.002123960518718498
motion_relative,equal_state,-125.0,-175.0,0.0017818178663341361
motion_relative,equal_state,-75.0,-175.0,0.001571690952477196
motion_relative,equal_state,-25.0,-175.0,0.0013849062457329485
motion_relative,equal_state,25.0,-175.0,0.001264172278900498
motion_relative,equal_state,75.0,-175.0,0.0012870251925557723
motion_relative,equal_state,125.0,-175.0,0.001188437172731094
motion_relative,equal_state,175.0,-175.0,0.0010269567822962463
motion_relative,equal_state,225.0,-175.0,0.0009064664743753777
motion_relative,equal_state,275.0,-175.0,0.000872364244278193
motion_relative,equal_state,325.0,-175.0,0.0006196366058566266
motion_relative,equal_state,375.0,-175.0,0.0005292932923798739
motion_relative,equal_state,425.0,-175.0,0.00042108943777702707
motion_relative,equal_state,475.0,-175.0,0.0003317236591652234
motion_relative,equal_state,525.0,-175.0,0.00024375655568422317
motion_relative,equal_state,575.0,-175.0,0.0001714779913366807
motion_relative,equal_state,625.0,-175.0,0.00013342906333892253
motion_relative,equal_state,675.0,-175.0,0.00014318116412534085
motion_relative,equal_state,725.0,-175.0,0.00015338399283565849
motion_relative,equal_state,775.0,-175.0,0.00022101510569488088
motion_relative,equal_state,825.0,-175.0,0.00022695633188602214
motion_relative,equal_state,875.0,-175.0,0.0003249451734249943
motion_relative,equal_state,925.0,-175.0,0.0003509250204526088
motion_relative,equal_state,975.0,-175.0,0.0004440499107852567
motion_relative,equal_state,1025.0,-175.0,0.0005817481794630372
motion_relative,equal_state,1075.0,-175.0,0.0007245854940125728
motion_relative,equal_state,-1075.0,-125.0,0.0005670634154855328
motion_relative,equal_state,-1025.0,-125.0,0.0005415872839047004
motion_relative,equal_state,-975.0,-125.0,0.0004893902997627342
motion_relative,equal_state,-925.0,-125.0,0.0005967641125870476
motion_relative,equal_state,-875.0,-125.0,0.0005567527187919719
motion_relative,equal_state,-825.0,-125.0,0.000627436419313971
motion_relative,equal_state,-775.0,-125.0,0.0007129618256997966
motion_relative,equal_state,-725.0,-125.0,0.000830686823409972
motion_relative,equal_state,-675.0,-125.0,0.0010362802414589185
motion_relative,equal_state,-625.0,-125.0,0.0012128837758368413
motion_relative,equal_state,-575.0,-125.0,0.0013527405751335123
motion_relative,equal_state,-525.0,-125.0,0.0014757541260032889
motion_relative,equal_state,-475.0,-125.0,0.0018048587925735351
motion_relative,equal_state,-425.0,-125.0,0.0019325980628161943
motion_relative,equal_state,-375.0,-125.0,0.0021086955783204634
motion_relative,equal_state,-325.0,-125.0,0.0024286332560363335
motion_relative,equal_state,-275.0,-125.0,0.0023574168863779972
motion_relative,equal_state,-225.0,-125.0,0.0023969467394576436
motion_relative,equal_state,-175.0,-125.0,0.002150678194459214
motion_relative,equal_state,-125.0,-125.0,0.0017746021818506584
motion_relative,equal_state,-75.0,-125.0,0.001356733953295471
motion_relative,equal_state,-25.0,-125.0,0.0010722469456443092
motion_relative,equal_state,25.0,-125.0,0.0010047515283386546
motion_relative,equal_state,75.0,-125.0,0.0009401270599880867
motion_relative,equal_state,125.0,-125.0,0.000895022862573521
motion_relative,equal_state,175.0,-125.0,0.000844209286734604
motion_relative,equal_state,225.0,-125.0,0.0007986258683850782
motion_relative,equal_state,275.0,-125.0,0.0007339907159342995
motion_relative,equal_state,325.0,-125.0,0.0006573398928063319
motion_relative,equal_state,375.0,-125.0,0.0004924462611684886
motion_relative,equal_state,425.0,-125.0,0.0003887428023609126
motion_relative,equal_state,475.0,-125.0,0.0004041652854163695
motion_relative,equal_state,525.0,-125.0,0.0002482380761242191
motion_relative,equal_state,575.0,-125.0,0.0001844818356798402
motion_relative,equal_state,625.0,-125.0,0.00014158458436747782
motion_relative,equal_state,675.0,-125.0,0.0001411278375716103
motion_relative,equal_state,725.0,-125.0,0.00017159427291889512
motion_relative,equal_state,775.0,-125.0,0.0001977443790892321
motion_relative,equal_state,825.0,-125.0,0.00020201561470620073
motion_relative,equal_state,875.0,-125.0,0.00023660853705752028
motion_relative,equal_state,925.0,-125.0,0.00030562219044886975
motion_relative,equal_state,975.0,-125.0,0.0004005538536340009
motion_relative,equal_state,1025.0,-125.0,0.0005883798922220829
motion_relative,equal_state,1075.0,-125.0,0.0007047788001016616
motion_relative,equal_state,-1075.0,-75.0,0.0006604514074592299
motion_relative,equal_state,-1025.0,-75.0,0.0005224326755944163
motion_relative,equal_state,-975.0,-75.0,0.0004820484184480983
motion_relative,equal_state,-925.0,-75.0,0.00047504250168511506
motion_relative,equal_state,-875.0,-75.0,0.0005590397884321464
motion_relative,equal_state,-825.0,-75.0,0.0005887860381089113
motion_relative,equal_state,-775.0,-75.0,0.0007203965392702614
motion_relative,equal_state,-725.0,-75.0,0.0008077021792914214
motion_relative,equal_state,-675.0,-75.0,0.0009398613220312393
motion_relative,equal_state,-625.0,-75.0,0.0010885707183524989
motion_relative,equal_state,-575.0,-75.0,0.0012896844655570787
motion_relative,equal_state,-525.0,-75.0,0.00141262499296445
motion_relative,equal_state,-475.0,-75.0,0.0018124249423440053
motion_relative,equal_state,-425.0,-75.0,0.002001001494967839
motion_relative,equal_state,-375.0,-75.0,0.0022469582078046826
motion_relative,equal_state,-325.0,-75.0,0.0024693880222987283
motion_relative,equal_state,-275.0,-75.0,0.0024473387654305435
motion_relative,equal_state,-225.0,-75.0,0.0023096286912649942
motion_relative,equal_state,-175.0,-75.0,0.0021655573918579704
motion_relative,equal_state,-125.0,-75.0,0.0016110938901942368
motion_relative,equal_state,-75.0,-75.0,0.0010799679545875928
motion_relative,equal_state,-25.0,-75.0,0.000864882415550392
motion_relative,equal_state,25.0,-75.0,0.0007428634701864433
motion_relative,equal_state,75.0,-75.0,0.0006683681915634899
motion_relative,equal_state,125.0,-75.0,0.0007394345201871731
motion_relative,equal_state,175.0,-75.0,0.0007112735748740664
motion_relative,equal_state,225.0,-75.0,0.000827586170433477
motion_relative,equal_state,275.0,-75.0,0.0007278999901505156
motion_relative,equal_state,325.0,-75.0,0.0006375182745317374
motion_relative,equal_state,375.0,-75.0,0.0005209016034381714
motion_relative,equal_state,425.0,-75.0,0.00046765891943200983
motion_relative,equal_state,475.0,-75.0,0.00034380434707347165
motion_relative,equal_state,525.0,-75.0,0.00021599379336844737
motion_relative,equal_state,575.0,-75.0,0.00015809490007718074
motion_relative,equal_state,625.0,-75.0,0.00013659462854324203
motion_relative,equal_state,675.0,-75.0,0.00014505487693474458
motion_relative,equal_state,725.0,-75.0,0.0001871846091327836
motion_relative,equal_state,775.0,-75.0,0.00022082023095526185
motion_relative,equal_state,825.0,-75.0,0.0002524204820678373
motion_relative,equal_state,875.0,-75.0,0.0002702982451090248
motion_relative,equal_state,925.0,-75.0,0.00027992606991536484
motion_relative,equal_state,975.0,-75.0,0.00035996301091439334
motion_relative,equal_state,1025.0,-75.0,0.0005073344772131935
motion_relative,equal_state,1075.0,-75.0,0.0007571293503195528
motion_relative,equal_state,-1075.0,-25.0,0.0006404471031088507
motion_relative,equal_state,-1025.0,-25.0,0.0005694922887873954
motion_relative,equal_state,-975.0,-25.0,0.0004590628705009043
motion_relative,equal_state,-925.0,-25.0,0.00045295957903819897
motion_relative,equal_state,-875.0,-25.0,0.0005077223297508336
motion_relative,equal_state,-825.0,-25.0,0.0006689712037477934
motion_relative,equal_state,-775.0,-25.0,0.0007723262426892169
motion_relative,equal_state,-725.0,-25.0,0.0008480566328960435
motion_relative,equal_state,-675.0,-25.0,0.0009367973217007041
motion_relative,equal_state,-625.0,-25.0,0.0010928417155523207
motion_relative,equal_state,-575.0,-25.0,0.0012173695492836629
motion_relative,equal_state,-525.0,-25.0,0.001449149591465647
motion_relative,equal_state,-475.0,-25.0,0.0016938327563678524
motion_relative,equal_state,-425.0,-25.0,0.001908133777643174
motion_relative,equal_state,-375.0,-25.0,0.002073667188199465
motion_relative,equal_state,-325.0,-25.0,0.002379034697532628
motion_relative,equal_state,-275.0,-25.0,0.0024397703163422406
motion_relative,equal_state,-225.0,-25.0,0.002368841023763142
motion_relative,equal_state,-175.0,-25.0,0.002087958589947653
motion_relative,equal_state,-125.0,-25.0,0.0014239564989722865
motion_relative,equal_state,-75.0,-25.0,0.0010459926772420018
motion_relative,equal_state,-25.0,-25.0,0.0006537341283417507
motion_relative,equal_state,25.0,-25.0,0.0005377010483748053
motion_relative,equal_state,75.0,-25.0,0.0006162178101409207
motion_relative,equal_state,125.0,-25.0,0.0005938829690853176
motion_relative,equal_state,175.0,-25.0,0.0006452713252115181
motion_relative,equal_state,225.0,-25.0,0.0007435655506240226
motion_relative,equal_state,275.0,-25.0,0.0006784490493993042
motion_relative,equal_state,325.0,-25.0,0.000673471944342872
motion_relative,equal_state,375.0,-25.0,0.000516801304303503
motion_relative,equal_state,425.0,-25.0,0.0004004437464463266
motion_relative,equal_state,475.0,-25.0,0.0003596618615578706
motion_relative,equal_state,525.0,-25.0,0.0002258996678774438
motion_relative,equal_state,575.0,-25.0,0.00018210857736734677
motion_relative,equal_state,625.0,-25.0,0.00016835553875193865
motion_relative,equal_state,675.0,-25.0,0.00012097959424207805
motion_relative,equal_state,725.0,-25.0,0.00015315476780884183
motion_relative,equal_state,775.0,-25.0,0.00018175332003777424
motion_relative,equal_state,825.0,-25.0,0.00023068499061511502
motion_relative,equal_state,875.0,-25.0,0.0002587701684962899
motion_relative,equal_state,925.0,-25.0,0.00028698011999158963
motion_relative,equal_state,975.0,-25.0,0.00035881680449563913
motion_relative,equal_state,1025.0,-25.0,0.0004608458315664099
motion_relative,equal_state,1075.0,-25.0,0.0009009993868965851
motion_relative,equal_state,-1075.0,25.0,0.0007423344413457105
motion_relative,equal_state,-1025.0,25.0,0.0005697056972111303
motion_relative,equal_state,-975.0,25.0,0.0005134432504144136
motion_relative,equal_state,-925.0,25.0,0.000487621226353271
motion_relative,equal_state,-875.0,25.0,0.0005110574673585914
motion_relative,equal_state,-825.0,25.0,0.0005860965011299322
motion_relative,equal_state,-775.0,25.0,0.000657339042575795
motion_relative,equal_state,-725.0,25.0,0.0007346872487992992
motion_relative,equal_state,-675.0,25.0,0.0008766974202385281
motion_relative,equal_state,-625.0,25.0,0.0010482298859321316
motion_relative,equal_state,-575.0,25.0,0.001321980569479223
motion_relative,equal_state,-525.0,25.0,0.001431902717270839
motion_relative,equal_state,-475.0,25.0,0.0017182138132136463
motion_relative,equal_state,-425.0,25.0,0.0018169344667557702
motion_relative,equal_state,-375.0,25.0,0.002026531299572451
motion_relative,equal_state,-325.0,25.0,0.0023961218848155175
motion_relative,equal_state,-275.0,25.0,0.002402799498699184
motion_relative,equal_state,-225.0,25.0,0.002258287401016901
motion_relative,equal_state,-175.0,25.0,0.0019370439285012972
motion_relative,equal_state,-125.0,25.0,0.0014203893551374362
motion_relative,equal_state,-75.0,25.0,0.0009543668266376494
motion_relative,equal_state,-25.0,25.0,0.0005786875460643476
motion_relative,equal_state,25.0,25.0,0.0004995098347778764
motion_relative,equal_state,75.0,25.0,0.0005508653655399401
motion_relative,equal_state,125.0,25.0,0.0005604605376598246
motion_relative,equal_state,175.0,25.0,0.0007397712996374743
motion_relative,equal_state,225.0,25.0,0.0006075967023096912
motion_relative,equal_state,275.0,25.0,0.0007279917513988051
motion_relative,equal_state,325.0,25.0,0.0006110346868544316
motion_relative,equal_state,375.0,25.0,0.0004494104208441598
motion_relative,equal_state,425.0,25.0,0.0003728646114222468
motion_relative,equal_state,475.0,25.0,0.00027038263895340944
motion_relative,equal_state,525.0,25.0,0.00022187254694516032
motion_relative,equal_state,575.0,25.0,0.00017060751840047852
motion_relative,equal_state,625.0,25.0,0.0001633997693693314
motion_relative,equal_state,675.0,25.0,0.00013624510547319076
motion_relative,equal_state,725.0,25.0,0.00011603477004620254
motion_relative,equal_state,775.0,25.0,0.0001586081989211298
motion_relative,equal_state,825.0,25.0,0.0001894131685501682
motion_relative,equal_state,875.0,25.0,0.0002584785341280551
motion_relative,equal_state,925.0,25.0,0.0002941305838113131
motion_relative,equal_state,975.0,25.0,0.00034934415586871715
motion_relative,equal_state,1025.0,25.0,0.0004296375951918042
motion_relative,equal_state,1075.0,25.0,0.00101392812747267
motion_relative,equal_state,-1075.0,75.0,0.00061579845972537
motion_relative,equal_state,-1025.0,75.0,0.000484706230096911
motion_relative,equal_state,-975.0,75.0,0.0004710387878759973
motion_relative,equal_state,-925.0,75.0,0.000500965373722578
motion_relative,equal_state,-875.0,75.0,0.0005126742083034102
motion_relative,equal_state,-825.0,75.0,0.0005380588941066129
motion_relative,equal_state,-775.0,75.0,0.0006725297683286815
motion_relative,equal_state,-725.0,75.0,0.0007258946536956521
motion_relative,equal_state,-675.0,75.0,0.0007796432962298681
motion_relative,equal_state,-625.0,75.0,0.0009708112536078481
motion_relative,equal_state,-575.0,75.0,0.0012373562245061222
motion_relative,equal_state,-525.0,75.0,0.0013813635576776257
motion_relative,equal_state,-475.0,75.0,0.0014859815565489202
motion_relative,equal_state,-425.0,75.0,0.0016922416583381842
motion_relative,equal_state,-375.0,75.0,0.0019559885772527964
motion_relative,equal_state,-325.0,75.0,0.002166412921741155
motion_relative,equal_state,-275.0,75.0,0.0023060843107946777
motion_relative,equal_state,-225.0,75.0,0.0021124703759738497
motion_relative,equal_state,-175.0,75.0,0.0018822457200165289
motion_relative,equal_state,-125.0,75.0,0.0015500263621174451
motion_relative,equal_state,-75.0,75.0,0.000967531071489544
motion_relative,equal_state,-25.0,75.0,0.000671602012862509
motion_relative,equal_state,25.0,75.0,0.0005561350734783664
motion_relative,equal_state,75.0,75.0,0.0005440727964560564
motion_relative,equal_state,125.0,75.0,0.0006530804825584136
motion_relative,equal_state,175.0,75.0,0.0007076563417459644
motion_relative,equal_state,225.0,75.0,0.0006436888263016145
motion_relative,equal_state,275.0,75.0,0.0006182274197848889
motion_relative,equal_state,325.0,75.0,0.0006236272826220749
motion_relative,equal_state,375.0,75.0,0.0004018565057102568
motion_relative,equal_state,425.0,75.0,0.0003311098311334607
motion_relative,equal_state,475.0,75.0,0.00027052012546839024
motion_relative,equal_state,525.0,75.0,0.0002192418795725138
motion_relative,equal_state,575.0,75.0,0.0001519311962488594
motion_relative,equal_state,625.0,75.0,0.0001390612017232803
motion_relative,equal_state,675.0,75.0,0.00010534579259196404
motion_relative,equal_state,725.0,75.0,0.00017686634700508889
motion_relative,equal_state,775.0,75.0,0.00014896100519838775
motion_relative,equal_state,825.0,75.0,0.00018313454992746744
motion_relative,equal_state,875.0,75.0,0.0002729380150473045
motion_relative,equal_state,925.0,75.0,0.00031779816250358074
motion_relative,equal_state,975.0,75.0,0.0003488234224159721
motion_relative,equal_state,1025.0,75.0,0.0004226713946016466
motion_relative,equal_state,1075.0,75.0,0.0007861537228929143
motion_relative,equal_state,-1075.0,125.0,0.0005891010604741023
motion_relative,equal_state,-1025.0,125.0,0.0006422556329960845
motion_relative,equal_state,-975.0,125.0,0.0004792316503589362
motion_relative,equal_state,-925.0,125.0,0.000515806454966022
motion_relative,equal_state,-875.0,125.0,0.0004863218936238144
motion_relative,equal_state,-825.0,125.0,0.0005051014991305522
motion_relative,equal_state,-775.0,125.0,0.0005727503480971895
motion_relative,equal_state,-725.0,125.0,0.0006382041886713558
motion_relative,equal_state,-675.0,125.0,0.0008703111507081833
motion_relative,equal_state,-625.0,125.0,0.000901305860114394
motion_relative,equal_state,-575.0,125.0,0.0010609463868309047
motion_relative,equal_state,-525.0,125.0,0.001229557186900375
motion_relative,equal_state,-475.0,125.0,0.0014716474261501332
motion_relative,equal_state,-425.0,125.0,0.0016767445182820622
motion_relative,equal_state,-375.0,125.0,0.0018461299291616653
motion_relative,equal_state,-325.0,125.0,0.0019770322855698
motion_relative,equal_state,-275.0,125.0,0.002140308821994511
motion_relative,equal_state,-225.0,125.0,0.002240873627340848
motion_relative,equal_state,-175.0,125.0,0.001834339814197857
motion_relative,equal_state,-125.0,125.0,0.001705491126487607
motion_relative,equal_state,-75.0,125.0,0.0011270114836874727
motion_relative,equal_state,-25.0,125.0,0.0008046770554397902
motion_relative,equal_state,25.0,125.0,0.000522964574055445
motion_relative,equal_state,75.0,125.0,0.0004944212270093208
motion_relative,equal_state,125.0,125.0,0.0005938279368295881
motion_relative,equal_state,175.0,125.0,0.0006746961649779536
motion_relative,equal_state,225.0,125.0,0.0006585311975442578
motion_relative,equal_state,275.0,125.0,0.000581575477358112
motion_relative,equal_state,325.0,125.0,0.0006347784113662646
motion_relative,equal_state,375.0,125.0,0.00036268466235246546
motion_relative,equal_state,425.0,125.0,0.0002770123763654377
motion_relative,equal_state,475.0,125.0,0.0002449461316759571
motion_relative,equal_state,525.0,125.0,0.00018293945901524017
motion_relative,equal_state,575.0,125.0,0.00014138728374336602
motion_relative,equal_state,625.0,125.0,0.00011863779009929017
motion_relative,equal_state,675.0,125.0,0.00011906676529651588
motion_relative,equal_state,725.0,125.0,0.0001253604763871464
motion_relative,equal_state,775.0,125.0,0.0001412913095965316
motion_relative,equal_state,825.0,125.0,0.00017844415109788468
motion_relative,equal_state,875.0,125.0,0.00020090861327448056
motion_relative,equal_state,925.0,125.0,0.000311275973378138
motion_relative,equal_state,975.0,125.0,0.0004714706864851234
motion_relative,equal_state,1025.0,125.0,0.0005251170080686011
motion_relative,equal_state,1075.0,125.0,0.0006262652694592635
motion_relative,equal_state,-1075.0,175.0,0.0005079767073876014
motion_relative,equal_state,-1025.0,175.0,0.0005613940938473768
motion_relative,equal_state,-975.0,175.0,0.0004233762636577879
motion_relative,equal_state,-925.0,175.0,0.0004985219756348552
motion_relative,equal_state,-875.0,175.0,0.0005025333242415762
motion_relative,equal_state,-825.0,175.0,0.000501904339617482
motion_relative,equal_state,-775.0,175.0,0.0005742960390827988
motion_relative,equal_state,-725.0,175.0,0.0005376021139361975
motion_relative,equal_state,-675.0,175.0,0.0007750423985429121
motion_relative,equal_state,-625.0,175.0,0.0008265498373965244
motion_relative,equal_state,-575.0,175.0,0.000924956739738844
motion_relative,equal_state,-525.0,175.0,0.0011515834420315954
motion_relative,equal_state,-475.0,175.0,0.001310697264319756
motion_relative,equal_state,-425.0,175.0,0.0014561816913439636
motion_relative,equal_state,-375.0,175.0,0.0016046159865016972
motion_relative,equal_state,-325.0,175.0,0.0017285083044503962
motion_relative,equal_state,-275.0,175.0,0.001997665650552037
motion_relative,equal_state,-225.0,175.0,0.0020716091559514547
motion_relative,equal_state,-175.0,175.0,0.0019017056124396184
motion_relative,equal_state,-125.0,175.0,0.0018064465443541518
motion_relative,equal_state,-75.0,175.0,0.0012810503761997872
motion_relative,equal_state,-25.0,175.0,0.0009676133161637215
motion_relative,equal_state,25.0,175.0,0.0008287357621655337
motion_relative,equal_state,75.0,175.0,0.000740558586162433
motion_relative,equal_state,125.0,175.0,0.0006912122204846626
motion_relative,equal_state,175.0,175.0,0.000772653985554148
motion_relative,equal_state,225.0,175.0,0.0006577267480617789
motion_relative,equal_state,275.0,175.0,0.0006839771527771053
motion_relative,equal_state,325.0,175.0,0.0004588035296540202
motion_relative,equal_state,375.0,175.0,0.00034124246731151404
motion_relative,equal_state,425.0,175.0,0.0002645386408918605
motion_relative,equal_state,475.0,175.0,0.00027694301380059194
motion_relative,equal_state,525.0,175.0,0.00020334836956161387
motion_relative,equal_state,575.0,175.0,0.00013640649900716132
motion_relative,equal_state,625.0,175.0,0.00010307077421651139
motion_relative,equal_state,675.0,175.0,9.881774730665346e-05
motion_relative,equal_state,725.0,175.0,0.0001210042552757624
motion_relative,equal_state,775.0,175.0,0.00014543384342851636
motion_relative,equal_state,825.0,175.0,0.00014767833926299006
motion_relative,equal_state,875.0,175.0,0.0001793903100385892
motion_relative,equal_state,925.0,175.0,0.00027913768667772276
motion_relative,equal_state,975.0,175.0,0.00042760391409504296
motion_relative,equal_state,1025.0,175.0,0.0006185056779632301
motion_relative,equal_state,1075.0,175.0,0.0005011853040031945
motion_relative,equal_state,-1075.0,225.0,0.00036419943043152105
motion_relative,equal_state,-1025.0,225.0,0.0005062192382141499
motion_relative,equal_state,-975.0,225.0,0.00039886491433180376
motion_relative,equal_state,-925.0,225.0,0.0004233678338118585
motion_relative,equal_state,-875.0,225.0,0.0005142970822445012
motion_relative,equal_state,-825.0,225.0,0.00042216097453088224
motion_relative,equal_state,-775.0,225.0,0.0004696471884073228
motion_relative,equal_state,-725.0,225.0,0.0005399655975739479
motion_relative,equal_state,-675.0,225.0,0.0006275305603168125
motion_relative,equal_state,-625.0,225.0,0.000722354234296027
motion_relative,equal_state,-575.0,225.0,0.0007870760939286033
motion_relative,equal_state,-525.0,225.0,0.0010305410693913727
motion_relative,equal_state,-475.0,225.0,0.0012690841725088442
motion_relative,equal_state,-425.0,225.0,0.0014387037740230364
motion_relative,equal_state,-375.0,225.0,0.0014610878604519714
motion_relative,equal_state,-325.0,225.0,0.0016788231198036061
motion_relative,equal_state,-275.0,225.0,0.0017693198388148018
motion_relative,equal_state,-225.0,225.0,0.001921144951886012
motion_relative,equal_state,-175.0,225.0,0.0017489289745902352
motion_relative,equal_state,-125.0,225.0,0.0016775020631348294
motion_relative,equal_state,-75.0,225.0,0.0013923865113317088
motion_relative,equal_state,-25.0,225.0,0.0012592995529469575
motion_relative,equal_state,25.0,225.0,0.0010398969068877515
motion_relative,equal_state,75.0,225.0,0.0008544274376148449
motion_relative,equal_state,125.0,225.0,0.0007274191836854577
motion_relative,equal_state,175.0,225.0,0.0007203859758234097
motion_relative,equal_state,225.0,225.0,0.0005748274076970816
motion_relative,equal_state,275.0,225.0,0.0005396247361175191
motion_relative,equal_state,325.0,225.0,0.0004094579045544381
motion_relative,equal_state,375.0,225.0,0.0003869926962157295
motion_relative,equal_state,425.0,225.0,0.0002547524207758256
motion_relative,equal_state,475.0,225.0,0.00025692796072680535
motion_relative,equal_state,525.0,225.0,0.00017209102403288013
motion_relative,equal_state,575.0,225.0,0.00013890806253678606
motion_relative,equal_state,625.0,225.0,0.00010675064727209633
motion_relative,equal_state,675.0,225.0,0.00019203849854074296
motion_relative,equal_state,725.0,225.0,0.00013336080822117318
motion_relative,equal_state,775.0,225.0,0.00020139493634898614
motion_relative,equal_state,825.0,225.0,0.000182785464787417
motion_relative,equal_state,875.0,225.0,0.00024686019233049886
motion_relative,equal_state,925.0,225.0,0.0003045563398947742
motion_relative,equal_state,975.0,225.0,0.00034970749676694593
motion_relative,equal_state,1025.0,225.0,0.0006057777929174548
motion_relative,equal_state,1075.0,225.0,0.00043929340244604724
motion_relative,equal_state,-1075.0,275.0,0.00016810790291314298
motion_relative,equal_state,-1025.0,275.0,0.00045687420477061845
motion_relative,equal_state,-975.0,275.0,0.0004669762041096705
motion_relative,equal_state,-925.0,275.0,0.0004066985754612289
motion_relative,equal_state,-875.0,275.0,0.0004232292210417685
motion_relative,equal_state,-825.0,275.0,0.00045925779305260744
motion_relative,equal_state,-775.0,275.0,0.0004237107973746031
motion_relative,equal_state,-725.0,275.0,0.0005107407664242689
motion_relative,equal_state,-675.0,275.0,0.0005456747526516424
motion_relative,equal_state,-625.0,275.0,0.0006027383444223311
motion_relative,equal_state,-575.0,275.0,0.0007254666605002915
motion_relative,equal_state,-525.0,275.0,0.0008863936289704153
motion_relative,equal_state,-475.0,275.0,0.0010932441820930535
motion_relative,equal_state,-425.0,275.0,0.0012020782237032659
motion_relative,equal_state,-375.0,275.0,0.0012790547652780358
motion_relative,equal_state,-325.0,275.0,0.0014003293272650482
motion_relative,equal_state,-275.0,275.0,0.0014823182847835661
motion_relative,equal_state,-225.0,275.0,0.0016280075094709005
motion_relative,equal_state,-175.0,275.0,0.0016442931517427603
motion_relative,equal_state,-125.0,275.0,0.0015183041244561624
motion_relative,equal_state,-75.0,275.0,0.0014454591113152047
motion_relative,equal_state,-25.0,275.0,0.001330478108614854
motion_relative,equal_state,25.0,275.0,0.0009636302588123496
motion_relative,equal_state,75.0,275.0,0.0009024686412427638
motion_relative,equal_state,125.0,275.0,0.0007865931064942949
motion_relative,equal_state,175.0,275.0,0.0006777056291887007
motion_relative,equal_state,225.0,275.0,0.0005582875323719348
motion_relative,equal_state,275.0,275.0,0.0005258125023804185
motion_relative,equal_state,325.0,275.0,0.00038691517051409947
motion_relative,equal_state,375.0,275.0,0.0002993951775130866
motion_relative,equal_state,425.0,275.0,0.00021773239197849634
motion_relative,equal_state,475.0,275.0,0.00020360803632117389
motion_relative,equal_state,525.0,275.0,0.00013394093097307785
motion_relative,equal_state,575.0,275.0,0.00010205278565523808
motion_relative,equal_state,625.0,275.0,9.96112324968308e-05
motion_relative,equal_state,675.0,275.0,0.00013722184519349454
motion_relative,equal_state,725.0,275.0,0.00013328779442163172
motion_relative,equal_state,775.0,275.0,0.00017940578784976326
motion_relative,equal_state,825.0,275.0,0.00015395961564451552
motion_relative,equal_state,875.0,275.0,0.00021627968735058188
motion_relative,equal_state,925.0,275.0,0.0003566744180574497
motion_relative,equal_state,975.0,275.0,0.00039642413100677356
motion_relative,equal_state,1025.0,275.0,0.0005630409185397423
motion_relative,equal_state,1075.0,275.0,0.0002795286065605906
motion_relative,equal_state,-1075.0,325.0,3.128147706224875e-05
motion_relative,equal_state,-1025.0,325.0,0.0004729053617365021
motion_relative,equal_state,-975.0,325.0,0.0005311361779791314
motion_relative,equal_state,-925.0,325.0,0.00034386648993450233
motion_relative,equal_state,-875.0,325.0,0.00032139060646959385
motion_relative,equal_state,-825.0,325.0,0.00038950373176502984
motion_relative,equal_state,-775.0,325.0,0.00040831511619660054
motion_relative,equal_state,-725.0,325.0,0.0004412921435526007
motion_relative,equal_state,-675.0,325.0,0.0005086447579707935
motion_relative,equal_state,-625.0,325.0,0.0006350778893741439
motion_relative,equal_state,-575.0,325.0,0.0006980541624106696
motion_relative,equal_state,-525.0,325.0,0.0008297002323914079
motion_relative,equal_state,-475.0,325.0,0.000897377212727226
motion_relative,equal_state,-425.0,325.0,0.0009460976648490329
motion_relative,equal_state,-375.0,325.0,0.0010888254588626548
motion_relative,equal_state,-325.0,325.0,0.0011009696363854082
motion_relative,equal_state,-275.0,325.0,0.0012237793135462215
motion_relative,equal_state,-225.0,325.0,0.00135561311630255
motion_relative,equal_state,-175.0,325.0,0.001408204319386985
motion_relative,equal_state,-125.0,325.0,0.0012198621562914008
motion_relative,equal_state,-75.0,325.0,0.0012793698476792291
motion_relative,equal_state,-25.0,325.0,0.0012755334452597357
motion_relative,equal_state,25.0,325.0,0.0010770775247710188
motion_relative,equal_state,75.0,325.0,0.0009095848627953744
motion_relative,equal_state,125.0,325.0,0.0007911437992845099
motion_relative,equal_state,175.0,325.0,0.000688346395942508
motion_relative,equal_state,225.0,325.0,0.0005284336487947165
motion_relative,equal_state,275.0,325.0,0.00041872130658901827
motion_relative,equal_state,325.0,325.0,0.0003257216981202762
motion_relative,equal_state,375.0,325.0,0.0002573357786709101
motion_relative,equal_state,425.0,325.0,0.00021031858132728427
motion_relative,equal_state,475.0,325.0,0.00015481710565114963
motion_relative,equal_state,525.0,325.0,0.00014139694071280067
motion_relative,equal_state,575.0,325.0,0.00010860849408739001
motion_relative,equal_state,625.0,325.0,0.00010850273837556117
motion_relative,equal_state,675.0,325.0,9.288507034717327e-05
motion_relative,equal_state,725.0,325.0,0.00016263871180240987
motion_relative,equal_state,775.0,325.0,0.00014913129809749414
motion_relative,equal_state,825.0,325.0,0.00023815544865477963
motion_relative,equal_state,875.0,325.0,0.0002477417626615977
motion_relative,equal_state,925.0,325.0,0.00036031700034310654
motion_relative,equal_state,975.0,325.0,0.000499169476084483
motion_relative,equal_state,1025.0,325.0,0.0006912462205652863
motion_relative,equal_state,1075.0,325.0,6.976622327275732e-05
motion_relative,equal_state,-1075.0,375.0,0.0
motion_relative,equal_state,-1025.0,375.0,0.00032464057043228903
motion_relative,equal_state,-975.0,375.0,0.0004571436501230424
motion_relative,equal_state,-925.0,375.0,0.0003361070807102146
motion_relative,equal_state,-875.0,375.0,0.00029220789841614194
motion_relative,equal_state,-825.0,375.0,0.0003704413522115818
motion_relative,equal_state,-775.0,375.0,0.00039672374794798987
motion_relative,equal_state,-725.0,375.0,0.000394281112968511
motion_relative,equal_state,-675.0,375.0,0.00048387633348493254
motion_relative,equal_state,-625.0,375.0,0.0005405474185475086
motion_relative,equal_state,-575.0,375.0,0.0005650290831464941
motion_relative,equal_state,-525.0,375.0,0.0007200016139445836
motion_relative,equal_state,-475.0,375.0,0.0007757161200850954
motion_relative,equal_state,-425.0,375.0,0.0008096217867617502
motion_relative,equal_state,-375.0,375.0,0.0008365550514035365
motion_relative,equal_state,-325.0,375.0,0.0009389955220993221
motion_relative,equal_state,-275.0,375.0,0.001039710930023763
motion_relative,equal_state,-225.0,375.0,0.0011881374525771452
motion_relative,equal_state,-175.0,375.0,0.0011655079624705153
motion_relative,equal_state,-125.0,375.0,0.001169480438666092
motion_relative,equal_state,-75.0,375.0,0.0009923079440600328
motion_relative,equal_state,-25.0,375.0,0.0008971496754920891
motion_relative,equal_state,25.0,375.0,0.000841491753931415
motion_relative,equal_state,75.0,375.0,0.0007259393421463438
motion_relative,equal_state,125.0,375.0,0.0006351020378340104
motion_relative,equal_state,175.0,375.0,0.0006140047802958749
motion_relative,equal_state,225.0,375.0,0.0004397587645363982
motion_relative,equal_state,275.0,375.0,0.000365255202470738
motion_relative,equal_state,325.0,375.0,0.0002972159851457829
motion_relative,equal_state,375.0,375.0,0.00022408917822795742
motion_relative,equal_state,425.0,375.0,0.00016111746980411562
motion_relative,equal_state,475.0,375.0,0.00014774687728696332
motion_relative,equal_state,525.0,375.0,0.00012487096899997741
motion_relative,equal_state,575.0,375.0,0.00010612395495518462
motion_relative,equal_state,625.0,375.0,0.00010750139118355987
motion_relative,equal_state,675.0,375.0,0.00013571232630094865
motion_relative,equal_state,725.0,375.0,0.00011338425643782522
motion_relative,equal_state,775.0,375.0,0.00013942604687725574
motion_relative,equal_state,825.0,375.0,0.00017671750887830195
motion_relative,equal_state,875.0,375.0,0.00024878239710569416
motion_relative,equal_state,925.0,375.0,0.000374218970881128
motion_relative,equal_state,975.0,375.0,0.0005488645224457498
motion_relative,equal_state,1025.0,375.0,0.0005301604443301331
motion_relative,equal_state,1075.0,375.0,0.0
motion_relative,equal_state,-1075.0,425.0,0.0
motion_relative,equal_state,-1025.0,425.0,0.00012696290367744315
motion_relative,equal_state,-975.0,425.0,0.00047562947481235115
motion_relative,equal_state,-925.0,425.0,0.0003630551685875706
motion_relative,equal_state,-875.0,425.0,0.00029959680359830277
motion_relative,equal_state,-825.0,425.0,0.00035055684564311675
motion_relative,equal_state,-775.0,425.0,0.00036059895777118545
motion_relative,equal_state,-725.0,425.0,0.0003581903193265855
motion_relative,equal_state,-675.0,425.0,0.0005032984091656094
motion_relative,equal_state,-625.0,425.0,0.0004604587418893362
motion_relative,equal_state,-575.0,425.0,0.0005114395316653675
motion_relative,equal_state,-525.0,425.0,0.0005791623138690343
motion_relative,equal_state,-475.0,425.0,0.0006534824099120332
motion_relative,equal_state,-425.0,425.0,0.0007261029812314822
motion_relative,equal_state,-375.0,425.0,0.0007831638741993946
motion_relative,equal_state,-325.0,425.0,0.0008555482900188127
motion_relative,equal_state,-275.0,425.0,0.00094994362086355
motion_relative,equal_state,-225.0,425.0,0.0008785202815511471
motion_relative,equal_state,-175.0,425.0,0.000961892649213096
motion_relative,equal_state,-125.0,425.0,0.0010030564126948967
motion_relative,equal_state,-75.0,425.0,0.0008452399142288695
motion_relative,equal_state,-25.0,425.0,0.0008103271312159994
motion_relative,equal_state,25.0,425.0,0.0007219767974071096
motion_relative,equal_state,75.0,425.0,0.0006468306941184575
motion_relative,equal_state,125.0,425.0,0.0005805888575418746
motion_relative,equal_state,175.0,425.0,0.0005069678897010813
motion_relative,equal_state,225.0,425.0,0.0003666026503142973
motion_relative,equal_state,275.0,425.0,0.0002896898204433818
motion_relative,equal_state,325.0,425.0,0.0002375418918471172
motion_relative,equal_state,375.0,425.0,0.00019874739985209467
motion_relative,equal_state,425.0,425.0,0.00016497717386538475
motion_relative,equal_state,475.0,425.0,0.00013200914841989968
motion_relative,equal_state,525.0,425.0,0.00013566495487304331
motion_relative,equal_state,575.0,425.0,0.00011989575446788699
motion_relative,equal_state,625.0,425.0,0.00011734564985491965
motion_relative,equal_state,675.0,425.0,0.00017905914359589626
motion_relative,equal_state,725.0,425.0,0.0001282223124567023
motion_relative,equal_state,775.0,425.0,0.00015407423606726513
motion_relative,equal_state,825.0,425.0,0.00018249468380588762
motion_relative,equal_state,875.0,425.0,0.0002730216096345649
motion_relative,equal_state,925.0,425.0,0.0004295200282405843
motion_relative,equal_state,975.0,425.0,0.0006331156572193007
motion_relative,equal_state,1025.0,425.0,0.000250857128412922
motion_relative,equal_state,1075.0,425.0,0.0
motion_relative,equal_state,-1075.0,475.0,0.0
motion_relative,equal_state,-1025.0,475.0,1.7478071541472231e-06
motion_relative,equal_state,-975.0,475.0,0.00048715007274344874
motion_relative,equal_state,-925.0,475.0,0.0003533555130443929
motion_relative,equal_state,-875.0,475.0,0.00031581258775416945
motion_relative,equal_state,-825.0,475.0,0.00035086567316059113
motion_relative,equal_state,-775.0,475.0,0.00036900833769483215
motion_relative,equal_state,-725.0,475.0,0.0003438145956361776
motion_relative,equal_state,-675.0,475.0,0.00037439089054864156
motion_relative,equal_state,-625.0,475.0,0.00044787435020782966
motion_relative,equal_state,-575.0,475.0,0.00042275300645112316
motion_relative,equal_state,-525.0,475.0,0.0004964403090143813
motion_relative,equal_state,-475.0,475.0,0.0005127326288376928
motion_relative,equal_state,-425.0,475.0,0.0005869140724082369
motion_relative,equal_state,-375.0,475.0,0.0005952319564769523
motion_relative,equal_state,-325.0,475.0,0.0006382614774981835
motion_relative,equal_state,-275.0,475.0,0.0006788574357874307
motion_relative,equal_state,-225.0,475.0,0.0006939316691346413
motion_relative,equal_state,-175.0,475.0,0.0007528162295900681
motion_relative,equal_state,-125.0,475.0,0.0007531461623905207
motion_relative,equal_state,-75.0,475.0,0.0007000551910256532
motion_relative,equal_state,-25.0,475.0,0.0006877995015587685
motion_relative,equal_state,25.0,475.0,0.0006699535466356833
motion_relative,equal_state,75.0,475.0,0.0005668169831479976
motion_relative,equal_state,125.0,475.0,0.0004323508520951954
motion_relative,equal_state,175.0,475.0,0.00035306409118520283
motion_relative,equal_state,225.0,475.0,0.0003162310278206217
motion_relative,equal_state,275.0,475.0,0.0002409608766078613
motion_relative,equal_state,325.0,475.0,0.0001927985749124713
motion_relative,equal_state,375.0,475.0,0.00018137793112731122
motion_relative,equal_state,425.0,475.0,0.00014495588262869281
motion_relative,equal_state,475.0,475.0,0.0001323950609991702
motion_relative,equal_state,525.0,475.0,0.0001361961663634501
motion_relative,equal_state,575.0,475.0,0.00012012943848667888
motion_relative,equal_state,625.0,475.0,0.00011591707441102358
motion_relative,equal_state,675.0,475.0,0.00015485004768516498
motion_relative,equal_state,725.0,475.0,0.00016970952695595525
motion_relative,equal_state,775.0,475.0,0.0001658134085695539
motion_relative,equal_state,825.0,475.0,0.00022835054739877658
motion_relative,equal_state,875.0,475.0,0.00033875729533568795
motion_relative,equal_state,925.0,475.0,0.00042768487823336684
motion_relative,equal_state,975.0,475.0,0.0005249032214670704
motion_relative,equal_state,1025.0,475.0,3.220987677724842e-06
motion_relative,equal_state,1075.0,475.0,0.0
motion_relative,equal_state,-1075.0,525.0,0.0
motion_relative,equal_state,-1025.0,525.0,0.0
motion_relative,equal_state,-975.0,525.0,0.00015342277438870736
motion_relative,equal_state,-925.0,525.0,0.00040868601874500073
motion_relative,equal_state,-875.0,525.0,0.00030384374786438726
motion_relative,equal_state,-825.0,525.0,0.0003652381217705391
motion_relative,equal_state,-775.0,525.0,0.0002872436581591337
motion_relative,equal_state,-725.0,525.0,0.0003859536999985662
motion_relative,equal_state,-675.0,525.0,0.00034919797900264006
motion_relative,equal_state,-625.0,525.0,0.00035634309027176273
motion_relative,equal_state,-575.0,525.0,0.0003866815308863457
motion_relative,equal_state,-525.0,525.0,0.00044649417795280876
motion_relative,equal_state,-475.0,525.0,0.0004741592848488055
motion_relative,equal_state,-425.0,525.0,0.0004429011526171026
motion_relative,equal_state,-375.0,525.0,0.0005410870344642177
motion_relative,equal_state,-325.0,525.0,0.0005844310394822387
motion_relative,equal_state,-275.0,525.0,0.0005644014663439448
motion_relative,equal_state,-225.0,525.0,0.0007224337937845328
motion_relative,equal_state,-175.0,525.0,0.000549284423930055
motion_relative,equal_state,-125.0,525.0,0.0005582807027671166
motion_relative,equal_state,-75.0,525.0,0.0005486385561724555
motion_relative,equal_state,-25.0,525.0,0.0005561242549649338
motion_relative,equal_state,25.0,525.0,0.0004790021616071447
motion_relative,equal_state,75.0,525.0,0.0004436469014987666
motion_relative,equal_state,125.0,525.0,0.000433305391991316
motion_relative,equal_state,175.0,525.0,0.0003034241710148105
motion_relative,equal_state,225.0,525.0,0.00023454499422344248
motion_relative,equal_state,275.0,525.0,0.00020604610741552159
motion_relative,equal_state,325.0,525.0,0.00018668942408557
motion_relative,equal_state,375.0,525.0,0.0002023764925717465
motion_relative,equal_state,425.0,525.0,0.0001273890865925432
motion_relative,equal_state,475.0,525.0,0.00011102985279609262
motion_relative,equal_state,525.0,525.0,0.00013442766096973292
motion_relative,equal_state,575.0,525.0,0.00011429996406892175
motion_relative,equal_state,625.0,525.0,0.00011951551283556791
motion_relative,equal_state,675.0,525.0,0.00012986977439584466
motion_relative,equal_state,725.0,525.0,0.00015145560015889753
motion_relative,equal_state,775.0,525.0,0.00018112996851240833
motion_relative,equal_state,825.0,525.0,0.00024099788898996046
motion_relative,equal_state,875.0,525.0,0.0003908251528912988
motion_relative,equal_state,925.0,525.0,0.0005884871654318066
motion_relative,equal_state,975.0,525.0,0.0002526613924932176
motion_relative,equal_state,1025.0,525.0,0.0
motion_relative,equal_state,1075.0,525.0,0.0
motion_relative,equal_state,-1075.0,575.0,0.0
motion_relative,equal_state,-1025.0,575.0,0.0
motion_relative,equal_state,-975.0,575.0,2.395491174107765e-07
motion_relative,equal_state,-925.0,575.0,0.0003364476848572047
motion_relative,equal_state,-875.0,575.0,0.0004024627045756401
motion_relative,equal_state,-825.0,575.0,0.00029527699264969245
motion_relative,equal_state,-775.0,575.0,0.0003979868707671195
motion_relative,equal_state,-725.0,575.0,0.0003174652769637996
motion_relative,equal_state,-675.0,575.0,0.00034009304411369964
motion_relative,equal_state,-625.0,575.0,0.00030207121999486976
motion_relative,equal_state,-575.0,575.0,0.00033845242736930026
motion_relative,equal_state,-525.0,575.0,0.0003307639870431489
motion_relative,equal_state,-475.0,575.0,0.0003648030833025671
motion_relative,equal_state,-425.0,575.0,0.00036901892450593116
motion_relative,equal_state,-375.0,575.0,0.00044697408417022764
motion_relative,equal_state,-325.0,575.0,0.0004375436792533323
motion_relative,equal_state,-275.0,575.0,0.00044957234443729414
motion_relative,equal_state,-225.0,575.0,0.00046088990641492936
motion_relative,equal_state,-175.0,575.0,0.0004613572452661237
motion_relative,equal_state,-125.0,575.0,0.000456620023992771
motion_relative,equal_state,-75.0,575.0,0.00042908289284946505
motion_relative,equal_state,-25.0,575.0,0.0004783680082968996
motion_relative,equal_state,25.0,575.0,0.00044709563341500784
motion_relative,equal_state,75.0,575.0,0.0003694173721845475
motion_relative,equal_state,125.0,575.0,0.00029234829018860383
motion_relative,equal_state,175.0,575.0,0.0002444555309627511
motion_relative,equal_state,225.0,575.0,0.00020172077314265034
motion_relative,equal_state,275.0,575.0,0.0001780418724429219
motion_relative,equal_state,325.0,575.0,0.00019985077262045455
motion_relative,equal_state,375.0,575.0,0.00013081011820343297
motion_relative,equal_state,425.0,575.0,0.00018385060669136644
motion_relative,equal_state,475.0,575.0,0.00015420056151186306
motion_relative,equal_state,525.0,575.0,0.00011451988305957058
motion_relative,equal_state,575.0,575.0,0.00010737317570481531
motion_relative,equal_state,625.0,575.0,0.00012877777140403018
motion_relative,equal_state,675.0,575.0,0.00013350667801698688
motion_relative,equal_state,725.0,575.0,0.0001406842648865678
motion_relative,equal_state,775.0,575.0,0.00019389216348254297
motion_relative,equal_state,825.0,575.0,0.0002541762441049617
motion_relative,equal_state,875.0,575.0,0.0005224833881853838
motion_relative,equal_state,925.0,575.0,0.0004890091053699789
motion_relative,equal_state,975.0,575.0,1.5526635261647039e-06
motion_relative,equal_state,1025.0,575.0,0.0
motion_relative,equal_state,1075.0,575.0,0.0
motion_relative,equal_state,-1075.0,625.0,0.0
motion_relative,equal_state,-1025.0,625.0,0.0
motion_relative,equal_state,-975.0,625.0,0.0
motion_relative,equal_state,-925.0,625.0,5.7425458831067934e-05
motion_relative,equal_state,-875.0,625.0,0.0004307519307681204
motion_relative,equal_state,-825.0,625.0,0.0002962845133349628
motion_relative,equal_state,-775.0,625.0,0.00032787742136763124
motion_relative,equal_state,-725.0,625.0,0.0002975752272620309
motion_relative,equal_state,-675.0,625.0,0.0003129608030014028
motion_relative,equal_state,-625.0,625.0,0.0002976871888191468
motion_relative,equal_state,-575.0,625.0,0.0003351414016975726
motion_relative,equal_state,-525.0,625.0,0.0003264780193118636
motion_relative,equal_state,-475.0,625.0,0.0003154249603880879
motion_relative,equal_state,-425.0,625.0,0.00032907761234378375
motion_relative,equal_state,-375.0,625.0,0.0003454346336264976
motion_relative,equal_state,-325.0,625.0,0.00033401181434507244
motion_relative,equal_state,-275.0,625.0,0.0003714751624068867
motion_relative,equal_state,-225.0,625.0,0.00040693604827722715
motion_relative,equal_state,-175.0,625.0,0.000407844932075768
motion_relative,equal_state,-125.0,625.0,0.0003812158629954225
motion_relative,equal_state,-75.0,625.0,0.0003474208606364163
motion_relative,equal_state,-25.0,625.0,0.00038153566870180005
motion_relative,equal_state,25.0,625.0,0.0003314122852122362
motion_relative,equal_state,75.0,625.0,0.0002836040294366771
motion_relative,equal_state,125.0,625.0,0.00025547443099386397
motion_relative,equal_state,175.0,625.0,0.00021271003323339888
motion_relative,equal_state,225.0,625.0,0.00020997723868844507
motion_relative,equal_state,275.0,625.0,0.0001728778291810705
motion_relative,equal_state,325.0,625.0,0.00014859180568071558
motion_relative,equal_state,375.0,625.0,0.00012451794180364618
motion_relative,equal_state,425.0,625.0,0.0001160000494157313
motion_relative,equal_state,475.0,625.0,0.0001379440624991916
motion_relative,equal_state,525.0,625.0,0.00010449655429951246
motion_relative,equal_state,575.0,625.0,0.00012930069641940045
motion_relative,equal_state,625.0,625.0,0.00014575281428616405
motion_relative,equal_state,675.0,625.0,0.0001826357381140346
motion_relative,equal_state,725.0,625.0,0.00032765408225122626
motion_relative,equal_state,775.0,625.0,0.00023508443026950212
motion_relative,equal_state,825.0,625.0,0.0003064682892496918
motion_relative,equal_state,875.0,625.0,0.000636010290259516
motion_relative,equal_state,925.0,625.0,0.00012763791763110183
motion_relative,equal_state,975.0,625.0,0.0
motion_relative,equal_state,1025.0,625.0,0.0
motion_relative,equal_state,1075.0,625.0,0.0
motion_relative,equal_state,-1075.0,675.0,0.0
motion_relative,equal_state,-1025.0,675.0,0.0
motion_relative,equal_state,-975.0,675.0,0.0
motion_relative,equal_state,-925.0,675.0,0.0
motion_relative,equal_state,-875.0,675.0,0.0002668314178050249
motion_relative,equal_state,-825.0,675.0,0.0004686229244317549
motion_relative,equal_state,-775.0,675.0,0.00036997908895332506
motion_relative,equal_state,-725.0,675.0,0.00029574529813986483
motion_relative,equal_state,-675.0,675.0,0.00028033244318392993
motion_relative,equal_state,-625.0,675.0,0.00030713801411065805
motion_relative,equal_state,-575.0,675.0,0.00029924515275463133
motion_relative,equal_state,-525.0,675.0,0.00038321146822403046
motion_relative,equal_state,-475.0,675.0,0.00029360682896956294
motion_relative,equal_state,-425.0,675.0,0.00033101600001477464
motion_relative,equal_state,-375.0,675.0,0.0003160672895423507
motion_relative,equal_state,-325.0,675.0,0.00038620826945642465
motion_relative,equal_state,-275.0,675.0,0.00033891973807641474
motion_relative,equal_state,-225.0,675.0,0.0003080116349939256
motion_relative,equal_state,-175.0,675.0,0.0003058750953382573
motion_relative,equal_state,-125.0,675.0,0.00036879556175180154
motion_relative,equal_state,-75.0,675.0,0.0003509100565757591
motion_relative,equal_state,-25.0,675.0,0.0003581298507416091
motion_relative,equal_state,25.0,675.0,0.00027625335427785506
motion_relative,equal_state,75.0,675.0,0.00024661085980255204
motion_relative,equal_state,125.0,675.0,0.00020913018127752503
motion_relative,equal_state,175.0,675.0,0.0002017095477173881
motion_relative,equal_state,225.0,675.0,0.00019023228345978757
motion_relative,equal_state,275.0,675.0,0.00018320167824143296
motion_relative,equal_state,325.0,675.0,0.00014788018433986642
motion_relative,equal_state,375.0,675.0,0.0001652410300560432
motion_relative,equal_state,425.0,675.0,0.00013022306963430784
motion_relative,equal_state,475.0,675.0,0.0001550732976531373
motion_relative,equal_state,525.0,675.0,0.00014541476564329644
motion_relative,equal_state,575.0,675.0,0.00013781554220336118
motion_relative,equal_state,625.0,675.0,0.00018760758570395957
motion_relative,equal_state,675.0,675.0,0.00021324694090634592
motion_relative,equal_state,725.0,675.0,0.00025478808886058587
motion_relative,equal_state,775.0,675.0,0.0003029655707069128
motion_relative,equal_state,825.0,675.0,0.000537005517865948
motion_relative,equal_state,875.0,675.0,0.0002900017870001302
motion_relative,equal_state,925.0,675.0,0.0
motion_relative,equal_state,975.0,675.0,0.0
motion_relative,equal_state,1025.0,675.0,0.0
motion_relative,equal_state,1075.0,675.0,0.0
motion_relative,equal_state,-1075.0,725.0,0.0
motion_relative,equal_state,-1025.0,725.0,0.0
motion_relative,equal_state,-975.0,725.0,0.0
motion_relative,equal_state,-925.0,725.0,0.0
motion_relative,equal_state,-875.0,725.0,0.0
motion_relative,equal_state,-825.0,725.0,0.00022153690082941797
motion_relative,equal_state,-775.0,725.0,0.0003796904057181271
motion_relative,equal_state,-725.0,725.0,0.00040872300915431863
motion_relative,equal_state,-675.0,725.0,0.00030100397322231214
motion_relative,equal_state,-625.0,725.0,0.00027225807483650174
motion_relative,equal_state,-575.0,725.0,0.0002798814869013437
motion_relative,equal_state,-525.0,725.0,0.00027375595515873784
motion_relative,equal_state,-475.0,725.0,0.00028339098609478814
motion_relative,equal_state,-425.0,725.0,0.0002555255236821279
motion_relative,equal_state,-375.0,725.0,0.00027197131364071944
motion_relative,equal_state,-325.0,725.0,0.00030430435549550405
motion_relative,equal_state,-275.0,725.0,0.0002848223457007707
motion_relative,equal_state,-225.0,725.0,0.00026469721548397077
motion_relative,equal_state,-175.0,725.0,0.00025180580035525214
motion_relative,equal_state,-125.0,725.0,0.0002892079755661803
motion_relative,equal_state,-75.0,725.0,0.00026869081403593564
motion_relative,equal_state,-25.0,725.0,0.0002306922433993609
motion_relative,equal_state,25.0,725.0,0.00021914709861736234
motion_relative,equal_state,75.0,725.0,0.0001940987696767072
motion_relative,equal_state,125.0,725.0,0.00018181960897601488
motion_relative,equal_state,175.0,725.0,0.00016926014363039183
motion_relative,equal_state,225.0,725.0,0.0001631151009541176
motion_relative,equal_state,275.0,725.0,0.00016320779238118818
motion_relative,equal_state,325.0,725.0,0.00016253912954773052
motion_relative,equal_state,375.0,725.0,0.00020002595846149664
motion_relative,equal_state,425.0,725.0,0.000208326024154296
motion_relative,equal_state,475.0,725.0,0.00016961196551432077
motion_relative,equal_state,525.0,725.0,0.00017685512922171058
motion_relative,equal_state,575.0,725.0,0.00016270322035713243
motion_relative,equal_state,625.0,725.0,0.0001895036510083868
motion_relative,equal_state,675.0,725.0,0.0002529409851202758
motion_relative,equal_state,725.0,725.0,0.00035743159053392337
motion_relative,equal_state,775.0,725.0,0.0005036869268120292
motion_relative,equal_state,825.0,725.0,0.00039008038890451114
motion_relative,equal_state,875.0,725.0,0.0
motion_relative,equal_state,925.0,725.0,0.0
motion_relative,equal_state,975.0,725.0,0.0
motion_relative,equal_state,1025.0,725.0,0.0
motion_relative,equal_state,1075.0,725.0,0.0
motion_relative,equal_state,-1075.0,775.0,0.0
motion_relative,equal_state,-1025.0,775.0,0.0
motion_relative,equal_state,-975.0,775.0,0.0
motion_relative,equal_state,-925.0,775.0,0.0
motion_relative,equal_state,-875.0,775.0,0.0
motion_relative,equal_state,-825.0,775.0,6.233571634697979e-07
motion_relative,equal_state,-775.0,775.0,0.00030130856286795024
motion_relative,equal_state,-725.0,775.0,0.00044347405409226774
motion_relative,equal_state,-675.0,775.0,0.0002876842098215274
motion_relative,equal_state,-625.0,775.0,0.00024242488475686064
motion_relative,equal_state,-575.0,775.0,0.0002418205335968453
motion_relative,equal_state,-525.0,775.0,0.00023085145345118582
motion_relative,equal_state,-475.0,775.0,0.00029186027090998223
motion_relative,equal_state,-425.0,775.0,0.0002519732293504258
motion_relative,equal_state,-375.0,775.0,0.0002384652443428768
motion_relative,equal_state,-325.0,775.0,0.0002583845642979098
motion_relative,equal_state,-275.0,775.0,0.00024362689075010648
motion_relative,equal_state,-225.0,775.0,0.00023409466471637733
motion_relative,equal_state,-175.0,775.0,0.00022862880184131498
motion_relative,equal_state,-125.0,775.0,0.000287222409561162
motion_relative,equal_state,-75.0,775.0,0.0002558773060597701
motion_relative,equal_state,-25.0,775.0,0.00022155459161700408
motion_relative,equal_state,25.0,775.0,0.00021008061629174555
motion_relative,equal_state,75.0,775.0,0.00022293674682996662
motion_relative,equal_state,125.0,775.0,0.00020166525883247917
motion_relative,equal_state,175.0,775.0,0.0001615290103966052
motion_relative,equal_state,225.0,775.0,0.00015997884746754958
motion_relative,equal_state,275.0,775.0,0.00016273575638746916
motion_relative,equal_state,325.0,775.0,0.00017157500476425012
motion_relative,equal_state,375.0,775.0,0.00016858378486253942
motion_relative,equal_state,425.0,775.0,0.00015392011834123123
motion_relative,equal_state,475.0,775.0,0.0001718450909547752
motion_relative,equal_state,525.0,775.0,0.0001872733161627548
motion_relative,equal_state,575.0,775.0,0.000219330696507671
motion_relative,equal_state,625.0,775.0,0.00024250146987209325
motion_relative,equal_state,675.0,775.0,0.0003199355459312501
motion_relative,equal_state,725.0,775.0,0.0004625306868225796
motion_relative,equal_state,775.0,775.0,0.000456007637731497
motion_relative,equal_state,825.0,775.0,1.4278328240881098e-06
motion_relative,equal_state,875.0,775.0,0.0
motion_relative,equal_state,925.0,775.0,0.0
motion_relative,equal_state,975.0,775.0,0.0
motion_relative,equal_state,1025.0,775.0,0.0
motion_relative,equal_state,1075.0,775.0,0.0
motion_relative,equal_state,-1075.0,825.0,0.0
motion_relative,equal_state,-1025.0,825.0,0.0
motion_relative,equal_state,-975.0,825.0,0.0
motion_relative,equal_state,-925.0,825.0,0.0
motion_relative,equal_state,-875.0,825.0,0.0
motion_relative,equal_state,-825.0,825.0,0.0
motion_relative,equal_state,-775.0,825.0,8.109507958848883e-07
motion_relative,equal_state,-725.0,825.0,0.00031838923905245137
motion_relative,equal_state,-675.0,825.0,0.00032344969135744597
motion_relative,equal_state,-625.0,825.0,0.00025393807295527463
motion_relative,equal_state,-575.0,825.0,0.0002392347685719613
motion_relative,equal_state,-525.0,825.0,0.00027810231572695355
motion_relative,equal_state,-475.0,825.0,0.0002631377058772719
motion_relative,equal_state,-425.0,825.0,0.0002605636054443187
motion_relative,equal_state,-375.0,825.0,0.00023033891147022294
motion_relative,equal_state,-325.0,825.0,0.00021800751776873732
motion_relative,equal_state,-275.0,825.0,0.0002115981984107102
motion_relative,equal_state,-225.0,825.0,0.00022297236581093568
motion_relative,equal_state,-175.0,825.0,0.00021369517793383958
motion_relative,equal_state,-125.0,825.0,0.0002501358968036133
motion_relative,equal_state,-75.0,825.0,0.00021964123334671082
motion_relative,equal_state,-25.0,825.0,0.00023685114770059668
motion_relative,equal_state,25.0,825.0,0.00019912198943835416
motion_relative,equal_state,75.0,825.0,0.00020792138639661568
motion_relative,equal_state,125.0,825.0,0.0001896283095694169
motion_relative,equal_state,175.0,825.0,0.00016774892759977922
motion_relative,equal_state,225.0,825.0,0.00017158552124438918
motion_relative,equal_state,275.0,825.0,0.00019217463642058803
motion_relative,equal_state,325.0,825.0,0.00016932600393341913
motion_relative,equal_state,375.0,825.0,0.00018168477971590384
motion_relative,equal_state,425.0,825.0,0.00016247549421627587
motion_relative,equal_state,475.0,825.0,0.00019154942759750962
motion_relative,equal_state,525.0,825.0,0.00020115923435426114
motion_relative,equal_state,575.0,825.0,0.00025720279229161507
motion_relative,equal_state,625.0,825.0,0.00032965310332799293
motion_relative,equal_state,675.0,825.0,0.0004968465160689608
motion_relative,equal_state,725.0,825.0,0.00032179288497147815
motion_relative,equal_state,775.0,825.0,6.502973129278528e-07
motion_relative,equal_state,825.0,825.0,0.0
motion_relative,equal_state,875.0,825.0,0.0
motion_relative,equal_state,925.0,825.0,0.0
motion_relative,equal_state,975.0,825.0,0.0
motion_relative,equal_state,1025.0,825.0,0.0
motion_relative,equal_state,1075.0,825.0,0.0
motion_relative,equal_state,-1075.0,875.0,0.0
motion_relative,equal_state,-1025.0,875.0,0.0
motion_relative,equal_state,-975.0,875.0,0.0
motion_relative,equal_state,-925.0,875.0,0.0
motion_relative,equal_state,-875.0,875.0,0.0
motion_relative,equal_state,-825.0,875.0,0.0
motion_relative,equal_state,-775.0,875.0,0.0
motion_relative,equal_state,-725.0,875.0,0.0
motion_relative,equal_state,-675.0,875.0,0.0001254465046641819
motion_relative,equal_state,-625.0,875.0,0.0003595747512963652
motion_relative,equal_state,-575.0,875.0,0.0003515355245761777
motion_relative,equal_state,-525.0,875.0,0.00030646099461224255
motion_relative,equal_state,-475.0,875.0,0.0002945487402663485
motion_relative,equal_state,-425.0,875.0,0.00024173052527942706
motion_relative,equal_state,-375.0,875.0,0.0003079063760793716
motion_relative,equal_state,-325.0,875.0,0.0002765143652143551
motion_relative,equal_state,-275.0,875.0,0.00020651941675212576
motion_relative,equal_state,-225.0,875.0,0.00020742984443137888
motion_relative,equal_state,-175.0,875.0,0.00022373879387303935
motion_relative,equal_state,-125.0,875.0,0.0003022332152510908
motion_relative,equal_state,-75.0,875.0,0.00020295545501804082
motion_relative,equal_state,-25.0,875.0,0.00020699732944058825
motion_relative,equal_state,25.0,875.0,0.0001942603140738161
motion_relative,equal_state,75.0,875.0,0.0002124349568995456
motion_relative,equal_state,125.0,875.0,0.00020306126490933035
motion_relative,equal_state,175.0,875.0,0.00016884184766066522
motion_relative,equal_state,225.0,875.0,0.000211096593584159
motion_relative,equal_state,275.0,875.0,0.00019735571565534355
motion_relative,equal_state,325.0,875.0,0.00017199275583652064
motion_relative,equal_state,375.0,875.0,0.00019463361744655853
motion_relative,equal_state,425.0,875.0,0.00021885280251198247
motion_relative,equal_state,475.0,875.0,0.000201360133126657
motion_relative,equal_state,525.0,875.0,0.00025031135535998083
motion_relative,equal_state,575.0,875.0,0.00030037125432274896
motion_relative,equal_state,625.0,875.0,0.0005402239374733555
motion_relative,equal_state,675.0,875.0,0.0002948794258964274
motion_relative,equal_state,725.0,875.0,0.0
motion_relative,equal_state,775.0,875.0,0.0
motion_relative,equal_state,825.0,875.0,0.0
motion_relative,equal_state,875.0,875.0,0.0
motion_relative,equal_state,925.0,875.0,0.0
motion_relative,equal_state,975.0,875.0,0.0
motion_relative,equal_state,1025.0,875.0,0.0
motion_relative,equal_state,1075.0,875.0,0.0
motion_relative,equal_state,-1075.0,925.0,0.0
motion_relative,equal_state,-1025.0,925.0,0.0
motion_relative,equal_state,-975.0,925.0,0.0
motion_relative,equal_state,-925.0,925.0,0.0
motion_relative,equal_state,-875.0,925.0,0.0
motion_relative,equal_state,-825.0,925.0,0.0
motion_relative,equal_state,-775.0,925.0,0.0
motion_relative,equal_state,-725.0,925.0,0.0
motion_relative,equal_state,-675.0,925.0,0.0
motion_relative,equal_state,-625.0,925.0,6.600797808272772e-05
motion_relative,equal_state,-575.0,925.0,0.00033580601504289886
motion_relative,equal_state,-525.0,925.0,0.0003134804037645827
motion_relative,equal_state,-475.0,925.0,0.0002721656093532621
motion_relative,equal_state,-425.0,925.0,0.00024658417230051917
motion_relative,equal_state,-375.0,925.0,0.00026282653930692043
motion_relative,equal_state,-325.0,925.0,0.0002964306110181881
motion_relative,equal_state,-275.0,925.0,0.00024165079813731014
motion_relative,equal_state,-225.0,925.0,0.00020913760394705984
motion_relative,equal_state,-175.0,925.0,0.00023938891707364884
motion_relative,equal_state,-125.0,925.0,0.0002255453202192964
motion_relative,equal_state,-75.0,925.0,0.00027601264945750813
motion_relative,equal_state,-25.0,925.0,0.00020477805716535955
motion_relative,equal_state,25.0,925.0,0.0002196354922313378
motion_relative,equal_state,75.0,925.0,0.0002402954497157931
motion_relative,equal_state,125.0,925.0,0.0002067261989418182
motion_relative,equal_state,175.0,925.0,0.00022274958389502438
motion_relative,equal_state,225.0,925.0,0.0002697758099464986
motion_relative,equal_state,275.0,925.0,0.00025486014993581077
motion_relative,equal_state,325.0,925.0,0.00022142860381536524
motion_relative,equal_state,375.0,925.0,0.00021226983353970168
motion_relative,equal_state,425.0,925.0,0.00022677709732568094
motion_relative,equal_state,475.0,925.0,0.00030281865695717063
motion_relative,equal_state,525.0,925.0,0.00040902352410031626
motion_relative,equal_state,575.0,925.0,0.0004525946016467798
motion_relative,equal_state,625.0,925.0,7.07336827256768e-05
motion_relative,equal_state,675.0,925.0,0.0
motion_relative,equal_state,725.0,925.0,0.0
motion_relative,equal_state,775.0,925.0,0.0
motion_relative,equal_state,825.0,925.0,0.0
motion_relative,equal_state,875.0,925.0,0.0
motion_relative,equal_state,925.0,925.0,0.0
motion_relative,equal_state,975.0,925.0,0.0
motion_relative,equal_state,1025.0,925.0,0.0
motion_relative,equal_state,1075.0,925.0,0.0
motion_relative,equal_state,-1075.0,975.0,0.0
motion_relative,equal_state,-1025.0,975.0,0.0
motion_relative,equal_state,-975.0,975.0,0.0
motion_relative,equal_state,-925.0,975.0,0.0
motion_relative,equal_state,-875.0,975.0,0.0
motion_relative,equal_state,-825.0,975.0,0.0
motion_relative,equal_state,-775.0,975.0,0.0
motion_relative,equal_state,-725.0,975.0,0.0
motion_relative,equal_state,-675.0,975.0,0.0
motion_relative,equal_state,-625.0,975.0,0.0
motion_relative,equal_state,-575.0,975.0,2.03529490509738e-07
motion_relative,equal_state,-525.0,975.0,8.864333869216252e-05
motion_relative,equal_state,-475.0,975.0,0.0002574577105774813
motion_relative,equal_state,-425.0,975.0,0.00022315464446749598
motion_relative,equal_state,-375.0,975.0,0.00022413956375214047
motion_relative,equal_state,-325.0,975.0,0.00027753932755113155
motion_relative,equal_state,-275.0,975.0,0.00023318449476795878
motion_relative,equal_state,-225.0,975.0,0.00020942517206507002
motion_relative,equal_state,-175.0,975.0,0.0002390895680748054
motion_relative,equal_state,-125.0,975.0,0.0002256826550765068
motion_relative,equal_state,-75.0,975.0,0.000247071951847927
motion_relative,equal_state,-25.0,975.0,0.0002122821581234629
motion_relative,equal_state,25.0,975.0,0.00030117130099993335
motion_relative,equal_state,75.0,975.0,0.00025984352377256357
motion_relative,equal_state,125.0,975.0,0.00025100084832301565
motion_relative,equal_state,175.0,975.0,0.00023172680763860006
motion_relative,equal_state,225.0,975.0,0.0002319066076983523
motion_relative,equal_state,275.0,975.0,0.0003039677785319074
motion_relative,equal_state,325.0,975.0,0.0003100206691385023
motion_relative,equal_state,375.0,975.0,0.000315646398245738
motion_relative,equal_state,425.0,975.0,0.00042581263730963196
motion_relative,equal_state,475.0,975.0,0.00044680948952280093
motion_relative,equal_state,525.0,975.0,0.00016148273642613577
motion_relative,equal_state,575.0,975.0,6.307167586524701e-08
motion_relative,equal_state,625.0,975.0,0.0
motion_relative,equal_state,675.0,975.0,0.0
motion_relative,equal_state,725.0,975.0,0.0
motion_relative,equal_state,775.0,975.0,0.0
motion_relative,equal_state,825.0,975.0,0.0
motion_relative,equal_state,875.0,975.0,0.0
motion_relative,equal_state,925.0,975.0,0.0
motion_relative,equal_state,975.0,975.0,0.0
motion_relative,equal_state,1025.0,975.0,0.0
motion_relative,equal_state,1075.0,975.0,0.0
motion_relative,equal_state,-1075.0,1025.0,0.0
motion_relative,equal_state,-1025.0,1025.0,0.0
motion_relative,equal_state,-975.0,1025.0,0.0
motion_relative,equal_state,-925.0,1025.0,0.0
motion_relative,equal_state,-875.0,1025.0,0.0
motion_relative,equal_state,-825.0,1025.0,0.0
motion_relative,equal_state,-775.0,1025.0,0.0
motion_relative,equal_state,-725.0,1025.0,0.0
motion_relative,equal_state,-675.0,1025.0,0.0
motion_relative,equal_state,-625.0,1025.0,0.0
motion_relative,equal_state,-575.0,1025.0,0.0
motion_relative,equal_state,-525.0,1025.0,0.0
motion_relative,equal_state,-475.0,1025.0,1.4576086989993856e-06
motion_relative,equal_state,-425.0,1025.0,7.128170104254864e-05
motion_relative,equal_state,-375.0,1025.0,0.000208605311690791
motion_relative,equal_state,-325.0,1025.0,0.0002767139787218045
motion_relative,equal_state,-275.0,1025.0,0.0002439097705843638
motion_relative,equal_state,-225.0,1025.0,0.00026421112901547006
motion_relative,equal_state,-175.0,1025.0,0.0002485632991884323
motion_relative,equal_state,-125.0,1025.0,0.00025939958766717854
motion_relative,equal_state,-75.0,1025.0,0.00027597861319962467
motion_relative,equal_state,-25.0,1025.0,0.00028682898271208845
motion_relative,equal_state,25.0,1025.0,0.000279860181645416
motion_relative,equal_state,75.0,1025.0,0.00030598636137471645
motion_relative,equal_state,125.0,1025.0,0.00032241028909188446
motion_relative,equal_state,175.0,1025.0,0.0003395969971607054
motion_relative,equal_state,225.0,1025.0,0.00032234198855454727
motion_relative,equal_state,275.0,1025.0,0.00034429376120144895
motion_relative,equal_state,325.0,1025.0,0.0005662415483521891
motion_relative,equal_state,375.0,1025.0,0.0003830971458674339
motion_relative,equal_state,425.0,1025.0,0.00015323831058505798
motion_relative,equal_state,475.0,1025.0,1.0968160615292456e-05
motion_relative,equal_state,525.0,1025.0,0.0
motion_relative,equal_state,575.0,1025.0,0.0
motion_relative,equal_state,625.0,1025.0,0.0
motion_relative,equal_state,675.0,1025.0,0.0
motion_relative,equal_state,725.0,1025.0,0.0
motion_relative,equal_state,775.0,1025.0,0.0
motion_relative,equal_state,825.0,1025.0,0.0
motion_relative,equal_state,875.0,1025.0,0.0
motion_relative,equal_state,925.0,1025.0,0.0
motion_relative,equal_state,975.0,1025.0,0.0
motion_relative,equal_state,1025.0,1025.0,0.0
motion_relative,equal_state,1075.0,1025.0,0.0
motion_relative,equal_state,-1075.0,1075.0,0.0
motion_relative,equal_state,-1025.0,1075.0,0.0
motion_relative,equal_state,-975.0,1075.0,0.0
motion_relative,equal_state,-925.0,1075.0,0.0
motion_relative,equal_state,-875.0,1075.0,0.0
motion_relative,equal_state,-825.0,1075.0,0.0
motion_relative,equal_state,-775.0,1075.0,0.0
motion_relative,equal_state,-725.0,1075.0,0.0
motion_relative,equal_state,-675.0,1075.0,0.0
motion_relative,equal_state,-625.0,1075.0,0.0
motion_relative,equal_state,-575.0,1075.0,0.0
motion_relative,equal_state,-525.0,1075.0,0.0
motion_relative,equal_state,-475.0,1075.0,0.0
motion_relative,equal_state,-425.0,1075.0,0.0
motion_relative,equal_state,-375.0,1075.0,0.0
motion_relative,equal_state,-325.0,1075.0,1.230918598516099e-05
motion_relative,equal_state,-275.0,1075.0,0.00013258738137157536
motion_relative,equal_state,-225.0,1075.0,0.00019579819210427548
motion_relative,equal_state,-175.0,1075.0,0.00023411726833406118
motion_relative,equal_state,-125.0,1075.0,0.0003263622646756439
motion_relative,equal_state,-75.0,1075.0,0.0003292662731584961
motion_relative,equal_state,-25.0,1075.0,0.0004889758718711047
motion_relative,equal_state,25.0,1075.0,0.0004691599235544717
motion_relative,equal_state,75.0,1075.0,0.00034292822923945874
motion_relative,equal_state,125.0,1075.0,0.0005261498924745213
motion_relative,equal_state,175.0,1075.0,0.00031556775177574403
motion_relative,equal_state,225.0,1075.0,0.000232452888935715
motion_relative,equal_state,275.0,1075.0,0.00021837862568825325
motion_relative,equal_state,325.0,1075.0,1.6518510445152604e-05
motion_relative,equal_state,375.0,1075.0,0.0
motion_relative,equal_state,425.0,1075.0,0.0
motion_relative,equal_state,475.0,1075.0,0.0
motion_relative,equal_state,525.0,1075.0,0.0
motion_relative,equal_state,575.0,1075.0,0.0
motion_relative,equal_state,625.0,1075.0,0.0
motion_relative,equal_state,675.0,1075.0,0.0
motion_relative,equal_state,725.0,1075.0,0.0
motion_relative,equal_state,775.0,1075.0,0.0
motion_relative,equal_state,825.0,1075.0,0.0
motion_relative,equal_state,875.0,1075.0,0.0
motion_relative,equal_state,925.0,1075.0,0.0
motion_relative,equal_state,975.0,1075.0,0.0
motion_relative,equal_state,1025.0,1075.0,0.0
motion_relative,equal_state,1075.0,1075.0,0.0
centered,equal_cyclone,-1075.0,-1075.0,0.0
centered,equal_cyclone,-1025.0,-1075.0,0.0
centered,equal_cyclone,-975.0,-1075.0,0.0
centered,equal_cyclone,-925.0,-1075.0,0.0
centered,equal_cyclone,-875.0,-1075.0,0.0
centered,equal_cyclone,-825.0,-1075.0,0.0
centered,equal_cyclone,-775.0,-1075.0,0.0
centered,equal_cyclone,-725.0,-1075.0,0.0
centered,equal_cyclone,-675.0,-1075.0,0.0
centered,equal_cyclone,-625.0,-1075.0,0.0
centered,equal_cyclone,-575.0,-1075.0,0.0
centered,equal_cyclone,-525.0,-1075.0,0.0
centered,equal_cyclone,-475.0,-1075.0,0.0
centered,equal_cyclone,-425.0,-1075.0,0.0
centered,equal_cyclone,-375.0,-1075.0,0.0
centered,equal_cyclone,-325.0,-1075.0,7.185823442169957e-05
centered,equal_cyclone,-275.0,-1075.0,0.0004030007366742003
centered,equal_cyclone,-225.0,-1075.0,0.0005980929431261147
centered,equal_cyclone,-175.0,-1075.0,0.0010676687741901611
centered,equal_cyclone,-125.0,-1075.0,0.0010857325996296043
centered,equal_cyclone,-75.0,-1075.0,0.0010897183200298207
centered,equal_cyclone,-25.0,-1075.0,0.000698127223546147
centered,equal_cyclone,25.0,-1075.0,0.0006189956987223552
centered,equal_cyclone,75.0,-1075.0,0.0006125581249066503
centered,equal_cyclone,125.0,-1075.0,0.0006631144898207385
centered,equal_cyclone,175.0,-1075.0,0.0008392632156956849
centered,equal_cyclone,225.0,-1075.0,0.0007846070693533523
centered,equal_cyclone,275.0,-1075.0,0.00040609970734923674
centered,equal_cyclone,325.0,-1075.0,7.946139459721008e-05
centered,equal_cyclone,375.0,-1075.0,0.0
centered,equal_cyclone,425.0,-1075.0,0.0
centered,equal_cyclone,475.0,-1075.0,0.0
centered,equal_cyclone,525.0,-1075.0,0.0
centered,equal_cyclone,575.0,-1075.0,0.0
centered,equal_cyclone,625.0,-1075.0,0.0
centered,equal_cyclone,675.0,-1075.0,0.0
centered,equal_cyclone,725.0,-1075.0,0.0
centered,equal_cyclone,775.0,-1075.0,0.0
centered,equal_cyclone,825.0,-1075.0,0.0
centered,equal_cyclone,875.0,-1075.0,0.0
centered,equal_cyclone,925.0,-1075.0,0.0
centered,equal_cyclone,975.0,-1075.0,0.0
centered,equal_cyclone,1025.0,-1075.0,0.0
centered,equal_cyclone,1075.0,-1075.0,0.0
centered,equal_cyclone,-1075.0,-1025.0,0.0
centered,equal_cyclone,-1025.0,-1025.0,0.0
centered,equal_cyclone,-975.0,-1025.0,0.0
centered,equal_cyclone,-925.0,-1025.0,0.0
centered,equal_cyclone,-875.0,-1025.0,0.0
centered,equal_cyclone,-825.0,-1025.0,0.0
centered,equal_cyclone,-775.0,-1025.0,0.0
centered,equal_cyclone,-725.0,-1025.0,0.0
centered,equal_cyclone,-675.0,-1025.0,0.0
centered,equal_cyclone,-625.0,-1025.0,0.0
centered,equal_cyclone,-575.0,-1025.0,0.0
centered,equal_cyclone,-525.0,-1025.0,0.0
centered,equal_cyclone,-475.0,-1025.0,7.051120618913646e-05
centered,equal_cyclone,-425.0,-1025.0,0.0003920586710910568
centered,equal_cyclone,-375.0,-1025.0,0.0005903092174549262
centered,equal_cyclone,-325.0,-1025.0,0.0009255312800051886
centered,equal_cyclone,-275.0,-1025.0,0.0007472036232433927
centered,equal_cyclone,-225.0,-1025.0,0.0006409658683487796
centered,equal_cyclone,-175.0,-1025.0,0.0005631998380850525
centered,equal_cyclone,-125.0,-1025.0,0.0006084099889241728
centered,equal_cyclone,-75.0,-1025.0,0.0004610070083555268
centered,equal_cyclone,-25.0,-1025.0,0.0004016006443716835
centered,equal_cyclone,25.0,-1025.0,0.0003544704212453137
centered,equal_cyclone,75.0,-1025.0,0.0004956948323665089
centered,equal_cyclone,125.0,-1025.0,0.000576293514458703
centered,equal_cyclone,175.0,-1025.0,0.00046449500481434623
centered,equal_cyclone,225.0,-1025.0,0.0005868093996770369
centered,equal_cyclone,275.0,-1025.0,0.0006295014961526735
centered,equal_cyclone,325.0,-1025.0,0.000649845349758023
centered,equal_cyclone,375.0,-1025.0,0.0005840148909131559
centered,equal_cyclone,425.0,-1025.0,0.00034680643128379043
centered,equal_cyclone,475.0,-1025.0,3.318250321358659e-06
centered,equal_cyclone,525.0,-1025.0,0.0
centered,equal_cyclone,575.0,-1025.0,0.0
centered,equal_cyclone,625.0,-1025.0,0.0
centered,equal_cyclone,675.0,-1025.0,0.0
centered,equal_cyclone,725.0,-1025.0,0.0
centered,equal_cyclone,775.0,-1025.0,0.0
centered,equal_cyclone,825.0,-1025.0,0.0
centered,equal_cyclone,875.0,-1025.0,0.0
centered,equal_cyclone,925.0,-1025.0,0.0
centered,equal_cyclone,975.0,-1025.0,0.0
centered,equal_cyclone,1025.0,-1025.0,0.0
centered,equal_cyclone,1075.0,-1025.0,0.0
centered,equal_cyclone,-1075.0,-975.0,0.0
centered,equal_cyclone,-1025.0,-975.0,0.0
centered,equal_cyclone,-975.0,-975.0,0.0
centered,equal_cyclone,-925.0,-975.0,0.0
centered,equal_cyclone,-875.0,-975.0,0.0
centered,equal_cyclone,-825.0,-975.0,0.0
centered,equal_cyclone,-775.0,-975.0,0.0
centered,equal_cyclone,-725.0,-975.0,0.0
centered,equal_cyclone,-675.0,-975.0,0.0
centered,equal_cyclone,-625.0,-975.0,0.0
centered,equal_cyclone,-575.0,-975.0,1.862705172716923e-07
centered,equal_cyclone,-525.0,-975.0,0.00041785730498444665
centered,equal_cyclone,-475.0,-975.0,0.001124120628227248
centered,equal_cyclone,-425.0,-975.0,0.0010031643558567093
centered,equal_cyclone,-375.0,-975.0,0.0006149253868892855
centered,equal_cyclone,-325.0,-975.0,0.0005305372448753184
centered,equal_cyclone,-275.0,-975.0,0.0005109937770446149
centered,equal_cyclone,-225.0,-975.0,0.0010866144811169688
centered,equal_cyclone,-175.0,-975.0,0.0003888349127433642
centered,equal_cyclone,-125.0,-975.0,0.0003631483699611496
centered,equal_cyclone,-75.0,-975.0,0.0002945526324859567
centered,equal_cyclone,-25.0,-975.0,0.00025464641700935687
centered,equal_cyclone,25.0,-975.0,0.00024538945302362094
centered,equal_cyclone,75.0,-975.0,0.00030482043455041266
centered,equal_cyclone,125.0,-975.0,0.0002557753647288956
centered,equal_cyclone,175.0,-975.0,0.0003034299160539039
centered,equal_cyclone,225.0,-975.0,0.0004178408034067082
centered,equal_cyclone,275.0,-975.0,0.0004696012661966562
centered,equal_cyclone,325.0,-975.0,0.00041586438296199296
centered,equal_cyclone,375.0,-975.0,0.0005797305584095498
centered,equal_cyclone,425.0,-975.0,0.0005448163105011071
centered,equal_cyclone,475.0,-975.0,0.0005590818306812679
centered,equal_cyclone,525.0,-975.0,0.00031108978324439557
centered,equal_cyclone,575.0,-975.0,1.0025566983212233e-07
centered,equal_cyclone,625.0,-975.0,0.0
centered,equal_cyclone,675.0,-975.0,0.0
centered,equal_cyclone,725.0,-975.0,0.0
centered,equal_cyclone,775.0,-975.0,0.0
centered,equal_cyclone,825.0,-975.0,0.0
centered,equal_cyclone,875.0,-975.0,0.0
centered,equal_cyclone,925.0,-975.0,0.0
centered,equal_cyclone,975.0,-975.0,0.0
centered,equal_cyclone,1025.0,-975.0,0.0
centered,equal_cyclone,1075.0,-975.0,0.0
centered,equal_cyclone,-1075.0,-925.0,0.0
centered,equal_cyclone,-1025.0,-925.0,0.0
centered,equal_cyclone,-975.0,-925.0,0.0
centered,equal_cyclone,-925.0,-925.0,0.0
centered,equal_cyclone,-875.0,-925.0,0.0
centered,equal_cyclone,-825.0,-925.0,0.0
centered,equal_cyclone,-775.0,-925.0,0.0
centered,equal_cyclone,-725.0,-925.0,0.0
centered,equal_cyclone,-675.0,-925.0,0.0
centered,equal_cyclone,-625.0,-925.0,0.000184812585431936
centered,equal_cyclone,-575.0,-925.0,0.000987426350050908
centered,equal_cyclone,-525.0,-925.0,0.0011036729151562043
centered,equal_cyclone,-475.0,-925.0,0.0006918087958028422
centered,equal_cyclone,-425.0,-925.0,0.0005523543138274978
centered,equal_cyclone,-375.0,-925.0,0.0006281557715868048
centered,equal_cyclone,-325.0,-925.0,0.000494118268046059
centered,equal_cyclone,-275.0,-925.0,0.00046362005936025747
centered,equal_cyclone,-225.0,-925.0,0.00039463671117978213
centered,equal_cyclone,-175.0,-925.0,0.00033914410919991717
centered,equal_cyclone,-125.0,-925.0,0.0002427664131965281
centered,equal_cyclone,-75.0,-925.0,0.00020637327726288763
centered,equal_cyclone,-25.0,-925.0,0.00016248780183696158
centered,equal_cyclone,25.0,-925.0,0.00016224842179053068
centered,equal_cyclone,75.0,-925.0,0.0001851018851399376
centered,equal_cyclone,125.0,-925.0,0.00017595030027320424
centered,equal_cyclone,175.0,-925.0,0.00018915053461281644
centered,equal_cyclone,225.0,-925.0,0.00021547767920850638
centered,equal_cyclone,275.0,-925.0,0.0002443696180007857
centered,equal_cyclone,325.0,-925.0,0.000294366970674798
centered,equal_cyclone,375.0,-925.0,0.00040249002428719484
centered,equal_cyclone,425.0,-925.0,0.0004888891300195874
centered,equal_cyclone,475.0,-925.0,0.0004248086798518492
centered,equal_cyclone,525.0,-925.0,0.0005782696089202278
centered,equal_cyclone,575.0,-925.0,0.000606379599104592
centered,equal_cyclone,625.0,-925.0,0.000272113291455366
centered,equal_cyclone,675.0,-925.0,0.0
centered,equal_cyclone,725.0,-925.0,0.0
centered,equal_cyclone,775.0,-925.0,0.0
centered,equal_cyclone,825.0,-925.0,0.0
centered,equal_cyclone,875.0,-925.0,0.0
centered,equal_cyclone,925.0,-925.0,0.0
centered,equal_cyclone,975.0,-925.0,0.0
centered,equal_cyclone,1025.0,-925.0,0.0
centered,equal_cyclone,1075.0,-925.0,0.0
centered,equal_cyclone,-1075.0,-875.0,0.0
centered,equal_cyclone,-1025.0,-875.0,0.0
centered,equal_cyclone,-975.0,-875.0,0.0
centered,equal_cyclone,-925.0,-875.0,0.0
centered,equal_cyclone,-875.0,-875.0,0.0
centered,equal_cyclone,-825.0,-875.0,0.0
centered,equal_cyclone,-775.0,-875.0,0.0
centered,equal_cyclone,-725.0,-875.0,0.0
centered,equal_cyclone,-675.0,-875.0,0.0007295265097762863
centered,equal_cyclone,-625.0,-875.0,0.0009096373883500818
centered,equal_cyclone,-575.0,-875.0,0.0006558026253840199
centered,equal_cyclone,-525.0,-875.0,0.0004872013459423739
centered,equal_cyclone,-475.0,-875.0,0.000414637132411473
centered,equal_cyclone,-425.0,-875.0,0.00033240198539028143
centered,equal_cyclone,-375.0,-875.0,0.0003002360868928154
centered,equal_cyclone,-325.0,-875.0,0.0003270301030249126
centered,equal_cyclone,-275.0,-875.0,0.00034586406398058226
centered,equal_cyclone,-225.0,-875.0,0.00025929322043588516
centered,equal_cyclone,-175.0,-875.0,0.00020905775750048266
centered,equal_cyclone,-125.0,-875.0,0.00017106343063696708
centered,equal_cyclone,-75.0,-875.0,0.0001532474248303608
centered,equal_cyclone,-25.0,-875.0,0.00015982767510725666
centered,equal_cyclone,25.0,-875.0,0.0001830963762067955
centered,equal_cyclone,75.0,-875.0,0.00018153004819686366
centered,equal_cyclone,125.0,-875.0,0.0001944068583742244
centered,equal_cyclone,175.0,-875.0,0.00021184840771784687
centered,equal_cyclone,225.0,-875.0,0.0001644150465805555
centered,equal_cyclone,275.0,-875.0,0.00018987748294268717
centered,equal_cyclone,325.0,-875.0,0.0002871505466423386
centered,equal_cyclone,375.0,-875.0,0.000340395890740756
centered,equal_cyclone,425.0,-875.0,0.00025356667387891355
centered,equal_cyclone,475.0,-875.0,0.0003280321038961881
centered,equal_cyclone,525.0,-875.0,0.0003861540993243854
centered,equal_cyclone,575.0,-875.0,0.0005087357490108389
centered,equal_cyclone,625.0,-875.0,0.0007227415446263938
centered,equal_cyclone,675.0,-875.0,0.00028827145082184724
centered,equal_cyclone,725.0,-875.0,0.0
centered,equal_cyclone,775.0,-875.0,0.0
centered,equal_cyclone,825.0,-875.0,0.0
centered,equal_cyclone,875.0,-875.0,0.0
centered,equal_cyclone,925.0,-875.0,0.0
centered,equal_cyclone,975.0,-875.0,0.0
centered,equal_cyclone,1025.0,-875.0,0.0
centered,equal_cyclone,1075.0,-875.0,0.0
centered,equal_cyclone,-1075.0,-825.0,0.0
centered,equal_cyclone,-1025.0,-825.0,0.0
centered,equal_cyclone,-975.0,-825.0,0.0
centered,equal_cyclone,-925.0,-825.0,0.0
centered,equal_cyclone,-875.0,-825.0,0.0
centered,equal_cyclone,-825.0,-825.0,0.0
centered,equal_cyclone,-775.0,-825.0,6.632485734547261e-06
centered,equal_cyclone,-725.0,-825.0,0.0007431421793283546
centered,equal_cyclone,-675.0,-825.0,0.0009663422212210656
centered,equal_cyclone,-625.0,-825.0,0.0005886137605931694
centered,equal_cyclone,-575.0,-825.0,0.0005041997101107674
centered,equal_cyclone,-525.0,-825.0,0.0003831312111686961
centered,equal_cyclone,-475.0,-825.0,0.0002927022871246038
centered,equal_cyclone,-425.0,-825.0,0.0002737127782282256
centered,equal_cyclone,-375.0,-825.0,0.00038836278928247256
centered,equal_cyclone,-325.0,-825.0,0.0003050637134510058
centered,equal_cyclone,-275.0,-825.0,0.00026676504747157737
centered,equal_cyclone,-225.0,-825.0,0.000186582506031539
centered,equal_cyclone,-175.0,-825.0,0.00013951038198175758
centered,equal_cyclone,-125.0,-825.0,0.00011366735381516484
centered,equal_cyclone,-75.0,-825.0,0.00012683497358284996
centered,equal_cyclone,-25.0,-825.0,0.00011335981979398425
centered,equal_cyclone,25.0,-825.0,0.00023407377513920462
centered,equal_cyclone,75.0,-825.0,0.00012148436604493277
centered,equal_cyclone,125.0,-825.0,0.00017307797453752137
centered,equal_cyclone,175.0,-825.0,0.0001916020024232596
centered,equal_cyclone,225.0,-825.0,0.0001579157546722109
centered,equal_cyclone,275.0,-825.0,0.0001479679213175433
centered,equal_cyclone,325.0,-825.0,0.0001507923493738442
centered,equal_cyclone,375.0,-825.0,0.00016323185880044526
centered,equal_cyclone,425.0,-825.0,0.0001697560071486116
centered,equal_cyclone,475.0,-825.0,0.00022852009472494156
centered,equal_cyclone,525.0,-825.0,0.00027001367099531367
centered,equal_cyclone,575.0,-825.0,0.00032151379156066304
centered,equal_cyclone,625.0,-825.0,0.00037455464716847585
centered,equal_cyclone,675.0,-825.0,0.0005733340777714155
centered,equal_cyclone,725.0,-825.0,0.0003719505387835403
centered,equal_cyclone,775.0,-825.0,1.878381952129731e-07
centered,equal_cyclone,825.0,-825.0,0.0
centered,equal_cyclone,875.0,-825.0,0.0
centered,equal_cyclone,925.0,-825.0,0.0
centered,equal_cyclone,975.0,-825.0,0.0
centered,equal_cyclone,1025.0,-825.0,0.0
centered,equal_cyclone,1075.0,-825.0,0.0
centered,equal_cyclone,-1075.0,-775.0,0.0
centered,equal_cyclone,-1025.0,-775.0,0.0
centered,equal_cyclone,-975.0,-775.0,0.0
centered,equal_cyclone,-925.0,-775.0,0.0
centered,equal_cyclone,-875.0,-775.0,0.0
centered,equal_cyclone,-825.0,-775.0,1.4093583866627201e-05
centered,equal_cyclone,-775.0,-775.0,0.0007728394627114166
centered,equal_cyclone,-725.0,-775.0,0.0010264494458353257
centered,equal_cyclone,-675.0,-775.0,0.000700012105957616
centered,equal_cyclone,-625.0,-775.0,0.0004629540635257137
centered,equal_cyclone,-575.0,-775.0,0.0003317582006704495
centered,equal_cyclone,-525.0,-775.0,0.0002715250625491926
centered,equal_cyclone,-475.0,-775.0,0.00026648025040522914
centered,equal_cyclone,-425.0,-775.0,0.00025984663770943744
centered,equal_cyclone,-375.0,-775.0,0.0002491991437795689
centered,equal_cyclone,-325.0,-775.0,0.00019390512317609475
centered,equal_cyclone,-275.0,-775.0,0.00014477806282291015
centered,equal_cyclone,-225.0,-775.0,0.00012233001048078521
centered,equal_cyclone,-175.0,-775.0,0.00013700911162957378
centered,equal_cyclone,-125.0,-775.0,0.0001128247265857776
centered,equal_cyclone,-75.0,-775.0,0.00015303165736060392
centered,equal_cyclone,-25.0,-775.0,9.404972649821409e-05
centered,equal_cyclone,25.0,-775.0,0.00010533248425154404
centered,equal_cyclone,75.0,-775.0,0.00010299137817787666
centered,equal_cyclone,125.0,-775.0,0.00010032239884609297
centered,equal_cyclone,175.0,-775.0,9.156498055068797e-05
centered,equal_cyclone,225.0,-775.0,0.00021565231748946494
centered,equal_cyclone,275.0,-775.0,0.00013324569639752484
centered,equal_cyclone,325.0,-775.0,0.00011285287099593417
centered,equal_cyclone,375.0,-775.0,0.00012770263207536746
centered,equal_cyclone,425.0,-775.0,0.00014226120777493384
centered,equal_cyclone,475.0,-775.0,0.00015270588575164932
centered,equal_cyclone,525.0,-775.0,0.0002435299233798454
centered,equal_cyclone,575.0,-775.0,0.00030405486460748896
centered,equal_cyclone,625.0,-775.0,0.0002794258768170056
centered,equal_cyclone,675.0,-775.0,0.00037154222536645167
centered,equal_cyclone,725.0,-775.0,0.00040639661784499126
centered,equal_cyclone,775.0,-775.0,0.00033667248165945976
centered,equal_cyclone,825.0,-775.0,1.0663570669020723e-06
centered,equal_cyclone,875.0,-775.0,0.0
centered,equal_cyclone,925.0,-775.0,0.0
centered,equal_cyclone,975.0,-775.0,0.0
centered,equal_cyclone,1025.0,-775.0,0.0
centered,equal_cyclone,1075.0,-775.0,0.0
centered,equal_cyclone,-1075.0,-725.0,0.0
centered,equal_cyclone,-1025.0,-725.0,0.0
centered,equal_cyclone,-975.0,-725.0,0.0
centered,equal_cyclone,-925.0,-725.0,0.0
centered,equal_cyclone,-875.0,-725.0,0.0
centered,equal_cyclone,-825.0,-725.0,0.0008289351636090027
centered,equal_cyclone,-775.0,-725.0,0.000953843961897034
centered,equal_cyclone,-725.0,-725.0,0.0007639752556319948
centered,equal_cyclone,-675.0,-725.0,0.0006323934257354197
centered,equal_cyclone,-625.0,-725.0,0.00035107772604065337
centered,equal_cyclone,-575.0,-725.0,0.00025247017182980286
centered,equal_cyclone,-525.0,-725.0,0.0002912176160817835
centered,equal_cyclone,-475.0,-725.0,0.0002982580969718751
centered,equal_cyclone,-425.0,-725.0,0.00019949257107855124
centered,equal_cyclone,-375.0,-725.0,0.00015982173284886337
centered,equal_cyclone,-325.0,-725.0,0.0001833016298743885
centered,equal_cyclone,-275.0,-725.0,0.0002171679515529497
centered,equal_cyclone,-225.0,-725.0,9.672572359666834e-05
centered,equal_cyclone,-175.0,-725.0,8.612263064448492e-05
centered,equal_cyclone,-125.0,-725.0,7.608818870332771e-05
centered,equal_cyclone,-75.0,-725.0,0.00020339947324596354
centered,equal_cyclone,-25.0,-725.0,8.482938696628418e-05
centered,equal_cyclone,25.0,-725.0,7.991877235071916e-05
centered,equal_cyclone,75.0,-725.0,8.260849819809971e-05
centered,equal_cyclone,125.0,-725.0,7.645847840462105e-05
centered,equal_cyclone,175.0,-725.0,8.261249068673376e-05
centered,equal_cyclone,225.0,-725.0,0.00011702572197446719
centered,equal_cyclone,275.0,-725.0,0.00011431991442790136
centered,equal_cyclone,325.0,-725.0,0.0001013601818206882
centered,equal_cyclone,375.0,-725.0,0.00011353435244673613
centered,equal_cyclone,425.0,-725.0,0.00013337534749497323
centered,equal_cyclone,475.0,-725.0,0.0001536792804969414
centered,equal_cyclone,525.0,-725.0,0.00018939109131348053
centered,equal_cyclone,575.0,-725.0,0.00025032622532676727
centered,equal_cyclone,625.0,-725.0,0.0002610416359500687
centered,equal_cyclone,675.0,-725.0,0.0002693220320282244
centered,equal_cyclone,725.0,-725.0,0.00033562288112490144
centered,equal_cyclone,775.0,-725.0,0.0006019201418143877
centered,equal_cyclone,825.0,-725.0,0.0003025521285474309
centered,equal_cyclone,875.0,-725.0,0.0
centered,equal_cyclone,925.0,-725.0,0.0
centered,equal_cyclone,975.0,-725.0,0.0
centered,equal_cyclone,1025.0,-725.0,0.0
centered,equal_cyclone,1075.0,-725.0,0.0
centered,equal_cyclone,-1075.0,-675.0,0.0
centered,equal_cyclone,-1025.0,-675.0,0.0
centered,equal_cyclone,-975.0,-675.0,0.0
centered,equal_cyclone,-925.0,-675.0,0.0
centered,equal_cyclone,-875.0,-675.0,0.0005485051130426477
centered,equal_cyclone,-825.0,-675.0,0.0013187563074569329
centered,equal_cyclone,-775.0,-675.0,0.000755137367781838
centered,equal_cyclone,-725.0,-675.0,0.0006801633812759818
centered,equal_cyclone,-675.0,-675.0,0.0005868569545716468
centered,equal_cyclone,-625.0,-675.0,0.00041854481128787306
centered,equal_cyclone,-575.0,-675.0,0.00022461982196944708
centered,equal_cyclone,-525.0,-675.0,0.00016800988553378987
centered,equal_cyclone,-475.0,-675.0,0.00016517218038973673
centered,equal_cyclone,-425.0,-675.0,0.0001541530489107297
centered,equal_cyclone,-375.0,-675.0,0.00013012424617380765
centered,equal_cyclone,-325.0,-675.0,0.0001377540176273203
centered,equal_cyclone,-275.0,-675.0,0.00012065047325474828
centered,equal_cyclone,-225.0,-675.0,8.783366727978881e-05
centered,equal_cyclone,-175.0,-675.0,8.334196916821335e-05
centered,equal_cyclone,-125.0,-675.0,7.32101074667662e-05
centered,equal_cyclone,-75.0,-675.0,7.223710687794372e-05
centered,equal_cyclone,-25.0,-675.0,9.106292901560218e-05
centered,equal_cyclone,25.0,-675.0,7.54418880861587e-05
centered,equal_cyclone,75.0,-675.0,7.518004408704345e-05
centered,equal_cyclone,125.0,-675.0,6.916973225362087e-05
centered,equal_cyclone,175.0,-675.0,7.951760799416858e-05
centered,equal_cyclone,225.0,-675.0,0.00010690082458655984
centered,equal_cyclone,275.0,-675.0,8.781088757870579e-05
centered,equal_cyclone,325.0,-675.0,9.830343267536737e-05
centered,equal_cyclone,375.0,-675.0,0.00012259982097584295
centered,equal_cyclone,425.0,-675.0,0.00010855044755267971
centered,equal_cyclone,475.0,-675.0,0.00011729785834872867
centered,equal_cyclone,525.0,-675.0,0.00021497081668200694
centered,equal_cyclone,575.0,-675.0,0.00020574719138230336
centered,equal_cyclone,625.0,-675.0,0.00022099586594677266
centered,equal_cyclone,675.0,-675.0,0.00032885530816598125
centered,equal_cyclone,725.0,-675.0,0.0003043177255635075
centered,equal_cyclone,775.0,-675.0,0.00036280091258532733
centered,equal_cyclone,825.0,-675.0,0.0005015552060028355
centered,equal_cyclone,875.0,-675.0,0.00026056729372173824
centered,equal_cyclone,925.0,-675.0,0.0
centered,equal_cyclone,975.0,-675.0,0.0
centered,equal_cyclone,1025.0,-675.0,0.0
centered,equal_cyclone,1075.0,-675.0,0.0
centered,equal_cyclone,-1075.0,-625.0,0.0
centered,equal_cyclone,-1025.0,-625.0,0.0
centered,equal_cyclone,-975.0,-625.0,0.0
centered,equal_cyclone,-925.0,-625.0,0.00014256698808897894
centered,equal_cyclone,-875.0,-625.0,0.001033502607777348
centered,equal_cyclone,-825.0,-625.0,0.0008531126178187061
centered,equal_cyclone,-775.0,-625.0,0.0004919669161121327
centered,equal_cyclone,-725.0,-625.0,0.0003192072006238284
centered,equal_cyclone,-675.0,-625.0,0.0002604456385424116
centered,equal_cyclone,-625.0,-625.0,0.0002623229561724794
centered,equal_cyclone,-575.0,-625.0,0.00022472706178932795
centered,equal_cyclone,-525.0,-625.0,0.0001630920185857806
centered,equal_cyclone,-475.0,-625.0,0.0001343509387263782
centered,equal_cyclone,-425.0,-625.0,0.0001101158851367637
centered,equal_cyclone,-375.0,-625.0,0.00016189610967592697
centered,equal_cyclone,-325.0,-625.0,0.00013467754194373938
centered,equal_cyclone,-275.0,-625.0,0.0001010039627322104
centered,equal_cyclone,-225.0,-625.0,9.255433528023888e-05
centered,equal_cyclone,-175.0,-625.0,8.435660242439438e-05
centered,equal_cyclone,-125.0,-625.0,8.485974763021641e-05
centered,equal_cyclone,-75.0,-625.0,7.968097623718253e-05
centered,equal_cyclone,-25.0,-625.0,7.802760942544091e-05
centered,equal_cyclone,25.0,-625.0,8.185011486226396e-05
centered,equal_cyclone,75.0,-625.0,7.317874369074861e-05
centered,equal_cyclone,125.0,-625.0,7.550579172819871e-05
centered,equal_cyclone,175.0,-625.0,0.00015781903459597378
centered,equal_cyclone,225.0,-625.0,0.0002968535523076983
centered,equal_cyclone,275.0,-625.0,0.0001576263447026008
centered,equal_cyclone,325.0,-625.0,0.00010865425438932703
centered,equal_cyclone,375.0,-625.0,0.00010475592912700805
centered,equal_cyclone,425.0,-625.0,9.386842203214292e-05
centered,equal_cyclone,475.0,-625.0,9.892814573660188e-05
centered,equal_cyclone,525.0,-625.0,0.00014032009477565899
centered,equal_cyclone,575.0,-625.0,0.00023019569168970203
centered,equal_cyclone,625.0,-625.0,0.00019653557696479678
centered,equal_cyclone,675.0,-625.0,0.00023549318091720331
centered,equal_cyclone,725.0,-625.0,0.00024146815251368297
centered,equal_cyclone,775.0,-625.0,0.0003398061743852545
centered,equal_cyclone,825.0,-625.0,0.0004242704359102079
centered,equal_cyclone,875.0,-625.0,0.0006447875077923954
centered,equal_cyclone,925.0,-625.0,0.0001785817643950793
centered,equal_cyclone,975.0,-625.0,0.0
centered,equal_cyclone,1025.0,-625.0,0.0
centered,equal_cyclone,1075.0,-625.0,0.0
centered,equal_cyclone,-1075.0,-575.0,0.0
centered,equal_cyclone,-1025.0,-575.0,0.0
centered,equal_cyclone,-975.0,-575.0,7.622374270191232e-07
centered,equal_cyclone,-925.0,-575.0,0.0013194053965486041
centered,equal_cyclone,-875.0,-575.0,0.0007766439791159967
centered,equal_cyclone,-825.0,-575.0,0.00047205866335139267
centered,equal_cyclone,-775.0,-575.0,0.00036232064459891826
centered,equal_cyclone,-725.0,-575.0,0.00035657511177180485
centered,equal_cyclone,-675.0,-575.0,0.0002894548873914621
centered,equal_cyclone,-625.0,-575.0,0.00020218105343755593
centered,equal_cyclone,-575.0,-575.0,0.0001951978334172802
centered,equal_cyclone,-525.0,-575.0,0.00016757515580703044
centered,equal_cyclone,-475.0,-575.0,0.00013620182306867812
centered,equal_cyclone,-425.0,-575.0,0.00011704048826842004
centered,equal_cyclone,-375.0,-575.0,0.00010751472860201488
centered,equal_cyclone,-325.0,-575.0,0.00011874346002499155
centered,equal_cyclone,-275.0,-575.0,0.0001244496341192244
centered,equal_cyclone,-225.0,-575.0,0.00010270721562306517
centered,equal_cyclone,-175.0,-575.0,9.026219971078141e-05
centered,equal_cyclone,-125.0,-575.0,9.330185774721494e-05
centered,equal_cyclone,-75.0,-575.0,9.472857252326676e-05
centered,equal_cyclone,-25.0,-575.0,0.00010229969820846819
centered,equal_cyclone,25.0,-575.0,0.00019529123384408981
centered,equal_cyclone,75.0,-575.0,0.00010207410746819518
centered,equal_cyclone,125.0,-575.0,0.00011037476849097689
centered,equal_cyclone,175.0,-575.0,0.00010503021207439635
centered,equal_cyclone,225.0,-575.0,0.00011968285504311144
centered,equal_cyclone,275.0,-575.0,0.00012890207929435916
centered,equal_cyclone,325.0,-575.0,0.00012271553160518093
centered,equal_cyclone,375.0,-575.0,0.00011305256464655002
centered,equal_cyclone,425.0,-575.0,9.927975829501003e-05
centered,equal_cyclone,475.0,-575.0,0.00010240555985038283
centered,equal_cyclone,525.0,-575.0,0.00014514030933409844
centered,equal_cyclone,575.0,-575.0,0.0001482786772550006
centered,equal_cyclone,625.0,-575.0,0.00015466890687345695
centered,equal_cyclone,675.0,-575.0,0.00024029193342479986
centered,equal_cyclone,725.0,-575.0,0.0002684719720303064
centered,equal_cyclone,775.0,-575.0,0.00022040218795246942
centered,equal_cyclone,825.0,-575.0,0.00026315262106605476
centered,equal_cyclone,875.0,-575.0,0.00044540644434043155
centered,equal_cyclone,925.0,-575.0,0.0003178811492274645
centered,equal_cyclone,975.0,-575.0,1.0600680410092695e-06
centered,equal_cyclone,1025.0,-575.0,0.0
centered,equal_cyclone,1075.0,-575.0,0.0
centered,equal_cyclone,-1075.0,-525.0,0.0
centered,equal_cyclone,-1025.0,-525.0,0.0
centered,equal_cyclone,-975.0,-525.0,0.0009799739804734913
centered,equal_cyclone,-925.0,-525.0,0.0014388391286488387
centered,equal_cyclone,-875.0,-525.0,0.0009462528701984945
centered,equal_cyclone,-825.0,-525.0,0.0005483825916252699
centered,equal_cyclone,-775.0,-525.0,0.0003128637902031486
centered,equal_cyclone,-725.0,-525.0,0.00024174374219530448
centered,equal_cyclone,-675.0,-525.0,0.00022012734657326743
centered,equal_cyclone,-625.0,-525.0,0.00022952710568104065
centered,equal_cyclone,-575.0,-525.0,0.00019575976678763848
centered,equal_cyclone,-525.0,-525.0,0.00016219429345027916
centered,equal_cyclone,-475.0,-525.0,0.00015394734281740734
centered,equal_cyclone,-425.0,-525.0,0.00014770452373480752
centered,equal_cyclone,-375.0,-525.0,0.0001344787993429787
centered,equal_cyclone,-325.0,-525.0,0.00013436071447333768
centered,equal_cyclone,-275.0,-525.0,0.00012009885023305632
centered,equal_cyclone,-225.0,-525.0,0.00010842618856406197
centered,equal_cyclone,-175.0,-525.0,0.00013314797008265254
centered,equal_cyclone,-125.0,-525.0,0.00014301790519592966
centered,equal_cyclone,-75.0,-525.0,0.00014371511191458333
centered,equal_cyclone,-25.0,-525.0,0.00014411311934826957
centered,equal_cyclone,25.0,-525.0,0.00015211648979606576
centered,equal_cyclone,75.0,-525.0,0.0001283721748113671
centered,equal_cyclone,125.0,-525.0,0.00014729974339816834
centered,equal_cyclone,175.0,-525.0,0.00013612801567748834
centered,equal_cyclone,225.0,-525.0,0.0001262991360575395
centered,equal_cyclone,275.0,-525.0,0.00016074295621938643
centered,equal_cyclone,325.0,-525.0,0.00013901138915239125
centered,equal_cyclone,375.0,-525.0,0.00012520741472510892
centered,equal_cyclone,425.0,-525.0,0.0001090477664485176
centered,equal_cyclone,475.0,-525.0,0.00012095435624173027
centered,equal_cyclone,525.0,-525.0,0.000145015248678447
centered,equal_cyclone,575.0,-525.0,0.00014347843281271934
centered,equal_cyclone,625.0,-525.0,0.00014768892511706863
centered,equal_cyclone,675.0,-525.0,0.00017114476751112163
centered,equal_cyclone,725.0,-525.0,0.00017203297833823616
centered,equal_cyclone,775.0,-525.0,0.00022838811408701682
centered,equal_cyclone,825.0,-525.0,0.0002186709420644663
centered,equal_cyclone,875.0,-525.0,0.00027943719392298303
centered,equal_cyclone,925.0,-525.0,0.0005274871180295322
centered,equal_cyclone,975.0,-525.0,0.00014587618369286246
centered,equal_cyclone,1025.0,-525.0,0.0
centered,equal_cyclone,1075.0,-525.0,0.0
centered,equal_cyclone,-1075.0,-475.0,0.0
centered,equal_cyclone,-1025.0,-475.0,2.681809793452929e-06
centered,equal_cyclone,-975.0,-475.0,0.0014484007617117465
centered,equal_cyclone,-925.0,-475.0,0.0007756266418430512
centered,equal_cyclone,-875.0,-475.0,0.0005914573665279377
centered,equal_cyclone,-825.0,-475.0,0.0004433960248461358
centered,equal_cyclone,-775.0,-475.0,0.000292152879490157
centered,equal_cyclone,-725.0,-475.0,0.00022251864684338755
centered,equal_cyclone,-675.0,-475.0,0.0002319012621397217
centered,equal_cyclone,-625.0,-475.0,0.00035791117212778916
centered,equal_cyclone,-575.0,-475.0,0.0001701681849905447
centered,equal_cyclone,-525.0,-475.0,0.0001599431370242185
centered,equal_cyclone,-475.0,-475.0,0.0001831774782713676
centered,equal_cyclone,-425.0,-475.0,0.00016681406839334865
centered,equal_cyclone,-375.0,-475.0,0.0001723111244122261
centered,equal_cyclone,-325.0,-475.0,0.0001804233138401503
centered,equal_cyclone,-275.0,-475.0,0.00016051344023873459
centered,equal_cyclone,-225.0,-475.0,0.0001555787687906892
centered,equal_cyclone,-175.0,-475.0,0.00018059218266670772
centered,equal_cyclone,-125.0,-475.0,0.0001887829387126485
centered,equal_cyclone,-75.0,-475.0,0.00023609638802441724
centered,equal_cyclone,-25.0,-475.0,0.0001868984224067
centered,equal_cyclone,25.0,-475.0,0.00018305510726846904
centered,equal_cyclone,75.0,-475.0,0.00017649181849927807
centered,equal_cyclone,125.0,-475.0,0.00020089422008916775
centered,equal_cyclone,175.0,-475.0,0.0002031942174073855
centered,equal_cyclone,225.0,-475.0,0.000186712576407595
centered,equal_cyclone,275.0,-475.0,0.00020427946113948974
centered,equal_cyclone,325.0,-475.0,0.00017645963623911598
centered,equal_cyclone,375.0,-475.0,0.00014625329795506158
centered,equal_cyclone,425.0,-475.0,0.00013201548850154456
centered,equal_cyclone,475.0,-475.0,0.00015901945743825954
centered,equal_cyclone,525.0,-475.0,0.000204970943587563
centered,equal_cyclone,575.0,-475.0,0.00017558777851071916
centered,equal_cyclone,625.0,-475.0,0.00015602803272719726
centered,equal_cyclone,675.0,-475.0,0.00014353802156345552
centered,equal_cyclone,725.0,-475.0,0.00017786620064565018
centered,equal_cyclone,775.0,-475.0,0.00019145589241305382
centered,equal_cyclone,825.0,-475.0,0.00033027592985815374
centered,equal_cyclone,875.0,-475.0,0.00034568087740297846
centered,equal_cyclone,925.0,-475.0,0.000346234253479061
centered,equal_cyclone,975.0,-475.0,0.00046766034350487586
centered,equal_cyclone,1025.0,-475.0,1.0659520337662836e-06
centered,equal_cyclone,1075.0,-475.0,0.0
centered,equal_cyclone,-1075.0,-425.0,0.0
centered,equal_cyclone,-1025.0,-425.0,0.0008593871506184782
centered,equal_cyclone,-975.0,-425.0,0.0013538337159961667
centered,equal_cyclone,-925.0,-425.0,0.0006501548369498623
centered,equal_cyclone,-875.0,-425.0,0.0004002126235153247
centered,equal_cyclone,-825.0,-425.0,0.00035237530917634993
centered,equal_cyclone,-775.0,-425.0,0.0003992757100123295
centered,equal_cyclone,-725.0,-425.0,0.00023025652280708668
centered,equal_cyclone,-675.0,-425.0,0.00028218486433120545
centered,equal_cyclone,-625.0,-425.0,0.000226748137294109
centered,equal_cyclone,-575.0,-425.0,0.00020955045364546218
centered,equal_cyclone,-525.0,-425.0,0.0002274157908010165
centered,equal_cyclone,-475.0,-425.0,0.00020891117506342886
centered,equal_cyclone,-425.0,-425.0,0.00019636598386055964
centered,equal_cyclone,-375.0,-425.0,0.00018483828585540038
centered,equal_cyclone,-325.0,-425.0,0.0002012668835436642
centered,equal_cyclone,-275.0,-425.0,0.00020524393679382673
centered,equal_cyclone,-225.0,-425.0,0.00020926517075572478
centered,equal_cyclone,-175.0,-425.0,0.0002179054148092999
centered,equal_cyclone,-125.0,-425.0,0.00024635429832103493
centered,equal_cyclone,-75.0,-425.0,0.00025195142139907616
centered,equal_cyclone,-25.0,-425.0,0.00027914284195382954
centered,equal_cyclone,25.0,-425.0,0.0003513943342146465
centered,equal_cyclone,75.0,-425.0,0.0003419776164958857
centered,equal_cyclone,125.0,-425.0,0.00030332617590024817
centered,equal_cyclone,175.0,-425.0,0.00025663530139921414
centered,equal_cyclone,225.0,-425.0,0.0002497680160126271
centered,equal_cyclone,275.0,-425.0,0.00025454706249295833
centered,equal_cyclone,325.0,-425.0,0.00022586545419458058
centered,equal_cyclone,375.0,-425.0,0.00021319086864094027
centered,equal_cyclone,425.0,-425.0,0.00018745006707612566
centered,equal_cyclone,475.0,-425.0,0.00020060399144181552
centered,equal_cyclone,525.0,-425.0,0.00019665989475118543
centered,equal_cyclone,575.0,-425.0,0.00016719453474603512
centered,equal_cyclone,625.0,-425.0,0.00015265918999875436
centered,equal_cyclone,675.0,-425.0,0.0001940115948192594
centered,equal_cyclone,725.0,-425.0,0.00017016199948761387
centered,equal_cyclone,775.0,-425.0,0.0001748916346129694
centered,equal_cyclone,825.0,-425.0,0.0001797532719608312
centered,equal_cyclone,875.0,-425.0,0.0002206076058156899
centered,equal_cyclone,925.0,-425.0,0.0002623968135755247
centered,equal_cyclone,975.0,-425.0,0.0006007551030382
centered,equal_cyclone,1025.0,-425.0,0.0002495123485027653
centered,equal_cyclone,1075.0,-425.0,0.0
centered,equal_cyclone,-1075.0,-375.0,0.0
centered,equal_cyclone,-1025.0,-375.0,0.0011202978914723288
centered,equal_cyclone,-975.0,-375.0,0.0008867312947954083
centered,equal_cyclone,-925.0,-375.0,0.0005887563763304484
centered,equal_cyclone,-875.0,-375.0,0.0003563945355112709
centered,equal_cyclone,-825.0,-375.0,0.0003224626905902612
centered,equal_cyclone,-775.0,-375.0,0.00028621865605233873
centered,equal_cyclone,-725.0,-375.0,0.00024877258792855417
centered,equal_cyclone,-675.0,-375.0,0.00031669432672142564
centered,equal_cyclone,-625.0,-375.0,0.00022941950848823778
centered,equal_cyclone,-575.0,-375.0,0.00020698048934681733
centered,equal_cyclone,-525.0,-375.0,0.0002168321951085015
centered,equal_cyclone,-475.0,-375.0,0.00022316497663685652
centered,equal_cyclone,-425.0,-375.0,0.0002166275918057091
centered,equal_cyclone,-375.0,-375.0,0.00022743084657827933
centered,equal_cyclone,-325.0,-375.0,0.0002576145888087801
centered,equal_cyclone,-275.0,-375.0,0.00030520617258489335
centered,equal_cyclone,-225.0,-375.0,0.0002879539953280172
centered,equal_cyclone,-175.0,-375.0,0.0003053207324259859
centered,equal_cyclone,-125.0,-375.0,0.0003668018552401942
centered,equal_cyclone,-75.0,-375.0,0.00033753682463798126
centered,equal_cyclone,-25.0,-375.0,0.00040741093425434005
centered,equal_cyclone,25.0,-375.0,0.0005573621278142047
centered,equal_cyclone,75.0,-375.0,0.00035239273723153985
centered,equal_cyclone,125.0,-375.0,0.0003222181439358495
centered,equal_cyclone,175.0,-375.0,0.00033063767566688887
centered,equal_cyclone,225.0,-375.0,0.0003992880815534317
centered,equal_cyclone,275.0,-375.0,0.00029943021881769497
centered,equal_cyclone,325.0,-375.0,0.0003028412569370691
centered,equal_cyclone,375.0,-375.0,0.00034435590749053597
centered,equal_cyclone,425.0,-375.0,0.0002550458999602356
centered,equal_cyclone,475.0,-375.0,0.0002605884914165856
centered,equal_cyclone,525.0,-375.0,0.0002502534537915424
centered,equal_cyclone,575.0,-375.0,0.00022627004668665962
centered,equal_cyclone,625.0,-375.0,0.00018478206844569123
centered,equal_cyclone,675.0,-375.0,0.00017671705507703666
centered,equal_cyclone,725.0,-375.0,0.00017628477597726424
centered,equal_cyclone,775.0,-375.0,0.00017413530695617845
centered,equal_cyclone,825.0,-375.0,0.00016226915057486325
centered,equal_cyclone,875.0,-375.0,0.0002473127285294478
centered,equal_cyclone,925.0,-375.0,0.00022257976602574667
centered,equal_cyclone,975.0,-375.0,0.0003059588393334895
centered,equal_cyclone,1025.0,-375.0,0.00030769080890388556
centered,equal_cyclone,1075.0,-375.0,0.0
centered,equal_cyclone,-1075.0,-325.0,8.142074557197183e-05
centered,equal_cyclone,-1025.0,-325.0,0.0012534241986963026
centered,equal_cyclone,-975.0,-325.0,0.000719315561118705
centered,equal_cyclone,-925.0,-325.0,0.000562421915973212
centered,equal_cyclone,-875.0,-325.0,0.00043687410658362205
centered,equal_cyclone,-825.0,-325.0,0.0006025338552883747
centered,equal_cyclone,-775.0,-325.0,0.0006822048790384657
centered,equal_cyclone,-725.0,-325.0,0.0002566438584926453
centered,equal_cyclone,-675.0,-325.0,0.00032931941835743513
centered,equal_cyclone,-625.0,-325.0,0.0002977296399302797
centered,equal_cyclone,-575.0,-325.0,0.0002325287996846154
centered,equal_cyclone,-525.0,-325.0,0.00024456734789654377
centered,equal_cyclone,-475.0,-325.0,0.0002451754361929432
centered,equal_cyclone,-425.0,-325.0,0.0002393935698664686
centered,equal_cyclone,-375.0,-325.0,0.00027748883835396735
centered,equal_cyclone,-325.0,-325.0,0.0003262456836838107
centered,equal_cyclone,-275.0,-325.0,0.0003662381440825731
centered,equal_cyclone,-225.0,-325.0,0.0003985507307804038
centered,equal_cyclone,-175.0,-325.0,0.00046945056394429914
centered,equal_cyclone,-125.0,-325.0,0.0005460740950630742
centered,equal_cyclone,-75.0,-325.0,0.0004278446341147798
centered,equal_cyclone,-25.0,-325.0,0.0004430211631351953
centered,equal_cyclone,25.0,-325.0,0.0005015643694616085
centered,equal_cyclone,75.0,-325.0,0.0005895459854693164
centered,equal_cyclone,125.0,-325.0,0.00045295177045585867
centered,equal_cyclone,175.0,-325.0,0.0004727263432776458
centered,equal_cyclone,225.0,-325.0,0.0004906905634089516
centered,equal_cyclone,275.0,-325.0,0.0004263129937469942
centered,equal_cyclone,325.0,-325.0,0.0003925918982951562
centered,equal_cyclone,375.0,-325.0,0.000327825129354891
centered,equal_cyclone,425.0,-325.0,0.00027032172859918366
centered,equal_cyclone,475.0,-325.0,0.0002662017334644596
centered,equal_cyclone,525.0,-325.0,0.00024474671727728683
centered,equal_cyclone,575.0,-325.0,0.000231433157037593
centered,equal_cyclone,625.0,-325.0,0.00020679125766907345
centered,equal_cyclone,675.0,-325.0,0.0001887081617442079
centered,equal_cyclone,725.0,-325.0,0.00021687054439596285
centered,equal_cyclone,775.0,-325.0,0.000243706490802064
centered,equal_cyclone,825.0,-325.0,0.00016657343917950588
centered,equal_cyclone,875.0,-325.0,0.00020247698171216815
centered,equal_cyclone,925.0,-325.0,0.0001927744370871142
centered,equal_cyclone,975.0,-325.0,0.0004172601913250134
centered,equal_cyclone,1025.0,-325.0,0.0005782286664061217
centered,equal_cyclone,1075.0,-325.0,2.207576827477383e-05
centered,equal_cyclone,-1075.0,-275.0,0.000458252666635996
centered,equal_cyclone,-1025.0,-275.0,0.0008529179232106027
centered,equal_cyclone,-975.0,-275.0,0.0006234037722011858
centered,equal_cyclone,-925.0,-275.0,0.0005769324691974725
centered,equal_cyclone,-875.0,-275.0,0.0004062537813546628
centered,equal_cyclone,-825.0,-275.0,0.0003606736085742499
centered,equal_cyclone,-775.0,-275.0,0.00032560799671645953
centered,equal_cyclone,-725.0,-275.0,0.00030083691974367946
centered,equal_cyclone,-675.0,-275.0,0.00028628188073717687
centered,equal_cyclone,-625.0,-275.0,0.000283957173342043
centered,equal_cyclone,-575.0,-275.0,0.0003665422071526107
centered,equal_cyclone,-525.0,-275.0,0.0003138363135862642
centered,equal_cyclone,-475.0,-275.0,0.00042996964766207674
centered,equal_cyclone,-425.0,-275.0,0.00037568643036739734
centered,equal_cyclone,-375.0,-275.0,0.00037405820483296225
centered,equal_cyclone,-325.0,-275.0,0.0004227998454085516
centered,equal_cyclone,-275.0,-275.0,0.0004751224654681275
centered,equal_cyclone,-225.0,-275.0,0.0006655005929224067
centered,equal_cyclone,-175.0,-275.0,0.0005479150438565213
centered,equal_cyclone,-125.0,-275.0,0.0006587858421161334
centered,equal_cyclone,-75.0,-275.0,0.0005844910577348559
centered,equal_cyclone,-25.0,-275.0,0.0005562041003357316
centered,equal_cyclone,25.0,-275.0,0.0005588152586794124
centered,equal_cyclone,75.0,-275.0,0.0006778837935891752
centered,equal_cyclone,125.0,-275.0,0.0006662111944749879
centered,equal_cyclone,175.0,-275.0,0.0005685433784992592
centered,equal_cyclone,225.0,-275.0,0.0006152292946267395
centered,equal_cyclone,275.0,-275.0,0.0005421628695989085
centered,equal_cyclone,325.0,-275.0,0.0004707275408093091
centered,equal_cyclone,375.0,-275.0,0.000414533695210138
centered,equal_cyclone,425.0,-275.0,0.0003629823614829867
centered,equal_cyclone,475.0,-275.0,0.00040604368205255287
centered,equal_cyclone,525.0,-275.0,0.00030773691480831793
centered,equal_cyclone,575.0,-275.0,0.0002735484115298219
centered,equal_cyclone,625.0,-275.0,0.0002212005807907814
centered,equal_cyclone,675.0,-275.0,0.00017753085633119166
centered,equal_cyclone,725.0,-275.0,0.0001666391535369684
centered,equal_cyclone,775.0,-275.0,0.00015651102279033686
centered,equal_cyclone,825.0,-275.0,0.00017148428265955
centered,equal_cyclone,875.0,-275.0,0.00016067340169165163
centered,equal_cyclone,925.0,-275.0,0.00032151035378511194
centered,equal_cyclone,975.0,-275.0,0.00029560069922112173
centered,equal_cyclone,1025.0,-275.0,0.00048594002441299346
centered,equal_cyclone,1075.0,-275.0,0.0003086251371933138
centered,equal_cyclone,-1075.0,-225.0,0.0007082385764439911
centered,equal_cyclone,-1025.0,-225.0,0.0008046755203451794
centered,equal_cyclone,-975.0,-225.0,0.0005055732706350571
centered,equal_cyclone,-925.0,-225.0,0.000504813253992205
centered,equal_cyclone,-875.0,-225.0,0.000434079298612033
centered,equal_cyclone,-825.0,-225.0,0.0003776344208454683
centered,equal_cyclone,-775.0,-225.0,0.0004043036473409806
centered,equal_cyclone,-725.0,-225.0,0.00027941276883677337
centered,equal_cyclone,-675.0,-225.0,0.0003241355872994345
centered,equal_cyclone,-625.0,-225.0,0.0003818291979459362
centered,equal_cyclone,-575.0,-225.0,0.000326202793152159
centered,equal_cyclone,-525.0,-225.0,0.00040428432103318596
centered,equal_cyclone,-475.0,-225.0,0.0004623269700052409
centered,equal_cyclone,-425.0,-225.0,0.0005243398972777541
centered,equal_cyclone,-375.0,-225.0,0.0005141102816302922
centered,equal_cyclone,-325.0,-225.0,0.0005348162337833794
centered,equal_cyclone,-275.0,-225.0,0.0006231268331648671
centered,equal_cyclone,-225.0,-225.0,0.0006552780700622455
centered,equal_cyclone,-175.0,-225.0,0.0006967351201777437
centered,equal_cyclone,-125.0,-225.0,0.0005436119077638677
centered,equal_cyclone,-75.0,-225.0,0.0005902366348378483
centered,equal_cyclone,-25.0,-225.0,0.0005983223343890064
centered,equal_cyclone,25.0,-225.0,0.0005488961115432019
centered,equal_cyclone,75.0,-225.0,0.0006137277478803354
centered,equal_cyclone,125.0,-225.0,0.0008286146664719257
centered,equal_cyclone,175.0,-225.0,0.0007119940972424113
centered,equal_cyclone,225.0,-225.0,0.0008502259433812047
centered,equal_cyclone,275.0,-225.0,0.0007367462250769694
centered,equal_cyclone,325.0,-225.0,0.0006367420023716542
centered,equal_cyclone,375.0,-225.0,0.000643525655921491
centered,equal_cyclone,425.0,-225.0,0.0004885318611066104
centered,equal_cyclone,475.0,-225.0,0.00043116081884427444
centered,equal_cyclone,525.0,-225.0,0.00037693856211908154
centered,equal_cyclone,575.0,-225.0,0.00028592581750720556
centered,equal_cyclone,625.0,-225.0,0.00023157784708898173
centered,equal_cyclone,675.0,-225.0,0.00019907712648955167
centered,equal_cyclone,725.0,-225.0,0.00021788494233320298
centered,equal_cyclone,775.0,-225.0,0.00020081473270431178
centered,equal_cyclone,825.0,-225.0,0.00017286365878694382
centered,equal_cyclone,875.0,-225.0,0.00018097377464357267
centered,equal_cyclone,925.0,-225.0,0.0004173403536936613
centered,equal_cyclone,975.0,-225.0,0.00028484868830437593
centered,equal_cyclone,1025.0,-225.0,0.0003309523637241698
centered,equal_cyclone,1075.0,-225.0,0.00027819026913247736
centered,equal_cyclone,-1075.0,-175.0,0.0011344275246691067
centered,equal_cyclone,-1025.0,-175.0,0.000714672053238183
centered,equal_cyclone,-975.0,-175.0,0.0006098923420817146
centered,equal_cyclone,-925.0,-175.0,0.0005081854585505448
centered,equal_cyclone,-875.0,-175.0,0.0007375655747146446
centered,equal_cyclone,-825.0,-175.0,0.00037568810800982135
centered,equal_cyclone,-775.0,-175.0,0.0002962824068167186
centered,equal_cyclone,-725.0,-175.0,0.0004923726107451026
centered,equal_cyclone,-675.0,-175.0,0.00041254524243633663
centered,equal_cyclone,-625.0,-175.0,0.0004105802287892015
centered,equal_cyclone,-575.0,-175.0,0.00043345291989486235
centered,equal_cyclone,-525.0,-175.0,0.0004990249392696566
centered,equal_cyclone,-475.0,-175.0,0.00055975767375568
centered,equal_cyclone,-425.0,-175.0,0.0006032091267539117
centered,equal_cyclone,-375.0,-175.0,0.0007946939004220825
centered,equal_cyclone,-325.0,-175.0,0.0006389335840481242
centered,equal_cyclone,-275.0,-175.0,0.000730628680933597
centered,equal_cyclone,-225.0,-175.0,0.000776629386416991
centered,equal_cyclone,-175.0,-175.0,0.0007486332754579968
centered,equal_cyclone,-125.0,-175.0,0.0006204582207109238
centered,equal_cyclone,-75.0,-175.0,0.0005742466771020367
centered,equal_cyclone,-25.0,-175.0,0.0005043518139146385
centered,equal_cyclone,25.0,-175.0,0.0005305843571757486
centered,equal_cyclone,75.0,-175.0,0.0006518732249557334
centered,equal_cyclone,125.0,-175.0,0.0007114978427369638
centered,equal_cyclone,175.0,-175.0,0.0009228916692157989
centered,equal_cyclone,225.0,-175.0,0.0008602546411702377
centered,equal_cyclone,275.0,-175.0,0.000894202960950444
centered,equal_cyclone,325.0,-175.0,0.0008300704772913703
centered,equal_cyclone,375.0,-175.0,0.0008570898497139184
centered,equal_cyclone,425.0,-175.0,0.0006995253904287227
centered,equal_cyclone,475.0,-175.0,0.0005006677253948806
centered,equal_cyclone,525.0,-175.0,0.0004033003469431009
centered,equal_cyclone,575.0,-175.0,0.0003053145395156168
centered,equal_cyclone,625.0,-175.0,0.0002845466851047198
centered,equal_cyclone,675.0,-175.0,0.0002453312660578548
centered,equal_cyclone,725.0,-175.0,0.00020957721145667375
centered,equal_cyclone,775.0,-175.0,0.00018342636721580493
centered,equal_cyclone,825.0,-175.0,0.00015928443673217575
centered,equal_cyclone,875.0,-175.0,0.0001951010377634315
centered,equal_cyclone,925.0,-175.0,0.00023833156147417246
centered,equal_cyclone,975.0,-175.0,0.00021437352976461067
centered,equal_cyclone,1025.0,-175.0,0.00023695758761896666
centered,equal_cyclone,1075.0,-175.0,0.0001975985480269463
centered,equal_cyclone,-1075.0,-125.0,0.0010677630802448904
centered,equal_cyclone,-1025.0,-125.0,0.000831546796143651
centered,equal_cyclone,-975.0,-125.0,0.0006672110073054583
centered,equal_cyclone,-925.0,-125.0,0.0004261965721769889
centered,equal_cyclone,-875.0,-125.0,0.0004177732036475888
centered,equal_cyclone,-825.0,-125.0,0.00041400370065973615
centered,equal_cyclone,-775.0,-125.0,0.0003834192028535392
centered,equal_cyclone,-725.0,-125.0,0.0003958552638748376
centered,equal_cyclone,-675.0,-125.0,0.0003963725590809222
centered,equal_cyclone,-625.0,-125.0,0.00040314012011857727
centered,equal_cyclone,-575.0,-125.0,0.0004512401359760964
centered,equal_cyclone,-525.0,-125.0,0.0005803859052191694
centered,equal_cyclone,-475.0,-125.0,0.0006715068676998846
centered,equal_cyclone,-425.0,-125.0,0.0006813576930810561
centered,equal_cyclone,-375.0,-125.0,0.0008759890542752878
centered,equal_cyclone,-325.0,-125.0,0.0008993830502494326
centered,equal_cyclone,-275.0,-125.0,0.0008459810679761868
centered,equal_cyclone,-225.0,-125.0,0.0009394623886335357
centered,equal_cyclone,-175.0,-125.0,0.0008364630095454104
centered,equal_cyclone,-125.0,-125.0,0.0007642942068185809
centered,equal_cyclone,-75.0,-125.0,0.0006200058499374294
centered,equal_cyclone,-25.0,-125.0,0.0004955755705838144
centered,equal_cyclone,25.0,-125.0,0.0005064203273241273
centered,equal_cyclone,75.0,-125.0,0.0006502162176991688
centered,equal_cyclone,125.0,-125.0,0.0008849659120805075
centered,equal_cyclone,175.0,-125.0,0.0008157833919535877
centered,equal_cyclone,225.0,-125.0,0.0009264043024054719
centered,equal_cyclone,275.0,-125.0,0.00106931468902062
centered,equal_cyclone,325.0,-125.0,0.0009118718083743276
centered,equal_cyclone,375.0,-125.0,0.0007902117474117858
centered,equal_cyclone,425.0,-125.0,0.000673564311679973
centered,equal_cyclone,475.0,-125.0,0.0006829174439390391
centered,equal_cyclone,525.0,-125.0,0.00044384760561607653
centered,equal_cyclone,575.0,-125.0,0.0003150890762348002
centered,equal_cyclone,625.0,-125.0,0.00033659023333030424
centered,equal_cyclone,675.0,-125.0,0.00028065247737749685
centered,equal_cyclone,725.0,-125.0,0.00022453805479818515
centered,equal_cyclone,775.0,-125.0,0.0001900765447931682
centered,equal_cyclone,825.0,-125.0,0.00020865457340933928
centered,equal_cyclone,875.0,-125.0,0.0001858428894944739
centered,equal_cyclone,925.0,-125.0,0.00016236423337170932
centered,equal_cyclone,975.0,-125.0,0.00018781004965158363
centered,equal_cyclone,1025.0,-125.0,0.00023099502777288277
centered,equal_cyclone,1075.0,-125.0,0.0003382003348602742
centered,equal_cyclone,-1075.0,-75.0,0.0016815040973205103
centered,equal_cyclone,-1025.0,-75.0,0.0008302424374826337
centered,equal_cyclone,-975.0,-75.0,0.0006216326394796447
centered,equal_cyclone,-925.0,-75.0,0.0005112257693334438
centered,equal_cyclone,-875.0,-75.0,0.000517043202750824
centered,equal_cyclone,-825.0,-75.0,0.0005946155733006361
centered,equal_cyclone,-775.0,-75.0,0.00044450465461671226
centered,equal_cyclone,-725.0,-75.0,0.0004499115586080723
centered,equal_cyclone,-675.0,-75.0,0.00045676606605177944
centered,equal_cyclone,-625.0,-75.0,0.0005989820779646405
centered,equal_cyclone,-575.0,-75.0,0.0006094494644482087
centered,equal_cyclone,-525.0,-75.0,0.0006664306161888333
centered,equal_cyclone,-475.0,-75.0,0.00077178367034577
centered,equal_cyclone,-425.0,-75.0,0.0009109211357544974
centered,equal_cyclone,-375.0,-75.0,0.0009667400147707944
centered,equal_cyclone,-325.0,-75.0,0.0011281797140622078
centered,equal_cyclone,-275.0,-75.0,0.0011027762388994722
centered,equal_cyclone,-225.0,-75.0,0.001031075919160759
centered,equal_cyclone,-175.0,-75.0,0.001098070560202938
centered,equal_cyclone,-125.0,-75.0,0.0007910061465113614
centered,equal_cyclone,-75.0,-75.0,0.0006687538131110164
centered,equal_cyclone,-25.0,-75.0,0.0005504198657772095
centered,equal_cyclone,25.0,-75.0,0.0006081391150331123
centered,equal_cyclone,75.0,-75.0,0.0005767942099817147
centered,equal_cyclone,125.0,-75.0,0.0006602930684596909
centered,equal_cyclone,175.0,-75.0,0.001051638005049313
centered,equal_cyclone,225.0,-75.0,0.0012192926344139815
centered,equal_cyclone,275.0,-75.0,0.001422997388294395
centered,equal_cyclone,325.0,-75.0,0.0011767857632696958
centered,equal_cyclone,375.0,-75.0,0.0009145513577556305
centered,equal_cyclone,425.0,-75.0,0.0008570060026928971
centered,equal_cyclone,475.0,-75.0,0.0008193052085477648
centered,equal_cyclone,525.0,-75.0,0.0005419978720321233
centered,equal_cyclone,575.0,-75.0,0.0004234045861557255
centered,equal_cyclone,625.0,-75.0,0.00041629302854918654
centered,equal_cyclone,675.0,-75.0,0.00027692415184429593
centered,equal_cyclone,725.0,-75.0,0.00021863156217819882
centered,equal_cyclone,775.0,-75.0,0.00021521479165196791
centered,equal_cyclone,825.0,-75.0,0.0002102417478980149
centered,equal_cyclone,875.0,-75.0,0.00017204322619007118
centered,equal_cyclone,925.0,-75.0,0.0002106799759430631
centered,equal_cyclone,975.0,-75.0,0.0002038660913289236
centered,equal_cyclone,1025.0,-75.0,0.0002538809283272219
centered,equal_cyclone,1075.0,-75.0,0.0008541545417609562
centered,equal_cyclone,-1075.0,-25.0,0.0017847076512757566
centered,equal_cyclone,-1025.0,-25.0,0.0009191138194125876
centered,equal_cyclone,-975.0,-25.0,0.0006327133888665943
centered,equal_cyclone,-925.0,-25.0,0.0007255760350069293
centered,equal_cyclone,-875.0,-25.0,0.000583540043643508
centered,equal_cyclone,-825.0,-25.0,0.0005772154093852014
centered,equal_cyclone,-775.0,-25.0,0.0004682094679960759
centered,equal_cyclone,-725.0,-25.0,0.0006033738604119429
centered,equal_cyclone,-675.0,-25.0,0.0004992913709360147
centered,equal_cyclone,-625.0,-25.0,0.0005368177640463058
centered,equal_cyclone,-575.0,-25.0,0.0006847194735557522
centered,equal_cyclone,-525.0,-25.0,0.0007186551006516063
centered,equal_cyclone,-475.0,-25.0,0.0009509103490418577
centered,equal_cyclone,-425.0,-25.0,0.0011576323499311576
centered,equal_cyclone,-375.0,-25.0,0.0013256720519259732
centered,equal_cyclone,-325.0,-25.0,0.001402008055981767
centered,equal_cyclone,-275.0,-25.0,0.0013476483265725538
centered,equal_cyclone,-225.0,-25.0,0.0014208415010122058
centered,equal_cyclone,-175.0,-25.0,0.0011926118586578884
centered,equal_cyclone,-125.0,-25.0,0.0009603203878156629
centered,equal_cyclone,-75.0,-25.0,0.0006428822479488369
centered,equal_cyclone,-25.0,-25.0,0.0004490348635098098
centered,equal_cyclone,25.0,-25.0,0.00047415596647434796
centered,equal_cyclone,75.0,-25.0,0.000764904328134304
centered,equal_cyclone,125.0,-25.0,0.0006917148723995004
centered,equal_cyclone,175.0,-25.0,0.0011646813462487457
centered,equal_cyclone,225.0,-25.0,0.0014530422056470195
centered,equal_cyclone,275.0,-25.0,0.0013958095808437184
centered,equal_cyclone,325.0,-25.0,0.0014627960475799935
centered,equal_cyclone,375.0,-25.0,0.0010185542637798372
centered,equal_cyclone,425.0,-25.0,0.0015433414839150098
centered,equal_cyclone,475.0,-25.0,0.0008479806332750467
centered,equal_cyclone,525.0,-25.0,0.0006998930072617625
centered,equal_cyclone,575.0,-25.0,0.0004821612748803781
centered,equal_cyclone,625.0,-25.0,0.00038223748278977626
centered,equal_cyclone,675.0,-25.0,0.0002808995762427755
centered,equal_cyclone,725.0,-25.0,0.00021517599173033166
centered,equal_cyclone,775.0,-25.0,0.00021923043385878508
centered,equal_cyclone,825.0,-25.0,0.0001849175993771713
centered,equal_cyclone,875.0,-25.0,0.00019301795874825082
centered,equal_cyclone,925.0,-25.0,0.0001562249746009302
centered,equal_cyclone,975.0,-25.0,0.00020222402714992565
centered,equal_cyclone,1025.0,-25.0,0.00023361309722906353
centered,equal_cyclone,1075.0,-25.0,0.0002916007873814347
centered,equal_cyclone,-1075.0,25.0,0.0015213966991458605
centered,equal_cyclone,-1025.0,25.0,0.0010329541859047057
centered,equal_cyclone,-975.0,25.0,0.0006152533639012315
centered,equal_cyclone,-925.0,25.0,0.0006279307208793248
centered,equal_cyclone,-875.0,25.0,0.0005894632350783832
centered,equal_cyclone,-825.0,25.0,0.00048521198133931736
centered,equal_cyclone,-775.0,25.0,0.0005347599612780656
centered,equal_cyclone,-725.0,25.0,0.0005970198420499278
centered,equal_cyclone,-675.0,25.0,0.0005528632957323526
centered,equal_cyclone,-625.0,25.0,0.0006876661813631799
centered,equal_cyclone,-575.0,25.0,0.0007976159552851149
centered,equal_cyclone,-525.0,25.0,0.0008489423767317424
centered,equal_cyclone,-475.0,25.0,0.0009848572161949428
centered,equal_cyclone,-425.0,25.0,0.0010802797459070438
centered,equal_cyclone,-375.0,25.0,0.001292966402506437
centered,equal_cyclone,-325.0,25.0,0.0014497915113752002
centered,equal_cyclone,-275.0,25.0,0.0016282548390499074
centered,equal_cyclone,-225.0,25.0,0.0015208608056356387
centered,equal_cyclone,-175.0,25.0,0.001317584232664652
centered,equal_cyclone,-125.0,25.0,0.0009320414143233259
centered,equal_cyclone,-75.0,25.0,0.0006637202087343752
centered,equal_cyclone,-25.0,25.0,0.000547620894257961
centered,equal_cyclone,25.0,25.0,0.0005964671263850164
centered,equal_cyclone,75.0,25.0,0.0007206877081867801
centered,equal_cyclone,125.0,25.0,0.0010247589827154407
centered,equal_cyclone,175.0,25.0,0.0013569705265846946
centered,equal_cyclone,225.0,25.0,0.0017086224945906648
centered,equal_cyclone,275.0,25.0,0.0016068852569002358
centered,equal_cyclone,325.0,25.0,0.0013623261667548286
centered,equal_cyclone,375.0,25.0,0.001123148614463464
centered,equal_cyclone,425.0,25.0,0.0008208556848561059
centered,equal_cyclone,475.0,25.0,0.0006721525564833556
centered,equal_cyclone,525.0,25.0,0.0006074241288112621
centered,equal_cyclone,575.0,25.0,0.0004561613898937405
centered,equal_cyclone,625.0,25.0,0.0003458486848621671
centered,equal_cyclone,675.0,25.0,0.00026668953628986166
centered,equal_cyclone,725.0,25.0,0.00023710430551378964
centered,equal_cyclone,775.0,25.0,0.00022344440277519595
centered,equal_cyclone,825.0,25.0,0.00019219757728703156
centered,equal_cyclone,875.0,25.0,0.00017989022833863732
centered,equal_cyclone,925.0,25.0,0.0001584897721885239
centered,equal_cyclone,975.0,25.0,0.00019359306118561938
centered,equal_cyclone,1025.0,25.0,0.00023501804087308587
centered,equal_cyclone,1075.0,25.0,0.00030959915105033205
centered,equal_cyclone,-1075.0,75.0,0.0011879958761948542
centered,equal_cyclone,-1025.0,75.0,0.0009438647378966559
centered,equal_cyclone,-975.0,75.0,0.0007069465418326131
centered,equal_cyclone,-925.0,75.0,0.0007223746384379307
centered,equal_cyclone,-875.0,75.0,0.0006896321113606439
centered,equal_cyclone,-825.0,75.0,0.0006505694607377576
centered,equal_cyclone,-775.0,75.0,0.0004835583053325082
centered,equal_cyclone,-725.0,75.0,0.0005711885064232358
centered,equal_cyclone,-675.0,75.0,0.0007046750471060287
centered,equal_cyclone,-625.0,75.0,0.0007320078137626187
centered,equal_cyclone,-575.0,75.0,0.0009050331988601132
centered,equal_cyclone,-525.0,75.0,0.000936108278204546
centered,equal_cyclone,-475.0,75.0,0.0010320098024137788
centered,equal_cyclone,-425.0,75.0,0.0012827761679275339
centered,equal_cyclone,-375.0,75.0,0.0015953163154153545
centered,equal_cyclone,-325.0,75.0,0.0014346210238076285
centered,equal_cyclone,-275.0,75.0,0.001794565164035286
centered,equal_cyclone,-225.0,75.0,0.0015952653716265217
centered,equal_cyclone,-175.0,75.0,0.0013710000602465667
centered,equal_cyclone,-125.0,75.0,0.001060968046220538
centered,equal_cyclone,-75.0,75.0,0.0008521157936328404
centered,equal_cyclone,-25.0,75.0,0.000928568108236099
centered,equal_cyclone,25.0,75.0,0.0009556503893331604
centered,equal_cyclone,75.0,75.0,0.0012246787103111245
centered,equal_cyclone,125.0,75.0,0.0017351201984555553
centered,equal_cyclone,175.0,75.0,0.0017462209000105072
centered,equal_cyclone,225.0,75.0,0.0017140723082663821
centered,equal_cyclone,275.0,75.0,0.0016253141116044044
centered,equal_cyclone,325.0,75.0,0.0013970256113841962
centered,equal_cyclone,375.0,75.0,0.001215395338116277
centered,equal_cyclone,425.0,75.0,0.0008576748110313416
centered,equal_cyclone,475.0,75.0,0.0007006322283699973
centered,equal_cyclone,525.0,75.0,0.0007547735720119171
centered,equal_cyclone,575.0,75.0,0.00046852780261876333
centered,equal_cyclone,625.0,75.0,0.0003338882114283284
centered,equal_cyclone,675.0,75.0,0.00029979029687508444
centered,equal_cyclone,725.0,75.0,0.000268214004299137
centered,equal_cyclone,775.0,75.0,0.00022334179116210637
centered,equal_cyclone,825.0,75.0,0.00018912281657190968
centered,equal_cyclone,875.0,75.0,0.00018582857547251109
centered,equal_cyclone,925.0,75.0,0.00022016881462208604
centered,equal_cyclone,975.0,75.0,0.0002210452591703479
centered,equal_cyclone,1025.0,75.0,0.00025178795137754934
centered,equal_cyclone,1075.0,75.0,0.0003146583768155038
centered,equal_cyclone,-1075.0,125.0,0.001265654731550843
centered,equal_cyclone,-1025.0,125.0,0.00103089869495396
centered,equal_cyclone,-975.0,125.0,0.0007365555148807521
centered,equal_cyclone,-925.0,125.0,0.0008464792304979777
centered,equal_cyclone,-875.0,125.0,0.0006091895231099263
centered,equal_cyclone,-825.0,125.0,0.0007084820669291818
centered,equal_cyclone,-775.0,125.0,0.0006751960901779543
centered,equal_cyclone,-725.0,125.0,0.0007041218033585774
centered,equal_cyclone,-675.0,125.0,0.0006396052763523197
centered,equal_cyclone,-625.0,125.0,0.0007162600654009789
centered,equal_cyclone,-575.0,125.0,0.0009164064149010054
centered,equal_cyclone,-525.0,125.0,0.0009448260950039388
centered,equal_cyclone,-475.0,125.0,0.0011811908136668393
centered,equal_cyclone,-425.0,125.0,0.001437684040627199
centered,equal_cyclone,-375.0,125.0,0.0016110270739785996
centered,equal_cyclone,-325.0,125.0,0.001975797461374167
centered,equal_cyclone,-275.0,125.0,0.0016141041558598067
centered,equal_cyclone,-225.0,125.0,0.0015468373796815628
centered,equal_cyclone,-175.0,125.0,0.0016953660116162217
centered,equal_cyclone,-125.0,125.0,0.0014966257172222643
centered,equal_cyclone,-75.0,125.0,0.0012138051831239317
centered,equal_cyclone,-25.0,125.0,0.0011488052805799344
centered,equal_cyclone,25.0,125.0,0.001260608587979115
centered,equal_cyclone,75.0,125.0,0.0014343230505649927
centered,equal_cyclone,125.0,125.0,0.0017770854456777496
centered,equal_cyclone,175.0,125.0,0.0017634778563157076
centered,equal_cyclone,225.0,125.0,0.0016668479965161146
centered,equal_cyclone,275.0,125.0,0.0016808661332404265
centered,equal_cyclone,325.0,125.0,0.0014070563613566465
centered,equal_cyclone,375.0,125.0,0.0010545553896006605
centered,equal_cyclone,425.0,125.0,0.0009076837299683608
centered,equal_cyclone,475.0,125.0,0.0007251791437442673
centered,equal_cyclone,525.0,125.0,0.0006782244191421104
centered,equal_cyclone,575.0,125.0,0.00048101961850675423
centered,equal_cyclone,625.0,125.0,0.00035512064444011786
centered,equal_cyclone,675.0,125.0,0.00028714140211057995
centered,equal_cyclone,725.0,125.0,0.0003122751739190105
centered,equal_cyclone,775.0,125.0,0.00021089904286597828
centered,equal_cyclone,825.0,125.0,0.00019567232136146544
centered,equal_cyclone,875.0,125.0,0.00016946820910538674
centered,equal_cyclone,925.0,125.0,0.00015899426290090222
centered,equal_cyclone,975.0,125.0,0.00021433093860786498
centered,equal_cyclone,1025.0,125.0,0.0002712477386501253
centered,equal_cyclone,1075.0,125.0,0.00028214425204701397
centered,equal_cyclone,-1075.0,175.0,0.0011067462023429092
centered,equal_cyclone,-1025.0,175.0,0.0009722188286699536
centered,equal_cyclone,-975.0,175.0,0.0007437968072323695
centered,equal_cyclone,-925.0,175.0,0.0008087610947250158
centered,equal_cyclone,-875.0,175.0,0.0006569216710274235
centered,equal_cyclone,-825.0,175.0,0.000739993513975992
centered,equal_cyclone,-775.0,175.0,0.0007057336305690628
centered,equal_cyclone,-725.0,175.0,0.0008697073587761808
centered,equal_cyclone,-675.0,175.0,0.00067166205425285
centered,equal_cyclone,-625.0,175.0,0.0008045164205486759
centered,equal_cyclone,-575.0,175.0,0.0010941746430170236
centered,equal_cyclone,-525.0,175.0,0.0010896796438388038
centered,equal_cyclone,-475.0,175.0,0.0014705678730472943
centered,equal_cyclone,-425.0,175.0,0.001470574066949463
centered,equal_cyclone,-375.0,175.0,0.0014343170592332267
centered,equal_cyclone,-325.0,175.0,0.0015890381716861142
centered,equal_cyclone,-275.0,175.0,0.001685534147047105
centered,equal_cyclone,-225.0,175.0,0.0017673009369548675
centered,equal_cyclone,-175.0,175.0,0.0018696247984931415
centered,equal_cyclone,-125.0,175.0,0.0017154575993642224
centered,equal_cyclone,-75.0,175.0,0.0016431140531749518
centered,equal_cyclone,-25.0,175.0,0.0016653241233344875
centered,equal_cyclone,25.0,175.0,0.0016382226239105152
centered,equal_cyclone,75.0,175.0,0.0019244637771708467
centered,equal_cyclone,125.0,175.0,0.0017795354944321411
centered,equal_cyclone,175.0,175.0,0.0017999242308252966
centered,equal_cyclone,225.0,175.0,0.0017456242232149713
centered,equal_cyclone,275.0,175.0,0.0017099396173621674
centered,equal_cyclone,325.0,175.0,0.0013846996080986126
centered,equal_cyclone,375.0,175.0,0.001107890481192465
centered,equal_cyclone,425.0,175.0,0.0010062933089670125
centered,equal_cyclone,475.0,175.0,0.0007725046029526452
centered,equal_cyclone,525.0,175.0,0.000673050476792174
centered,equal_cyclone,575.0,175.0,0.00047848910571721354
centered,equal_cyclone,625.0,175.0,0.00034313241814213014
centered,equal_cyclone,675.0,175.0,0.000296563577990159
centered,equal_cyclone,725.0,175.0,0.0002235922064136056
centered,equal_cyclone,775.0,175.0,0.00021099550763561446
centered,equal_cyclone,825.0,175.0,0.0002056507704309517
centered,equal_cyclone,875.0,175.0,0.00017033863528499146
centered,equal_cyclone,925.0,175.0,0.00014671135822403464
centered,equal_cyclone,975.0,175.0,0.0002511779111507584
centered,equal_cyclone,1025.0,175.0,0.0002860289421146442
centered,equal_cyclone,1075.0,175.0,0.0003553627415711525
centered,equal_cyclone,-1075.0,225.0,0.0011312584921484342
centered,equal_cyclone,-1025.0,225.0,0.0011304517582975157
centered,equal_cyclone,-975.0,225.0,0.0007560841968268731
centered,equal_cyclone,-925.0,225.0,0.0007051457083375644
centered,equal_cyclone,-875.0,225.0,0.0006724954685867077
centered,equal_cyclone,-825.0,225.0,0.0006569782217749621
centered,equal_cyclone,-775.0,225.0,0.0007863681598558232
centered,equal_cyclone,-725.0,225.0,0.0007067783660979543
centered,equal_cyclone,-675.0,225.0,0.0009084820472870369
centered,equal_cyclone,-625.0,225.0,0.0010889957589501754
centered,equal_cyclone,-575.0,225.0,0.0012664666080326255
centered,equal_cyclone,-525.0,225.0,0.0010537556997680425
centered,equal_cyclone,-475.0,225.0,0.001185337208559673
centered,equal_cyclone,-425.0,225.0,0.0013751285615378425
centered,equal_cyclone,-375.0,225.0,0.0017606631655953564
centered,equal_cyclone,-325.0,225.0,0.00174893213028228
centered,equal_cyclone,-275.0,225.0,0.001818662393408498
centered,equal_cyclone,-225.0,225.0,0.0020332139335368735
centered,equal_cyclone,-175.0,225.0,0.0018168891350523963
centered,equal_cyclone,-125.0,225.0,0.0017541398212555126
centered,equal_cyclone,-75.0,225.0,0.0016455883477338052
centered,equal_cyclone,-25.0,225.0,0.002031387891382194
centered,equal_cyclone,25.0,225.0,0.0020975006760208413
centered,equal_cyclone,75.0,225.0,0.0018487995741300056
centered,equal_cyclone,125.0,225.0,0.0018067048630430718
centered,equal_cyclone,175.0,225.0,0.0017872468213335905
centered,equal_cyclone,225.0,225.0,0.0018315135267026226
centered,equal_cyclone,275.0,225.0,0.001796379360537642
centered,equal_cyclone,325.0,225.0,0.0012303318642494518
centered,equal_cyclone,375.0,225.0,0.0011093130390150822
centered,equal_cyclone,425.0,225.0,0.0008531912143190846
centered,equal_cyclone,475.0,225.0,0.0006649853768802075
centered,equal_cyclone,525.0,225.0,0.0005106870611985473
centered,equal_cyclone,575.0,225.0,0.00042794328564302504
centered,equal_cyclone,625.0,225.0,0.0003226272479336611
centered,equal_cyclone,675.0,225.0,0.0002813120520609494
centered,equal_cyclone,725.0,225.0,0.00026368657114399235
centered,equal_cyclone,775.0,225.0,0.00022212068248361858
centered,equal_cyclone,825.0,225.0,0.00021040147258000893
centered,equal_cyclone,875.0,225.0,0.00020619670329665544
centered,equal_cyclone,925.0,225.0,0.00017715854239493735
centered,equal_cyclone,975.0,225.0,0.00023038718117379285
centered,equal_cyclone,1025.0,225.0,0.0003171770970243506
centered,equal_cyclone,1075.0,225.0,0.00033699100966235693
centered,equal_cyclone,-1075.0,275.0,0.0005794792606458936
centered,equal_cyclone,-1025.0,275.0,0.001651840209080998
centered,equal_cyclone,-975.0,275.0,0.0007977685427652015
centered,equal_cyclone,-925.0,275.0,0.000763403999945147
centered,equal_cyclone,-875.0,275.0,0.0008762019738505675
centered,equal_cyclone,-825.0,275.0,0.0006682230718121524
centered,equal_cyclone,-775.0,275.0,0.0007506206788726581
centered,equal_cyclone,-725.0,275.0,0.000696714824074254
centered,equal_cyclone,-675.0,275.0,0.0007671236690072215
centered,equal_cyclone,-625.0,275.0,0.0008907794247796179
centered,equal_cyclone,-575.0,275.0,0.0009517255695725793
centered,equal_cyclone,-525.0,275.0,0.0010643000848024203
centered,equal_cyclone,-475.0,275.0,0.001292099675516627
centered,equal_cyclone,-425.0,275.0,0.001367914033477263
centered,equal_cyclone,-375.0,275.0,0.0015391511857285813
centered,equal_cyclone,-325.0,275.0,0.001558260587782288
centered,equal_cyclone,-275.0,275.0,0.001661426448221113
centered,equal_cyclone,-225.0,275.0,0.001794745654753625
centered,equal_cyclone,-175.0,275.0,0.001902016076562466
centered,equal_cyclone,-125.0,275.0,0.0018330248462071288
centered,equal_cyclone,-75.0,275.0,0.0017125831853904128
centered,equal_cyclone,-25.0,275.0,0.0018157183406650723
centered,equal_cyclone,25.0,275.0,0.001965808347029462
centered,equal_cyclone,75.0,275.0,0.001766512495415144
centered,equal_cyclone,125.0,275.0,0.001812114582433497
centered,equal_cyclone,175.0,275.0,0.0017122766856717576
centered,equal_cyclone,225.0,275.0,0.0015672474701115486
centered,equal_cyclone,275.0,275.0,0.001729894182956277
centered,equal_cyclone,325.0,275.0,0.0011921029960422957
centered,equal_cyclone,375.0,275.0,0.0009975875840067504
centered,equal_cyclone,425.0,275.0,0.0008172487361595846
centered,equal_cyclone,475.0,275.0,0.0006875623309375628
centered,equal_cyclone,525.0,275.0,0.0005109899530392262
centered,equal_cyclone,575.0,275.0,0.00044577898512236625
centered,equal_cyclone,625.0,275.0,0.0004804561220965153
centered,equal_cyclone,675.0,275.0,0.00038481721626962604
centered,equal_cyclone,725.0,275.0,0.00026199539775896113
centered,equal_cyclone,775.0,275.0,0.0002193899760688117
centered,equal_cyclone,825.0,275.0,0.000186873885473866
centered,equal_cyclone,875.0,275.0,0.00017606642019016687
centered,equal_cyclone,925.0,275.0,0.00018550453122329841
centered,equal_cyclone,975.0,275.0,0.00024487256050886565
centered,equal_cyclone,1025.0,275.0,0.00030747595489912844
centered,equal_cyclone,1075.0,275.0,0.00017353277945218195
centered,equal_cyclone,-1075.0,325.0,0.00011571400009822842
centered,equal_cyclone,-1025.0,325.0,0.001559344208198359
centered,equal_cyclone,-975.0,325.0,0.0010645424557074053
centered,equal_cyclone,-925.0,325.0,0.0008539888150522216
centered,equal_cyclone,-875.0,325.0,0.0008126242523022931
centered,equal_cyclone,-825.0,325.0,0.0007076368464545146
centered,equal_cyclone,-775.0,325.0,0.0007450003918850831
centered,equal_cyclone,-725.0,325.0,0.0008238747079378292
centered,equal_cyclone,-675.0,325.0,0.0007363483667590019
centered,equal_cyclone,-625.0,325.0,0.0008370937786704148
centered,equal_cyclone,-575.0,325.0,0.0009809008695187038
centered,equal_cyclone,-525.0,325.0,0.0009957097023667728
centered,equal_cyclone,-475.0,325.0,0.0012308690708184408
centered,equal_cyclone,-425.0,325.0,0.0012975004333426426
centered,equal_cyclone,-375.0,325.0,0.0014228319863177133
centered,equal_cyclone,-325.0,325.0,0.001451803436536153
centered,equal_cyclone,-275.0,325.0,0.0014416409828138545
centered,equal_cyclone,-225.0,325.0,0.0015339657593894493
centered,equal_cyclone,-175.0,325.0,0.001717389345400498
centered,equal_cyclone,-125.0,325.0,0.0017977114728097636
centered,equal_cyclone,-75.0,325.0,0.001826975179852868
centered,equal_cyclone,-25.0,325.0,0.001636348772331086
centered,equal_cyclone,25.0,325.0,0.0017670883498384633
centered,equal_cyclone,75.0,325.0,0.0018404869092318113
centered,equal_cyclone,125.0,325.0,0.0017988538017534208
centered,equal_cyclone,175.0,325.0,0.0015465077614980852
centered,equal_cyclone,225.0,325.0,0.0015307465278903594
centered,equal_cyclone,275.0,325.0,0.0014026448185246296
centered,equal_cyclone,325.0,325.0,0.0011403402224670288
centered,equal_cyclone,375.0,325.0,0.0011565550032043212
centered,equal_cyclone,425.0,325.0,0.0008376700459391032
centered,equal_cyclone,475.0,325.0,0.0007329683871287651
centered,equal_cyclone,525.0,325.0,0.0007103277646256298
centered,equal_cyclone,575.0,325.0,0.0004863856775147614
centered,equal_cyclone,625.0,325.0,0.0010529730114277672
centered,equal_cyclone,675.0,325.0,0.00027052565617071106
centered,equal_cyclone,725.0,325.0,0.0003065632882721114
centered,equal_cyclone,775.0,325.0,0.00022740656291668309
centered,equal_cyclone,825.0,325.0,0.0002217486806443255
centered,equal_cyclone,875.0,325.0,0.0001967329990827875
centered,equal_cyclone,925.0,325.0,0.00018638647781640344
centered,equal_cyclone,975.0,325.0,0.0003136252227920672
centered,equal_cyclone,1025.0,325.0,0.00025027763319512695
centered,equal_cyclone,1075.0,325.0,2.9085575430807472e-05
centered,equal_cyclone,-1075.0,375.0,0.0
centered,equal_cyclone,-1025.0,375.0,0.0010434530010577992
centered,equal_cyclone,-975.0,375.0,0.001049497814329729
centered,equal_cyclone,-925.0,375.0,0.0010257099748381176
centered,equal_cyclone,-875.0,375.0,0.000814796883104374
centered,equal_cyclone,-825.0,375.0,0.0009507472982254335
centered,equal_cyclone,-775.0,375.0,0.001013607518166985
centered,equal_cyclone,-725.0,375.0,0.0008055365600249898
centered,equal_cyclone,-675.0,375.0,0.0007935572351519157
centered,equal_cyclone,-625.0,375.0,0.0007700541398703617
centered,equal_cyclone,-575.0,375.0,0.001005885349083505
centered,equal_cyclone,-525.0,375.0,0.0010504319993734838
centered,equal_cyclone,-475.0,375.0,0.0011523723042969399
centered,equal_cyclone,-425.0,375.0,0.0011847496808169696
centered,equal_cyclone,-375.0,375.0,0.0013311392975702441
centered,equal_cyclone,-325.0,375.0,0.0013286522146318393
centered,equal_cyclone,-275.0,375.0,0.0013364176177812867
centered,equal_cyclone,-225.0,375.0,0.001407468826073498
centered,equal_cyclone,-175.0,375.0,0.001497986560664761
centered,equal_cyclone,-125.0,375.0,0.0016316077228588784
centered,equal_cyclone,-75.0,375.0,0.0016320957796191334
centered,equal_cyclone,-25.0,375.0,0.0016032979889421615
centered,equal_cyclone,25.0,375.0,0.0016592417772652891
centered,equal_cyclone,75.0,375.0,0.001792024098699211
centered,equal_cyclone,125.0,375.0,0.0015337465909986059
centered,equal_cyclone,175.0,375.0,0.001461577692533095
centered,equal_cyclone,225.0,375.0,0.0013680316093321765
centered,equal_cyclone,275.0,375.0,0.0015162697587395
centered,equal_cyclone,325.0,375.0,0.001160858006075931
centered,equal_cyclone,375.0,375.0,0.0009875122665921683
centered,equal_cyclone,425.0,375.0,0.0007042545866480885
centered,equal_cyclone,475.0,375.0,0.000659373909483729
centered,equal_cyclone,525.0,375.0,0.0005017509171485533
centered,equal_cyclone,575.0,375.0,0.00042327659459673555
centered,equal_cyclone,625.0,375.0,0.00038874177849464533
centered,equal_cyclone,675.0,375.0,0.00032742400056232654
centered,equal_cyclone,725.0,375.0,0.00023766037893217754
centered,equal_cyclone,775.0,375.0,0.00020460279322692074
centered,equal_cyclone,825.0,375.0,0.0002311850650320593
centered,equal_cyclone,875.0,375.0,0.0003038625929926418
centered,equal_cyclone,925.0,375.0,0.0003001936050933599
centered,equal_cyclone,975.0,375.0,0.00025470020842659956
centered,equal_cyclone,1025.0,375.0,0.00018482170572982804
centered,equal_cyclone,1075.0,375.0,0.0
centered,equal_cyclone,-1075.0,425.0,0.0
centered,equal_cyclone,-1025.0,425.0,0.0005354198028591294
centered,equal_cyclone,-975.0,425.0,0.0014446850594048344
centered,equal_cyclone,-925.0,425.0,0.001196101170529705
centered,equal_cyclone,-875.0,425.0,0.0009995706092868388
centered,equal_cyclone,-825.0,425.0,0.0009543314649163355
centered,equal_cyclone,-775.0,425.0,0.0007722986289838882
centered,equal_cyclone,-725.0,425.0,0.0007629031738648706
centered,equal_cyclone,-675.0,425.0,0.0006873662294327876
centered,equal_cyclone,-625.0,425.0,0.000836487303616761
centered,equal_cyclone,-575.0,425.0,0.0010509259779080547
centered,equal_cyclone,-525.0,425.0,0.0009947158694276917
centered,equal_cyclone,-475.0,425.0,0.0009988140334844882
centered,equal_cyclone,-425.0,425.0,0.0013199453332156839
centered,equal_cyclone,-375.0,425.0,0.0011902249889676256
centered,equal_cyclone,-325.0,425.0,0.001186862435175006
centered,equal_cyclone,-275.0,425.0,0.0012656846830384435
centered,equal_cyclone,-225.0,425.0,0.00136625976686313
centered,equal_cyclone,-175.0,425.0,0.0013007495006894377
centered,equal_cyclone,-125.0,425.0,0.0015315299090512898
centered,equal_cyclone,-75.0,425.0,0.0014862284439415357
centered,equal_cyclone,-25.0,425.0,0.0014521460812428881
centered,equal_cyclone,25.0,425.0,0.0014140352777701854
centered,equal_cyclone,75.0,425.0,0.0014270335627922439
centered,equal_cyclone,125.0,425.0,0.0014664294043153225
centered,equal_cyclone,175.0,425.0,0.0015002052911978914
centered,equal_cyclone,225.0,425.0,0.00126137620484105
centered,equal_cyclone,275.0,425.0,0.0011423077378333226
centered,equal_cyclone,325.0,425.0,0.0010901031136961524
centered,equal_cyclone,375.0,425.0,0.0008859852678954017
centered,equal_cyclone,425.0,425.0,0.0006699991642075606
centered,equal_cyclone,475.0,425.0,0.0006040555269255039
centered,equal_cyclone,525.0,425.0,0.0004952582849165073
centered,equal_cyclone,575.0,425.0,0.0004142126461345321
centered,equal_cyclone,625.0,425.0,0.00033414119877068533
centered,equal_cyclone,675.0,425.0,0.00028568487810856625
centered,equal_cyclone,725.0,425.0,0.00024966324919630504
centered,equal_cyclone,775.0,425.0,0.0002216535730830311
centered,equal_cyclone,825.0,425.0,0.00023444479869660104
centered,equal_cyclone,875.0,425.0,0.00024348304125352519
centered,equal_cyclone,925.0,425.0,0.00022928607801120471
centered,equal_cyclone,975.0,425.0,0.00024310715108474045
centered,equal_cyclone,1025.0,425.0,7.691112956233727e-05
centered,equal_cyclone,1075.0,425.0,0.0
centered,equal_cyclone,-1075.0,475.0,0.0
centered,equal_cyclone,-1025.0,475.0,8.64162622255109e-06
centered,equal_cyclone,-975.0,475.0,0.0013140823350240626
centered,equal_cyclone,-925.0,475.0,0.0015547605838597707
centered,equal_cyclone,-875.0,475.0,0.0011836046605340862
centered,equal_cyclone,-825.0,475.0,0.0008624147797991946
centered,equal_cyclone,-775.0,475.0,0.000840852083042315
centered,equal_cyclone,-725.0,475.0,0.0009660842979101969
centered,equal_cyclone,-675.0,475.0,0.0010466643916825075
centered,equal_cyclone,-625.0,475.0,0.0009076152851846233
centered,equal_cyclone,-575.0,475.0,0.0011850457073910316
centered,equal_cyclone,-525.0,475.0,0.0010168989312741557
centered,equal_cyclone,-475.0,475.0,0.0010080060876247485
centered,equal_cyclone,-425.0,475.0,0.0011627681711955317
centered,equal_cyclone,-375.0,475.0,0.0011471336283913126
centered,equal_cyclone,-325.0,475.0,0.00125383763697365
centered,equal_cyclone,-275.0,475.0,0.0012338623116832587
centered,equal_cyclone,-225.0,475.0,0.0012091956842969142
centered,equal_cyclone,-175.0,475.0,0.0011746495417764905
centered,equal_cyclone,-125.0,475.0,0.0012761677747685567
centered,equal_cyclone,-75.0,475.0,0.001296258238536406
centered,equal_cyclone,-25.0,475.0,0.001280811900002897
centered,equal_cyclone,25.0,475.0,0.0011981217484596178
centered,equal_cyclone,75.0,475.0,0.0013112951350682605
centered,equal_cyclone,125.0,475.0,0.0014948901136092253
centered,equal_cyclone,175.0,475.0,0.001190264565586344
centered,equal_cyclone,225.0,475.0,0.0010710919909373395
centered,equal_cyclone,275.0,475.0,0.0009293970758966502
centered,equal_cyclone,325.0,475.0,0.0009284697414547515
centered,equal_cyclone,375.0,475.0,0.0007267492053526057
centered,equal_cyclone,425.0,475.0,0.0005783277387306971
centered,equal_cyclone,475.0,475.0,0.000616714385380915
centered,equal_cyclone,525.0,475.0,0.00043402746381034774
centered,equal_cyclone,575.0,475.0,0.00037656021208652934
centered,equal_cyclone,625.0,475.0,0.00032135506053087074
centered,equal_cyclone,675.0,475.0,0.0002714685439191884
centered,equal_cyclone,725.0,475.0,0.00025414512146727835
centered,equal_cyclone,775.0,475.0,0.0002638165282105715
centered,equal_cyclone,825.0,475.0,0.00025019496702536964
centered,equal_cyclone,875.0,475.0,0.00026887859133726763
centered,equal_cyclone,925.0,475.0,0.0002906747204086521
centered,equal_cyclone,975.0,475.0,0.00022999818858993092
centered,equal_cyclone,1025.0,475.0,6.108636590628217e-07
centered,equal_cyclone,1075.0,475.0,0.0
centered,equal_cyclone,-1075.0,525.0,0.0
centered,equal_cyclone,-1025.0,525.0,0.0
centered,equal_cyclone,-975.0,525.0,0.0008955559334601991
centered,equal_cyclone,-925.0,525.0,0.001592145945457109
centered,equal_cyclone,-875.0,525.0,0.001152307518639678
centered,equal_cyclone,-825.0,525.0,0.0009651015213570059
centered,equal_cyclone,-775.0,525.0,0.0008881012072489924
centered,equal_cyclone,-725.0,525.0,0.000965828666487656
centered,equal_cyclone,-675.0,525.0,0.0009026721861123308
centered,equal_cyclone,-625.0,525.0,0.000804151696270599
centered,equal_cyclone,-575.0,525.0,0.0008510490044746883
centered,equal_cyclone,-525.0,525.0,0.0009088993414569574
centered,equal_cyclone,-475.0,525.0,0.0008863636989097343
centered,equal_cyclone,-425.0,525.0,0.0010612884183266822
centered,equal_cyclone,-375.0,525.0,0.0011421803742998314
centered,equal_cyclone,-325.0,525.0,0.001052139092869429
centered,equal_cyclone,-275.0,525.0,0.0010222070590655804
centered,equal_cyclone,-225.0,525.0,0.0010134700817069427
centered,equal_cyclone,-175.0,525.0,0.001087637731259775
centered,equal_cyclone,-125.0,525.0,0.001141221779328457
centered,equal_cyclone,-75.0,525.0,0.0012210726470907709
centered,equal_cyclone,-25.0,525.0,0.0011926451822660826
centered,equal_cyclone,25.0,525.0,0.0012374805581125369
centered,equal_cyclone,75.0,525.0,0.0012674917537425165
centered,equal_cyclone,125.0,525.0,0.001163859946439205
centered,equal_cyclone,175.0,525.0,0.0011640995478422545
centered,equal_cyclone,225.0,525.0,0.0010506817891918288
centered,equal_cyclone,275.0,525.0,0.0009092201997830036
centered,equal_cyclone,325.0,525.0,0.0007788250478744331
centered,equal_cyclone,375.0,525.0,0.0006343318389786306
centered,equal_cyclone,425.0,525.0,0.0005848934282822175
centered,equal_cyclone,475.0,525.0,0.0004922530751801756
centered,equal_cyclone,525.0,525.0,0.00041252154482372027
centered,equal_cyclone,575.0,525.0,0.00037881589450915605
centered,equal_cyclone,625.0,525.0,0.0003019691860742585
centered,equal_cyclone,675.0,525.0,0.00028258811887738814
centered,equal_cyclone,725.0,525.0,0.00026721759432158835
centered,equal_cyclone,775.0,525.0,0.000287425322017176
centered,equal_cyclone,825.0,525.0,0.0002385272370828215
centered,equal_cyclone,875.0,525.0,0.0002583513000284508
centered,equal_cyclone,925.0,525.0,0.0003180899110878601
centered,equal_cyclone,975.0,525.0,9.966143759682442e-05
centered,equal_cyclone,1025.0,525.0,0.0
centered,equal_cyclone,1075.0,525.0,0.0
centered,equal_cyclone,-1075.0,575.0,0.0
centered,equal_cyclone,-1025.0,575.0,0.0
centered,equal_cyclone,-975.0,575.0,1.0184252128815947e-06
centered,equal_cyclone,-925.0,575.0,0.0022243840007187196
centered,equal_cyclone,-875.0,575.0,0.001705514429175728
centered,equal_cyclone,-825.0,575.0,0.0012168145496879114
centered,equal_cyclone,-775.0,575.0,0.0009398080706156656
centered,equal_cyclone,-725.0,575.0,0.0009618911867700379
centered,equal_cyclone,-675.0,575.0,0.0008365225520884326
centered,equal_cyclone,-625.0,575.0,0.0008553597675815777
centered,equal_cyclone,-575.0,575.0,0.0007684941820482419
centered,equal_cyclone,-525.0,575.0,0.0008694069968422668
centered,equal_cyclone,-475.0,575.0,0.0008330110488442026
centered,equal_cyclone,-425.0,575.0,0.0009162095806923953
centered,equal_cyclone,-375.0,575.0,0.0008355874924265413
centered,equal_cyclone,-325.0,575.0,0.000876097529209671
centered,equal_cyclone,-275.0,575.0,0.0008895024127088293
centered,equal_cyclone,-225.0,575.0,0.0008766487561699756
centered,equal_cyclone,-175.0,575.0,0.00098019982456886
centered,equal_cyclone,-125.0,575.0,0.0009971143751537502
centered,equal_cyclone,-75.0,575.0,0.0012709760553214176
centered,equal_cyclone,-25.0,575.0,0.0012568446509973422
centered,equal_cyclone,25.0,575.0,0.0010568361335176692
centered,equal_cyclone,75.0,575.0,0.0009810122507767749
centered,equal_cyclone,125.0,575.0,0.0009583681412751174
centered,equal_cyclone,175.0,575.0,0.0010294980756600897
centered,equal_cyclone,225.0,575.0,0.0008727283548816361
centered,equal_cyclone,275.0,575.0,0.0007841301693018945
centered,equal_cyclone,325.0,575.0,0.0007138725506579443
centered,equal_cyclone,375.0,575.0,0.0006616857318014419
centered,equal_cyclone,425.0,575.0,0.0004954237497182044
centered,equal_cyclone,475.0,575.0,0.0004573612490781121
centered,equal_cyclone,525.0,575.0,0.00046060412952538167
centered,equal_cyclone,575.0,575.0,0.0003976699086830206
centered,equal_cyclone,625.0,575.0,0.00032506092075206287
centered,equal_cyclone,675.0,575.0,0.0004168790759678861
centered,equal_cyclone,725.0,575.0,0.00037829247522338513
centered,equal_cyclone,775.0,575.0,0.0002953193913863975
centered,equal_cyclone,825.0,575.0,0.0003874189036459397
centered,equal_cyclone,875.0,575.0,0.0003518244705573393
centered,equal_cyclone,925.0,575.0,0.00046005935129658196
centered,equal_cyclone,975.0,575.0,6.607151566719159e-07
centered,equal_cyclone,1025.0,575.0,0.0
centered,equal_cyclone,1075.0,575.0,0.0
centered,equal_cyclone,-1075.0,625.0,0.0
centered,equal_cyclone,-1025.0,625.0,0.0
centered,equal_cyclone,-975.0,625.0,0.0
centered,equal_cyclone,-925.0,625.0,0.0002497672759707177
centered,equal_cyclone,-875.0,625.0,0.0019956774161014163
centered,equal_cyclone,-825.0,625.0,0.00147172491135064
centered,equal_cyclone,-775.0,625.0,0.0012188901482857355
centered,equal_cyclone,-725.0,625.0,0.0013100020943114226
centered,equal_cyclone,-675.0,625.0,0.0010722184030395013
centered,equal_cyclone,-625.0,625.0,0.0009596252853964912
centered,equal_cyclone,-575.0,625.0,0.0007692374511491339
centered,equal_cyclone,-525.0,625.0,0.0008190674843510847
centered,equal_cyclone,-475.0,625.0,0.0007258712762186041
centered,equal_cyclone,-425.0,625.0,0.0011530423496910393
centered,equal_cyclone,-375.0,625.0,0.0007736565555624971
centered,equal_cyclone,-325.0,625.0,0.0007888543526510121
centered,equal_cyclone,-275.0,625.0,0.0008074116021500579
centered,equal_cyclone,-225.0,625.0,0.000799462491321369
centered,equal_cyclone,-175.0,625.0,0.0008959412866019081
centered,equal_cyclone,-125.0,625.0,0.0008901358856306009
centered,equal_cyclone,-75.0,625.0,0.0011532493512511099
centered,equal_cyclone,-25.0,625.0,0.0009503027827850607
centered,equal_cyclone,25.0,625.0,0.0008771695387928361
centered,equal_cyclone,75.0,625.0,0.0008901278959956018
centered,equal_cyclone,125.0,625.0,0.0009401257762324428
centered,equal_cyclone,175.0,625.0,0.0008780239658115814
centered,equal_cyclone,225.0,625.0,0.0008385791775119069
centered,equal_cyclone,275.0,625.0,0.000730393468167015
centered,equal_cyclone,325.0,625.0,0.0006549851592710363
centered,equal_cyclone,375.0,625.0,0.0006360005220558193
centered,equal_cyclone,425.0,625.0,0.00048567407821595825
centered,equal_cyclone,475.0,625.0,0.000447423012750814
centered,equal_cyclone,525.0,625.0,0.00043947360906690375
centered,equal_cyclone,575.0,625.0,0.0003729782888514214
centered,equal_cyclone,625.0,625.0,0.00043687001902458086
centered,equal_cyclone,675.0,625.0,0.0004011717463311245
centered,equal_cyclone,725.0,625.0,0.00043239340191334624
centered,equal_cyclone,775.0,625.0,0.00032777548329127276
centered,equal_cyclone,825.0,625.0,0.00036122003991448127
centered,equal_cyclone,875.0,625.0,0.0004580115561017205
centered,equal_cyclone,925.0,625.0,5.395511267343232e-05
centered,equal_cyclone,975.0,625.0,0.0
centered,equal_cyclone,1025.0,625.0,0.0
centered,equal_cyclone,1075.0,625.0,0.0
centered,equal_cyclone,-1075.0,675.0,0.0
centered,equal_cyclone,-1025.0,675.0,0.0
centered,equal_cyclone,-975.0,675.0,0.0
centered,equal_cyclone,-925.0,675.0,0.0
centered,equal_cyclone,-875.0,675.0,0.0006982381540903265
centered,equal_cyclone,-825.0,675.0,0.001958776460068113
centered,equal_cyclone,-775.0,675.0,0.001482118309014097
centered,equal_cyclone,-725.0,675.0,0.0011867351824393993
centered,equal_cyclone,-675.0,675.0,0.0011000561733034318
centered,equal_cyclone,-625.0,675.0,0.0007804943537541261
centered,equal_cyclone,-575.0,675.0,0.000995841140401301
centered,equal_cyclone,-525.0,675.0,0.0007758758781440632
centered,equal_cyclone,-475.0,675.0,0.0008754223799176901
centered,equal_cyclone,-425.0,675.0,0.0008657534431197346
centered,equal_cyclone,-375.0,675.0,0.0007465236312405295
centered,equal_cyclone,-325.0,675.0,0.0007191513529032461
centered,equal_cyclone,-275.0,675.0,0.0006805161971802479
centered,equal_cyclone,-225.0,675.0,0.0008414447435672506
centered,equal_cyclone,-175.0,675.0,0.0008742076443413317
centered,equal_cyclone,-125.0,675.0,0.000894323762640692
centered,equal_cyclone,-75.0,675.0,0.0008767723806884679
centered,equal_cyclone,-25.0,675.0,0.0007841627230458639
centered,equal_cyclone,25.0,675.0,0.0008618138144778657
centered,equal_cyclone,75.0,675.0,0.0008085327132057043
centered,equal_cyclone,125.0,675.0,0.0008280979488555368
centered,equal_cyclone,175.0,675.0,0.0007486154247057
centered,equal_cyclone,225.0,675.0,0.0008502948207313863
centered,equal_cyclone,275.0,675.0,0.0006481443674970281
centered,equal_cyclone,325.0,675.0,0.0006046832679114718
centered,equal_cyclone,375.0,675.0,0.0005775156444743697
centered,equal_cyclone,425.0,675.0,0.0004949635909286899
centered,equal_cyclone,475.0,675.0,0.00048304515821422615
centered,equal_cyclone,525.0,675.0,0.0005176342874335893
centered,equal_cyclone,575.0,675.0,0.00042013705706876064
centered,equal_cyclone,625.0,675.0,0.0003637039526887729
centered,equal_cyclone,675.0,675.0,0.00038690223712379294
centered,equal_cyclone,725.0,675.0,0.0004653111237332648
centered,equal_cyclone,775.0,675.0,0.0004424926401063174
centered,equal_cyclone,825.0,675.0,0.00045504319154739755
centered,equal_cyclone,875.0,675.0,0.0001650716157665753
centered,equal_cyclone,925.0,675.0,0.0
centered,equal_cyclone,975.0,675.0,0.0
centered,equal_cyclone,1025.0,675.0,0.0
centered,equal_cyclone,1075.0,675.0,0.0
centered,equal_cyclone,-1075.0,725.0,0.0
centered,equal_cyclone,-1025.0,725.0,0.0
centered,equal_cyclone,-975.0,725.0,0.0
centered,equal_cyclone,-925.0,725.0,0.0
centered,equal_cyclone,-875.0,725.0,0.0
centered,equal_cyclone,-825.0,725.0,0.001128812732715967
centered,equal_cyclone,-775.0,725.0,0.002204552754139848
centered,equal_cyclone,-725.0,725.0,0.0013340166056514213
centered,equal_cyclone,-675.0,725.0,0.001129442192240044
centered,equal_cyclone,-625.0,725.0,0.0010637662756666551
centered,equal_cyclone,-575.0,725.0,0.0007815672016004865
centered,equal_cyclone,-525.0,725.0,0.0008989655804129668
centered,equal_cyclone,-475.0,725.0,0.0008633001648972064
centered,equal_cyclone,-425.0,725.0,0.000760200664071531
centered,equal_cyclone,-375.0,725.0,0.0008394640002833765
centered,equal_cyclone,-325.0,725.0,0.0007073520487162688
centered,equal_cyclone,-275.0,725.0,0.0006684176250536181
centered,equal_cyclone,-225.0,725.0,0.0006177714772550484
centered,equal_cyclone,-175.0,725.0,0.0007618761674002668
centered,equal_cyclone,-125.0,725.0,0.0007492116684306098
centered,equal_cyclone,-75.0,725.0,0.0007533431472874267
centered,equal_cyclone,-25.0,725.0,0.0007040000205963495
centered,equal_cyclone,25.0,725.0,0.0008064473665660857
centered,equal_cyclone,75.0,725.0,0.0007734391037334106
centered,equal_cyclone,125.0,725.0,0.0006828256907163456
centered,equal_cyclone,175.0,725.0,0.0006255978572201356
centered,equal_cyclone,225.0,725.0,0.0006053667179943421
centered,equal_cyclone,275.0,725.0,0.0005897644954574347
centered,equal_cyclone,325.0,725.0,0.000611441866848442
centered,equal_cyclone,375.0,725.0,0.0005037576670755608
centered,equal_cyclone,425.0,725.0,0.00045055782246757574
centered,equal_cyclone,475.0,725.0,0.0003885799343732143
centered,equal_cyclone,525.0,725.0,0.0004542096878666859
centered,equal_cyclone,575.0,725.0,0.0004539699174762091
centered,equal_cyclone,625.0,725.0,0.00036460754275025416
centered,equal_cyclone,675.0,725.0,0.000370174470215133
centered,equal_cyclone,725.0,725.0,0.00043541760737142107
centered,equal_cyclone,775.0,725.0,0.0004852905522382225
centered,equal_cyclone,825.0,725.0,0.0009471624661239867
centered,equal_cyclone,875.0,725.0,0.0
centered,equal_cyclone,925.0,725.0,0.0
centered,equal_cyclone,975.0,725.0,0.0
centered,equal_cyclone,1025.0,725.0,0.0
centered,equal_cyclone,1075.0,725.0,0.0
centered,equal_cyclone,-1075.0,775.0,0.0
centered,equal_cyclone,-1025.0,775.0,0.0
centered,equal_cyclone,-975.0,775.0,0.0
centered,equal_cyclone,-925.0,775.0,0.0
centered,equal_cyclone,-875.0,775.0,0.0
centered,equal_cyclone,-825.0,775.0,6.8974233387174394e-06
centered,equal_cyclone,-775.0,775.0,0.0013805364622411784
centered,equal_cyclone,-725.0,775.0,0.0015488356545228833
centered,equal_cyclone,-675.0,775.0,0.0011168832206675658
centered,equal_cyclone,-625.0,775.0,0.000875025377993801
centered,equal_cyclone,-575.0,775.0,0.0009085386167866272
centered,equal_cyclone,-525.0,775.0,0.000856200982185046
centered,equal_cyclone,-475.0,775.0,0.000813867403140159
centered,equal_cyclone,-425.0,775.0,0.0007197262230151899
centered,equal_cyclone,-375.0,775.0,0.0008023255136199536
centered,equal_cyclone,-325.0,775.0,0.0006015571037384415
centered,equal_cyclone,-275.0,775.0,0.0006274807148199919
centered,equal_cyclone,-225.0,775.0,0.0007129288064998595
centered,equal_cyclone,-175.0,775.0,0.0009590012346151108
centered,equal_cyclone,-125.0,775.0,0.0007029388209896818
centered,equal_cyclone,-75.0,775.0,0.000708234538705796
centered,equal_cyclone,-25.0,775.0,0.0007297116555783565
centered,equal_cyclone,25.0,775.0,0.0007172925583786169
centered,equal_cyclone,75.0,775.0,0.0006962618437881625
centered,equal_cyclone,125.0,775.0,0.0006450462645534363
centered,equal_cyclone,175.0,775.0,0.0005927317386384446
centered,equal_cyclone,225.0,775.0,0.0005167858778698652
centered,equal_cyclone,275.0,775.0,0.0004970000385337137
centered,equal_cyclone,325.0,775.0,0.0005379256697048475
centered,equal_cyclone,375.0,775.0,0.0007390303640947128
centered,equal_cyclone,425.0,775.0,0.0005176971519285048
centered,equal_cyclone,475.0,775.0,0.00046866584746087556
centered,equal_cyclone,525.0,775.0,0.000427567284963129
centered,equal_cyclone,575.0,775.0,0.0003931139532529553
centered,equal_cyclone,625.0,775.0,0.000325296086505482
centered,equal_cyclone,675.0,775.0,0.00038014276335645366
centered,equal_cyclone,725.0,775.0,0.0008067057497075338
centered,equal_cyclone,775.0,775.0,0.0005644147691856885
centered,equal_cyclone,825.0,775.0,6.755190147744914e-07
centered,equal_cyclone,875.0,775.0,0.0
centered,equal_cyclone,925.0,775.0,0.0
centered,equal_cyclone,975.0,775.0,0.0
centered,equal_cyclone,1025.0,775.0,0.0
centered,equal_cyclone,1075.0,775.0,0.0
centered,equal_cyclone,-1075.0,825.0,0.0
centered,equal_cyclone,-1025.0,825.0,0.0
centered,equal_cyclone,-975.0,825.0,0.0
centered,equal_cyclone,-925.0,825.0,0.0
centered,equal_cyclone,-875.0,825.0,0.0
centered,equal_cyclone,-825.0,825.0,0.0
centered,equal_cyclone,-775.0,825.0,3.2666005813971395e-06
centered,equal_cyclone,-725.0,825.0,0.0012324761270733967
centered,equal_cyclone,-675.0,825.0,0.0010641484069153812
centered,equal_cyclone,-625.0,825.0,0.001093630334198262
centered,equal_cyclone,-575.0,825.0,0.0010802191073737376
centered,equal_cyclone,-525.0,825.0,0.0007812708044847232
centered,equal_cyclone,-475.0,825.0,0.0009469568990570484
centered,equal_cyclone,-425.0,825.0,0.0008398296528589294
centered,equal_cyclone,-375.0,825.0,0.000722953590204706
centered,equal_cyclone,-325.0,825.0,0.0006311907298438216
centered,equal_cyclone,-275.0,825.0,0.000691350685322722
centered,equal_cyclone,-225.0,825.0,0.0006531785024072378
centered,equal_cyclone,-175.0,825.0,0.0006189273243439635
centered,equal_cyclone,-125.0,825.0,0.0006650013449070497
centered,equal_cyclone,-75.0,825.0,0.0006276353736175662
centered,equal_cyclone,-25.0,825.0,0.0006820668750050751
centered,equal_cyclone,25.0,825.0,0.0006832674640400461
centered,equal_cyclone,75.0,825.0,0.0006009160449041404
centered,equal_cyclone,125.0,825.0,0.0006267195936768426
centered,equal_cyclone,175.0,825.0,0.0005748637967345989
centered,equal_cyclone,225.0,825.0,0.0005783581424923579
centered,equal_cyclone,275.0,825.0,0.0005158688976549637
centered,equal_cyclone,325.0,825.0,0.0005516958690760295
centered,equal_cyclone,375.0,825.0,0.0005315815606426434
centered,equal_cyclone,425.0,825.0,0.00040942700403231444
centered,equal_cyclone,475.0,825.0,0.00043620226032169666
centered,equal_cyclone,525.0,825.0,0.0004457293188179617
centered,equal_cyclone,575.0,825.0,0.0004160914793896285
centered,equal_cyclone,625.0,825.0,0.0004389789750211484
centered,equal_cyclone,675.0,825.0,0.0006607626882281776
centered,equal_cyclone,725.0,825.0,0.0007293547812639144
centered,equal_cyclone,775.0,825.0,5.8927311892973e-07
centered,equal_cyclone,825.0,825.0,0.0
centered,equal_cyclone,875.0,825.0,0.0
centered,equal_cyclone,925.0,825.0,0.0
centered,equal_cyclone,975.0,825.0,0.0
centered,equal_cyclone,1025.0,825.0,0.0
centered,equal_cyclone,1075.0,825.0,0.0
centered,equal_cyclone,-1075.0,875.0,0.0
centered,equal_cyclone,-1025.0,875.0,0.0
centered,equal_cyclone,-975.0,875.0,0.0
centered,equal_cyclone,-925.0,875.0,0.0
centered,equal_cyclone,-875.0,875.0,0.0
centered,equal_cyclone,-825.0,875.0,0.0
centered,equal_cyclone,-775.0,875.0,0.0
centered,equal_cyclone,-725.0,875.0,0.0
centered,equal_cyclone,-675.0,875.0,0.0005319016938042914
centered,equal_cyclone,-625.0,875.0,0.001184704847571519
centered,equal_cyclone,-575.0,875.0,0.001178499084025611
centered,equal_cyclone,-525.0,875.0,0.0009571398068067296
centered,equal_cyclone,-475.0,875.0,0.0010985602234175986
centered,equal_cyclone,-425.0,875.0,0.0009240515567781226
centered,equal_cyclone,-375.0,875.0,0.000728924127169237
centered,equal_cyclone,-325.0,875.0,0.0006237537931335237
centered,equal_cyclone,-275.0,875.0,0.0007344892929806781
centered,equal_cyclone,-225.0,875.0,0.0007169656403311517
centered,equal_cyclone,-175.0,875.0,0.0007218961323265096
centered,equal_cyclone,-125.0,875.0,0.0006677467741857554
centered,equal_cyclone,-75.0,875.0,0.0005997805331030802
centered,equal_cyclone,-25.0,875.0,0.0005901891670093674
centered,equal_cyclone,25.0,875.0,0.0006761139155344606
centered,equal_cyclone,75.0,875.0,0.0005486367745980501
centered,equal_cyclone,125.0,875.0,0.0005789105235077384
centered,equal_cyclone,175.0,875.0,0.0005638472621875087
centered,equal_cyclone,225.0,875.0,0.0005795250926200481
centered,equal_cyclone,275.0,875.0,0.0005718477614853021
centered,equal_cyclone,325.0,875.0,0.0005302333638460534
centered,equal_cyclone,375.0,875.0,0.0005206343263949326
centered,equal_cyclone,425.0,875.0,0.00047379173222186744
centered,equal_cyclone,475.0,875.0,0.0005011760534284368
centered,equal_cyclone,525.0,875.0,0.0004767851207343752
centered,equal_cyclone,575.0,875.0,0.000615893245744833
centered,equal_cyclone,625.0,875.0,0.0008064879760425941
centered,equal_cyclone,675.0,875.0,0.00026762178443965186
centered,equal_cyclone,725.0,875.0,0.0
centered,equal_cyclone,775.0,875.0,0.0
centered,equal_cyclone,825.0,875.0,0.0
centered,equal_cyclone,875.0,875.0,0.0
centered,equal_cyclone,925.0,875.0,0.0
centered,equal_cyclone,975.0,875.0,0.0
centered,equal_cyclone,1025.0,875.0,0.0
centered,equal_cyclone,1075.0,875.0,0.0
centered,equal_cyclone,-1075.0,925.0,0.0
centered,equal_cyclone,-1025.0,925.0,0.0
centered,equal_cyclone,-975.0,925.0,0.0
centered,equal_cyclone,-925.0,925.0,0.0
centered,equal_cyclone,-875.0,925.0,0.0
centered,equal_cyclone,-825.0,925.0,0.0
centered,equal_cyclone,-775.0,925.0,0.0
centered,equal_cyclone,-725.0,925.0,0.0
centered,equal_cyclone,-675.0,925.0,0.0
centered,equal_cyclone,-625.0,925.0,0.00022075098327625865
centered,equal_cyclone,-575.0,925.0,0.0013299995336697667
centered,equal_cyclone,-525.0,925.0,0.0016179868335371302
centered,equal_cyclone,-475.0,925.0,0.0011796719389707434
centered,equal_cyclone,-425.0,925.0,0.0009333415894485059
centered,equal_cyclone,-375.0,925.0,0.0009455226727632698
centered,equal_cyclone,-325.0,925.0,0.001212143561483653
centered,equal_cyclone,-275.0,925.0,0.000774503925859004
centered,equal_cyclone,-225.0,925.0,0.0007653155865205815
centered,equal_cyclone,-175.0,925.0,0.000654177700159956
centered,equal_cyclone,-125.0,925.0,0.0011945479628415947
centered,equal_cyclone,-75.0,925.0,0.0006170537835684291
centered,equal_cyclone,-25.0,925.0,0.0005363954016429121
centered,equal_cyclone,25.0,925.0,0.0009138167806743219
centered,equal_cyclone,75.0,925.0,0.000514138622678689
centered,equal_cyclone,125.0,925.0,0.0005884371270609874
centered,equal_cyclone,175.0,925.0,0.0005925080914691835
centered,equal_cyclone,225.0,925.0,0.0004981018943950437
centered,equal_cyclone,275.0,925.0,0.0006272231729450903
centered,equal_cyclone,325.0,925.0,0.0008146007402670248
centered,equal_cyclone,375.0,925.0,0.0005814799375522573
centered,equal_cyclone,425.0,925.0,0.0005608775437035801
centered,equal_cyclone,475.0,925.0,0.000602586856445314
centered,equal_cyclone,525.0,925.0,0.0006872303592903267
centered,equal_cyclone,575.0,925.0,0.0007548153046460461
centered,equal_cyclone,625.0,925.0,7.57023642844507e-05
centered,equal_cyclone,675.0,925.0,0.0
centered,equal_cyclone,725.0,925.0,0.0
centered,equal_cyclone,775.0,925.0,0.0
centered,equal_cyclone,825.0,925.0,0.0
centered,equal_cyclone,875.0,925.0,0.0
centered,equal_cyclone,925.0,925.0,0.0
centered,equal_cyclone,975.0,925.0,0.0
centered,equal_cyclone,1025.0,925.0,0.0
centered,equal_cyclone,1075.0,925.0,0.0
centered,equal_cyclone,-1075.0,975.0,0.0
centered,equal_cyclone,-1025.0,975.0,0.0
centered,equal_cyclone,-975.0,975.0,0.0
centered,equal_cyclone,-925.0,975.0,0.0
centered,equal_cyclone,-875.0,975.0,0.0
centered,equal_cyclone,-825.0,975.0,0.0
centered,equal_cyclone,-775.0,975.0,0.0
centered,equal_cyclone,-725.0,975.0,0.0
centered,equal_cyclone,-675.0,975.0,0.0
centered,equal_cyclone,-625.0,975.0,0.0
centered,equal_cyclone,-575.0,975.0,9.838304240874202e-07
centered,equal_cyclone,-525.0,975.0,0.0005533261590278019
centered,equal_cyclone,-475.0,975.0,0.0008954923746062007
centered,equal_cyclone,-425.0,975.0,0.0009057621499542443
centered,equal_cyclone,-375.0,975.0,0.0008850640364082725
centered,equal_cyclone,-325.0,975.0,0.0008908377256827592
centered,equal_cyclone,-275.0,975.0,0.0006967517130393477
centered,equal_cyclone,-225.0,975.0,0.000860616941681703
centered,equal_cyclone,-175.0,975.0,0.0009702669624628007
centered,equal_cyclone,-125.0,975.0,0.0008025127603506298
centered,equal_cyclone,-75.0,975.0,0.0006730763825461011
centered,equal_cyclone,-25.0,975.0,0.0006448200261866819
centered,equal_cyclone,25.0,975.0,0.0006392898919523566
centered,equal_cyclone,75.0,975.0,0.0007376475478152795
centered,equal_cyclone,125.0,975.0,0.0005887778962643911
centered,equal_cyclone,175.0,975.0,0.0005538350513425118
centered,equal_cyclone,225.0,975.0,0.0006029099297289635
centered,equal_cyclone,275.0,975.0,0.0007050979567353504
centered,equal_cyclone,325.0,975.0,0.0008144458887393974
centered,equal_cyclone,375.0,975.0,0.0007290132269574615
centered,equal_cyclone,425.0,975.0,0.0009302734657753257
centered,equal_cyclone,475.0,975.0,0.0013716200971208943
centered,equal_cyclone,525.0,975.0,0.0004000151157309053
centered,equal_cyclone,575.0,975.0,3.295193084112823e-07
centered,equal_cyclone,625.0,975.0,0.0
centered,equal_cyclone,675.0,975.0,0.0
centered,equal_cyclone,725.0,975.0,0.0
centered,equal_cyclone,775.0,975.0,0.0
centered,equal_cyclone,825.0,975.0,0.0
centered,equal_cyclone,875.0,975.0,0.0
centered,equal_cyclone,925.0,975.0,0.0
centered,equal_cyclone,975.0,975.0,0.0
centered,equal_cyclone,1025.0,975.0,0.0
centered,equal_cyclone,1075.0,975.0,0.0
centered,equal_cyclone,-1075.0,1025.0,0.0
centered,equal_cyclone,-1025.0,1025.0,0.0
centered,equal_cyclone,-975.0,1025.0,0.0
centered,equal_cyclone,-925.0,1025.0,0.0
centered,equal_cyclone,-875.0,1025.0,0.0
centered,equal_cyclone,-825.0,1025.0,0.0
centered,equal_cyclone,-775.0,1025.0,0.0
centered,equal_cyclone,-725.0,1025.0,0.0
centered,equal_cyclone,-675.0,1025.0,0.0
centered,equal_cyclone,-625.0,1025.0,0.0
centered,equal_cyclone,-575.0,1025.0,0.0
centered,equal_cyclone,-525.0,1025.0,0.0
centered,equal_cyclone,-475.0,1025.0,2.3258859636022943e-06
centered,equal_cyclone,-425.0,1025.0,0.0010203468607770409
centered,equal_cyclone,-375.0,1025.0,0.0006877153643547526
centered,equal_cyclone,-325.0,1025.0,0.0013990699916019555
centered,equal_cyclone,-275.0,1025.0,0.0009101221252083008
centered,equal_cyclone,-225.0,1025.0,0.0009507918427205535
centered,equal_cyclone,-175.0,1025.0,0.0008117176440321942
centered,equal_cyclone,-125.0,1025.0,0.0011580337903982884
centered,equal_cyclone,-75.0,1025.0,0.00086983027305955
centered,equal_cyclone,-25.0,1025.0,0.0009024022528986413
centered,equal_cyclone,25.0,1025.0,0.000715695278891408
centered,equal_cyclone,75.0,1025.0,0.0006540637881524011
centered,equal_cyclone,125.0,1025.0,0.0007296875938966182
centered,equal_cyclone,175.0,1025.0,0.0006190050833337962
centered,equal_cyclone,225.0,1025.0,0.0006804486634907158
centered,equal_cyclone,275.0,1025.0,0.0008765798076566223
centered,equal_cyclone,325.0,1025.0,0.0013695339583336542
centered,equal_cyclone,375.0,1025.0,0.0007237564647357525
centered,equal_cyclone,425.0,1025.0,0.00017711761738226298
centered,equal_cyclone,475.0,1025.0,1.8305045870390464e-06
centered,equal_cyclone,525.0,1025.0,0.0
centered,equal_cyclone,575.0,1025.0,0.0
centered,equal_cyclone,625.0,1025.0,0.0
centered,equal_cyclone,675.0,1025.0,0.0
centered,equal_cyclone,725.0,1025.0,0.0
centered,equal_cyclone,775.0,1025.0,0.0
centered,equal_cyclone,825.0,1025.0,0.0
centered,equal_cyclone,875.0,1025.0,0.0
centered,equal_cyclone,925.0,1025.0,0.0
centered,equal_cyclone,975.0,1025.0,0.0
centered,equal_cyclone,1025.0,1025.0,0.0
centered,equal_cyclone,1075.0,1025.0,0.0
centered,equal_cyclone,-1075.0,1075.0,0.0
centered,equal_cyclone,-1025.0,1075.0,0.0
centered,equal_cyclone,-975.0,1075.0,0.0
centered,equal_cyclone,-925.0,1075.0,0.0
centered,equal_cyclone,-875.0,1075.0,0.0
centered,equal_cyclone,-825.0,1075.0,0.0
centered,equal_cyclone,-775.0,1075.0,0.0
centered,equal_cyclone,-725.0,1075.0,0.0
centered,equal_cyclone,-675.0,1075.0,0.0
centered,equal_cyclone,-625.0,1075.0,0.0
centered,equal_cyclone,-575.0,1075.0,0.0
centered,equal_cyclone,-525.0,1075.0,0.0
centered,equal_cyclone,-475.0,1075.0,0.0
centered,equal_cyclone,-425.0,1075.0,0.0
centered,equal_cyclone,-375.0,1075.0,0.0
centered,equal_cyclone,-325.0,1075.0,4.849714669775207e-05
centered,equal_cyclone,-275.0,1075.0,0.0002909735200832876
centered,equal_cyclone,-225.0,1075.0,0.0006065786911811483
centered,equal_cyclone,-175.0,1075.0,0.0009872985307358229
centered,equal_cyclone,-125.0,1075.0,0.000882954265251849
centered,equal_cyclone,-75.0,1075.0,0.0008124547206119828
centered,equal_cyclone,-25.0,1075.0,0.00082499905415566
centered,equal_cyclone,25.0,1075.0,0.000993134600043231
centered,equal_cyclone,75.0,1075.0,0.0007419628439286252
centered,equal_cyclone,125.0,1075.0,0.0008885916700166422
centered,equal_cyclone,175.0,1075.0,0.0013436447367694464
centered,equal_cyclone,225.0,1075.0,0.000661770337074972
centered,equal_cyclone,275.0,1075.0,0.0002325550969012099
centered,equal_cyclone,325.0,1075.0,4.215863988009978e-05
centered,equal_cyclone,375.0,1075.0,0.0
centered,equal_cyclone,425.0,1075.0,0.0
centered,equal_cyclone,475.0,1075.0,0.0
centered,equal_cyclone,525.0,1075.0,0.0
centered,equal_cyclone,575.0,1075.0,0.0
centered,equal_cyclone,625.0,1075.0,0.0
centered,equal_cyclone,675.0,1075.0,0.0
centered,equal_cyclone,725.0,1075.0,0.0
centered,equal_cyclone,775.0,1075.0,0.0
centered,equal_cyclone,825.0,1075.0,0.0
centered,equal_cyclone,875.0,1075.0,0.0
centered,equal_cyclone,925.0,1075.0,0.0
centered,equal_cyclone,975.0,1075.0,0.0
centered,equal_cyclone,1025.0,1075.0,0.0
centered,equal_cyclone,1075.0,1075.0,0.0
motion_relative,equal_cyclone,-1075.0,-1075.0,0.0
motion_relative,equal_cyclone,-1025.0,-1075.0,0.0
motion_relative,equal_cyclone,-975.0,-1075.0,0.0
motion_relative,equal_cyclone,-925.0,-1075.0,0.0
motion_relative,equal_cyclone,-875.0,-1075.0,0.0
motion_relative,equal_cyclone,-825.0,-1075.0,0.0
motion_relative,equal_cyclone,-775.0,-1075.0,0.0
motion_relative,equal_cyclone,-725.0,-1075.0,0.0
motion_relative,equal_cyclone,-675.0,-1075.0,0.0
motion_relative,equal_cyclone,-625.0,-1075.0,0.0
motion_relative,equal_cyclone,-575.0,-1075.0,0.0
motion_relative,equal_cyclone,-525.0,-1075.0,0.0
motion_relative,equal_cyclone,-475.0,-1075.0,0.0
motion_relative,equal_cyclone,-425.0,-1075.0,0.0
motion_relative,equal_cyclone,-375.0,-1075.0,0.0
motion_relative,equal_cyclone,-325.0,-1075.0,6.582008410992653e-05
motion_relative,equal_cyclone,-275.0,-1075.0,0.0005717367295775477
motion_relative,equal_cyclone,-225.0,-1075.0,0.0008774392289493478
motion_relative,equal_cyclone,-175.0,-1075.0,0.0014550450510479832
motion_relative,equal_cyclone,-125.0,-1075.0,0.001961494081293608
motion_relative,equal_cyclone,-75.0,-1075.0,0.0012451400474163526
motion_relative,equal_cyclone,-25.0,-1075.0,0.0015347231360694365
motion_relative,equal_cyclone,25.0,-1075.0,0.0013868502578390774
motion_relative,equal_cyclone,75.0,-1075.0,0.0019637657803980514
motion_relative,equal_cyclone,125.0,-1075.0,0.0014153811692035904
motion_relative,equal_cyclone,175.0,-1075.0,0.0011974894342240139
motion_relative,equal_cyclone,225.0,-1075.0,0.0009539088902567225
motion_relative,equal_cyclone,275.0,-1075.0,0.0005322224473290415
motion_relative,equal_cyclone,325.0,-1075.0,6.171965536604665e-05
motion_relative,equal_cyclone,375.0,-1075.0,0.0
motion_relative,equal_cyclone,425.0,-1075.0,0.0
motion_relative,equal_cyclone,475.0,-1075.0,0.0
motion_relative,equal_cyclone,525.0,-1075.0,0.0
motion_relative,equal_cyclone,575.0,-1075.0,0.0
motion_relative,equal_cyclone,625.0,-1075.0,0.0
motion_relative,equal_cyclone,675.0,-1075.0,0.0
motion_relative,equal_cyclone,725.0,-1075.0,0.0
motion_relative,equal_cyclone,775.0,-1075.0,0.0
motion_relative,equal_cyclone,825.0,-1075.0,0.0
motion_relative,equal_cyclone,875.0,-1075.0,0.0
motion_relative,equal_cyclone,925.0,-1075.0,0.0
motion_relative,equal_cyclone,975.0,-1075.0,0.0
motion_relative,equal_cyclone,1025.0,-1075.0,0.0
motion_relative,equal_cyclone,1075.0,-1075.0,0.0
motion_relative,equal_cyclone,-1075.0,-1025.0,0.0
motion_relative,equal_cyclone,-1025.0,-1025.0,0.0
motion_relative,equal_cyclone,-975.0,-1025.0,0.0
motion_relative,equal_cyclone,-925.0,-1025.0,0.0
motion_relative,equal_cyclone,-875.0,-1025.0,0.0
motion_relative,equal_cyclone,-825.0,-1025.0,0.0
motion_relative,equal_cyclone,-775.0,-1025.0,0.0
motion_relative,equal_cyclone,-725.0,-1025.0,0.0
motion_relative,equal_cyclone,-675.0,-1025.0,0.0
motion_relative,equal_cyclone,-625.0,-1025.0,0.0
motion_relative,equal_cyclone,-575.0,-1025.0,0.0
motion_relative,equal_cyclone,-525.0,-1025.0,0.0
motion_relative,equal_cyclone,-475.0,-1025.0,9.53551044073457e-06
motion_relative,equal_cyclone,-425.0,-1025.0,0.0006241215575377171
motion_relative,equal_cyclone,-375.0,-1025.0,0.0009889850411131896
motion_relative,equal_cyclone,-325.0,-1025.0,0.0013075697523622421
motion_relative,equal_cyclone,-275.0,-1025.0,0.0014087963722321675
motion_relative,equal_cyclone,-225.0,-1025.0,0.0010484713039330834
motion_relative,equal_cyclone,-175.0,-1025.0,0.0009213525500345881
motion_relative,equal_cyclone,-125.0,-1025.0,0.0011192525336783331
motion_relative,equal_cyclone,-75.0,-1025.0,0.0009894533062915314
motion_relative,equal_cyclone,-25.0,-1025.0,0.0011784386073662534
motion_relative,equal_cyclone,25.0,-1025.0,0.0007470300205140308
motion_relative,equal_cyclone,75.0,-1025.0,0.000896922353015995
motion_relative,equal_cyclone,125.0,-1025.0,0.0008615439225449379
motion_relative,equal_cyclone,175.0,-1025.0,0.0007603678320293161
motion_relative,equal_cyclone,225.0,-1025.0,0.0009612339421031001
motion_relative,equal_cyclone,275.0,-1025.0,0.000881118100537933
motion_relative,equal_cyclone,325.0,-1025.0,0.0019854062282742106
motion_relative,equal_cyclone,375.0,-1025.0,0.0009972168655173759
motion_relative,equal_cyclone,425.0,-1025.0,0.00033642399935728147
motion_relative,equal_cyclone,475.0,-1025.0,7.311349749218482e-06
motion_relative,equal_cyclone,525.0,-1025.0,0.0
motion_relative,equal_cyclone,575.0,-1025.0,0.0
motion_relative,equal_cyclone,625.0,-1025.0,0.0
motion_relative,equal_cyclone,675.0,-1025.0,0.0
motion_relative,equal_cyclone,725.0,-1025.0,0.0
motion_relative,equal_cyclone,775.0,-1025.0,0.0
motion_relative,equal_cyclone,825.0,-1025.0,0.0
motion_relative,equal_cyclone,875.0,-1025.0,0.0
motion_relative,equal_cyclone,925.0,-1025.0,0.0
motion_relative,equal_cyclone,975.0,-1025.0,0.0
motion_relative,equal_cyclone,1025.0,-1025.0,0.0
motion_relative,equal_cyclone,1075.0,-1025.0,0.0
motion_relative,equal_cyclone,-1075.0,-975.0,0.0
motion_relative,equal_cyclone,-1025.0,-975.0,0.0
motion_relative,equal_cyclone,-975.0,-975.0,0.0
motion_relative,equal_cyclone,-925.0,-975.0,0.0
motion_relative,equal_cyclone,-875.0,-975.0,0.0
motion_relative,equal_cyclone,-825.0,-975.0,0.0
motion_relative,equal_cyclone,-775.0,-975.0,0.0
motion_relative,equal_cyclone,-725.0,-975.0,0.0
motion_relative,equal_cyclone,-675.0,-975.0,0.0
motion_relative,equal_cyclone,-625.0,-975.0,0.0
motion_relative,equal_cyclone,-575.0,-975.0,5.397220086973855e-07
motion_relative,equal_cyclone,-525.0,-975.0,0.00038382750623964894
motion_relative,equal_cyclone,-475.0,-975.0,0.001360129742886416
motion_relative,equal_cyclone,-425.0,-975.0,0.0015518116202119466
motion_relative,equal_cyclone,-375.0,-975.0,0.0012309198801192633
motion_relative,equal_cyclone,-325.0,-975.0,0.0009491901481874257
motion_relative,equal_cyclone,-275.0,-975.0,0.0008340779193751035
motion_relative,equal_cyclone,-225.0,-975.0,0.000757009964955735
motion_relative,equal_cyclone,-175.0,-975.0,0.0008661510191264796
motion_relative,equal_cyclone,-125.0,-975.0,0.0008224580475380119
motion_relative,equal_cyclone,-75.0,-975.0,0.0007732208009821135
motion_relative,equal_cyclone,-25.0,-975.0,0.0007600838059608439
motion_relative,equal_cyclone,25.0,-975.0,0.0005673138949586769
motion_relative,equal_cyclone,75.0,-975.0,0.0006629563622240406
motion_relative,equal_cyclone,125.0,-975.0,0.000657322307602212
motion_relative,equal_cyclone,175.0,-975.0,0.0008811847594768083
motion_relative,equal_cyclone,225.0,-975.0,0.000780301101626305
motion_relative,equal_cyclone,275.0,-975.0,0.0009019237999131682
motion_relative,equal_cyclone,325.0,-975.0,0.0007358481197050736
motion_relative,equal_cyclone,375.0,-975.0,0.0008917088103086705
motion_relative,equal_cyclone,425.0,-975.0,0.0013149486267950755
motion_relative,equal_cyclone,475.0,-975.0,0.0012350500560866188
motion_relative,equal_cyclone,525.0,-975.0,0.00043796160195752544
motion_relative,equal_cyclone,575.0,-975.0,4.7444700291737977e-07
motion_relative,equal_cyclone,625.0,-975.0,0.0
motion_relative,equal_cyclone,675.0,-975.0,0.0
motion_relative,equal_cyclone,725.0,-975.0,0.0
motion_relative,equal_cyclone,775.0,-975.0,0.0
motion_relative,equal_cyclone,825.0,-975.0,0.0
motion_relative,equal_cyclone,875.0,-975.0,0.0
motion_relative,equal_cyclone,925.0,-975.0,0.0
motion_relative,equal_cyclone,975.0,-975.0,0.0
motion_relative,equal_cyclone,1025.0,-975.0,0.0
motion_relative,equal_cyclone,1075.0,-975.0,0.0
motion_relative,equal_cyclone,-1075.0,-925.0,0.0
motion_relative,equal_cyclone,-1025.0,-925.0,0.0
motion_relative,equal_cyclone,-975.0,-925.0,0.0
motion_relative,equal_cyclone,-925.0,-925.0,0.0
motion_relative,equal_cyclone,-875.0,-925.0,0.0
motion_relative,equal_cyclone,-825.0,-925.0,0.0
motion_relative,equal_cyclone,-775.0,-925.0,0.0
motion_relative,equal_cyclone,-725.0,-925.0,0.0
motion_relative,equal_cyclone,-675.0,-925.0,0.0
motion_relative,equal_cyclone,-625.0,-925.0,0.00031966052082780936
motion_relative,equal_cyclone,-575.0,-925.0,0.0010909667064355818
motion_relative,equal_cyclone,-525.0,-925.0,0.0011186876147314625
motion_relative,equal_cyclone,-475.0,-925.0,0.0011003192149794646
motion_relative,equal_cyclone,-425.0,-925.0,0.001108096145438961
motion_relative,equal_cyclone,-375.0,-925.0,0.0007458140450599177
motion_relative,equal_cyclone,-325.0,-925.0,0.0006423529948374042
motion_relative,equal_cyclone,-275.0,-925.0,0.0006929773354760311
motion_relative,equal_cyclone,-225.0,-925.0,0.0006804663072914054
motion_relative,equal_cyclone,-175.0,-925.0,0.0006084601502851611
motion_relative,equal_cyclone,-125.0,-925.0,0.0006868512461971182
motion_relative,equal_cyclone,-75.0,-925.0,0.000571930033624672
motion_relative,equal_cyclone,-25.0,-925.0,0.0005178577710989096
motion_relative,equal_cyclone,25.0,-925.0,0.0005064515765885168
motion_relative,equal_cyclone,75.0,-925.0,0.0005471316559489856
motion_relative,equal_cyclone,125.0,-925.0,0.000706506575008151
motion_relative,equal_cyclone,175.0,-925.0,0.0006953451978326838
motion_relative,equal_cyclone,225.0,-925.0,0.0006198970664351853
motion_relative,equal_cyclone,275.0,-925.0,0.0006407907945700247
motion_relative,equal_cyclone,325.0,-925.0,0.0005930984490515558
motion_relative,equal_cyclone,375.0,-925.0,0.0006578521934014472
motion_relative,equal_cyclone,425.0,-925.0,0.0007385408547037409
motion_relative,equal_cyclone,475.0,-925.0,0.0009393246627286589
motion_relative,equal_cyclone,525.0,-925.0,0.0010827658188273454
motion_relative,equal_cyclone,575.0,-925.0,0.0008834140308887099
motion_relative,equal_cyclone,625.0,-925.0,0.00024675119113952524
motion_relative,equal_cyclone,675.0,-925.0,0.0
motion_relative,equal_cyclone,725.0,-925.0,0.0
motion_relative,equal_cyclone,775.0,-925.0,0.0
motion_relative,equal_cyclone,825.0,-925.0,0.0
motion_relative,equal_cyclone,875.0,-925.0,0.0
motion_relative,equal_cyclone,925.0,-925.0,0.0
motion_relative,equal_cyclone,975.0,-925.0,0.0
motion_relative,equal_cyclone,1025.0,-925.0,0.0
motion_relative,equal_cyclone,1075.0,-925.0,0.0
motion_relative,equal_cyclone,-1075.0,-875.0,0.0
motion_relative,equal_cyclone,-1025.0,-875.0,0.0
motion_relative,equal_cyclone,-975.0,-875.0,0.0
motion_relative,equal_cyclone,-925.0,-875.0,0.0
motion_relative,equal_cyclone,-875.0,-875.0,0.0
motion_relative,equal_cyclone,-825.0,-875.0,0.0
motion_relative,equal_cyclone,-775.0,-875.0,0.0
motion_relative,equal_cyclone,-725.0,-875.0,0.0
motion_relative,equal_cyclone,-675.0,-875.0,0.0006453270546411102
motion_relative,equal_cyclone,-625.0,-875.0,0.0013529176831835123
motion_relative,equal_cyclone,-575.0,-875.0,0.0010316394771055148
motion_relative,equal_cyclone,-525.0,-875.0,0.0010792750037313234
motion_relative,equal_cyclone,-475.0,-875.0,0.0009987084068447268
motion_relative,equal_cyclone,-425.0,-875.0,0.0008875396403696446
motion_relative,equal_cyclone,-375.0,-875.0,0.0007448926900586019
motion_relative,equal_cyclone,-325.0,-875.0,0.0006639315631708663
motion_relative,equal_cyclone,-275.0,-875.0,0.0006571591509303474
motion_relative,equal_cyclone,-225.0,-875.0,0.00053896259956598
motion_relative,equal_cyclone,-175.0,-875.0,0.0005405541760979155
motion_relative,equal_cyclone,-125.0,-875.0,0.0006135175887516175
motion_relative,equal_cyclone,-75.0,-875.0,0.0005865938402800816
motion_relative,equal_cyclone,-25.0,-875.0,0.0005266453549935918
motion_relative,equal_cyclone,25.0,-875.0,0.0008053237690269112
motion_relative,equal_cyclone,75.0,-875.0,0.0005122121965584459
motion_relative,equal_cyclone,125.0,-875.0,0.0005772670495171893
motion_relative,equal_cyclone,175.0,-875.0,0.0006303245879848933
motion_relative,equal_cyclone,225.0,-875.0,0.0006212454629524798
motion_relative,equal_cyclone,275.0,-875.0,0.0006032994232444422
motion_relative,equal_cyclone,325.0,-875.0,0.0006227633132447967
motion_relative,equal_cyclone,375.0,-875.0,0.0006046384013706176
motion_relative,equal_cyclone,425.0,-875.0,0.0005618249242061603
motion_relative,equal_cyclone,475.0,-875.0,0.0006855301558205715
motion_relative,equal_cyclone,525.0,-875.0,0.000697743320914449
motion_relative,equal_cyclone,575.0,-875.0,0.001068124775284704
motion_relative,equal_cyclone,625.0,-875.0,0.001730037054602669
motion_relative,equal_cyclone,675.0,-875.0,0.0006137236263943076
motion_relative,equal_cyclone,725.0,-875.0,0.0
motion_relative,equal_cyclone,775.0,-875.0,0.0
motion_relative,equal_cyclone,825.0,-875.0,0.0
motion_relative,equal_cyclone,875.0,-875.0,0.0
motion_relative,equal_cyclone,925.0,-875.0,0.0
motion_relative,equal_cyclone,975.0,-875.0,0.0
motion_relative,equal_cyclone,1025.0,-875.0,0.0
motion_relative,equal_cyclone,1075.0,-875.0,0.0
motion_relative,equal_cyclone,-1075.0,-825.0,0.0
motion_relative,equal_cyclone,-1025.0,-825.0,0.0
motion_relative,equal_cyclone,-975.0,-825.0,0.0
motion_relative,equal_cyclone,-925.0,-825.0,0.0
motion_relative,equal_cyclone,-875.0,-825.0,0.0
motion_relative,equal_cyclone,-825.0,-825.0,0.0
motion_relative,equal_cyclone,-775.0,-825.0,1.800720475335811e-06
motion_relative,equal_cyclone,-725.0,-825.0,0.000795603086848249
motion_relative,equal_cyclone,-675.0,-825.0,0.0015165219534902298
motion_relative,equal_cyclone,-625.0,-825.0,0.000981176559009306
motion_relative,equal_cyclone,-575.0,-825.0,0.0008422235052303247
motion_relative,equal_cyclone,-525.0,-825.0,0.0008166611186587274
motion_relative,equal_cyclone,-475.0,-825.0,0.000930197516587514
motion_relative,equal_cyclone,-425.0,-825.0,0.0007961374700723542
motion_relative,equal_cyclone,-375.0,-825.0,0.0007100875820686995
motion_relative,equal_cyclone,-325.0,-825.0,0.000721567278550881
motion_relative,equal_cyclone,-275.0,-825.0,0.0006058112712201036
motion_relative,equal_cyclone,-225.0,-825.0,0.0006562078145559653
motion_relative,equal_cyclone,-175.0,-825.0,0.0006038718543183024
motion_relative,equal_cyclone,-125.0,-825.0,0.0005524193491687337
motion_relative,equal_cyclone,-75.0,-825.0,0.0005812993298152441
motion_relative,equal_cyclone,-25.0,-825.0,0.0005488504251805524
motion_relative,equal_cyclone,25.0,-825.0,0.0004422721850535542
motion_relative,equal_cyclone,75.0,-825.0,0.0004933426224989571
motion_relative,equal_cyclone,125.0,-825.0,0.000411847017564659
motion_relative,equal_cyclone,175.0,-825.0,0.0004388085554269171
motion_relative,equal_cyclone,225.0,-825.0,0.0004948773343322075
motion_relative,equal_cyclone,275.0,-825.0,0.0004781136676657083
motion_relative,equal_cyclone,325.0,-825.0,0.000527913893228715
motion_relative,equal_cyclone,375.0,-825.0,0.00047153272395672577
motion_relative,equal_cyclone,425.0,-825.0,0.0005384054333227163
motion_relative,equal_cyclone,475.0,-825.0,0.0005753786374702901
motion_relative,equal_cyclone,525.0,-825.0,0.0007281305885108283
motion_relative,equal_cyclone,575.0,-825.0,0.0006987119616330709
motion_relative,equal_cyclone,625.0,-825.0,0.0009885672134907512
motion_relative,equal_cyclone,675.0,-825.0,0.001198138340874217
motion_relative,equal_cyclone,725.0,-825.0,0.0011478522188079446
motion_relative,equal_cyclone,775.0,-825.0,6.941794302635108e-06
motion_relative,equal_cyclone,825.0,-825.0,0.0
motion_relative,equal_cyclone,875.0,-825.0,0.0
motion_relative,equal_cyclone,925.0,-825.0,0.0
motion_relative,equal_cyclone,975.0,-825.0,0.0
motion_relative,equal_cyclone,1025.0,-825.0,0.0
motion_relative,equal_cyclone,1075.0,-825.0,0.0
motion_relative,equal_cyclone,-1075.0,-775.0,0.0
motion_relative,equal_cyclone,-1025.0,-775.0,0.0
motion_relative,equal_cyclone,-975.0,-775.0,0.0
motion_relative,equal_cyclone,-925.0,-775.0,0.0
motion_relative,equal_cyclone,-875.0,-775.0,0.0
motion_relative,equal_cyclone,-825.0,-775.0,8.429294633243042e-06
motion_relative,equal_cyclone,-775.0,-775.0,0.0006258929336486221
motion_relative,equal_cyclone,-725.0,-775.0,0.0012891392777606787
motion_relative,equal_cyclone,-675.0,-775.0,0.0009396283404089703
motion_relative,equal_cyclone,-625.0,-775.0,0.0008882159492926838
motion_relative,equal_cyclone,-575.0,-775.0,0.0008333230127166002
motion_relative,equal_cyclone,-525.0,-775.0,0.0007631636539418555
motion_relative,equal_cyclone,-475.0,-775.0,0.0007110903848077893
motion_relative,equal_cyclone,-425.0,-775.0,0.0008694670683037831
motion_relative,equal_cyclone,-375.0,-775.0,0.0006332385693621959
motion_relative,equal_cyclone,-325.0,-775.0,0.0007234847884731016
motion_relative,equal_cyclone,-275.0,-775.0,0.0007073557631096332
motion_relative,equal_cyclone,-225.0,-775.0,0.0007193063427244971
motion_relative,equal_cyclone,-175.0,-775.0,0.0006005099607434706
motion_relative,equal_cyclone,-125.0,-775.0,0.0006801577310426403
motion_relative,equal_cyclone,-75.0,-775.0,0.0006334711542916264
motion_relative,equal_cyclone,-25.0,-775.0,0.0005641632290287689
motion_relative,equal_cyclone,25.0,-775.0,0.0005460608250648027
motion_relative,equal_cyclone,75.0,-775.0,0.0004495828424531709
motion_relative,equal_cyclone,125.0,-775.0,0.00036060405914403054
motion_relative,equal_cyclone,175.0,-775.0,0.0004180963777337471
motion_relative,equal_cyclone,225.0,-775.0,0.0004232102589875605
motion_relative,equal_cyclone,275.0,-775.0,0.0004942307516505962
motion_relative,equal_cyclone,325.0,-775.0,0.0004300732218389238
motion_relative,equal_cyclone,375.0,-775.0,0.0005551315156090542
motion_relative,equal_cyclone,425.0,-775.0,0.0003923978188697199
motion_relative,equal_cyclone,475.0,-775.0,0.000839212852552003
motion_relative,equal_cyclone,525.0,-775.0,0.0005388727711022061
motion_relative,equal_cyclone,575.0,-775.0,0.001137451590067033
motion_relative,equal_cyclone,625.0,-775.0,0.0007679491568558801
motion_relative,equal_cyclone,675.0,-775.0,0.0008587713737962105
motion_relative,equal_cyclone,725.0,-775.0,0.0013068281799064113
motion_relative,equal_cyclone,775.0,-775.0,0.0008987665106546562
motion_relative,equal_cyclone,825.0,-775.0,4.7026790165655554e-06
motion_relative,equal_cyclone,875.0,-775.0,0.0
motion_relative,equal_cyclone,925.0,-775.0,0.0
motion_relative,equal_cyclone,975.0,-775.0,0.0
motion_relative,equal_cyclone,1025.0,-775.0,0.0
motion_relative,equal_cyclone,1075.0,-775.0,0.0
motion_relative,equal_cyclone,-1075.0,-725.0,0.0
motion_relative,equal_cyclone,-1025.0,-725.0,0.0
motion_relative,equal_cyclone,-975.0,-725.0,0.0
motion_relative,equal_cyclone,-925.0,-725.0,0.0
motion_relative,equal_cyclone,-875.0,-725.0,0.0
motion_relative,equal_cyclone,-825.0,-725.0,0.0008420027483492923
motion_relative,equal_cyclone,-775.0,-725.0,0.0012485336658826641
motion_relative,equal_cyclone,-725.0,-725.0,0.0009889927052101689
motion_relative,equal_cyclone,-675.0,-725.0,0.0008725832979195614
motion_relative,equal_cyclone,-625.0,-725.0,0.0006947871863442871
motion_relative,equal_cyclone,-575.0,-725.0,0.000761841316498483
motion_relative,equal_cyclone,-525.0,-725.0,0.0008244354640392439
motion_relative,equal_cyclone,-475.0,-725.0,0.0008310324716649
motion_relative,equal_cyclone,-425.0,-725.0,0.0007082535135276842
motion_relative,equal_cyclone,-375.0,-725.0,0.0006995350184746014
motion_relative,equal_cyclone,-325.0,-725.0,0.0006269635764335657
motion_relative,equal_cyclone,-275.0,-725.0,0.0006648270993032116
motion_relative,equal_cyclone,-225.0,-725.0,0.0006861287418064218
motion_relative,equal_cyclone,-175.0,-725.0,0.0006086068612958711
motion_relative,equal_cyclone,-125.0,-725.0,0.0005605080658652775
motion_relative,equal_cyclone,-75.0,-725.0,0.0007409733119484214
motion_relative,equal_cyclone,-25.0,-725.0,0.0005283425182670987
motion_relative,equal_cyclone,25.0,-725.0,0.0004854671254985057
motion_relative,equal_cyclone,75.0,-725.0,0.0004948648096295077
motion_relative,equal_cyclone,125.0,-725.0,0.00039833748339722304
motion_relative,equal_cyclone,175.0,-725.0,0.0003685117292786367
motion_relative,equal_cyclone,225.0,-725.0,0.0005321871400068019
motion_relative,equal_cyclone,275.0,-725.0,0.0003335277886170247
motion_relative,equal_cyclone,325.0,-725.0,0.00030939395035803585
motion_relative,equal_cyclone,375.0,-725.0,0.0003525773740781953
motion_relative,equal_cyclone,425.0,-725.0,0.00040173578109830964
motion_relative,equal_cyclone,475.0,-725.0,0.0004540775308261741
motion_relative,equal_cyclone,525.0,-725.0,0.0005711654506662691
motion_relative,equal_cyclone,575.0,-725.0,0.0004366118870228474
motion_relative,equal_cyclone,625.0,-725.0,0.0006019277688823943
motion_relative,equal_cyclone,675.0,-725.0,0.0005878041413807417
motion_relative,equal_cyclone,725.0,-725.0,0.0010668019072492695
motion_relative,equal_cyclone,775.0,-725.0,0.0016179003991040016
motion_relative,equal_cyclone,825.0,-725.0,0.0008775251280398998
motion_relative,equal_cyclone,875.0,-725.0,0.0
motion_relative,equal_cyclone,925.0,-725.0,0.0
motion_relative,equal_cyclone,975.0,-725.0,0.0
motion_relative,equal_cyclone,1025.0,-725.0,0.0
motion_relative,equal_cyclone,1075.0,-725.0,0.0
motion_relative,equal_cyclone,-1075.0,-675.0,0.0
motion_relative,equal_cyclone,-1025.0,-675.0,0.0
motion_relative,equal_cyclone,-975.0,-675.0,0.0
motion_relative,equal_cyclone,-925.0,-675.0,0.0
motion_relative,equal_cyclone,-875.0,-675.0,0.0003712893178951623
motion_relative,equal_cyclone,-825.0,-675.0,0.0016374865068969902
motion_relative,equal_cyclone,-775.0,-675.0,0.0010531013172848911
motion_relative,equal_cyclone,-725.0,-675.0,0.0009539128114170571
motion_relative,equal_cyclone,-675.0,-675.0,0.000814245163123265
motion_relative,equal_cyclone,-625.0,-675.0,0.0007219726636802438
motion_relative,equal_cyclone,-575.0,-675.0,0.0009651161605593774
motion_relative,equal_cyclone,-525.0,-675.0,0.0007598369674150144
motion_relative,equal_cyclone,-475.0,-675.0,0.0008254572446963417
motion_relative,equal_cyclone,-425.0,-675.0,0.000693864121145089
motion_relative,equal_cyclone,-375.0,-675.0,0.0007062321184192454
motion_relative,equal_cyclone,-325.0,-675.0,0.000725808314321632
motion_relative,equal_cyclone,-275.0,-675.0,0.0007252263455275324
motion_relative,equal_cyclone,-225.0,-675.0,0.0007784934220143543
motion_relative,equal_cyclone,-175.0,-675.0,0.0007482120233637932
motion_relative,equal_cyclone,-125.0,-675.0,0.000628002627345158
motion_relative,equal_cyclone,-75.0,-675.0,0.0006484944613484487
motion_relative,equal_cyclone,-25.0,-675.0,0.0006121122400937017
motion_relative,equal_cyclone,25.0,-675.0,0.0006100699818674781
motion_relative,equal_cyclone,75.0,-675.0,0.0006263461828314244
motion_relative,equal_cyclone,125.0,-675.0,0.0004892266366811108
motion_relative,equal_cyclone,175.0,-675.0,0.0005001282219725679
motion_relative,equal_cyclone,225.0,-675.0,0.0004536398023385858
motion_relative,equal_cyclone,275.0,-675.0,0.00037449042883707
motion_relative,equal_cyclone,325.0,-675.0,0.00030635037022142594
motion_relative,equal_cyclone,375.0,-675.0,0.0002817412778898701
motion_relative,equal_cyclone,425.0,-675.0,0.00029483949618395
motion_relative,equal_cyclone,475.0,-675.0,0.0003641006701407163
motion_relative,equal_cyclone,525.0,-675.0,0.00039356928454998294
motion_relative,equal_cyclone,575.0,-675.0,0.0005860126946102575
motion_relative,equal_cyclone,625.0,-675.0,0.0003722312927904311
motion_relative,equal_cyclone,675.0,-675.0,0.00045951162573629564
motion_relative,equal_cyclone,725.0,-675.0,0.0007702744909372282
motion_relative,equal_cyclone,775.0,-675.0,0.0008776448154298695
motion_relative,equal_cyclone,825.0,-675.0,0.0012489275733597895
motion_relative,equal_cyclone,875.0,-675.0,0.0007467692851625665
motion_relative,equal_cyclone,925.0,-675.0,0.0
motion_relative,equal_cyclone,975.0,-675.0,0.0
motion_relative,equal_cyclone,1025.0,-675.0,0.0
motion_relative,equal_cyclone,1075.0,-675.0,0.0
motion_relative,equal_cyclone,-1075.0,-625.0,0.0
motion_relative,equal_cyclone,-1025.0,-625.0,0.0
motion_relative,equal_cyclone,-975.0,-625.0,0.0
motion_relative,equal_cyclone,-925.0,-625.0,0.0001819010722111298
motion_relative,equal_cyclone,-875.0,-625.0,0.0010356785544958717
motion_relative,equal_cyclone,-825.0,-625.0,0.0011343745655054112
motion_relative,equal_cyclone,-775.0,-625.0,0.0010561998957651186
motion_relative,equal_cyclone,-725.0,-625.0,0.001100754860768717
motion_relative,equal_cyclone,-675.0,-625.0,0.0006778523917699455
motion_relative,equal_cyclone,-625.0,-625.0,0.0007596314000758102
motion_relative,equal_cyclone,-575.0,-625.0,0.0009304625189712941
motion_relative,equal_cyclone,-525.0,-625.0,0.0008664510403886118
motion_relative,equal_cyclone,-475.0,-625.0,0.0008248764261381648
motion_relative,equal_cyclone,-425.0,-625.0,0.0008030886172447026
motion_relative,equal_cyclone,-375.0,-625.0,0.0007972256856023776
motion_relative,equal_cyclone,-325.0,-625.0,0.0007741954941938194
motion_relative,equal_cyclone,-275.0,-625.0,0.0008253678436267462
motion_relative,equal_cyclone,-225.0,-625.0,0.0008680779358203386
motion_relative,equal_cyclone,-175.0,-625.0,0.0007910737898654473
motion_relative,equal_cyclone,-125.0,-625.0,0.0007543852282653513
motion_relative,equal_cyclone,-75.0,-625.0,0.0007398117049846379
motion_relative,equal_cyclone,-25.0,-625.0,0.0011251410316006414
motion_relative,equal_cyclone,25.0,-625.0,0.0006117727131969218
motion_relative,equal_cyclone,75.0,-625.0,0.0006037424182063591
motion_relative,equal_cyclone,125.0,-625.0,0.000555026920334723
motion_relative,equal_cyclone,175.0,-625.0,0.0005159174092305666
motion_relative,equal_cyclone,225.0,-625.0,0.00047072791338846127
motion_relative,equal_cyclone,275.0,-625.0,0.0003558323905864324
motion_relative,equal_cyclone,325.0,-625.0,0.0003232302698032552
motion_relative,equal_cyclone,375.0,-625.0,0.00032088347807411735
motion_relative,equal_cyclone,425.0,-625.0,0.000354365399187801
motion_relative,equal_cyclone,475.0,-625.0,0.00045538854465993227
motion_relative,equal_cyclone,525.0,-625.0,0.00029065803106824813
motion_relative,equal_cyclone,575.0,-625.0,0.0003415317377089581
motion_relative,equal_cyclone,625.0,-625.0,0.000333415615743474
motion_relative,equal_cyclone,675.0,-625.0,0.00044436372382487696
motion_relative,equal_cyclone,725.0,-625.0,0.0004970809965713828
motion_relative,equal_cyclone,775.0,-625.0,0.0007700401641572224
motion_relative,equal_cyclone,825.0,-625.0,0.0010545179445321752
motion_relative,equal_cyclone,875.0,-625.0,0.0018456237825795257
motion_relative,equal_cyclone,925.0,-625.0,0.00022091681061889664
motion_relative,equal_cyclone,975.0,-625.0,0.0
motion_relative,equal_cyclone,1025.0,-625.0,0.0
motion_relative,equal_cyclone,1075.0,-625.0,0.0
motion_relative,equal_cyclone,-1075.0,-575.0,0.0
motion_relative,equal_cyclone,-1025.0,-575.0,0.0
motion_relative,equal_cyclone,-975.0,-575.0,2.423931855706961e-06
motion_relative,equal_cyclone,-925.0,-575.0,0.0012160820267302656
motion_relative,equal_cyclone,-875.0,-575.0,0.0010257520016322776
motion_relative,equal_cyclone,-825.0,-575.0,0.0008856011485290299
motion_relative,equal_cyclone,-775.0,-575.0,0.0007891695386593923
motion_relative,equal_cyclone,-725.0,-575.0,0.0007123214090541207
motion_relative,equal_cyclone,-675.0,-575.0,0.0007053154891264859
motion_relative,equal_cyclone,-625.0,-575.0,0.0008123532194302989
motion_relative,equal_cyclone,-575.0,-575.0,0.0009750317012736203
motion_relative,equal_cyclone,-525.0,-575.0,0.0011186789293438923
motion_relative,equal_cyclone,-475.0,-575.0,0.0009951028284406632
motion_relative,equal_cyclone,-425.0,-575.0,0.0009512824792399211
motion_relative,equal_cyclone,-375.0,-575.0,0.0008485543907253148
motion_relative,equal_cyclone,-325.0,-575.0,0.0009048850150884152
motion_relative,equal_cyclone,-275.0,-575.0,0.0008758176200577733
motion_relative,equal_cyclone,-225.0,-575.0,0.000936244813425593
motion_relative,equal_cyclone,-175.0,-575.0,0.000918816445030981
motion_relative,equal_cyclone,-125.0,-575.0,0.0009063355937312755
motion_relative,equal_cyclone,-75.0,-575.0,0.0008835246065518826
motion_relative,equal_cyclone,-25.0,-575.0,0.0007773330094443505
motion_relative,equal_cyclone,25.0,-575.0,0.0007768481396084098
motion_relative,equal_cyclone,75.0,-575.0,0.0006877647388957987
motion_relative,equal_cyclone,125.0,-575.0,0.000570864566267271
motion_relative,equal_cyclone,175.0,-575.0,0.000549450393127287
motion_relative,equal_cyclone,225.0,-575.0,0.0004971255898137591
motion_relative,equal_cyclone,275.0,-575.0,0.00041894712415008564
motion_relative,equal_cyclone,325.0,-575.0,0.0003600605262738771
motion_relative,equal_cyclone,375.0,-575.0,0.00033633533610270496
motion_relative,equal_cyclone,425.0,-575.0,0.00034978064972743814
motion_relative,equal_cyclone,475.0,-575.0,0.00033753530701870817
motion_relative,equal_cyclone,525.0,-575.0,0.00029094636053329467
motion_relative,equal_cyclone,575.0,-575.0,0.0002806015709330472
motion_relative,equal_cyclone,625.0,-575.0,0.00031469647986296896
motion_relative,equal_cyclone,675.0,-575.0,0.0003429142040725131
motion_relative,equal_cyclone,725.0,-575.0,0.0003666783182531104
motion_relative,equal_cyclone,775.0,-575.0,0.0005984140534056456
motion_relative,equal_cyclone,825.0,-575.0,0.0008765303105182628
motion_relative,equal_cyclone,875.0,-575.0,0.0011218052199359683
motion_relative,equal_cyclone,925.0,-575.0,0.0008643147963657492
motion_relative,equal_cyclone,975.0,-575.0,3.916704667863676e-06
motion_relative,equal_cyclone,1025.0,-575.0,0.0
motion_relative,equal_cyclone,1075.0,-575.0,0.0
motion_relative,equal_cyclone,-1075.0,-525.0,0.0
motion_relative,equal_cyclone,-1025.0,-525.0,0.0
motion_relative,equal_cyclone,-975.0,-525.0,0.000547041175955202
motion_relative,equal_cyclone,-925.0,-525.0,0.001186616262253945
motion_relative,equal_cyclone,-875.0,-525.0,0.0009093987064715414
motion_relative,equal_cyclone,-825.0,-525.0,0.0008507343040122714
motion_relative,equal_cyclone,-775.0,-525.0,0.0006781451503054089
motion_relative,equal_cyclone,-725.0,-525.0,0.000679692896380974
motion_relative,equal_cyclone,-675.0,-525.0,0.0008254300088263531
motion_relative,equal_cyclone,-625.0,-525.0,0.0008370629350481941
motion_relative,equal_cyclone,-575.0,-525.0,0.0009116223588668153
motion_relative,equal_cyclone,-525.0,-525.0,0.0009352492456769485
motion_relative,equal_cyclone,-475.0,-525.0,0.0010815954344187712
motion_relative,equal_cyclone,-425.0,-525.0,0.0010808300100354235
motion_relative,equal_cyclone,-375.0,-525.0,0.001002509976174113
motion_relative,equal_cyclone,-325.0,-525.0,0.0011946461389380294
motion_relative,equal_cyclone,-275.0,-525.0,0.0010207616015715584
motion_relative,equal_cyclone,-225.0,-525.0,0.000980741289149359
motion_relative,equal_cyclone,-175.0,-525.0,0.0009947227403280545
motion_relative,equal_cyclone,-125.0,-525.0,0.0010560973036173962
motion_relative,equal_cyclone,-75.0,-525.0,0.0009191489709813074
motion_relative,equal_cyclone,-25.0,-525.0,0.0009107947598959292
motion_relative,equal_cyclone,25.0,-525.0,0.0008000734003772496
motion_relative,equal_cyclone,75.0,-525.0,0.0007367236228165299
motion_relative,equal_cyclone,125.0,-525.0,0.0006113182535931488
motion_relative,equal_cyclone,175.0,-525.0,0.0005529512668609061
motion_relative,equal_cyclone,225.0,-525.0,0.0005957260410024436
motion_relative,equal_cyclone,275.0,-525.0,0.0005001395558935849
motion_relative,equal_cyclone,325.0,-525.0,0.0003824228600077286
motion_relative,equal_cyclone,375.0,-525.0,0.0002933915605658043
motion_relative,equal_cyclone,425.0,-525.0,0.0003906348672513352
motion_relative,equal_cyclone,475.0,-525.0,0.0003751321853339961
motion_relative,equal_cyclone,525.0,-525.0,0.00023439976523245958
motion_relative,equal_cyclone,575.0,-525.0,0.0002484239168340836
motion_relative,equal_cyclone,625.0,-525.0,0.00024586984282212943
motion_relative,equal_cyclone,675.0,-525.0,0.00029538184148800454
motion_relative,equal_cyclone,725.0,-525.0,0.00037376179517578683
motion_relative,equal_cyclone,775.0,-525.0,0.00036945094157005007
motion_relative,equal_cyclone,825.0,-525.0,0.0006307598544170236
motion_relative,equal_cyclone,875.0,-525.0,0.0007269146521965633
motion_relative,equal_cyclone,925.0,-525.0,0.0011512111144522156
motion_relative,equal_cyclone,975.0,-525.0,0.0006845799121794784
motion_relative,equal_cyclone,1025.0,-525.0,0.0
motion_relative,equal_cyclone,1075.0,-525.0,0.0
motion_relative,equal_cyclone,-1075.0,-475.0,0.0
motion_relative,equal_cyclone,-1025.0,-475.0,2.7521176792284373e-06
motion_relative,equal_cyclone,-975.0,-475.0,0.0011445321082031376
motion_relative,equal_cyclone,-925.0,-475.0,0.0009916549219750792
motion_relative,equal_cyclone,-875.0,-475.0,0.0008091274852721024
motion_relative,equal_cyclone,-825.0,-475.0,0.0007043147230809331
motion_relative,equal_cyclone,-775.0,-475.0,0.0007130945007345022
motion_relative,equal_cyclone,-725.0,-475.0,0.0006945966958938029
motion_relative,equal_cyclone,-675.0,-475.0,0.0009261901667151458
motion_relative,equal_cyclone,-625.0,-475.0,0.00087840914942277
motion_relative,equal_cyclone,-575.0,-475.0,0.0009029022587610982
motion_relative,equal_cyclone,-525.0,-475.0,0.0009707646704797361
motion_relative,equal_cyclone,-475.0,-475.0,0.000995841278585157
motion_relative,equal_cyclone,-425.0,-475.0,0.0010759949300427236
motion_relative,equal_cyclone,-375.0,-475.0,0.0011917192081648978
motion_relative,equal_cyclone,-325.0,-475.0,0.0012319004685658465
motion_relative,equal_cyclone,-275.0,-475.0,0.0012306590479493193
motion_relative,equal_cyclone,-225.0,-475.0,0.001125073541489213
motion_relative,equal_cyclone,-175.0,-475.0,0.0012017516409803864
motion_relative,equal_cyclone,-125.0,-475.0,0.0012141941562732225
motion_relative,equal_cyclone,-75.0,-475.0,0.001101784779355554
motion_relative,equal_cyclone,-25.0,-475.0,0.0009303539812429607
motion_relative,equal_cyclone,25.0,-475.0,0.0008994069922626046
motion_relative,equal_cyclone,75.0,-475.0,0.0007665641148809932
motion_relative,equal_cyclone,125.0,-475.0,0.0006858569148953831
motion_relative,equal_cyclone,175.0,-475.0,0.0005936993364938043
motion_relative,equal_cyclone,225.0,-475.0,0.0005350120802331877
motion_relative,equal_cyclone,275.0,-475.0,0.00042542994731215706
motion_relative,equal_cyclone,325.0,-475.0,0.0003795024907900315
motion_relative,equal_cyclone,375.0,-475.0,0.0003060412001585528
motion_relative,equal_cyclone,425.0,-475.0,0.00027377060828450675
motion_relative,equal_cyclone,475.0,-475.0,0.00034726853940940356
motion_relative,equal_cyclone,525.0,-475.0,0.00022102153073832756
motion_relative,equal_cyclone,575.0,-475.0,0.00025636185719043835
motion_relative,equal_cyclone,625.0,-475.0,0.000256229754463859
motion_relative,equal_cyclone,675.0,-475.0,0.00038138727829299473
motion_relative,equal_cyclone,725.0,-475.0,0.0003986821265303676
motion_relative,equal_cyclone,775.0,-475.0,0.00036632754194326235
motion_relative,equal_cyclone,825.0,-475.0,0.0005385827670260396
motion_relative,equal_cyclone,875.0,-475.0,0.000698289452445439
motion_relative,equal_cyclone,925.0,-475.0,0.001171456541623049
motion_relative,equal_cyclone,975.0,-475.0,0.0014606715912434624
motion_relative,equal_cyclone,1025.0,-475.0,1.789631193794513e-05
motion_relative,equal_cyclone,1075.0,-475.0,0.0
motion_relative,equal_cyclone,-1075.0,-425.0,0.0
motion_relative,equal_cyclone,-1025.0,-425.0,0.00020209026439162685
motion_relative,equal_cyclone,-975.0,-425.0,0.0006918653128617042
motion_relative,equal_cyclone,-925.0,-425.0,0.0008310713438357156
motion_relative,equal_cyclone,-875.0,-425.0,0.0007100574774453846
motion_relative,equal_cyclone,-825.0,-425.0,0.0006977100921659842
motion_relative,equal_cyclone,-775.0,-425.0,0.000626585091664342
motion_relative,equal_cyclone,-725.0,-425.0,0.0006357849931685765
motion_relative,equal_cyclone,-675.0,-425.0,0.0007368836488834185
motion_relative,equal_cyclone,-625.0,-425.0,0.0008764413659622051
motion_relative,equal_cyclone,-575.0,-425.0,0.0011339479835280625
motion_relative,equal_cyclone,-525.0,-425.0,0.0011266472352227529
motion_relative,equal_cyclone,-475.0,-425.0,0.001038876801228303
motion_relative,equal_cyclone,-425.0,-425.0,0.0011254995200465953
motion_relative,equal_cyclone,-375.0,-425.0,0.001164573574730393
motion_relative,equal_cyclone,-325.0,-425.0,0.0012178649406567152
motion_relative,equal_cyclone,-275.0,-425.0,0.0013302617591536045
motion_relative,equal_cyclone,-225.0,-425.0,0.0013803922162147356
motion_relative,equal_cyclone,-175.0,-425.0,0.0014466076043456455
motion_relative,equal_cyclone,-125.0,-425.0,0.0014637958156561524
motion_relative,equal_cyclone,-75.0,-425.0,0.0012821138196694093
motion_relative,equal_cyclone,-25.0,-425.0,0.0011871485218664295
motion_relative,equal_cyclone,25.0,-425.0,0.0009709868070585277
motion_relative,equal_cyclone,75.0,-425.0,0.0008797448090077869
motion_relative,equal_cyclone,125.0,-425.0,0.0007935915578947865
motion_relative,equal_cyclone,175.0,-425.0,0.0006712935643143932
motion_relative,equal_cyclone,225.0,-425.0,0.0006202764577785759
motion_relative,equal_cyclone,275.0,-425.0,0.00045922511644500225
motion_relative,equal_cyclone,325.0,-425.0,0.0004251700145315271
motion_relative,equal_cyclone,375.0,-425.0,0.00031200532736436643
motion_relative,equal_cyclone,425.0,-425.0,0.0003342520515397853
motion_relative,equal_cyclone,475.0,-425.0,0.0002564866751243614
motion_relative,equal_cyclone,525.0,-425.0,0.00019262528726780712
motion_relative,equal_cyclone,575.0,-425.0,0.00021141530618224314
motion_relative,equal_cyclone,625.0,-425.0,0.00022034526358889227
motion_relative,equal_cyclone,675.0,-425.0,0.00029499081444839113
motion_relative,equal_cyclone,725.0,-425.0,0.0004608894626238047
motion_relative,equal_cyclone,775.0,-425.0,0.0003086946357382007
motion_relative,equal_cyclone,825.0,-425.0,0.000392300609232734
motion_relative,equal_cyclone,875.0,-425.0,0.0006057487934566236
motion_relative,equal_cyclone,925.0,-425.0,0.0007963612510072029
motion_relative,equal_cyclone,975.0,-425.0,0.0010942845038428644
motion_relative,equal_cyclone,1025.0,-425.0,0.0003975015513781506
motion_relative,equal_cyclone,1075.0,-425.0,0.0
motion_relative,equal_cyclone,-1075.0,-375.0,0.0
motion_relative,equal_cyclone,-1025.0,-375.0,0.0006867256252834247
motion_relative,equal_cyclone,-975.0,-375.0,0.0009567093168492835
motion_relative,equal_cyclone,-925.0,-375.0,0.0007711147832767866
motion_relative,equal_cyclone,-875.0,-375.0,0.0008327489097554455
motion_relative,equal_cyclone,-825.0,-375.0,0.0008276150271034127
motion_relative,equal_cyclone,-775.0,-375.0,0.0008169722333056351
motion_relative,equal_cyclone,-725.0,-375.0,0.0006747967457005694
motion_relative,equal_cyclone,-675.0,-375.0,0.0008134706489714387
motion_relative,equal_cyclone,-625.0,-375.0,0.0009509692881705533
motion_relative,equal_cyclone,-575.0,-375.0,0.0009570179257818819
motion_relative,equal_cyclone,-525.0,-375.0,0.0010654905181073746
motion_relative,equal_cyclone,-475.0,-375.0,0.0010833645961331956
motion_relative,equal_cyclone,-425.0,-375.0,0.0012506077493626155
motion_relative,equal_cyclone,-375.0,-375.0,0.0014639065103559785
motion_relative,equal_cyclone,-325.0,-375.0,0.0013989537432281735
motion_relative,equal_cyclone,-275.0,-375.0,0.0014768109344686334
motion_relative,equal_cyclone,-225.0,-375.0,0.001597450016590201
motion_relative,equal_cyclone,-175.0,-375.0,0.0016949578654303493
motion_relative,equal_cyclone,-125.0,-375.0,0.0017358505367502553
motion_relative,equal_cyclone,-75.0,-375.0,0.001537093543772005
motion_relative,equal_cyclone,-25.0,-375.0,0.0012917470737121384
motion_relative,equal_cyclone,25.0,-375.0,0.0013600881721718512
motion_relative,equal_cyclone,75.0,-375.0,0.0010649106195488936
motion_relative,equal_cyclone,125.0,-375.0,0.0010238124151534561
motion_relative,equal_cyclone,175.0,-375.0,0.000806705116371383
motion_relative,equal_cyclone,225.0,-375.0,0.0006846068976293941
motion_relative,equal_cyclone,275.0,-375.0,0.0006398514775650758
motion_relative,equal_cyclone,325.0,-375.0,0.0003980018882941529
motion_relative,equal_cyclone,375.0,-375.0,0.0004107376681234757
motion_relative,equal_cyclone,425.0,-375.0,0.0002666030630463128
motion_relative,equal_cyclone,475.0,-375.0,0.0002649717882594166
motion_relative,equal_cyclone,525.0,-375.0,0.00021110538072889663
motion_relative,equal_cyclone,575.0,-375.0,0.0001880826934497793
motion_relative,equal_cyclone,625.0,-375.0,0.00019900618942608923
motion_relative,equal_cyclone,675.0,-375.0,0.0002805879270715012
motion_relative,equal_cyclone,725.0,-375.0,0.0002461082716085279
motion_relative,equal_cyclone,775.0,-375.0,0.0002596939335060442
motion_relative,equal_cyclone,825.0,-375.0,0.0003878864331141406
motion_relative,equal_cyclone,875.0,-375.0,0.0006836059824867575
motion_relative,equal_cyclone,925.0,-375.0,0.0006693641164455498
motion_relative,equal_cyclone,975.0,-375.0,0.0009636907424500559
motion_relative,equal_cyclone,1025.0,-375.0,0.0009606470523215283
motion_relative,equal_cyclone,1075.0,-375.0,0.0
motion_relative,equal_cyclone,-1075.0,-325.0,0.00014541364513262018
motion_relative,equal_cyclone,-1025.0,-325.0,0.0009085973809254466
motion_relative,equal_cyclone,-975.0,-325.0,0.0007194109579145362
motion_relative,equal_cyclone,-925.0,-325.0,0.0006412308663424849
motion_relative,equal_cyclone,-875.0,-325.0,0.0007135427409599027
motion_relative,equal_cyclone,-825.0,-325.0,0.0009750003862345111
motion_relative,equal_cyclone,-775.0,-325.0,0.0007678971720439963
motion_relative,equal_cyclone,-725.0,-325.0,0.0006590549310469022
motion_relative,equal_cyclone,-675.0,-325.0,0.0006847504449527115
motion_relative,equal_cyclone,-625.0,-325.0,0.0010499243785027025
motion_relative,equal_cyclone,-575.0,-325.0,0.0009676519471715126
motion_relative,equal_cyclone,-525.0,-325.0,0.0011722559373611625
motion_relative,equal_cyclone,-475.0,-325.0,0.001250128810008742
motion_relative,equal_cyclone,-425.0,-325.0,0.0013564912401107557
motion_relative,equal_cyclone,-375.0,-325.0,0.001456591057851859
motion_relative,equal_cyclone,-325.0,-325.0,0.0015766493027760439
motion_relative,equal_cyclone,-275.0,-325.0,0.0016197754908261752
motion_relative,equal_cyclone,-225.0,-325.0,0.0017547158024510659
motion_relative,equal_cyclone,-175.0,-325.0,0.0017576162903445492
motion_relative,equal_cyclone,-125.0,-325.0,0.0019197773351793278
motion_relative,equal_cyclone,-75.0,-325.0,0.0016487491011283875
motion_relative,equal_cyclone,-25.0,-325.0,0.0013997084531449085
motion_relative,equal_cyclone,25.0,-325.0,0.001274752731527076
motion_relative,equal_cyclone,75.0,-325.0,0.001130339177875506
motion_relative,equal_cyclone,125.0,-325.0,0.0012281208822647054
motion_relative,equal_cyclone,175.0,-325.0,0.000777225421867248
motion_relative,equal_cyclone,225.0,-325.0,0.0005653843131202814
motion_relative,equal_cyclone,275.0,-325.0,0.00047387220768426927
motion_relative,equal_cyclone,325.0,-325.0,0.00045326637000547615
motion_relative,equal_cyclone,375.0,-325.0,0.00047911796651063144
motion_relative,equal_cyclone,425.0,-325.0,0.00030223533133146176
motion_relative,equal_cyclone,475.0,-325.0,0.00037415532119831
motion_relative,equal_cyclone,525.0,-325.0,0.0002218814583519497
motion_relative,equal_cyclone,575.0,-325.0,0.00027347022937820886
motion_relative,equal_cyclone,625.0,-325.0,0.00025525141906184584
motion_relative,equal_cyclone,675.0,-325.0,0.00027406811408722603
motion_relative,equal_cyclone,725.0,-325.0,0.00027263026045434304
motion_relative,equal_cyclone,775.0,-325.0,0.00027180768932439124
motion_relative,equal_cyclone,825.0,-325.0,0.0004194777321202028
motion_relative,equal_cyclone,875.0,-325.0,0.0006483456246855782
motion_relative,equal_cyclone,925.0,-325.0,0.0006902789565187372
motion_relative,equal_cyclone,975.0,-325.0,0.0008787786562877392
motion_relative,equal_cyclone,1025.0,-325.0,0.0014639154666042172
motion_relative,equal_cyclone,1075.0,-325.0,0.00013641844670330246
motion_relative,equal_cyclone,-1075.0,-275.0,0.0002109448506218077
motion_relative,equal_cyclone,-1025.0,-275.0,0.0008418080366238588
motion_relative,equal_cyclone,-975.0,-275.0,0.0005888308126905319
motion_relative,equal_cyclone,-925.0,-275.0,0.0006374637514280876
motion_relative,equal_cyclone,-875.0,-275.0,0.0005447861155095864
motion_relative,equal_cyclone,-825.0,-275.0,0.0005777189632853582
motion_relative,equal_cyclone,-775.0,-275.0,0.0006563206694314805
motion_relative,equal_cyclone,-725.0,-275.0,0.0008419711146257264
motion_relative,equal_cyclone,-675.0,-275.0,0.0007957547324769458
motion_relative,equal_cyclone,-625.0,-275.0,0.0009061542177769658
motion_relative,equal_cyclone,-575.0,-275.0,0.0010565447082775447
motion_relative,equal_cyclone,-525.0,-275.0,0.0014632162331142077
motion_relative,equal_cyclone,-475.0,-275.0,0.0014746428316013034
motion_relative,equal_cyclone,-425.0,-275.0,0.0017036703356530665
motion_relative,equal_cyclone,-375.0,-275.0,0.0015384979153334217
motion_relative,equal_cyclone,-325.0,-275.0,0.001651746809509641
motion_relative,equal_cyclone,-275.0,-275.0,0.0018693619981765565
motion_relative,equal_cyclone,-225.0,-275.0,0.0020540813465228167
motion_relative,equal_cyclone,-175.0,-275.0,0.0017841703295235825
motion_relative,equal_cyclone,-125.0,-275.0,0.0019924190865230926
motion_relative,equal_cyclone,-75.0,-275.0,0.0017624271717240202
motion_relative,equal_cyclone,-25.0,-275.0,0.0014852769911368113
motion_relative,equal_cyclone,25.0,-275.0,0.001605112996678763
motion_relative,equal_cyclone,75.0,-275.0,0.001316324053885025
motion_relative,equal_cyclone,125.0,-275.0,0.0009554625089493725
motion_relative,equal_cyclone,175.0,-275.0,0.000759416784402159
motion_relative,equal_cyclone,225.0,-275.0,0.0005914227351332349
motion_relative,equal_cyclone,275.0,-275.0,0.0004984497144095497
motion_relative,equal_cyclone,325.0,-275.0,0.00042697342559033357
motion_relative,equal_cyclone,375.0,-275.0,0.00038563877705740437
motion_relative,equal_cyclone,425.0,-275.0,0.00029904363543102017
motion_relative,equal_cyclone,475.0,-275.0,0.00023279411931865905
motion_relative,equal_cyclone,525.0,-275.0,0.00022301615412137463
motion_relative,equal_cyclone,575.0,-275.0,0.00018205209913858963
motion_relative,equal_cyclone,625.0,-275.0,0.00020116472552007822
motion_relative,equal_cyclone,675.0,-275.0,0.00019454591152452157
motion_relative,equal_cyclone,725.0,-275.0,0.000267689934861852
motion_relative,equal_cyclone,775.0,-275.0,0.0002421893026135977
motion_relative,equal_cyclone,825.0,-275.0,0.0003351148355061333
motion_relative,equal_cyclone,875.0,-275.0,0.0006313690409730052
motion_relative,equal_cyclone,925.0,-275.0,0.0005255484346127083
motion_relative,equal_cyclone,975.0,-275.0,0.0006974330961923128
motion_relative,equal_cyclone,1025.0,-275.0,0.001137973465948037
motion_relative,equal_cyclone,1075.0,-275.0,0.0007725675074901035
motion_relative,equal_cyclone,-1075.0,-225.0,0.0003425160101215229
motion_relative,equal_cyclone,-1025.0,-225.0,0.0005799274170521392
motion_relative,equal_cyclone,-975.0,-225.0,0.0005664765438007304
motion_relative,equal_cyclone,-925.0,-225.0,0.0006363556562541122
motion_relative,equal_cyclone,-875.0,-225.0,0.000533144067559095
motion_relative,equal_cyclone,-825.0,-225.0,0.0005384573418757735
motion_relative,equal_cyclone,-775.0,-225.0,0.0006686242314341871
motion_relative,equal_cyclone,-725.0,-225.0,0.0007314867115773429
motion_relative,equal_cyclone,-675.0,-225.0,0.000848481596012215
motion_relative,equal_cyclone,-625.0,-225.0,0.000962874911770091
motion_relative,equal_cyclone,-575.0,-225.0,0.0010919345295024255
motion_relative,equal_cyclone,-525.0,-225.0,0.0013497647333276259
motion_relative,equal_cyclone,-475.0,-225.0,0.001422210193291881
motion_relative,equal_cyclone,-425.0,-225.0,0.0015770463857872868
motion_relative,equal_cyclone,-375.0,-225.0,0.001755459052488239
motion_relative,equal_cyclone,-325.0,-225.0,0.0019161582094982244
motion_relative,equal_cyclone,-275.0,-225.0,0.0019505140896746854
motion_relative,equal_cyclone,-225.0,-225.0,0.0021860906356381744
motion_relative,equal_cyclone,-175.0,-225.0,0.00174927171267461
motion_relative,equal_cyclone,-125.0,-225.0,0.0016122091174691677
motion_relative,equal_cyclone,-75.0,-225.0,0.0016277306093715215
motion_relative,equal_cyclone,-25.0,-225.0,0.0016057981251763338
motion_relative,equal_cyclone,25.0,-225.0,0.0011858682816082288
motion_relative,equal_cyclone,75.0,-225.0,0.0013464956908064963
motion_relative,equal_cyclone,125.0,-225.0,0.0010338742568873108
motion_relative,equal_cyclone,175.0,-225.0,0.0007279679787936478
motion_relative,equal_cyclone,225.0,-225.0,0.0005865401341234406
motion_relative,equal_cyclone,275.0,-225.0,0.0005832617569048919
motion_relative,equal_cyclone,325.0,-225.0,0.0004264179021098287
motion_relative,equal_cyclone,375.0,-225.0,0.0003323800742804803
motion_relative,equal_cyclone,425.0,-225.0,0.0002723106839495392
motion_relative,equal_cyclone,475.0,-225.0,0.00020906631492326525
motion_relative,equal_cyclone,525.0,-225.0,0.00020466081532712757
motion_relative,equal_cyclone,575.0,-225.0,0.0001649687197801617
motion_relative,equal_cyclone,625.0,-225.0,0.00022151702041926826
motion_relative,equal_cyclone,675.0,-225.0,0.00020711880146881583
motion_relative,equal_cyclone,725.0,-225.0,0.0001949687753612501
motion_relative,equal_cyclone,775.0,-225.0,0.0002964217339580928
motion_relative,equal_cyclone,825.0,-225.0,0.00030264426162663087
motion_relative,equal_cyclone,875.0,-225.0,0.0004016031045980818
motion_relative,equal_cyclone,925.0,-225.0,0.0004980928459636228
motion_relative,equal_cyclone,975.0,-225.0,0.000559391249023331
motion_relative,equal_cyclone,1025.0,-225.0,0.0008904967367617643
motion_relative,equal_cyclone,1075.0,-225.0,0.0007391934968903973
motion_relative,equal_cyclone,-1075.0,-175.0,0.0006474855439320984
motion_relative,equal_cyclone,-1025.0,-175.0,0.0005625929081063554
motion_relative,equal_cyclone,-975.0,-175.0,0.0006335873321781274
motion_relative,equal_cyclone,-925.0,-175.0,0.0005899122535845417
motion_relative,equal_cyclone,-875.0,-175.0,0.000576521979365274
motion_relative,equal_cyclone,-825.0,-175.0,0.0006481641658683818
motion_relative,equal_cyclone,-775.0,-175.0,0.0007381807476988717
motion_relative,equal_cyclone,-725.0,-175.0,0.0006879009478175192
motion_relative,equal_cyclone,-675.0,-175.0,0.0009438888788062871
motion_relative,equal_cyclone,-625.0,-175.0,0.0009618976612145931
motion_relative,equal_cyclone,-575.0,-175.0,0.0010745813626803443
motion_relative,equal_cyclone,-525.0,-175.0,0.0013106678721155002
motion_relative,equal_cyclone,-475.0,-175.0,0.0015566399556684039
motion_relative,equal_cyclone,-425.0,-175.0,0.0017363547072945865
motion_relative,equal_cyclone,-375.0,-175.0,0.0018689179291371213
motion_relative,equal_cyclone,-325.0,-175.0,0.0020021669073153397
motion_relative,equal_cyclone,-275.0,-175.0,0.0021988086235461015
motion_relative,equal_cyclone,-225.0,-175.0,0.002278396347127466
motion_relative,equal_cyclone,-175.0,-175.0,0.0020485444482385823
motion_relative,equal_cyclone,-125.0,-175.0,0.0017176604047645387
motion_relative,equal_cyclone,-75.0,-175.0,0.001412968508351745
motion_relative,equal_cyclone,-25.0,-175.0,0.0012420221554937734
motion_relative,equal_cyclone,25.0,-175.0,0.0011413094851141577
motion_relative,equal_cyclone,75.0,-175.0,0.0011588262509859093
motion_relative,equal_cyclone,125.0,-175.0,0.000930347393254722
motion_relative,equal_cyclone,175.0,-175.0,0.0007162134730580985
motion_relative,equal_cyclone,225.0,-175.0,0.0006386759860295777
motion_relative,equal_cyclone,275.0,-175.0,0.0006058030470120844
motion_relative,equal_cyclone,325.0,-175.0,0.00042435248179202687
motion_relative,equal_cyclone,375.0,-175.0,0.00037407336562292353
motion_relative,equal_cyclone,425.0,-175.0,0.00030232220595627357
motion_relative,equal_cyclone,475.0,-175.0,0.00025074749280369163
motion_relative,equal_cyclone,525.0,-175.0,0.00019649872769021855
motion_relative,equal_cyclone,575.0,-175.0,0.00013826308946653782
motion_relative,equal_cyclone,625.0,-175.0,0.00012657069717273778
motion_relative,equal_cyclone,675.0,-175.0,0.00016340102488107176
motion_relative,equal_cyclone,725.0,-175.0,0.00017994386279937538
motion_relative,equal_cyclone,775.0,-175.0,0.00027819419935553214
motion_relative,equal_cyclone,825.0,-175.0,0.00026461226761100574
motion_relative,equal_cyclone,875.0,-175.0,0.0004048922869148814
motion_relative,equal_cyclone,925.0,-175.0,0.000490614340304389
motion_relative,equal_cyclone,975.0,-175.0,0.0005417361003879382
motion_relative,equal_cyclone,1025.0,-175.0,0.0007465539802058169
motion_relative,equal_cyclone,1075.0,-175.0,0.0010216568966603745
motion_relative,equal_cyclone,-1075.0,-125.0,0.0006555530284444322
motion_relative,equal_cyclone,-1025.0,-125.0,0.0005347624029996386
motion_relative,equal_cyclone,-975.0,-125.0,0.0004785389393899023
motion_relative,equal_cyclone,-925.0,-125.0,0.001039555094870648
motion_relative,equal_cyclone,-875.0,-125.0,0.0004738341085508158
motion_relative,equal_cyclone,-825.0,-125.0,0.0005982436235414526
motion_relative,equal_cyclone,-775.0,-125.0,0.0006518138163624552
motion_relative,equal_cyclone,-725.0,-125.0,0.0007087872093177037
motion_relative,equal_cyclone,-675.0,-125.0,0.0009787438929017827
motion_relative,equal_cyclone,-625.0,-125.0,0.0011055528872518084
motion_relative,equal_cyclone,-575.0,-125.0,0.0012411396316412836
motion_relative,equal_cyclone,-525.0,-125.0,0.0013773219781917573
motion_relative,equal_cyclone,-475.0,-125.0,0.0017027844963792386
motion_relative,equal_cyclone,-425.0,-125.0,0.0017910387683125802
motion_relative,equal_cyclone,-375.0,-125.0,0.0020471291348513735
motion_relative,equal_cyclone,-325.0,-125.0,0.002282305044430102
motion_relative,equal_cyclone,-275.0,-125.0,0.0021983046154457017
motion_relative,equal_cyclone,-225.0,-125.0,0.002417535795356206
motion_relative,equal_cyclone,-175.0,-125.0,0.0021657064078884625
motion_relative,equal_cyclone,-125.0,-125.0,0.0018590958227489357
motion_relative,equal_cyclone,-75.0,-125.0,0.0013058330714323999
motion_relative,equal_cyclone,-25.0,-125.0,0.001044525588690001
motion_relative,equal_cyclone,25.0,-125.0,0.001032204650621866
motion_relative,equal_cyclone,75.0,-125.0,0.0008127552307991822
motion_relative,equal_cyclone,125.0,-125.0,0.0007442966247510179
motion_relative,equal_cyclone,175.0,-125.0,0.0006074207035088848
motion_relative,equal_cyclone,225.0,-125.0,0.000578794736539715
motion_relative,equal_cyclone,275.0,-125.0,0.0005080315895005194
motion_relative,equal_cyclone,325.0,-125.0,0.0004482448901495308
motion_relative,equal_cyclone,375.0,-125.0,0.0003341495001800788
motion_relative,equal_cyclone,425.0,-125.0,0.00026633627146543395
motion_relative,equal_cyclone,475.0,-125.0,0.00030455407154831394
motion_relative,equal_cyclone,525.0,-125.0,0.00018353610626778728
motion_relative,equal_cyclone,575.0,-125.0,0.0001423261025096875
motion_relative,equal_cyclone,625.0,-125.0,0.00013785641782095216
motion_relative,equal_cyclone,675.0,-125.0,0.00015244851166129579
motion_relative,equal_cyclone,725.0,-125.0,0.00020355023231401125
motion_relative,equal_cyclone,775.0,-125.0,0.00022870518674923573
motion_relative,equal_cyclone,825.0,-125.0,0.0002442495328898249
motion_relative,equal_cyclone,875.0,-125.0,0.0002973811445675622
motion_relative,equal_cyclone,925.0,-125.0,0.0003960135134761312
motion_relative,equal_cyclone,975.0,-125.0,0.0005679382689517597
motion_relative,equal_cyclone,1025.0,-125.0,0.0007682470058150375
motion_relative,equal_cyclone,1075.0,-125.0,0.0008319269752614277
motion_relative,equal_cyclone,-1075.0,-75.0,0.0012813505698324914
motion_relative,equal_cyclone,-1025.0,-75.0,0.0005800302962171314
motion_relative,equal_cyclone,-975.0,-75.0,0.0004786185289839431
motion_relative,equal_cyclone,-925.0,-75.0,0.00045132209977805283
motion_relative,equal_cyclone,-875.0,-75.0,0.00054169556089076
motion_relative,equal_cyclone,-825.0,-75.0,0.0005324403207133054
motion_relative,equal_cyclone,-775.0,-75.0,0.0006677401686938961
motion_relative,equal_cyclone,-725.0,-75.0,0.0007303068163979386
motion_relative,equal_cyclone,-675.0,-75.0,0.0008194064309307913
motion_relative,equal_cyclone,-625.0,-75.0,0.0009972841156567912
motion_relative,equal_cyclone,-575.0,-75.0,0.0012178701356945576
motion_relative,equal_cyclone,-525.0,-75.0,0.0012408977398583269
motion_relative,equal_cyclone,-475.0,-75.0,0.0016859605805301305
motion_relative,equal_cyclone,-425.0,-75.0,0.0018465806866526724
motion_relative,equal_cyclone,-375.0,-75.0,0.002188131525443959
motion_relative,equal_cyclone,-325.0,-75.0,0.0023026294511533504
motion_relative,equal_cyclone,-275.0,-75.0,0.0022568712106321364
motion_relative,equal_cyclone,-225.0,-75.0,0.0022564883064930823
motion_relative,equal_cyclone,-175.0,-75.0,0.002206704508380113
motion_relative,equal_cyclone,-125.0,-75.0,0.0016101429797469194
motion_relative,equal_cyclone,-75.0,-75.0,0.0010146478636840653
motion_relative,equal_cyclone,-25.0,-75.0,0.0008106513696864353
motion_relative,equal_cyclone,25.0,-75.0,0.0007504808750965767
motion_relative,equal_cyclone,75.0,-75.0,0.0005657485887229124
motion_relative,equal_cyclone,125.0,-75.0,0.0005931913419006027
motion_relative,equal_cyclone,175.0,-75.0,0.0005026814176455844
motion_relative,equal_cyclone,225.0,-75.0,0.0005754627649925145
motion_relative,equal_cyclone,275.0,-75.0,0.0005024926218492677
motion_relative,equal_cyclone,325.0,-75.0,0.0004235749943679716
motion_relative,equal_cyclone,375.0,-75.0,0.00035987454599050627
motion_relative,equal_cyclone,425.0,-75.0,0.0003500606877336221
motion_relative,equal_cyclone,475.0,-75.0,0.00027743809592417265
motion_relative,equal_cyclone,525.0,-75.0,0.00016857566459518316
motion_relative,equal_cyclone,575.0,-75.0,0.00013114798284132845
motion_relative,equal_cyclone,625.0,-75.0,0.00010485445545613283
motion_relative,equal_cyclone,675.0,-75.0,0.00012055248078619449
motion_relative,equal_cyclone,725.0,-75.0,0.0002795575957065883
motion_relative,equal_cyclone,775.0,-75.0,0.0002720388822569197
motion_relative,equal_cyclone,825.0,-75.0,0.0005174961668457741
motion_relative,equal_cyclone,875.0,-75.0,0.0003864133896054793
motion_relative,equal_cyclone,925.0,-75.0,0.00038225486723939467
motion_relative,equal_cyclone,975.0,-75.0,0.00045837788784337124
motion_relative,equal_cyclone,1025.0,-75.0,0.0006132797010260465
motion_relative,equal_cyclone,1075.0,-75.0,0.001067656597678744
motion_relative,equal_cyclone,-1075.0,-25.0,0.0008982377555586899
motion_relative,equal_cyclone,-1025.0,-25.0,0.0007650917236140976
motion_relative,equal_cyclone,-975.0,-25.0,0.000535311435175798
motion_relative,equal_cyclone,-925.0,-25.0,0.0004252136223320007
motion_relative,equal_cyclone,-875.0,-25.0,0.00046463503403038585
motion_relative,equal_cyclone,-825.0,-25.0,0.0007204040971611924
motion_relative,equal_cyclone,-775.0,-25.0,0.0007135650333178021
motion_relative,equal_cyclone,-725.0,-25.0,0.0007802280928304737
motion_relative,equal_cyclone,-675.0,-25.0,0.0008317628467471166
motion_relative,equal_cyclone,-625.0,-25.0,0.0009948574310116962
motion_relative,equal_cyclone,-575.0,-25.0,0.0011488403504979346
motion_relative,equal_cyclone,-525.0,-25.0,0.001418010438403495
motion_relative,equal_cyclone,-475.0,-25.0,0.001641746301850463
motion_relative,equal_cyclone,-425.0,-25.0,0.0017263058384408838
motion_relative,equal_cyclone,-375.0,-25.0,0.0018878698074537312
motion_relative,equal_cyclone,-325.0,-25.0,0.0022045886812905
motion_relative,equal_cyclone,-275.0,-25.0,0.002241309359678526
motion_relative,equal_cyclone,-225.0,-25.0,0.0022527236221626247
motion_relative,equal_cyclone,-175.0,-25.0,0.0020267326875077736
motion_relative,equal_cyclone,-125.0,-25.0,0.0014474158693321268
motion_relative,equal_cyclone,-75.0,-25.0,0.0010256034892847591
motion_relative,equal_cyclone,-25.0,-25.0,0.0006123739990641049
motion_relative,equal_cyclone,25.0,-25.0,0.0004803822890535604
motion_relative,equal_cyclone,75.0,-25.0,0.0005529353333001349
motion_relative,equal_cyclone,125.0,-25.0,0.00047882155692906405
motion_relative,equal_cyclone,175.0,-25.0,0.0004690758935596925
motion_relative,equal_cyclone,225.0,-25.0,0.0005288923353387333
motion_relative,equal_cyclone,275.0,-25.0,0.00047321515362943163
motion_relative,equal_cyclone,325.0,-25.0,0.0004284000842214321
motion_relative,equal_cyclone,375.0,-25.0,0.00036461783146625
motion_relative,equal_cyclone,425.0,-25.0,0.0002830153270691149
motion_relative,equal_cyclone,475.0,-25.0,0.000255046148307982
motion_relative,equal_cyclone,525.0,-25.0,0.00017648639710972223
motion_relative,equal_cyclone,575.0,-25.0,0.00013806874725684172
motion_relative,equal_cyclone,625.0,-25.0,0.00012902085763072857
motion_relative,equal_cyclone,675.0,-25.0,0.00010567320622178078
motion_relative,equal_cyclone,725.0,-25.0,0.000207639103960231
motion_relative,equal_cyclone,775.0,-25.0,0.00022278136870809232
motion_relative,equal_cyclone,825.0,-25.0,0.00031053959734118495
motion_relative,equal_cyclone,875.0,-25.0,0.0002919283637778171
motion_relative,equal_cyclone,925.0,-25.0,0.0003264081020570894
motion_relative,equal_cyclone,975.0,-25.0,0.0003954759048815331
motion_relative,equal_cyclone,1025.0,-25.0,0.0005683622958194537
motion_relative,equal_cyclone,1075.0,-25.0,0.0011473610038328253
motion_relative,equal_cyclone,-1075.0,25.0,0.0009300180494084088
motion_relative,equal_cyclone,-1025.0,25.0,0.0006626932467327225
motion_relative,equal_cyclone,-975.0,25.0,0.0005543372910041358
motion_relative,equal_cyclone,-925.0,25.0,0.0004972513875700775
motion_relative,equal_cyclone,-875.0,25.0,0.0004938366601646281
motion_relative,equal_cyclone,-825.0,25.0,0.000539110900259537
motion_relative,equal_cyclone,-775.0,25.0,0.0005965378223045449
motion_relative,equal_cyclone,-725.0,25.0,0.0006396162018161304
motion_relative,equal_cyclone,-675.0,25.0,0.0007792993676775514
motion_relative,equal_cyclone,-625.0,25.0,0.0009497551527696664
motion_relative,equal_cyclone,-575.0,25.0,0.001302288238484465
motion_relative,equal_cyclone,-525.0,25.0,0.0015412897791126224
motion_relative,equal_cyclone,-475.0,25.0,0.0017326743055756455
motion_relative,equal_cyclone,-425.0,25.0,0.0016764320646336693
motion_relative,equal_cyclone,-375.0,25.0,0.0018977414204707293
motion_relative,equal_cyclone,-325.0,25.0,0.002324769679228124
motion_relative,equal_cyclone,-275.0,25.0,0.002204223053192128
motion_relative,equal_cyclone,-225.0,25.0,0.0022141422247665588
motion_relative,equal_cyclone,-175.0,25.0,0.0019062617211376858
motion_relative,equal_cyclone,-125.0,25.0,0.001427966786369223
motion_relative,equal_cyclone,-75.0,25.0,0.0009974221678990859
motion_relative,equal_cyclone,-25.0,25.0,0.0005625166772161793
motion_relative,equal_cyclone,25.0,25.0,0.0004588042303073364
motion_relative,equal_cyclone,75.0,25.0,0.0005084648801902689
motion_relative,equal_cyclone,125.0,25.0,0.0004671363984858645
motion_relative,equal_cyclone,175.0,25.0,0.0006236521460109342
motion_relative,equal_cyclone,225.0,25.0,0.00042600192645359945
motion_relative,equal_cyclone,275.0,25.0,0.0005983918477442798
motion_relative,equal_cyclone,325.0,25.0,0.0004055341720465547
motion_relative,equal_cyclone,375.0,25.0,0.000308720291836091
motion_relative,equal_cyclone,425.0,25.0,0.0002606967872462009
motion_relative,equal_cyclone,475.0,25.0,0.00018504792629347612
motion_relative,equal_cyclone,525.0,25.0,0.00016044915883506615
motion_relative,equal_cyclone,575.0,25.0,0.00012717800854011348
motion_relative,equal_cyclone,625.0,25.0,0.0001360722196755691
motion_relative,equal_cyclone,675.0,25.0,0.0001393388845114971
motion_relative,equal_cyclone,725.0,25.0,0.00011792395864895975
motion_relative,equal_cyclone,775.0,25.0,0.00017996439510024103
motion_relative,equal_cyclone,825.0,25.0,0.00022138541926374316
motion_relative,equal_cyclone,875.0,25.0,0.00029154048453195657
motion_relative,equal_cyclone,925.0,25.0,0.0003400620030403512
motion_relative,equal_cyclone,975.0,25.0,0.0004061330252758003
motion_relative,equal_cyclone,1025.0,25.0,0.0005207325764472044
motion_relative,equal_cyclone,1075.0,25.0,0.001251751775714216
motion_relative,equal_cyclone,-1075.0,75.0,0.000616416357184556
motion_relative,equal_cyclone,-1025.0,75.0,0.0004956892821996955
motion_relative,equal_cyclone,-975.0,75.0,0.00046062089458496434
motion_relative,equal_cyclone,-925.0,75.0,0.00048496664849029703
motion_relative,equal_cyclone,-875.0,75.0,0.0004981200077385228
motion_relative,equal_cyclone,-825.0,75.0,0.0004907496686457876
motion_relative,equal_cyclone,-775.0,75.0,0.0006086158456830578
motion_relative,equal_cyclone,-725.0,75.0,0.0006619767798183538
motion_relative,equal_cyclone,-675.0,75.0,0.0006697177805061375
motion_relative,equal_cyclone,-625.0,75.0,0.0008787967139865717
motion_relative,equal_cyclone,-575.0,75.0,0.001197584213525528
motion_relative,equal_cyclone,-525.0,75.0,0.0013050698361463618
motion_relative,equal_cyclone,-475.0,75.0,0.0013456626254298113
motion_relative,equal_cyclone,-425.0,75.0,0.0015048656900009888
motion_relative,equal_cyclone,-375.0,75.0,0.0018064867680244838
motion_relative,equal_cyclone,-325.0,75.0,0.0020019163862011586
motion_relative,equal_cyclone,-275.0,75.0,0.0020647071398500754
motion_relative,equal_cyclone,-225.0,75.0,0.0020569059112961266
motion_relative,equal_cyclone,-175.0,75.0,0.001979102145428467
motion_relative,equal_cyclone,-125.0,75.0,0.0016734842502338287
motion_relative,equal_cyclone,-75.0,75.0,0.0009802970657939866
motion_relative,equal_cyclone,-25.0,75.0,0.000759470337749197
motion_relative,equal_cyclone,25.0,75.0,0.0005474334702439342
motion_relative,equal_cyclone,75.0,75.0,0.0005751272721623041
motion_relative,equal_cyclone,125.0,75.0,0.0005703343232659353
motion_relative,equal_cyclone,175.0,75.0,0.0005516076154755996
motion_relative,equal_cyclone,225.0,75.0,0.00045081745612255255
motion_relative,equal_cyclone,275.0,75.0,0.0004330838862169604
motion_relative,equal_cyclone,325.0,75.0,0.00038566751772648404
motion_relative,equal_cyclone,375.0,75.0,0.0002658100145003408
motion_relative,equal_cyclone,425.0,75.0,0.00022927866912856484
motion_relative,equal_cyclone,475.0,75.0,0.0001875216560709774
motion_relative,equal_cyclone,525.0,75.0,0.00015989950564226295
motion_relative,equal_cyclone,575.0,75.0,0.0001110309850592915
motion_relative,equal_cyclone,625.0,75.0,0.00014296863202430552
motion_relative,equal_cyclone,675.0,75.0,0.00010549063112071462
motion_relative,equal_cyclone,725.0,75.0,0.00022763308869823892
motion_relative,equal_cyclone,775.0,75.0,0.00014866859270975212
motion_relative,equal_cyclone,825.0,75.0,0.00020440247923302315
motion_relative,equal_cyclone,875.0,75.0,0.00028894058108021954
motion_relative,equal_cyclone,925.0,75.0,0.0003816596056000433
motion_relative,equal_cyclone,975.0,75.0,0.0004284259049000745
motion_relative,equal_cyclone,1025.0,75.0,0.0005183495679114841
motion_relative,equal_cyclone,1075.0,75.0,0.0010793362052433954
motion_relative,equal_cyclone,-1075.0,125.0,0.0006825306712029069
motion_relative,equal_cyclone,-1025.0,125.0,0.0006515794542265548
motion_relative,equal_cyclone,-975.0,125.0,0.00041527636166693545
motion_relative,equal_cyclone,-925.0,125.0,0.0004940746960560475
motion_relative,equal_cyclone,-875.0,125.0,0.00045065601475561325
motion_relative,equal_cyclone,-825.0,125.0,0.000452584542912569
motion_relative,equal_cyclone,-775.0,125.0,0.0005086727125874482
motion_relative,equal_cyclone,-725.0,125.0,0.0005435519689146479
motion_relative,equal_cyclone,-675.0,125.0,0.0007360337703424286
motion_relative,equal_cyclone,-625.0,125.0,0.0008445611001749824
motion_relative,equal_cyclone,-575.0,125.0,0.0010038298174598588
motion_relative,equal_cyclone,-525.0,125.0,0.0011460716135299931
motion_relative,equal_cyclone,-475.0,125.0,0.0013420699785505496
motion_relative,equal_cyclone,-425.0,125.0,0.0016424336965003012
motion_relative,equal_cyclone,-375.0,125.0,0.0016760807032697468
motion_relative,equal_cyclone,-325.0,125.0,0.0017583634043852072
motion_relative,equal_cyclone,-275.0,125.0,0.001965160396580635
motion_relative,equal_cyclone,-225.0,125.0,0.002166604579545944
motion_relative,equal_cyclone,-175.0,125.0,0.00183353307114644
motion_relative,equal_cyclone,-125.0,125.0,0.0018447650326046893
motion_relative,equal_cyclone,-75.0,125.0,0.0011497075665898148
motion_relative,equal_cyclone,-25.0,125.0,0.0008335239859894876
motion_relative,equal_cyclone,25.0,125.0,0.00047311495794329165
motion_relative,equal_cyclone,75.0,125.0,0.0004699892557684016
motion_relative,equal_cyclone,125.0,125.0,0.00048797705314573993
motion_relative,equal_cyclone,175.0,125.0,0.0005171245519351573
motion_relative,equal_cyclone,225.0,125.0,0.00047352595374336107
motion_relative,equal_cyclone,275.0,125.0,0.0003856127390462822
motion_relative,equal_cyclone,325.0,125.0,0.00045108816322769426
motion_relative,equal_cyclone,375.0,125.0,0.00023134896788843266
motion_relative,equal_cyclone,425.0,125.0,0.00018173741271603806
motion_relative,equal_cyclone,475.0,125.0,0.0001673833929612322
motion_relative,equal_cyclone,525.0,125.0,0.00013041306829767626
motion_relative,equal_cyclone,575.0,125.0,0.00010803105519816219
motion_relative,equal_cyclone,625.0,125.0,0.00012922346989173883
motion_relative,equal_cyclone,675.0,125.0,0.0001499280881735127
motion_relative,equal_cyclone,725.0,125.0,0.00012144643055584018
motion_relative,equal_cyclone,775.0,125.0,0.00014180451415220607
motion_relative,equal_cyclone,825.0,125.0,0.00019623021684239241
motion_relative,equal_cyclone,875.0,125.0,0.00022586601022360256
motion_relative,equal_cyclone,925.0,125.0,0.00036769693171217636
motion_relative,equal_cyclone,975.0,125.0,0.0005773709504552137
motion_relative,equal_cyclone,1025.0,125.0,0.0006805984931593622
motion_relative,equal_cyclone,1075.0,125.0,0.0008495132511748688
motion_relative,equal_cyclone,-1075.0,175.0,0.0005973649514429982
motion_relative,equal_cyclone,-1025.0,175.0,0.0006483836483936064
motion_relative,equal_cyclone,-975.0,175.0,0.00037660398754545474
motion_relative,equal_cyclone,-925.0,175.0,0.00047733329033028117
motion_relative,equal_cyclone,-875.0,175.0,0.0006058453628228023
motion_relative,equal_cyclone,-825.0,175.0,0.0004232247239338778
motion_relative,equal_cyclone,-775.0,175.0,0.0005221035069146267
motion_relative,equal_cyclone,-725.0,175.0,0.0004831469111993611
motion_relative,equal_cyclone,-675.0,175.0,0.0008842707169555675
motion_relative,equal_cyclone,-625.0,175.0,0.0008119649446469035
motion_relative,equal_cyclone,-575.0,175.0,0.0010036734619613755
motion_relative,equal_cyclone,-525.0,175.0,0.00110467974779335
motion_relative,equal_cyclone,-475.0,175.0,0.0012664809611675405
motion_relative,equal_cyclone,-425.0,175.0,0.0013442028385947055
motion_relative,equal_cyclone,-375.0,175.0,0.0013958864432136698
motion_relative,equal_cyclone,-325.0,175.0,0.0015352225701186148
motion_relative,equal_cyclone,-275.0,175.0,0.0018374674776310193
motion_relative,equal_cyclone,-225.0,175.0,0.0019517851824495409
motion_relative,equal_cyclone,-175.0,175.0,0.0019176504446835822
motion_relative,equal_cyclone,-125.0,175.0,0.001921742119330337
motion_relative,equal_cyclone,-75.0,175.0,0.0012865478506556007
motion_relative,equal_cyclone,-25.0,175.0,0.0009382957329970473
motion_relative,equal_cyclone,25.0,175.0,0.0008388605178848522
motion_relative,equal_cyclone,75.0,175.0,0.0007563103396841915
motion_relative,equal_cyclone,125.0,175.0,0.0006045985685958526
motion_relative,equal_cyclone,175.0,175.0,0.0006761729586125709
motion_relative,equal_cyclone,225.0,175.0,0.00047061760863875625
motion_relative,equal_cyclone,275.0,175.0,0.00044018490321020084
motion_relative,equal_cyclone,325.0,175.0,0.00030197412960333386
motion_relative,equal_cyclone,375.0,175.0,0.0002278703118062907
motion_relative,equal_cyclone,425.0,175.0,0.00016975461437012166
motion_relative,equal_cyclone,475.0,175.0,0.0001747875330065942
motion_relative,equal_cyclone,525.0,175.0,0.00013583271772166466
motion_relative,equal_cyclone,575.0,175.0,0.00010435124580200617
motion_relative,equal_cyclone,625.0,175.0,8.853357493218954e-05
motion_relative,equal_cyclone,675.0,175.0,9.085616434593213e-05
motion_relative,equal_cyclone,725.0,175.0,0.00012358682442544807
motion_relative,equal_cyclone,775.0,175.0,0.0001446453823969841
motion_relative,equal_cyclone,825.0,175.0,0.00015676180751962826
motion_relative,equal_cyclone,875.0,175.0,0.0002013228159275753
motion_relative,equal_cyclone,925.0,175.0,0.0003133245939550632
motion_relative,equal_cyclone,975.0,175.0,0.0005131819584008781
motion_relative,equal_cyclone,1025.0,175.0,0.0007913957413088513
motion_relative,equal_cyclone,1075.0,175.0,0.000822732167204944
motion_relative,equal_cyclone,-1075.0,225.0,0.00043647974985142117
motion_relative,equal_cyclone,-1025.0,225.0,0.0005859446463103065
motion_relative,equal_cyclone,-975.0,225.0,0.00035733951119453557
motion_relative,equal_cyclone,-925.0,225.0,0.0003654983103398458
motion_relative,equal_cyclone,-875.0,225.0,0.00046962786033980344
motion_relative,equal_cyclone,-825.0,225.0,0.00034335438201514974
motion_relative,equal_cyclone,-775.0,225.0,0.0003776267223903455
motion_relative,equal_cyclone,-725.0,225.0,0.00043825954037741765
motion_relative,equal_cyclone,-675.0,225.0,0.0005059557405707537
motion_relative,equal_cyclone,-625.0,225.0,0.0006236260759009127
motion_relative,equal_cyclone,-575.0,225.0,0.0006936907016884912
motion_relative,equal_cyclone,-525.0,225.0,0.0009745946578710643
motion_relative,equal_cyclone,-475.0,225.0,0.0011715453797646036
motion_relative,equal_cyclone,-425.0,225.0,0.0012817116219623003
motion_relative,equal_cyclone,-375.0,225.0,0.0014006535700829422
motion_relative,equal_cyclone,-325.0,225.0,0.0016755020959463012
motion_relative,equal_cyclone,-275.0,225.0,0.0015691942203674347
motion_relative,equal_cyclone,-225.0,225.0,0.0017890448728255213
motion_relative,equal_cyclone,-175.0,225.0,0.0016750363544050602
motion_relative,equal_cyclone,-125.0,225.0,0.0017007448128284527
motion_relative,equal_cyclone,-75.0,225.0,0.001441093283334959
motion_relative,equal_cyclone,-25.0,225.0,0.00130151136512928
motion_relative,equal_cyclone,25.0,225.0,0.0010619706583639883
motion_relative,equal_cyclone,75.0,225.0,0.0007470647611915695
motion_relative,equal_cyclone,125.0,225.0,0.0006440677333986421
motion_relative,equal_cyclone,175.0,225.0,0.0005461765343788083
motion_relative,equal_cyclone,225.0,225.0,0.00042233262995684123
motion_relative,equal_cyclone,275.0,225.0,0.00037282580190030914
motion_relative,equal_cyclone,325.0,225.0,0.00028299391690864693
motion_relative,equal_cyclone,375.0,225.0,0.000365817220445411
motion_relative,equal_cyclone,425.0,225.0,0.00016438695535371306
motion_relative,equal_cyclone,475.0,225.0,0.00017207018702969934
motion_relative,equal_cyclone,525.0,225.0,0.00011705708676174
motion_relative,equal_cyclone,575.0,225.0,0.00010596390591179132
motion_relative,equal_cyclone,625.0,225.0,9.090141112003469e-05
motion_relative,equal_cyclone,675.0,225.0,0.00016574579569125504
motion_relative,equal_cyclone,725.0,225.0,0.00013028502218557725
motion_relative,equal_cyclone,775.0,225.0,0.0002468089268142268
motion_relative,equal_cyclone,825.0,225.0,0.000231390464899763
motion_relative,equal_cyclone,875.0,225.0,0.00035656804700030077
motion_relative,equal_cyclone,925.0,225.0,0.0004025061188018355
motion_relative,equal_cyclone,975.0,225.0,0.0004198357758703559
motion_relative,equal_cyclone,1025.0,225.0,0.0008320886230272401
motion_relative,equal_cyclone,1075.0,225.0,0.0007154377988403526
motion_relative,equal_cyclone,-1075.0,275.0,0.00018358612074870616
motion_relative,equal_cyclone,-1025.0,275.0,0.00045371507967093775
motion_relative,equal_cyclone,-975.0,275.0,0.0004962143064210806
motion_relative,equal_cyclone,-925.0,275.0,0.00043515687089480334
motion_relative,equal_cyclone,-875.0,275.0,0.0003781455206303335
motion_relative,equal_cyclone,-825.0,275.0,0.0003907743098361524
motion_relative,equal_cyclone,-775.0,275.0,0.0003390066220371004
motion_relative,equal_cyclone,-725.0,275.0,0.00041882016511242745
motion_relative,equal_cyclone,-675.0,275.0,0.00044854878627007303
motion_relative,equal_cyclone,-625.0,275.0,0.0005037792553468556
motion_relative,equal_cyclone,-575.0,275.0,0.0006248048548958341
motion_relative,equal_cyclone,-525.0,275.0,0.000764041658315911
motion_relative,equal_cyclone,-475.0,275.0,0.0009566397444867607
motion_relative,equal_cyclone,-425.0,275.0,0.0010508449424972773
motion_relative,equal_cyclone,-375.0,275.0,0.0011473228235270997
motion_relative,equal_cyclone,-325.0,275.0,0.0015057619823763617
motion_relative,equal_cyclone,-275.0,275.0,0.0013226402371109697
motion_relative,equal_cyclone,-225.0,275.0,0.0016803064755495554
motion_relative,equal_cyclone,-175.0,275.0,0.001571183571852314
motion_relative,equal_cyclone,-125.0,275.0,0.001499302286549402
motion_relative,equal_cyclone,-75.0,275.0,0.0015098564706735912
motion_relative,equal_cyclone,-25.0,275.0,0.0014370384244692547
motion_relative,equal_cyclone,25.0,275.0,0.0008934423586696077
motion_relative,equal_cyclone,75.0,275.0,0.000792668494011431
motion_relative,equal_cyclone,125.0,275.0,0.0006511293700242118
motion_relative,equal_cyclone,175.0,275.0,0.0005134358950201546
motion_relative,equal_cyclone,225.0,275.0,0.00039656793205672045
motion_relative,equal_cyclone,275.0,275.0,0.0003807360740692163
motion_relative,equal_cyclone,325.0,275.0,0.0002689859169938169
motion_relative,equal_cyclone,375.0,275.0,0.00020693550222155072
motion_relative,equal_cyclone,425.0,275.0,0.00013873558925839402
motion_relative,equal_cyclone,475.0,275.0,0.00014457302392868323
motion_relative,equal_cyclone,525.0,275.0,9.776508327269717e-05
motion_relative,equal_cyclone,575.0,275.0,8.571647331188337e-05
motion_relative,equal_cyclone,625.0,275.0,8.431679485904785e-05
motion_relative,equal_cyclone,675.0,275.0,0.00023857393503808158
motion_relative,equal_cyclone,725.0,275.0,0.00013204821011004363
motion_relative,equal_cyclone,775.0,275.0,0.00018947155400207436
motion_relative,equal_cyclone,825.0,275.0,0.00020415910083569283
motion_relative,equal_cyclone,875.0,275.0,0.0002858363203287071
motion_relative,equal_cyclone,925.0,275.0,0.0005052439991713437
motion_relative,equal_cyclone,975.0,275.0,0.0005130675417226437
motion_relative,equal_cyclone,1025.0,275.0,0.0007399526676813931
motion_relative,equal_cyclone,1075.0,275.0,0.00035186998458450425
motion_relative,equal_cyclone,-1075.0,325.0,2.8914140031669563e-05
motion_relative,equal_cyclone,-1025.0,325.0,0.0006199164575919693
motion_relative,equal_cyclone,-975.0,325.0,0.0006219871553456589
motion_relative,equal_cyclone,-925.0,325.0,0.00031522794251377363
motion_relative,equal_cyclone,-875.0,325.0,0.0002842216265981001
motion_relative,equal_cyclone,-825.0,325.0,0.00034004174793711135
motion_relative,equal_cyclone,-775.0,325.0,0.00034310245660492365
motion_relative,equal_cyclone,-725.0,325.0,0.00037867812663451025
motion_relative,equal_cyclone,-675.0,325.0,0.00041161325825757913
motion_relative,equal_cyclone,-625.0,325.0,0.0011353614102267602
motion_relative,equal_cyclone,-575.0,325.0,0.0006458709649220569
motion_relative,equal_cyclone,-525.0,325.0,0.0007261408114404072
motion_relative,equal_cyclone,-475.0,325.0,0.000767072307973871
motion_relative,equal_cyclone,-425.0,325.0,0.0008692155460683626
motion_relative,equal_cyclone,-375.0,325.0,0.0010804555667873127
motion_relative,equal_cyclone,-325.0,325.0,0.0010291977869553868
motion_relative,equal_cyclone,-275.0,325.0,0.0010608226167832808
motion_relative,equal_cyclone,-225.0,325.0,0.001537321479969156
motion_relative,equal_cyclone,-175.0,325.0,0.0012649480088312369
motion_relative,equal_cyclone,-125.0,325.0,0.0010822519863341851
motion_relative,equal_cyclone,-75.0,325.0,0.0013066164810469538
motion_relative,equal_cyclone,-25.0,325.0,0.0012836606171849712
motion_relative,equal_cyclone,25.0,325.0,0.001220023641790086
motion_relative,equal_cyclone,75.0,325.0,0.0007391872402812355
motion_relative,equal_cyclone,125.0,325.0,0.0005983352554685028
motion_relative,equal_cyclone,175.0,325.0,0.0005224110237454579
motion_relative,equal_cyclone,225.0,325.0,0.00039445443214765954
motion_relative,equal_cyclone,275.0,325.0,0.00030673007248828633
motion_relative,equal_cyclone,325.0,325.0,0.00025023389060576913
motion_relative,equal_cyclone,375.0,325.0,0.0001749287918932121
motion_relative,equal_cyclone,425.0,325.0,0.0001373405429598774
motion_relative,equal_cyclone,475.0,325.0,0.00011247245626452562
motion_relative,equal_cyclone,525.0,325.0,0.00011554758755376405
motion_relative,equal_cyclone,575.0,325.0,9.621864675147158e-05
motion_relative,equal_cyclone,625.0,325.0,0.00010239969626374152
motion_relative,equal_cyclone,675.0,325.0,9.206710314058399e-05
motion_relative,equal_cyclone,725.0,325.0,0.0001289853017612402
motion_relative,equal_cyclone,775.0,325.0,0.00020558276297009517
motion_relative,equal_cyclone,825.0,325.0,0.0002644964216274341
motion_relative,equal_cyclone,875.0,325.0,0.0002816024911816916
motion_relative,equal_cyclone,925.0,325.0,0.0004999696828026847
motion_relative,equal_cyclone,975.0,325.0,0.0007237799455795333
motion_relative,equal_cyclone,1025.0,325.0,0.0009445889254373538
motion_relative,equal_cyclone,1075.0,325.0,7.879604372448703e-05
motion_relative,equal_cyclone,-1075.0,375.0,0.0
motion_relative,equal_cyclone,-1025.0,375.0,0.00035016692477063025
motion_relative,equal_cyclone,-975.0,375.0,0.0006012012201359845
motion_relative,equal_cyclone,-925.0,375.0,0.0003191604209607031
motion_relative,equal_cyclone,-875.0,375.0,0.0002696065794482691
motion_relative,equal_cyclone,-825.0,375.0,0.0003567138204104962
motion_relative,equal_cyclone,-775.0,375.0,0.00035259153061108255
motion_relative,equal_cyclone,-725.0,375.0,0.00034855148247257177
motion_relative,equal_cyclone,-675.0,375.0,0.000399880423461596
motion_relative,equal_cyclone,-625.0,375.0,0.00048788897622018695
motion_relative,equal_cyclone,-575.0,375.0,0.0005098888437520225
motion_relative,equal_cyclone,-525.0,375.0,0.0006452996033011131
motion_relative,equal_cyclone,-475.0,375.0,0.0006936589225399847
motion_relative,equal_cyclone,-425.0,375.0,0.000797263912758727
motion_relative,equal_cyclone,-375.0,375.0,0.0008127773863943403
motion_relative,equal_cyclone,-325.0,375.0,0.0008129695849793911
motion_relative,equal_cyclone,-275.0,375.0,0.0008901551532257163
motion_relative,equal_cyclone,-225.0,375.0,0.0011145649946099942
motion_relative,equal_cyclone,-175.0,375.0,0.0009582678381925017
motion_relative,equal_cyclone,-125.0,375.0,0.0009946234309571775
motion_relative,equal_cyclone,-75.0,375.0,0.0008763421174731206
motion_relative,equal_cyclone,-25.0,375.0,0.0007708639470333051
motion_relative,equal_cyclone,25.0,375.0,0.0007588432910478119
motion_relative,equal_cyclone,75.0,375.0,0.0007090886127674468
motion_relative,equal_cyclone,125.0,375.0,0.0004804174655628208
motion_relative,equal_cyclone,175.0,375.0,0.00046132065902834896
motion_relative,equal_cyclone,225.0,375.0,0.00031432294563332443
motion_relative,equal_cyclone,275.0,375.0,0.0002710044055363121
motion_relative,equal_cyclone,325.0,375.0,0.0002144935493301
motion_relative,equal_cyclone,375.0,375.0,0.00016487531936888728
motion_relative,equal_cyclone,425.0,375.0,0.00011486873245917209
motion_relative,equal_cyclone,475.0,375.0,0.00012530246036858932
motion_relative,equal_cyclone,525.0,375.0,0.0001229467349059947
motion_relative,equal_cyclone,575.0,375.0,0.00010815577683538733
motion_relative,equal_cyclone,625.0,375.0,0.00010650792672455483
motion_relative,equal_cyclone,675.0,375.0,0.0001456392150699347
motion_relative,equal_cyclone,725.0,375.0,0.00014118162960913248
motion_relative,equal_cyclone,775.0,375.0,0.0001834528124762961
motion_relative,equal_cyclone,825.0,375.0,0.00019750543716920866
motion_relative,equal_cyclone,875.0,375.0,0.00030571563211078583
motion_relative,equal_cyclone,925.0,375.0,0.0005460700705002609
motion_relative,equal_cyclone,975.0,375.0,0.0008702529661860842
motion_relative,equal_cyclone,1025.0,375.0,0.0007528596815514646
motion_relative,equal_cyclone,1075.0,375.0,0.0
motion_relative,equal_cyclone,-1075.0,425.0,0.0
motion_relative,equal_cyclone,-1025.0,425.0,0.00011707413094597987
motion_relative,equal_cyclone,-975.0,425.0,0.00044468354900633976
motion_relative,equal_cyclone,-925.0,425.0,0.000348502008153856
motion_relative,equal_cyclone,-875.0,425.0,0.00032706235541075197
motion_relative,equal_cyclone,-825.0,425.0,0.0003689783169486234
motion_relative,equal_cyclone,-775.0,425.0,0.0003597359056089985
motion_relative,equal_cyclone,-725.0,425.0,0.0003232905997212477
motion_relative,equal_cyclone,-675.0,425.0,0.00041524653529309227
motion_relative,equal_cyclone,-625.0,425.0,0.0004016712861604878
motion_relative,equal_cyclone,-575.0,425.0,0.0004632851510395161
motion_relative,equal_cyclone,-525.0,425.0,0.000499261714177764
motion_relative,equal_cyclone,-475.0,425.0,0.0005586240016864998
motion_relative,equal_cyclone,-425.0,425.0,0.0006865507265815863
motion_relative,equal_cyclone,-375.0,425.0,0.0006868016191775041
motion_relative,equal_cyclone,-325.0,425.0,0.0007067650300923213
motion_relative,equal_cyclone,-275.0,425.0,0.0007761684644141168
motion_relative,equal_cyclone,-225.0,425.0,0.0007366794547083127
motion_relative,equal_cyclone,-175.0,425.0,0.001317939097527281
motion_relative,equal_cyclone,-125.0,425.0,0.0008281512271945824
motion_relative,equal_cyclone,-75.0,425.0,0.0007282586987917381
motion_relative,equal_cyclone,-25.0,425.0,0.0006733181358359034
motion_relative,equal_cyclone,25.0,425.0,0.0005840797944331008
motion_relative,equal_cyclone,75.0,425.0,0.000535340121930529
motion_relative,equal_cyclone,125.0,425.0,0.0004628280222132332
motion_relative,equal_cyclone,175.0,425.0,0.00037267345411789575
motion_relative,equal_cyclone,225.0,425.0,0.0002792247714875542
motion_relative,equal_cyclone,275.0,425.0,0.00021265644169470062
motion_relative,equal_cyclone,325.0,425.0,0.00017648904389457867
motion_relative,equal_cyclone,375.0,425.0,0.00015459947320807478
motion_relative,equal_cyclone,425.0,425.0,0.00012652686515930435
motion_relative,equal_cyclone,475.0,425.0,0.00013040549422773097
motion_relative,equal_cyclone,525.0,425.0,0.00015204272773636766
motion_relative,equal_cyclone,575.0,425.0,0.000150069886034866
motion_relative,equal_cyclone,625.0,425.0,0.00015341151240298322
motion_relative,equal_cyclone,675.0,425.0,0.0002269326451692776
motion_relative,equal_cyclone,725.0,425.0,0.0001807503322041775
motion_relative,equal_cyclone,775.0,425.0,0.00021633907530637777
motion_relative,equal_cyclone,825.0,425.0,0.00022562380732409608
motion_relative,equal_cyclone,875.0,425.0,0.00031859072571107484
motion_relative,equal_cyclone,925.0,425.0,0.0005754325678026206
motion_relative,equal_cyclone,975.0,425.0,0.0009314653991949838
motion_relative,equal_cyclone,1025.0,425.0,0.0004034166399209722
motion_relative,equal_cyclone,1075.0,425.0,0.0
motion_relative,equal_cyclone,-1075.0,475.0,0.0
motion_relative,equal_cyclone,-1025.0,475.0,1.4351045456613118e-06
motion_relative,equal_cyclone,-975.0,475.0,0.0006505361746481043
motion_relative,equal_cyclone,-925.0,475.0,0.0003905287214857691
motion_relative,equal_cyclone,-875.0,475.0,0.0003563845036823436
motion_relative,equal_cyclone,-825.0,475.0,0.0003684962604033971
motion_relative,equal_cyclone,-775.0,475.0,0.00038434739570037963
motion_relative,equal_cyclone,-725.0,475.0,0.00030845446621208386
motion_relative,equal_cyclone,-675.0,475.0,0.0002917665504912171
motion_relative,equal_cyclone,-625.0,475.0,0.00038751024188969456
motion_relative,equal_cyclone,-575.0,475.0,0.0003768678773185433
motion_relative,equal_cyclone,-525.0,475.0,0.0004412867300773702
motion_relative,equal_cyclone,-475.0,475.0,0.00043547733400837253
motion_relative,equal_cyclone,-425.0,475.0,0.000478946293124416
motion_relative,equal_cyclone,-375.0,475.0,0.0004902250730112248
motion_relative,equal_cyclone,-325.0,475.0,0.0005452257058306507
motion_relative,equal_cyclone,-275.0,475.0,0.0005667252532698064
motion_relative,equal_cyclone,-225.0,475.0,0.0005590434421013362
motion_relative,equal_cyclone,-175.0,475.0,0.0006481372683407727
motion_relative,equal_cyclone,-125.0,475.0,0.0006125893848970363
motion_relative,equal_cyclone,-75.0,475.0,0.000623043985238665
motion_relative,equal_cyclone,-25.0,475.0,0.0006347118442158704
motion_relative,equal_cyclone,25.0,475.0,0.0006005506315531514
motion_relative,equal_cyclone,75.0,475.0,0.0004717347068619006
motion_relative,equal_cyclone,125.0,475.0,0.00032236503828056494
motion_relative,equal_cyclone,175.0,475.0,0.0002700070692537499
motion_relative,equal_cyclone,225.0,475.0,0.0002536057980640189
motion_relative,equal_cyclone,275.0,475.0,0.00020076014208984293
motion_relative,equal_cyclone,325.0,475.0,0.00014952167705131083
motion_relative,equal_cyclone,375.0,475.0,0.00014450065523283757
motion_relative,equal_cyclone,425.0,475.0,0.00012272037747516632
motion_relative,equal_cyclone,475.0,475.0,0.00012358654175739547
motion_relative,equal_cyclone,525.0,475.0,0.0001376056821980212
motion_relative,equal_cyclone,575.0,475.0,0.00013551231065098263
motion_relative,equal_cyclone,625.0,475.0,0.00014260453082517638
motion_relative,equal_cyclone,675.0,475.0,0.00023912951983312642
motion_relative,equal_cyclone,725.0,475.0,0.0002884345592529648
motion_relative,equal_cyclone,775.0,475.0,0.00027124433844576286
motion_relative,equal_cyclone,825.0,475.0,0.0002925841135489326
motion_relative,equal_cyclone,875.0,475.0,0.0004023696898973149
motion_relative,equal_cyclone,925.0,475.0,0.0005568694216287689
motion_relative,equal_cyclone,975.0,475.0,0.0007226407217191683
motion_relative,equal_cyclone,1025.0,475.0,3.4148223345404585e-06
motion_relative,equal_cyclone,1075.0,475.0,0.0
motion_relative,equal_cyclone,-1075.0,525.0,0.0
motion_relative,equal_cyclone,-1025.0,525.0,0.0
motion_relative,equal_cyclone,-975.0,525.0,0.00015607744322950498
motion_relative,equal_cyclone,-925.0,525.0,0.0005111995295144277
motion_relative,equal_cyclone,-875.0,525.0,0.0003721435826718017
motion_relative,equal_cyclone,-825.0,525.0,0.000379151531325448
motion_relative,equal_cyclone,-775.0,525.0,0.0002939442049267104
motion_relative,equal_cyclone,-725.0,525.0,0.00044479812420271847
motion_relative,equal_cyclone,-675.0,525.0,0.0002896165085662562
motion_relative,equal_cyclone,-625.0,525.0,0.00028816542838443546
motion_relative,equal_cyclone,-575.0,525.0,0.0003217445585222185
motion_relative,equal_cyclone,-525.0,525.0,0.00040187578218844547
motion_relative,equal_cyclone,-475.0,525.0,0.00043018280201485864
motion_relative,equal_cyclone,-425.0,525.0,0.0003525363675795611
motion_relative,equal_cyclone,-375.0,525.0,0.00047372848328642404
motion_relative,equal_cyclone,-325.0,525.0,0.0005179581632478096
motion_relative,equal_cyclone,-275.0,525.0,0.00048731062952468864
motion_relative,equal_cyclone,-225.0,525.0,0.0006041505559615352
motion_relative,equal_cyclone,-175.0,525.0,0.00043120737685810583
motion_relative,equal_cyclone,-125.0,525.0,0.00045246333214124274
motion_relative,equal_cyclone,-75.0,525.0,0.00044760139780873197
motion_relative,equal_cyclone,-25.0,525.0,0.0004820703708366986
motion_relative,equal_cyclone,25.0,525.0,0.0004056436535964085
motion_relative,equal_cyclone,75.0,525.0,0.00041345120961314196
motion_relative,equal_cyclone,125.0,525.0,0.0004234969599477434
motion_relative,equal_cyclone,175.0,525.0,0.0002773154168971176
motion_relative,equal_cyclone,225.0,525.0,0.00018756605954006433
motion_relative,equal_cyclone,275.0,525.0,0.00017209874016635622
motion_relative,equal_cyclone,325.0,525.0,0.00017555582921235973
motion_relative,equal_cyclone,375.0,525.0,0.00017477445776713652
motion_relative,equal_cyclone,425.0,525.0,0.00010803274877719008
motion_relative,equal_cyclone,475.0,525.0,9.376414621999287e-05
motion_relative,equal_cyclone,525.0,525.0,0.0001259160206892209
motion_relative,equal_cyclone,575.0,525.0,0.00012870417255501915
motion_relative,equal_cyclone,625.0,525.0,0.00015316350282605144
motion_relative,equal_cyclone,675.0,525.0,0.00018112731939746846
motion_relative,equal_cyclone,725.0,525.0,0.00023309928107897518
motion_relative,equal_cyclone,775.0,525.0,0.00027273012304025073
motion_relative,equal_cyclone,825.0,525.0,0.0003244144288521905
motion_relative,equal_cyclone,875.0,525.0,0.0005217535604045486
motion_relative,equal_cyclone,925.0,525.0,0.0007923329077072173
motion_relative,equal_cyclone,975.0,525.0,0.0003152605474337703
motion_relative,equal_cyclone,1025.0,525.0,0.0
motion_relative,equal_cyclone,1075.0,525.0,0.0
motion_relative,equal_cyclone,-1075.0,575.0,0.0
motion_relative,equal_cyclone,-1025.0,575.0,0.0
motion_relative,equal_cyclone,-975.0,575.0,1.8230269161678716e-07
motion_relative,equal_cyclone,-925.0,575.0,0.00033938900908623225
motion_relative,equal_cyclone,-875.0,575.0,0.00037651462447689765
motion_relative,equal_cyclone,-825.0,575.0,0.00031133436594195336
motion_relative,equal_cyclone,-775.0,575.0,0.0003440623258554341
motion_relative,equal_cyclone,-725.0,575.0,0.00030153546162480714
motion_relative,equal_cyclone,-675.0,575.0,0.0002950184622775479
motion_relative,equal_cyclone,-625.0,575.0,0.00024414701010181403
motion_relative,equal_cyclone,-575.0,575.0,0.0003181486774404785
motion_relative,equal_cyclone,-525.0,575.0,0.00027842537686133267
motion_relative,equal_cyclone,-475.0,575.0,0.00030363881568261434
motion_relative,equal_cyclone,-425.0,575.0,0.00032208419232215407
motion_relative,equal_cyclone,-375.0,575.0,0.0003990537005582402
motion_relative,equal_cyclone,-325.0,575.0,0.0003587118701556345
motion_relative,equal_cyclone,-275.0,575.0,0.0003792474398974016
motion_relative,equal_cyclone,-225.0,575.0,0.00039104390047107367
motion_relative,equal_cyclone,-175.0,575.0,0.00037554141881338904
motion_relative,equal_cyclone,-125.0,575.0,0.00038035270311298643
motion_relative,equal_cyclone,-75.0,575.0,0.00034812873690328266
motion_relative,equal_cyclone,-25.0,575.0,0.00041669504292490817
motion_relative,equal_cyclone,25.0,575.0,0.00037681673813225826
motion_relative,equal_cyclone,75.0,575.0,0.0003290567470243204
motion_relative,equal_cyclone,125.0,575.0,0.00023159709247684392
motion_relative,equal_cyclone,175.0,575.0,0.0001947896445781955
motion_relative,equal_cyclone,225.0,575.0,0.00016240391757790484
motion_relative,equal_cyclone,275.0,575.0,0.00013912078618232932
motion_relative,equal_cyclone,325.0,575.0,0.0002089048914832584
motion_relative,equal_cyclone,375.0,575.0,0.00010553083817092316
motion_relative,equal_cyclone,425.0,575.0,0.00014482261005954112
motion_relative,equal_cyclone,475.0,575.0,0.00013730994929914237
motion_relative,equal_cyclone,525.0,575.0,0.00011071938430429228
motion_relative,equal_cyclone,575.0,575.0,0.00011713414294458868
motion_relative,equal_cyclone,625.0,575.0,0.00015759169157393742
motion_relative,equal_cyclone,675.0,575.0,0.0001673369924115798
motion_relative,equal_cyclone,725.0,575.0,0.0001764345290879312
motion_relative,equal_cyclone,775.0,575.0,0.000270593721831651
motion_relative,equal_cyclone,825.0,575.0,0.000355242560786905
motion_relative,equal_cyclone,875.0,575.0,0.0006780239336692135
motion_relative,equal_cyclone,925.0,575.0,0.000700261469834162
motion_relative,equal_cyclone,975.0,575.0,2.0874070171548898e-06
motion_relative,equal_cyclone,1025.0,575.0,0.0
motion_relative,equal_cyclone,1075.0,575.0,0.0
motion_relative,equal_cyclone,-1075.0,625.0,0.0
motion_relative,equal_cyclone,-1025.0,625.0,0.0
motion_relative,equal_cyclone,-975.0,625.0,0.0
motion_relative,equal_cyclone,-925.0,625.0,6.287948037711277e-05
motion_relative,equal_cyclone,-875.0,625.0,0.0004191318549937657
motion_relative,equal_cyclone,-825.0,625.0,0.0002644975025088217
motion_relative,equal_cyclone,-775.0,625.0,0.0003129153595708344
motion_relative,equal_cyclone,-725.0,625.0,0.000265579563641979
motion_relative,equal_cyclone,-675.0,625.0,0.000283178720770723
motion_relative,equal_cyclone,-625.0,625.0,0.0002558978978508998
motion_relative,equal_cyclone,-575.0,625.0,0.00030183439381337016
motion_relative,equal_cyclone,-525.0,625.0,0.0002909876958890604
motion_relative,equal_cyclone,-475.0,625.0,0.00027788971969760264
motion_relative,equal_cyclone,-425.0,625.0,0.00033798078551403065
motion_relative,equal_cyclone,-375.0,625.0,0.00029385885524445954
motion_relative,equal_cyclone,-325.0,625.0,0.0002640210660315512
motion_relative,equal_cyclone,-275.0,625.0,0.0002990737812740633
motion_relative,equal_cyclone,-225.0,625.0,0.00034519163417686554
motion_relative,equal_cyclone,-175.0,625.0,0.00036687596406226655
motion_relative,equal_cyclone,-125.0,625.0,0.00032937932728210764
motion_relative,equal_cyclone,-75.0,625.0,0.00028549474925641165
motion_relative,equal_cyclone,-25.0,625.0,0.00036964411632812934
motion_relative,equal_cyclone,25.0,625.0,0.00032132111450966136
motion_relative,equal_cyclone,75.0,625.0,0.00024560146725348647
motion_relative,equal_cyclone,125.0,625.0,0.00021124429270405202
motion_relative,equal_cyclone,175.0,625.0,0.0001744975271808021
motion_relative,equal_cyclone,225.0,625.0,0.000168085561930006
motion_relative,equal_cyclone,275.0,625.0,0.00013584815064209945
motion_relative,equal_cyclone,325.0,625.0,0.00013454381309728215
motion_relative,equal_cyclone,375.0,625.0,0.00010514584438990099
motion_relative,equal_cyclone,425.0,625.0,9.939597134679704e-05
motion_relative,equal_cyclone,475.0,625.0,0.00012135656861624276
motion_relative,equal_cyclone,525.0,625.0,0.00010669280462581433
motion_relative,equal_cyclone,575.0,625.0,0.00013931774861156157
motion_relative,equal_cyclone,625.0,625.0,0.0001775045614098893
motion_relative,equal_cyclone,675.0,625.0,0.00023864194976592785
motion_relative,equal_cyclone,725.0,625.0,0.00045142156459901774
motion_relative,equal_cyclone,775.0,625.0,0.00029875547104987255
motion_relative,equal_cyclone,825.0,625.0,0.00039657021634090624
motion_relative,equal_cyclone,875.0,625.0,0.0008626829941123055
motion_relative,equal_cyclone,925.0,625.0,0.00016033643598691543
motion_relative,equal_cyclone,975.0,625.0,0.0
motion_relative,equal_cyclone,1025.0,625.0,0.0
motion_relative,equal_cyclone,1075.0,625.0,0.0
motion_relative,equal_cyclone,-1075.0,675.0,0.0
motion_relative,equal_cyclone,-1025.0,675.0,0.0
motion_relative,equal_cyclone,-975.0,675.0,0.0
motion_relative,equal_cyclone,-925.0,675.0,0.0
motion_relative,equal_cyclone,-875.0,675.0,0.000799768454625806
motion_relative,equal_cyclone,-825.0,675.0,0.0007531127344649048
motion_relative,equal_cyclone,-775.0,675.0,0.0005919410245510577
motion_relative,equal_cyclone,-725.0,675.0,0.0002623365875659748
motion_relative,equal_cyclone,-675.0,675.0,0.00025348079842786017
motion_relative,equal_cyclone,-625.0,675.0,0.0002627554941690241
motion_relative,equal_cyclone,-575.0,675.0,0.0002646172123954558
motion_relative,equal_cyclone,-525.0,675.0,0.00036079976762078044
motion_relative,equal_cyclone,-475.0,675.0,0.0002764937398206396
motion_relative,equal_cyclone,-425.0,675.0,0.0002929283250743036
motion_relative,equal_cyclone,-375.0,675.0,0.000262792485264624
motion_relative,equal_cyclone,-325.0,675.0,0.000382394422902821
motion_relative,equal_cyclone,-275.0,675.0,0.0003003908496507627
motion_relative,equal_cyclone,-225.0,675.0,0.00025524959333380807
motion_relative,equal_cyclone,-175.0,675.0,0.0002552697165773992
motion_relative,equal_cyclone,-125.0,675.0,0.0002855878714409906
motion_relative,equal_cyclone,-75.0,675.0,0.00030668051668671396
motion_relative,equal_cyclone,-25.0,675.0,0.00032768432020673836
motion_relative,equal_cyclone,25.0,675.0,0.00025759254704295337
motion_relative,equal_cyclone,75.0,675.0,0.00023286189065495786
motion_relative,equal_cyclone,125.0,675.0,0.00018191139543196656
motion_relative,equal_cyclone,175.0,675.0,0.00017076504677532
motion_relative,equal_cyclone,225.0,675.0,0.00015536519235880854
motion_relative,equal_cyclone,275.0,675.0,0.00015719883846464336
motion_relative,equal_cyclone,325.0,675.0,0.00013895685609108352
motion_relative,equal_cyclone,375.0,675.0,0.0001602558464073391
motion_relative,equal_cyclone,425.0,675.0,0.00013000487311958287
motion_relative,equal_cyclone,475.0,675.0,0.00015340446025461835
motion_relative,equal_cyclone,525.0,675.0,0.00015383680689146193
motion_relative,equal_cyclone,575.0,675.0,0.00016492224554746267
motion_relative,equal_cyclone,625.0,675.0,0.0002406977433722553
motion_relative,equal_cyclone,675.0,675.0,0.0002806258527823819
motion_relative,equal_cyclone,725.0,675.0,0.0003064440948792062
motion_relative,equal_cyclone,775.0,675.0,0.0004047413942018178
motion_relative,equal_cyclone,825.0,675.0,0.0006939874803126724
motion_relative,equal_cyclone,875.0,675.0,0.00044595522107496405
motion_relative,equal_cyclone,925.0,675.0,0.0
motion_relative,equal_cyclone,975.0,675.0,0.0
motion_relative,equal_cyclone,1025.0,675.0,0.0
motion_relative,equal_cyclone,1075.0,675.0,0.0
motion_relative,equal_cyclone,-1075.0,725.0,0.0
motion_relative,equal_cyclone,-1025.0,725.0,0.0
motion_relative,equal_cyclone,-975.0,725.0,0.0
motion_relative,equal_cyclone,-925.0,725.0,0.0
motion_relative,equal_cyclone,-875.0,725.0,0.0
motion_relative,equal_cyclone,-825.0,725.0,0.00022108909406692604
motion_relative,equal_cyclone,-775.0,725.0,0.00033375173423667116
motion_relative,equal_cyclone,-725.0,725.0,0.0003802923922845473
motion_relative,equal_cyclone,-675.0,725.0,0.00023778611120629293
motion_relative,equal_cyclone,-625.0,725.0,0.0002413048467873182
motion_relative,equal_cyclone,-575.0,725.0,0.00028741702136222236
motion_relative,equal_cyclone,-525.0,725.0,0.0002570625702248848
motion_relative,equal_cyclone,-475.0,725.0,0.00025228337241467246
motion_relative,equal_cyclone,-425.0,725.0,0.0002086410739655634
motion_relative,equal_cyclone,-375.0,725.0,0.00022115150762950164
motion_relative,equal_cyclone,-325.0,725.0,0.00027104823116516527
motion_relative,equal_cyclone,-275.0,725.0,0.00024337791402574566
motion_relative,equal_cyclone,-225.0,725.0,0.00022356544772264786
motion_relative,equal_cyclone,-175.0,725.0,0.00020869092421979638
motion_relative,equal_cyclone,-125.0,725.0,0.00023521176430082362
motion_relative,equal_cyclone,-75.0,725.0,0.00022242704310839446
motion_relative,equal_cyclone,-25.0,725.0,0.00020383003001378622
motion_relative,equal_cyclone,25.0,725.0,0.00020240526394020935
motion_relative,equal_cyclone,75.0,725.0,0.0001794277771498345
motion_relative,equal_cyclone,125.0,725.0,0.00016285059701102056
motion_relative,equal_cyclone,175.0,725.0,0.0001467916097552169
motion_relative,equal_cyclone,225.0,725.0,0.00014324507831118503
motion_relative,equal_cyclone,275.0,725.0,0.00015946780239294104
motion_relative,equal_cyclone,325.0,725.0,0.00016443031168019744
motion_relative,equal_cyclone,375.0,725.0,0.00016615767849919075
motion_relative,equal_cyclone,425.0,725.0,0.00029428606798769674
motion_relative,equal_cyclone,475.0,725.0,0.00019695341156596242
motion_relative,equal_cyclone,525.0,725.0,0.00023383127239590056
motion_relative,equal_cyclone,575.0,725.0,0.00020257687795407272
motion_relative,equal_cyclone,625.0,725.0,0.0002446961942541746
motion_relative,equal_cyclone,675.0,725.0,0.00034426091323540905
motion_relative,equal_cyclone,725.0,725.0,0.0004453984657695635
motion_relative,equal_cyclone,775.0,725.0,0.0006288882018540543
motion_relative,equal_cyclone,825.0,725.0,0.0005255394839798358
motion_relative,equal_cyclone,875.0,725.0,0.0
motion_relative,equal_cyclone,925.0,725.0,0.0
motion_relative,equal_cyclone,975.0,725.0,0.0
motion_relative,equal_cyclone,1025.0,725.0,0.0
motion_relative,equal_cyclone,1075.0,725.0,0.0
motion_relative,equal_cyclone,-1075.0,775.0,0.0
motion_relative,equal_cyclone,-1025.0,775.0,0.0
motion_relative,equal_cyclone,-975.0,775.0,0.0
motion_relative,equal_cyclone,-925.0,775.0,0.0
motion_relative,equal_cyclone,-875.0,775.0,0.0
motion_relative,equal_cyclone,-825.0,775.0,5.210139761227575e-07
motion_relative,equal_cyclone,-775.0,775.0,0.0008123388902776997
motion_relative,equal_cyclone,-725.0,775.0,0.0004953054968715741
motion_relative,equal_cyclone,-675.0,775.0,0.00028212088435541476
motion_relative,equal_cyclone,-625.0,775.0,0.00022477790869876522
motion_relative,equal_cyclone,-575.0,775.0,0.00024725264926837203
motion_relative,equal_cyclone,-525.0,775.0,0.0002258606624465564
motion_relative,equal_cyclone,-475.0,775.0,0.0002911399242662601
motion_relative,equal_cyclone,-425.0,775.0,0.0002421673508032272
motion_relative,equal_cyclone,-375.0,775.0,0.00021728525427746614
motion_relative,equal_cyclone,-325.0,775.0,0.0002249537142501553
motion_relative,equal_cyclone,-275.0,775.0,0.00022454337724362982
motion_relative,equal_cyclone,-225.0,775.0,0.00021675204927500995
motion_relative,equal_cyclone,-175.0,775.0,0.00019740889762741594
motion_relative,equal_cyclone,-125.0,775.0,0.0002332692912939299
motion_relative,equal_cyclone,-75.0,775.0,0.00021665536271601378
motion_relative,equal_cyclone,-25.0,775.0,0.00020519294930096911
motion_relative,equal_cyclone,25.0,775.0,0.00019665214428781497
motion_relative,equal_cyclone,75.0,775.0,0.00019243452686770204
motion_relative,equal_cyclone,125.0,775.0,0.00015822973401753438
motion_relative,equal_cyclone,175.0,775.0,0.0001452697840600325
motion_relative,equal_cyclone,225.0,775.0,0.00014318934882131336
motion_relative,equal_cyclone,275.0,775.0,0.00016727355636991006
motion_relative,equal_cyclone,325.0,775.0,0.00018286871326256523
motion_relative,equal_cyclone,375.0,775.0,0.00019635607919923383
motion_relative,equal_cyclone,425.0,775.0,0.00018279438723992398
motion_relative,equal_cyclone,475.0,775.0,0.0002392124132600832
motion_relative,equal_cyclone,525.0,775.0,0.0002627826826314076
motion_relative,equal_cyclone,575.0,775.0,0.0002876066364812614
motion_relative,equal_cyclone,625.0,775.0,0.0003313870888481676
motion_relative,equal_cyclone,675.0,775.0,0.0004725540031908146
motion_relative,equal_cyclone,725.0,775.0,0.0005903106338395933
motion_relative,equal_cyclone,775.0,775.0,0.0005769115405090825
motion_relative,equal_cyclone,825.0,775.0,1.0127941620782767e-06
motion_relative,equal_cyclone,875.0,775.0,0.0
motion_relative,equal_cyclone,925.0,775.0,0.0
motion_relative,equal_cyclone,975.0,775.0,0.0
motion_relative,equal_cyclone,1025.0,775.0,0.0
motion_relative,equal_cyclone,1075.0,775.0,0.0
motion_relative,equal_cyclone,-1075.0,825.0,0.0
motion_relative,equal_cyclone,-1025.0,825.0,0.0
motion_relative,equal_cyclone,-975.0,825.0,0.0
motion_relative,equal_cyclone,-925.0,825.0,0.0
motion_relative,equal_cyclone,-875.0,825.0,0.0
motion_relative,equal_cyclone,-825.0,825.0,0.0
motion_relative,equal_cyclone,-775.0,825.0,1.1084817200915209e-06
motion_relative,equal_cyclone,-725.0,825.0,0.0004402572547990569
motion_relative,equal_cyclone,-675.0,825.0,0.00047081298971087443
motion_relative,equal_cyclone,-625.0,825.0,0.00022910027261003176
motion_relative,equal_cyclone,-575.0,825.0,0.00023178358109683284
motion_relative,equal_cyclone,-525.0,825.0,0.0003154662177192847
motion_relative,equal_cyclone,-475.0,825.0,0.00030603796290924143
motion_relative,equal_cyclone,-425.0,825.0,0.000283590291053091
motion_relative,equal_cyclone,-375.0,825.0,0.0002205911692851134
motion_relative,equal_cyclone,-325.0,825.0,0.0001997848469210233
motion_relative,equal_cyclone,-275.0,825.0,0.00019775008655561173
motion_relative,equal_cyclone,-225.0,825.0,0.0002077186941153943
motion_relative,equal_cyclone,-175.0,825.0,0.00019196859080640644
motion_relative,equal_cyclone,-125.0,825.0,0.0002171974996220669
motion_relative,equal_cyclone,-75.0,825.0,0.00019477628326564474
motion_relative,equal_cyclone,-25.0,825.0,0.0002303674020228599
motion_relative,equal_cyclone,25.0,825.0,0.0002023668992001405
motion_relative,equal_cyclone,75.0,825.0,0.00020235334680052835
motion_relative,equal_cyclone,125.0,825.0,0.00019244238985983473
motion_relative,equal_cyclone,175.0,825.0,0.0001505244974688656
motion_relative,equal_cyclone,225.0,825.0,0.000154753069904256
motion_relative,equal_cyclone,275.0,825.0,0.00020855985127259786
motion_relative,equal_cyclone,325.0,825.0,0.0001866350649240446
motion_relative,equal_cyclone,375.0,825.0,0.00021097950368865933
motion_relative,equal_cyclone,425.0,825.0,0.00017506365396561637
motion_relative,equal_cyclone,475.0,825.0,0.000308195211120436
motion_relative,equal_cyclone,525.0,825.0,0.00029300476096572297
motion_relative,equal_cyclone,575.0,825.0,0.00031838346250280037
motion_relative,equal_cyclone,625.0,825.0,0.00045695097190240233
motion_relative,equal_cyclone,675.0,825.0,0.0007194649849887357
motion_relative,equal_cyclone,725.0,825.0,0.00040805815119168573
motion_relative,equal_cyclone,775.0,825.0,7.010725110601898e-07
motion_relative,equal_cyclone,825.0,825.0,0.0
motion_relative,equal_cyclone,875.0,825.0,0.0
motion_relative,equal_cyclone,925.0,825.0,0.0
motion_relative,equal_cyclone,975.0,825.0,0.0
motion_relative,equal_cyclone,1025.0,825.0,0.0
motion_relative,equal_cyclone,1075.0,825.0,0.0
motion_relative,equal_cyclone,-1075.0,875.0,0.0
motion_relative,equal_cyclone,-1025.0,875.0,0.0
motion_relative,equal_cyclone,-975.0,875.0,0.0
motion_relative,equal_cyclone,-925.0,875.0,0.0
motion_relative,equal_cyclone,-875.0,875.0,0.0
motion_relative,equal_cyclone,-825.0,875.0,0.0
motion_relative,equal_cyclone,-775.0,875.0,0.0
motion_relative,equal_cyclone,-725.0,875.0,0.0
motion_relative,equal_cyclone,-675.0,875.0,0.0001851114305798594
motion_relative,equal_cyclone,-625.0,875.0,0.0003793282779595216
motion_relative,equal_cyclone,-575.0,875.0,0.0003563764426755641
motion_relative,equal_cyclone,-525.0,875.0,0.00033707630885626506
motion_relative,equal_cyclone,-475.0,875.0,0.00035855269447819207
motion_relative,equal_cyclone,-425.0,875.0,0.0002578438764706747
motion_relative,equal_cyclone,-375.0,875.0,0.0004516156974924178
motion_relative,equal_cyclone,-325.0,875.0,0.0003450789070291912
motion_relative,equal_cyclone,-275.0,875.0,0.0001980800037800959
motion_relative,equal_cyclone,-225.0,875.0,0.00021177585528953338
motion_relative,equal_cyclone,-175.0,875.0,0.00021445838215183074
motion_relative,equal_cyclone,-125.0,875.0,0.0002913512139100449
motion_relative,equal_cyclone,-75.0,875.0,0.00019703567075832025
motion_relative,equal_cyclone,-25.0,875.0,0.00021997982560752313
motion_relative,equal_cyclone,25.0,875.0,0.00021291859911385004
motion_relative,equal_cyclone,75.0,875.0,0.00022373891714192517
motion_relative,equal_cyclone,125.0,875.0,0.00020084034928720488
motion_relative,equal_cyclone,175.0,875.0,0.00016311923411037617
motion_relative,equal_cyclone,225.0,875.0,0.0002147643806710783
motion_relative,equal_cyclone,275.0,875.0,0.0002188277108933855
motion_relative,equal_cyclone,325.0,875.0,0.00019171732747518978
motion_relative,equal_cyclone,375.0,875.0,0.00021617725718501372
motion_relative,equal_cyclone,425.0,875.0,0.00023148825549214433
motion_relative,equal_cyclone,475.0,875.0,0.0002147052255541652
motion_relative,equal_cyclone,525.0,875.0,0.00034784265159802137
motion_relative,equal_cyclone,575.0,875.0,0.0004095496875931679
motion_relative,equal_cyclone,625.0,875.0,0.0009060696980756591
motion_relative,equal_cyclone,675.0,875.0,0.0005043984118230313
motion_relative,equal_cyclone,725.0,875.0,0.0
motion_relative,equal_cyclone,775.0,875.0,0.0
motion_relative,equal_cyclone,825.0,875.0,0.0
motion_relative,equal_cyclone,875.0,875.0,0.0
motion_relative,equal_cyclone,925.0,875.0,0.0
motion_relative,equal_cyclone,975.0,875.0,0.0
motion_relative,equal_cyclone,1025.0,875.0,0.0
motion_relative,equal_cyclone,1075.0,875.0,0.0
motion_relative,equal_cyclone,-1075.0,925.0,0.0
motion_relative,equal_cyclone,-1025.0,925.0,0.0
motion_relative,equal_cyclone,-975.0,925.0,0.0
motion_relative,equal_cyclone,-925.0,925.0,0.0
motion_relative,equal_cyclone,-875.0,925.0,0.0
motion_relative,equal_cyclone,-825.0,925.0,0.0
motion_relative,equal_cyclone,-775.0,925.0,0.0
motion_relative,equal_cyclone,-725.0,925.0,0.0
motion_relative,equal_cyclone,-675.0,925.0,0.0
motion_relative,equal_cyclone,-625.0,925.0,7.485087319108127e-05
motion_relative,equal_cyclone,-575.0,925.0,0.0003159954856512019
motion_relative,equal_cyclone,-525.0,925.0,0.00031869369612369763
motion_relative,equal_cyclone,-475.0,925.0,0.000306300594797849
motion_relative,equal_cyclone,-425.0,925.0,0.00028785512137399386
motion_relative,equal_cyclone,-375.0,925.0,0.00029084491481373
motion_relative,equal_cyclone,-325.0,925.0,0.0003087522484618499
motion_relative,equal_cyclone,-275.0,925.0,0.00023706344381986023
motion_relative,equal_cyclone,-225.0,925.0,0.00019380198935679203
motion_relative,equal_cyclone,-175.0,925.0,0.00022769438589826337
motion_relative,equal_cyclone,-125.0,925.0,0.00021829171333741874
motion_relative,equal_cyclone,-75.0,925.0,0.00026654768178679326
motion_relative,equal_cyclone,-25.0,925.0,0.0002222846056284614
motion_relative,equal_cyclone,25.0,925.0,0.0002421579312003113
motion_relative,equal_cyclone,75.0,925.0,0.0002867345223841205
motion_relative,equal_cyclone,125.0,925.0,0.0002167968552490755
motion_relative,equal_cyclone,175.0,925.0,0.0002267542047936369
motion_relative,equal_cyclone,225.0,925.0,0.0003148736618892873
motion_relative,equal_cyclone,275.0,925.0,0.0004392361482882083
motion_relative,equal_cyclone,325.0,925.0,0.00025307257842164865
motion_relative,equal_cyclone,375.0,925.0,0.0002570295239447639
motion_relative,equal_cyclone,425.0,925.0,0.000266499425717846
motion_relative,equal_cyclone,475.0,925.0,0.0003547972465369035
motion_relative,equal_cyclone,525.0,925.0,0.0006259594869887963
motion_relative,equal_cyclone,575.0,925.0,0.0007254976676664269
motion_relative,equal_cyclone,625.0,925.0,0.00014783629672313314
motion_relative,equal_cyclone,675.0,925.0,0.0
motion_relative,equal_cyclone,725.0,925.0,0.0
motion_relative,equal_cyclone,775.0,925.0,0.0
motion_relative,equal_cyclone,825.0,925.0,0.0
motion_relative,equal_cyclone,875.0,925.0,0.0
motion_relative,equal_cyclone,925.0,925.0,0.0
motion_relative,equal_cyclone,975.0,925.0,0.0
motion_relative,equal_cyclone,1025.0,925.0,0.0
motion_relative,equal_cyclone,1075.0,925.0,0.0
motion_relative,equal_cyclone,-1075.0,975.0,0.0
motion_relative,equal_cyclone,-1025.0,975.0,0.0
motion_relative,equal_cyclone,-975.0,975.0,0.0
motion_relative,equal_cyclone,-925.0,975.0,0.0
motion_relative,equal_cyclone,-875.0,975.0,0.0
motion_relative,equal_cyclone,-825.0,975.0,0.0
motion_relative,equal_cyclone,-775.0,975.0,0.0
motion_relative,equal_cyclone,-725.0,975.0,0.0
motion_relative,equal_cyclone,-675.0,975.0,0.0
motion_relative,equal_cyclone,-625.0,975.0,0.0
motion_relative,equal_cyclone,-575.0,975.0,2.609897646173725e-07
motion_relative,equal_cyclone,-525.0,975.0,9.342482346413736e-05
motion_relative,equal_cyclone,-475.0,975.0,0.00025647538915343705
motion_relative,equal_cyclone,-425.0,975.0,0.00021004845873311758
motion_relative,equal_cyclone,-375.0,975.0,0.00022027437525742644
motion_relative,equal_cyclone,-325.0,975.0,0.00029805477064896485
motion_relative,equal_cyclone,-275.0,975.0,0.00024044736861942684
motion_relative,equal_cyclone,-225.0,975.0,0.00021115280436638861
motion_relative,equal_cyclone,-175.0,975.0,0.00023355600401387406
motion_relative,equal_cyclone,-125.0,975.0,0.00022195323633176703
motion_relative,equal_cyclone,-75.0,975.0,0.0002592713247647192
motion_relative,equal_cyclone,-25.0,975.0,0.00022448554280619007
motion_relative,equal_cyclone,25.0,975.0,0.0003676618309689488
motion_relative,equal_cyclone,75.0,975.0,0.0002807857161594597
motion_relative,equal_cyclone,125.0,975.0,0.0002694860586019156
motion_relative,equal_cyclone,175.0,975.0,0.00022624081797254763
motion_relative,equal_cyclone,225.0,975.0,0.0002389070084006866
motion_relative,equal_cyclone,275.0,975.0,0.00038380091833053754
motion_relative,equal_cyclone,325.0,975.0,0.00040274220595877704
motion_relative,equal_cyclone,375.0,975.0,0.00041738570378036053
motion_relative,equal_cyclone,425.0,975.0,0.0005984211508139244
motion_relative,equal_cyclone,475.0,975.0,0.0005235083907601892
motion_relative,equal_cyclone,525.0,975.0,0.00018503566478725666
motion_relative,equal_cyclone,575.0,975.0,4.3387098152952155e-08
motion_relative,equal_cyclone,625.0,975.0,0.0
motion_relative,equal_cyclone,675.0,975.0,0.0
motion_relative,equal_cyclone,725.0,975.0,0.0
motion_relative,equal_cyclone,775.0,975.0,0.0
motion_relative,equal_cyclone,825.0,975.0,0.0
motion_relative,equal_cyclone,875.0,975.0,0.0
motion_relative,equal_cyclone,925.0,975.0,0.0
motion_relative,equal_cyclone,975.0,975.0,0.0
motion_relative,equal_cyclone,1025.0,975.0,0.0
motion_relative,equal_cyclone,1075.0,975.0,0.0
motion_relative,equal_cyclone,-1075.0,1025.0,0.0
motion_relative,equal_cyclone,-1025.0,1025.0,0.0
motion_relative,equal_cyclone,-975.0,1025.0,0.0
motion_relative,equal_cyclone,-925.0,1025.0,0.0
motion_relative,equal_cyclone,-875.0,1025.0,0.0
motion_relative,equal_cyclone,-825.0,1025.0,0.0
motion_relative,equal_cyclone,-775.0,1025.0,0.0
motion_relative,equal_cyclone,-725.0,1025.0,0.0
motion_relative,equal_cyclone,-675.0,1025.0,0.0
motion_relative,equal_cyclone,-625.0,1025.0,0.0
motion_relative,equal_cyclone,-575.0,1025.0,0.0
motion_relative,equal_cyclone,-525.0,1025.0,0.0
motion_relative,equal_cyclone,-475.0,1025.0,1.3738412397140995e-06
motion_relative,equal_cyclone,-425.0,1025.0,6.644926747058384e-05
motion_relative,equal_cyclone,-375.0,1025.0,0.0007118217288036414
motion_relative,equal_cyclone,-325.0,1025.0,0.00026583523743132375
motion_relative,equal_cyclone,-275.0,1025.0,0.0002450418834780759
motion_relative,equal_cyclone,-225.0,1025.0,0.00026568185702095283
motion_relative,equal_cyclone,-175.0,1025.0,0.00024379037926642338
motion_relative,equal_cyclone,-125.0,1025.0,0.0002687653686220786
motion_relative,equal_cyclone,-75.0,1025.0,0.0003009635292066489
motion_relative,equal_cyclone,-25.0,1025.0,0.0003245081090907054
motion_relative,equal_cyclone,25.0,1025.0,0.00048022606572582777
motion_relative,equal_cyclone,75.0,1025.0,0.0003331259560412364
motion_relative,equal_cyclone,125.0,1025.0,0.00034635715516789496
motion_relative,equal_cyclone,175.0,1025.0,0.00036149286900249685
motion_relative,equal_cyclone,225.0,1025.0,0.00033996389126020283
motion_relative,equal_cyclone,275.0,1025.0,0.00046034321833307216
motion_relative,equal_cyclone,325.0,1025.0,0.0010097120425967337
motion_relative,equal_cyclone,375.0,1025.0,0.0005754064962157703
motion_relative,equal_cyclone,425.0,1025.0,0.0001816138168168723
motion_relative,equal_cyclone,475.0,1025.0,3.795604434358996e-05
motion_relative,equal_cyclone,525.0,1025.0,0.0
motion_relative,equal_cyclone,575.0,1025.0,0.0
motion_relative,equal_cyclone,625.0,1025.0,0.0
motion_relative,equal_cyclone,675.0,1025.0,0.0
motion_relative,equal_cyclone,725.0,1025.0,0.0
motion_relative,equal_cyclone,775.0,1025.0,0.0
motion_relative,equal_cyclone,825.0,1025.0,0.0
motion_relative,equal_cyclone,875.0,1025.0,0.0
motion_relative,equal_cyclone,925.0,1025.0,0.0
motion_relative,equal_cyclone,975.0,1025.0,0.0
motion_relative,equal_cyclone,1025.0,1025.0,0.0
motion_relative,equal_cyclone,1075.0,1025.0,0.0
motion_relative,equal_cyclone,-1075.0,1075.0,0.0
motion_relative,equal_cyclone,-1025.0,1075.0,0.0
motion_relative,equal_cyclone,-975.0,1075.0,0.0
motion_relative,equal_cyclone,-925.0,1075.0,0.0
motion_relative,equal_cyclone,-875.0,1075.0,0.0
motion_relative,equal_cyclone,-825.0,1075.0,0.0
motion_relative,equal_cyclone,-775.0,1075.0,0.0
motion_relative,equal_cyclone,-725.0,1075.0,0.0
motion_relative,equal_cyclone,-675.0,1075.0,0.0
motion_relative,equal_cyclone,-625.0,1075.0,0.0
motion_relative,equal_cyclone,-575.0,1075.0,0.0
motion_relative,equal_cyclone,-525.0,1075.0,0.0
motion_relative,equal_cyclone,-475.0,1075.0,0.0
motion_relative,equal_cyclone,-425.0,1075.0,0.0
motion_relative,equal_cyclone,-375.0,1075.0,0.0
motion_relative,equal_cyclone,-325.0,1075.0,1.3017453692938659e-05
motion_relative,equal_cyclone,-275.0,1075.0,0.000171253551278178
motion_relative,equal_cyclone,-225.0,1075.0,0.00023169130943783954
motion_relative,equal_cyclone,-175.0,1075.0,0.000253330202742202
motion_relative,equal_cyclone,-125.0,1075.0,0.0003675103337369678
motion_relative,equal_cyclone,-75.0,1075.0,0.0004279712991145701
motion_relative,equal_cyclone,-25.0,1075.0,0.0008550371932418048
motion_relative,equal_cyclone,25.0,1075.0,0.0006710241500655376
motion_relative,equal_cyclone,75.0,1075.0,0.00047276329869940957
motion_relative,equal_cyclone,125.0,1075.0,0.0006091394215002347
motion_relative,equal_cyclone,175.0,1075.0,0.00037881862179819253
motion_relative,equal_cyclone,225.0,1075.0,0.00024222742639813614
motion_relative,equal_cyclone,275.0,1075.0,0.0002706299939838586
motion_relative,equal_cyclone,325.0,1075.0,1.9111957543127024e-05
motion_relative,equal_cyclone,375.0,1075.0,0.0
motion_relative,equal_cyclone,425.0,1075.0,0.0
motion_relative,equal_cyclone,475.0,1075.0,0.0
motion_relative,equal_cyclone,525.0,1075.0,0.0
motion_relative,equal_cyclone,575.0,1075.0,0.0
motion_relative,equal_cyclone,625.0,1075.0,0.0
motion_relative,equal_cyclone,675.0,1075.0,0.0
motion_relative,equal_cyclone,725.0,1075.0,0.0
motion_relative,equal_cyclone,775.0,1075.0,0.0
motion_relative,equal_cyclone,825.0,1075.0,0.0
motion_relative,equal_cyclone,875.0,1075.0,0.0
motion_relative,equal_cyclone,925.0,1075.0,0.0
motion_relative,equal_cyclone,975.0,1075.0,0.0
motion_relative,equal_cyclone,1025.0,1075.0,0.0
motion_relative,equal_cyclone,1075.0,1075.0,0.0
